NDPI_Pre,NDPI_Post,NDBI_Pre,NDBI_Post,NORMALIZED_NDBI,NORMALIZED_VV,NORMALIZED_VH,RBR_NDBI,RBR_VV,RBR_VH,HH_Pre,HV_Pre,VH_Pre,VV_Pre,HH_Post,HV_Post,VH_Post,VV_Post,IRV_Pre,IRV_Post,Burn_Classification
-0.4088397790054119,0.6612377850160713,-0.4088397790054119,0.6190476190474226,1.0,0.4088397790054119,-0.6190476190474226,0.0,2.3831775700912305,0.2352941176469665,228.0,255.0,255.0,107.0,255.0,52.0,60.0,255.0,2.414201183431667,0.6775244299673163,1
-0.4049586776858389,0.3271028037382159,-0.4049586776858389,0.2640949554895359,-1.0,0.3271028037382159,-0.3456464379946318,0.0,1.972222222220396,0.4862745098037309,151.0,255.0,255.0,108.0,94.0,108.0,124.0,213.0,2.65279583875128,1.6520076481832404,1
-0.4154929577463326,0.5044247787609132,-0.4713375796176843,0.5044247787609132,1.0,0.5088757396448199,-0.4666666666665185,0.0,3.072289156622805,0.3636363636362062,187.0,201.0,231.0,83.0,179.0,84.0,84.0,255.0,2.392857142856786,1.1162790697672564,1
-0.0199430199430142,0.4166666666665509,-0.0057803468208075,0.6293929712458053,1.0,0.194379391100657,-0.4999999999997845,0.0,1.482558139534022,0.3333333333331418,163.0,179.0,174.0,172.0,255.0,105.0,58.0,255.0,2.066378066377768,1.1666666666665046,1
-0.39887640449427,0.1811023622045818,-0.2696245733787475,0.3274336283182943,1.0,-0.1758241758240792,-0.6607142857139908,0.0,0.7009345794385973,0.2043010752687074,179.0,249.0,186.0,107.0,80.0,52.0,38.0,75.0,2.540816326530288,1.606177606176986,1
-0.0904109589040848,0.1499999999998125,-0.1122994652406116,0.1794871794869493,1.0,-0.5660377358487897,-0.7333333333330279,0.0,0.2771084337347728,0.1538461538460798,234.0,199.0,208.0,166.0,49.0,34.0,32.0,46.0,1.994987468671429,1.668711656440694,1
0.0024330900243303,0.6306306306303466,-0.0462962962962855,0.5670995670993216,1.0,-0.0645994832041176,-0.6376811594200589,0.0,0.8786407766986026,0.2212389380529994,162.0,205.0,226.0,206.0,129.0,41.0,50.0,181.0,2.10796915167068,0.8367346938773376,1
-0.11842105263154,0.2807881773397632,-0.1702786377708451,0.4207650273221744,1.0,-0.0151515151515094,-0.5619834710741479,0.0,0.9701492537306192,0.2804232804231321,177.0,170.0,189.0,134.0,45.0,73.0,53.0,130.0,2.0890937019966067,1.8193146417439816,1
-0.0063424947145863,0.4345991561179601,0.1032863849765015,0.6267942583729059,0.7170548597521912,-0.1604938271604542,-0.660869565217104,6.068508041100049,0.7234042553188411,0.2041884816752857,217.0,238.0,191.0,235.0,139.0,67.0,39.0,170.0,2.051724137930813,1.2099322799094334,1
-0.0450819672131055,0.5569620253162795,-0.0450819672131055,0.9679999999996128,1.0,0.027139874739034,-0.969111969111595,0.0,1.0557939914158558,0.0156862745097977,210.0,255.0,255.0,233.0,131.0,70.0,4.0,246.0,2.1406086044069106,1.0831721470017246,1
-0.3569321533922251,0.5409836065571997,-0.4010989010987909,0.5932203389828498,1.0,0.3662790697673354,-0.6190476190474226,0.0,2.155963302750316,0.2352941176469665,255.0,230.0,255.0,109.0,72.0,70.0,60.0,235.0,2.233009708737593,1.2527964205813753,1
0.0837004405286159,0.6981132075467308,0.0292887029288641,0.9999999999992594,0.9430894308026542,-0.2913385826770889,-0.999999999999569,10.0,0.548780487804655,0.0,255.0,208.0,232.0,246.0,92.0,24.0,0.0,135.0,1.8146128680477849,0.6981818181815643,1
-0.0258620689655116,0.8085106382975856,0.0438799076212369,0.999999999999608,0.9159292034520672,0.0602910602910477,-0.9999999999995168,10.0,1.1283185840702972,0.0,128.0,238.0,207.0,226.0,113.0,27.0,0.0,255.0,2.2939759036141814,0.5118483412321062,1
-0.579766536964755,0.5849056603771378,-0.5999999999997778,0.7647058823526199,1.0,0.5909090909088671,-0.7704918032783727,0.0,3.888888888881687,0.1296296296295696,175.0,203.0,216.0,54.0,77.0,55.0,28.0,210.0,2.557480314960227,1.1083123425689905,1
-0.2480417754568543,-0.8048780487785246,-0.188732394366144,-0.8947368421040859,0.6516146689158923,-0.9459459459453068,-0.4911660777383423,4.740769837542348,0.0277777777777584,0.34123222748799,150.0,239.0,211.0,144.0,0.0,37.0,72.0,4.0,2.476683937823513,3.7948717948669297,1
-0.2561576354679172,-0.1775700934577779,-0.2561576354679172,0.3538461538456094,1.0,-0.5487179487176673,-0.8478260869562146,0.0,0.2913907284766282,0.0823529411764383,255.0,255.0,255.0,151.0,88.0,63.0,21.0,44.0,2.227074235807617,1.9534883720922664,1
-0.0735294117646878,0.4950166112955166,-0.1467268623024499,0.5679442508708823,1.0,0.0869565217391094,-0.6075949367086685,0.0,1.1904761904755607,0.2440944881888803,255.0,219.0,254.0,189.0,136.0,76.0,62.0,225.0,1.986394557822904,1.185185185184954,1
-0.130820399113053,0.4525139664801941,-0.130820399113053,0.2560386473428715,1.0,-0.2024539877299992,-0.5361445783130916,0.0,0.6632653061221107,0.301960784313607,179.0,255.0,255.0,196.0,67.0,49.0,77.0,130.0,2.3050847457624517,1.3288135593215835,1
-0.0361445783132443,0.1731843575418027,0.0101010101010075,0.2650602409636958,0.9265811584425352,-0.3114754098359634,-0.52529182879357,10.0,0.5249999999997376,0.3112244897957596,136.0,215.0,196.0,200.0,108.0,74.0,61.0,105.0,2.2454308093991844,1.639889196675446,1
-0.1645569620252643,0.5111111111109219,-0.2457142857142155,0.4890510948903325,1.0,0.2142857142856505,-0.5138888888887104,0.0,1.5454545454533748,0.3211009174310454,215.0,184.0,218.0,132.0,142.0,66.0,70.0,204.0,2.058741258740971,1.10460251046002,1
-0.2686567164178436,0.2212389380529994,-0.2686567164178436,0.0996015936254583,-1.0,-0.0315789473684099,-0.3858695652172864,0.0,0.9387755102034432,0.443137254901787,204.0,255.0,255.0,147.0,202.0,88.0,113.0,138.0,2.3693379790938014,1.3643410852710534,1
-0.2028301886791974,0.460606060605921,-0.2028301886791974,0.645051194539029,1.0,0.1756097560975181,-0.6612377850160713,0.0,1.4260355029577363,0.203921568627371,119.0,255.0,255.0,169.0,107.0,89.0,52.0,241.0,2.5563909774432885,1.353612167300123,1
-0.0395136778115381,0.451505016722257,0.0360655737704799,0.5121951219510411,0.868436405909277,0.1573333333332914,-0.3548387096772558,10.0,1.3734177215181185,0.4761904761901523,124.0,171.0,147.0,158.0,151.0,82.0,70.0,217.0,2.192307692307341,1.2330827067666854,1
-0.2946428571427256,-0.13999999999986,-0.1595744680850215,0.0238095238094954,-1.0,-0.2950819672128729,-0.4533333333330311,0.0,0.5443037974676654,0.3761467889904806,77.0,145.0,109.0,79.0,106.0,57.0,41.0,43.0,2.600896860985964,1.7338403041818504,1
0.4049586776857831,0.2903225806448491,0.1929824561402831,0.7647058823518166,0.5969827585579934,-0.4782608695650094,-0.8699186991862846,3.962566842862018,0.3529411764703806,0.0695652173912438,106.0,72.0,115.0,170.0,141.0,33.0,8.0,60.0,1.371428571428245,0.98876404494345,1
0.1516587677724759,0.5375722543349494,0.0340425531914821,0.602409638553854,0.8930240050151175,-0.2925531914892839,-0.7461538461535592,10.0,0.5473251028804332,0.145374449339143,211.0,179.0,227.0,243.0,60.0,40.0,33.0,133.0,1.7635467980293391,1.1721611721607428,1
-0.2678571428570233,0.4189944134075872,-0.2645739910312715,0.3092783505153045,1.0,0.2153110047845859,-0.3557692307690597,0.0,1.5487804878029892,0.475177304964202,172.0,142.0,141.0,82.0,20.0,52.0,67.0,127.0,2.111524163568381,1.6573705179276266,1
0.2718204488777377,0.6174863387974768,0.194379391100657,0.7011494252869535,0.5658891426564244,-0.2655086848634577,-0.737373737373365,3.607118125826208,0.5803921568625175,0.1511627906975865,240.0,146.0,172.0,255.0,102.0,35.0,26.0,148.0,1.484116899618617,0.8749999999997266,1
-0.1184210526315529,0.4464285714283721,-0.1184210526315529,0.687499999999642,1.0,-0.107438016528896,-0.7894736842102493,0.0,0.8059701492533304,0.1176470588234832,221.0,255.0,255.0,201.0,186.0,62.0,30.0,162.0,2.188841201716503,1.050847457626896,1
-0.3385826771652654,0.1219512195121455,-0.3385826771652654,0.2545454545453388,-1.0,0.0454545454545282,-0.5133531157268506,0.0,1.095238095237226,0.3215686274508543,177.0,255.0,255.0,126.0,172.0,108.0,82.0,138.0,2.5092250922506136,1.642585551330486,1
0.0511627906976625,0.5577889447233378,0.071090047393348,0.9620253164550874,0.8623773299205406,-0.1863517060366965,-0.9698492462306684,10.0,0.6858407079642983,0.0153061224489717,211.0,204.0,196.0,226.0,57.0,44.0,3.0,155.0,1.9313609467453332,1.1733333333329423,1
-0.194379391100657,0.680933852139813,-0.194379391100657,0.8620689655168698,1.0,0.1134020618556408,-0.8819188191878665,0.0,1.255813953487642,0.062745098039191,255.0,255.0,255.0,172.0,40.0,41.0,16.0,216.0,2.177161152614496,0.9704142011831448,1
-0.1371428571428179,0.5614035087716837,-0.0820668693008869,0.6713615023471027,1.0,0.0820668693008869,-0.6713615023471027,0.0,1.178807947019087,0.1966292134830356,197.0,199.0,178.0,151.0,105.0,50.0,35.0,178.0,2.134048257372368,1.0443864229762287,1
-0.2462311557788326,-0.0181818181817851,-0.142857142857102,0.0188679245282662,-1.0,-0.6949152542368956,-0.7699115044244381,0.0,0.17999999999988,0.129999999999935,152.0,248.0,200.0,150.0,126.0,28.0,26.0,27.0,2.486215538846806,1.071770334927717,1
-0.2878787878787152,0.175675675675557,-0.2878787878787152,0.4032258064512877,1.0,-0.236842105263054,-0.7465753424654977,0.0,0.6170212765953071,0.1450980392156294,240.0,255.0,255.0,141.0,134.0,61.0,37.0,87.0,2.2895622895620327,1.4227405247809264,1
-0.0031545741324911,0.473684210526108,0.0193548387096711,0.5483870967739408,0.9318181816540456,0.0306748466257574,-0.5124378109450187,10.0,1.0632911392398334,0.3223684210524195,172.0,159.0,152.0,158.0,93.0,60.0,49.0,168.0,1.96296296296266,1.2598425196847087,1
-0.1159737417942853,0.6413043478257384,-0.1159737417942853,0.4731707317070863,1.0,-0.1444759206798457,-0.6504854368929934,0.0,0.7475247524748775,0.2117647058822699,176.0,255.0,255.0,202.0,175.0,33.0,54.0,151.0,2.2972972972970385,0.6734693877549303,1
-0.0179640718562838,0.5507246376809599,0.0,0.6090225563907485,0.9999999998358023,-0.0695652173912892,-0.6510067114091775,10.0,0.8699186991866383,0.2113821138210523,114.0,255.0,246.0,246.0,64.0,62.0,52.0,214.0,2.344827586206627,1.2338308457708371,1
0.0694864048338158,0.4330708661415618,-0.0111731843575387,0.4918032786883231,1.0,0.0139275766016674,-0.4897119341561771,0.0,1.028248587570041,0.3425414364638992,169.0,154.0,181.0,177.0,215.0,72.0,62.0,182.0,1.8837920489293756,1.0646950092419474,1
0.0326797385620843,0.5178571428569888,-0.0365853658536511,0.5644171779139373,1.0,0.0365853658536511,-0.5644171779139373,0.0,1.0759493670881537,0.2784313725489104,228.0,222.0,255.0,237.0,255.0,81.0,71.0,255.0,1.9537953795377387,0.9642857142855707,1
0.0131926121371996,0.2073170731706053,-0.0128534704370146,0.3469387755099681,1.0,-0.3195876288658695,-0.6081632653058743,0.0,0.5156249999997314,0.2436548223349017,179.0,187.0,197.0,192.0,71.0,65.0,48.0,99.0,2.008053691274898,1.7333333333327556,1
-0.3209549071617186,0.6694214876027526,-0.3173333333332487,0.3289473684208363,1.0,-0.1179039301309528,-0.6577181208051485,0.0,0.7890624999993836,0.2064777327934386,173.0,249.0,247.0,128.0,5.0,20.0,51.0,101.0,2.493116395494056,1.0958904109581535,1
-0.1670702179176351,0.3684210526311911,-0.1750599520383273,0.2380952380950113,1.0,-0.4514767932487546,-0.7192982456137827,0.0,0.3779069767439663,0.1632653061223823,91.0,241.0,245.0,172.0,77.0,30.0,40.0,65.0,2.5879194630869007,1.1881188118806,1
-0.1645569620252643,0.6129032258060563,0.0,0.4970059880236545,0.9999999997987952,-0.0272373540855925,-0.5172413793100475,10.0,0.9469696969689796,0.3181818181815771,0.0,184.0,132.0,132.0,104.0,30.0,42.0,125.0,2.943999999999411,0.830449826989332,1
-0.0759493670885915,0.6721311475404327,-0.0759493670885915,0.6319999999994944,1.0,-0.3644859813082977,-0.8345323741004192,0.0,0.4657534246573216,0.0901960784313371,119.0,255.0,255.0,219.0,50.0,20.0,23.0,102.0,2.4056603773582066,0.8333333333328994,1
-0.3010204081631885,0.1048951048950315,-0.3010204081631885,0.4363636363632396,1.0,-0.2685185185183942,-0.7832167832165094,0.0,0.5766423357660025,0.1215686274509327,164.0,255.0,255.0,137.0,71.0,64.0,31.0,79.0,2.51541307028329,1.8417266187043733,1
-0.2278481012657507,0.5824175824172625,-0.2781065088756573,0.986206896551044,1.0,0.0827067669172621,-0.9907834101377924,0.0,1.1803278688514915,0.0046296296296274,196.0,194.0,216.0,122.0,54.0,38.0,1.0,144.0,2.1983002832858074,1.1094890510944857,1
0.1048951048950682,0.4782608695650575,0.0031746031746021,0.6309963099628668,0.989988177766162,0.166226912928716,-0.5169082125601367,10.0,1.3987341772143047,0.318471337579415,176.0,128.0,157.0,158.0,224.0,78.0,50.0,221.0,1.7355932203386888,1.0382695507485793,1
-0.2706552706551935,0.3665480427044959,-0.274787535410687,0.401459854014452,1.0,0.1999999999999375,-0.4657980456024541,0.0,1.4999999999988285,0.3644444444442825,118.0,223.0,225.0,128.0,189.0,89.0,82.0,192.0,2.578034682080552,1.2737030411446737,1
-0.1333333333333037,0.4909090909086446,-0.1333333333333037,0.2615384615382604,1.0,-0.4079422382670007,-0.6831683168314577,0.0,0.4205128205126049,0.1882352941175732,255.0,255.0,255.0,195.0,15.0,28.0,48.0,82.0,2.1249999999997784,1.4640522875807425,1
-0.2408759124087005,0.3179190751443249,-0.2219451371570518,0.5724137931030535,1.0,-0.1555555555554979,-0.7753623188402988,0.0,0.7307692307687624,0.1265306122448463,255.0,255.0,245.0,156.0,87.0,59.0,31.0,114.0,2.2149837133548083,1.479623824450947,1
-0.1191709844559276,0.3065693430655815,-0.1214470284237412,0.9144385026733078,1.0,0.0257879656160384,-0.928888888888476,0.0,1.052941176469969,0.0368663594469876,34.0,216.0,217.0,170.0,108.0,95.0,8.0,179.0,2.7169811320750443,1.5932914046118254,1
-0.1781472684085087,0.2879581151830953,-0.0170454545454497,0.6734693877546439,1.0,-0.1689189189188618,-0.7635467980291806,0.0,0.7109826589591266,0.1340782122904279,183.0,248.0,179.0,173.0,124.0,68.0,24.0,123.0,2.328638497652309,1.420365535247671,1
-0.3157894736841274,0.777777777777323,-0.3246753246752403,0.6084656084652865,1.0,0.0780141843971354,-0.7465753424654977,0.0,1.16923076922987,0.1450980392156294,166.0,250.0,255.0,130.0,92.0,19.0,37.0,152.0,2.512562814070036,0.5390070921983905,1
-0.2117962466487367,0.564356435643285,-0.2010869565216844,0.4905660377356177,1.0,0.0360655737704799,-0.6072727272725065,0.0,1.074829931972058,0.2443438914026043,141.0,226.0,221.0,147.0,178.0,44.0,54.0,158.0,2.4432432432429128,0.8301886792450872,1
-0.1915887850466842,0.5620437956202329,-0.1761904761904342,0.6150943396224094,1.0,0.1059431524547529,-0.6577181208051485,0.0,1.236994219652464,0.2064777327934386,197.0,255.0,247.0,173.0,240.0,60.0,51.0,214.0,2.3181818181815546,0.8362369337977636,1
0.1681415929203044,0.2895752895751778,0.0127877237851629,0.5321100917428752,0.9530637728087636,-0.0849315068492918,-0.5819672131145156,10.0,0.8434343434339175,0.2642487046630755,70.0,141.0,193.0,198.0,112.0,92.0,51.0,167.0,2.0509090909087178,1.5896328293733069,1
0.0974729241876904,0.6387665198235072,-0.0898203592814102,0.8058252427180554,1.0,0.1005917159763016,-0.801980198019405,0.0,1.2236842105255108,0.1098901098900495,157.0,125.0,182.0,152.0,179.0,41.0,20.0,186.0,1.7889087656526317,0.7337807606262341,1
-0.1692307692307258,0.7142857142854654,-0.2097560975609244,0.7761732851982758,1.0,0.205882352941126,-0.777777777777499,0.0,1.5185185185175814,0.1249999999999496,240.0,228.0,248.0,162.0,255.0,41.0,31.0,246.0,2.125874125873878,0.5626072041165415,1
-0.3741496598638183,0.746478873238911,-0.3887043189367479,0.8787878787872131,1.0,0.1481481481480795,-0.926267281105564,0.0,1.347826086955057,0.0382775119617041,161.0,202.0,209.0,92.0,124.0,18.0,8.0,124.0,2.459665144596277,0.5070422535209482,1
-0.1888888888888364,0.2238805970145912,-0.1933701657458029,0.999999999997561,1.0,-0.5614973262029084,-0.9999999999995371,0.0,0.2808219178080268,0.0,94.0,214.0,216.0,146.0,161.0,26.0,0.0,41.0,2.562874251496622,0.8188976377949533,1
0.0068965517241363,0.9824561403500154,0.035460992907793,0.999999999999115,0.931506849225065,-0.3192771084336387,-0.9999999999995098,10.0,0.5159817351595818,0.0,135.0,216.0,204.0,219.0,127.0,1.0,0.0,113.0,2.1984732824424684,0.0330578512396557,1
-0.0261569416498941,0.54385964912233,-0.0182555780933025,0.9999999999988636,1.0,-0.4666666666665253,-0.9999999999996017,0.0,0.3636363636362134,0.0,91.0,255.0,251.0,242.0,97.0,26.0,0.0,88.0,2.4199288256224887,0.8776371308013174,1
0.0,0.6793893129765807,0.0,0.9298245614026932,0.9999999998924528,-0.3972602739724939,-0.969111969111595,10.0,0.4313725490194387,0.0156862745097977,169.0,255.0,255.0,255.0,94.0,21.0,4.0,110.0,2.184154175588631,0.6829268292680151,1
-0.0159362549800765,0.3553719008261525,-0.0159362549800765,0.3225806451610302,1.0,-0.5015197568387534,-0.7171717171714758,0.0,0.3319838056678818,0.1647058823528766,118.0,255.0,255.0,247.0,81.0,39.0,42.0,82.0,2.331428571428305,1.2946058091280936,1
-0.250936329587921,-0.0449438202246938,-0.2277992277991398,0.3385826771650877,1.0,-0.0810810810810372,-0.5820895522385164,0.0,0.84999999999915,0.2641509433960603,160.0,167.0,159.0,100.0,255.0,93.0,42.0,85.0,2.2491582491578703,1.414448669201252,1
-0.0657894736841888,0.3972602739724939,-0.2089136490250114,0.6943521594682078,1.0,0.284634760705218,-0.6501901140681938,0.0,1.7957746478860594,0.2119815668201788,255.0,162.0,217.0,142.0,167.0,110.0,46.0,255.0,1.7975034674061303,1.3707165109032131,1
-0.1888111888111448,0.5285714285712398,-0.1888111888111448,0.8854625550656893,1.0,0.103092783505128,-0.9029850746265288,0.0,1.2298850574705575,0.0509803921568427,255.0,255.0,255.0,174.0,111.0,66.0,13.0,214.0,2.1725239616611103,1.1553610503279748,1
-0.0344827586206826,0.5878787878784316,-0.0344827586206826,0.5783132530116999,1.0,-0.2899728997289187,-0.7586206896549108,0.0,0.5504201680669957,0.1372549019607305,255.0,255.0,255.0,238.0,79.0,34.0,35.0,131.0,2.0338983050845427,0.9784172661866984,1
0.0779220779220526,-0.0838709677418813,0.0744336569579047,0.1544715447153215,0.3496551722608272,-0.400843881856371,-0.4666666666664273,2.075291619692317,0.4277108433732363,0.3636363636361093,179.0,142.0,143.0,166.0,158.0,84.0,52.0,71.0,1.8060413354528129,1.692695214105367,1
0.0388349514563012,0.0999999999999722,0.0835443037974472,0.3846153846152501,0.6430948417927216,-0.0388349514563012,-0.3457249070630685,4.603729598218635,0.9252336448593808,0.4861878453035988,127.0,198.0,181.0,214.0,132.0,162.0,88.0,198.0,2.149253731342992,1.9816513761464856,1
0.0575692963752542,0.298804780876375,0.1272727272726983,0.4818181818179628,0.5820895521431639,-0.2068126520680762,-0.5421686746985774,3.785714282738936,0.657258064515864,0.2968749999998454,187.0,221.0,192.0,248.0,84.0,88.0,57.0,163.0,2.015963511972404,1.6643026004724195,1
-0.2811594202897736,0.5135135135132359,-0.3053221288514551,0.7721518987336886,1.0,0.0606060606060376,-0.8565737051789416,0.0,1.1290322580636056,0.077253218884087,91.0,221.0,233.0,124.0,136.0,45.0,18.0,140.0,2.6910197869097883,0.9836065573767804,1
0.0229885057471198,0.7235772357720637,-0.0028011204481784,0.7165991902831107,1.0,0.0871794871794648,-0.6728971962613678,0.0,1.1910112359543872,0.195530726256874,141.0,170.0,179.0,178.0,160.0,34.0,35.0,212.0,2.0637329286795048,0.6181818181816777,1
-0.2354740061161359,0.5423197492161309,-0.2401215805470395,0.8923076923073492,1.0,0.326145552560559,-0.8715596330271231,0.0,1.9679999999984257,0.0686274509803585,185.0,202.0,204.0,125.0,116.0,73.0,14.0,246.0,2.2633053221285344,1.149606299212372,1
-0.6710526315785059,0.0419161676646455,-0.6644295302008965,0.0419161676646455,-1.0,0.5535714285709343,-0.2156862745096982,0.0,3.4799999999860805,0.6451612903220604,58.0,127.0,124.0,25.0,99.0,80.0,80.0,87.0,3.014836795251331,1.849710982658425,1
0.2115384615383937,0.9999999999991072,0.1849529780563683,0.8666666666659444,0.6482511923070456,-0.2558139534882871,-0.8840579710138522,4.685875703678702,0.5925925925922791,0.0615384615384142,198.0,123.0,130.0,189.0,133.0,0.0,8.0,112.0,1.5545023696680007,0.0,1
-0.2754491017963247,0.8085106382975856,-0.2985507246375946,0.8681318681315502,1.0,0.3563829787233095,-0.8512396694211359,0.0,2.107438016527184,0.0803571428571069,255.0,213.0,224.0,121.0,178.0,27.0,18.0,255.0,2.1246882793014805,0.4435318275153093,1
-0.0582010582010428,0.908713692945681,-0.0729166666666476,0.9999999999995652,1.0,0.1274509803921256,-0.9999999999995146,0.0,1.2921348314599483,0.0,247.0,200.0,206.0,178.0,95.0,11.0,0.0,230.0,1.9393939393937043,0.2536023054754312,1
-0.1356466876971181,0.8666666666661852,-0.2472527472526793,0.9764705882347198,1.0,0.1016393442622617,-0.982532751091274,0.0,1.2262773722618787,0.0088105726872207,180.0,180.0,227.0,137.0,250.0,12.0,2.0,168.0,2.127031019202049,0.2171945701356974,1
-0.0309734513274267,0.5737704918029652,0.0428571428571326,0.986206896551044,0.9167065580726824,-0.2066115702478769,-0.9900990099005,10.0,0.6575342465750422,0.0049751243781069,200.0,233.0,201.0,219.0,170.0,39.0,1.0,144.0,2.106214689265298,0.7959183673467357,1
0.0,0.7724550898198967,0.0,0.6818181818177945,0.9999999998533332,-0.2655086848634577,-0.8021201413424728,10.0,0.5803921568625175,0.1098039215685844,119.0,255.0,255.0,255.0,87.0,19.0,28.0,148.0,2.3076923076920464,0.5567765567763528,1
0.0,0.3785310734461138,0.0,0.5061728395058605,0.999999999802439,-0.3527851458885006,-0.7288135593217868,10.0,0.478431372548832,0.1568627450979777,171.0,255.0,255.0,255.0,95.0,55.0,40.0,122.0,2.1794871794869466,1.3455657492350626,1
-0.0450819672131055,0.5492957746475006,-0.0450819672131055,0.6666666666661617,1.0,-0.3586005830902745,-0.841155234656736,0.0,0.4721030042916429,0.0862745098038877,63.0,255.0,255.0,233.0,227.0,32.0,22.0,110.0,2.531017369726733,0.6384039900247784,1
-0.2575757575756925,0.3658536585364738,-0.2686567164178436,0.3827160493825979,1.0,0.2075471698112648,-0.4366197183097361,0.0,1.5238095238084874,0.3921568627449442,81.0,249.0,255.0,147.0,188.0,104.0,100.0,224.0,2.743801652892184,1.3419354838707511,1
-0.3421052631578047,0.3407407407406145,-0.3421052631578047,0.4031007751936422,1.0,0.1830065359476526,-0.5361445783130916,0.0,1.4479999999988415,0.301960784313607,188.0,255.0,255.0,125.0,81.0,89.0,77.0,181.0,2.478736330497876,1.6181818181814505,1
-0.1184210526315529,0.2686567164178102,-0.1184210526315529,0.5525114155248619,1.0,-0.0835579514824572,-0.6776315789471455,0.0,0.8457711442781862,0.1921568627450227,168.0,255.0,255.0,201.0,165.0,98.0,49.0,170.0,2.320819112627722,1.4764595103575373,1
-0.2768729641692909,0.5573770491800994,-0.3546511627905946,0.7511520737323728,1.0,0.2624584717607101,-0.7923076923073876,0.0,1.7117117117101697,0.1158798283261305,156.0,196.0,233.0,111.0,122.0,54.0,27.0,190.0,2.379362670712841,1.0285714285711838,1
-0.6139240506327172,-0.0518518518518134,-0.5878378378376393,-0.0588235294117214,-0.818070067735669,0.0239999999999808,-0.5309446254069932,0.1000676132691806,1.0491803278671326,0.3063829787232739,125.0,255.0,235.0,61.0,147.0,71.0,72.0,64.0,2.9310344827582,1.6090651558069096,1
-0.2513966480446225,0.2876712328766335,-0.1624999999999492,0.2401055408970343,1.0,0.2737127371272971,-0.1272727272726887,0.0,1.7537313432822734,0.7741935483866806,173.0,224.0,186.0,134.0,151.0,130.0,144.0,235.0,2.37350993377452,1.6099071207427846,1
0.1904761904761401,0.315789473684072,0.1538461538461144,0.3824884792624966,0.4263053535225464,-0.1999999999999466,-0.4224137931032662,2.486175113590851,0.6666666666663704,0.40606060606036,143.0,153.0,165.0,225.0,120.0,78.0,67.0,150.0,1.816023738872134,1.4647887323940223,1
0.0393700787401419,0.2727272727271487,0.0819672131147205,0.5909090909087552,0.7563676632319654,0.0294117647058715,-0.5135135135131665,7.209090900294678,1.0606060606052572,0.3214285714282844,144.0,122.0,112.0,132.0,145.0,80.0,36.0,140.0,1.876923076922716,1.438202247190688,1
0.0915492957746156,0.4918032786883231,-0.0032154340836002,0.8958333333328669,1.0,0.080118694361994,-0.8795180722886269,0.0,1.1741935483863393,0.064102564102523,146.0,129.0,156.0,155.0,188.0,62.0,10.0,182.0,1.846153846153516,1.0040485829957482,1
-0.4260869565215539,0.1338582677164827,-0.3529411764704152,0.5824175824172625,1.0,0.3714285714283946,-0.5681818181814954,0.0,2.181818181814876,0.2753623188403802,94.0,164.0,138.0,66.0,79.0,110.0,38.0,144.0,2.688524590163384,1.986455981940861,1
-0.040322580645145,0.1376146788990194,-0.1877133105801407,0.2916666666665147,1.0,0.0205761316872343,-0.4380165289254388,0.0,1.0420168067218134,0.3908045977009248,64.0,129.0,174.0,119.0,153.0,94.0,68.0,124.0,2.340136054421238,1.617204301074921,1
-0.0570570570570399,0.7341772151894088,0.0644067796609951,0.7677419354833757,0.8452036792676385,-0.0680272108843306,-0.7692307692302762,10.0,0.8726114649675971,0.1304347826086011,227.0,176.0,138.0,157.0,39.0,21.0,18.0,137.0,1.9130434782606096,0.7706422018345089,1
-0.3494809688580105,0.571428571428394,-0.2824427480914953,0.7094594594592198,1.0,0.4582132564840178,-0.5924170616110936,0.0,2.691489361699264,0.2559523809522286,133.0,195.0,168.0,94.0,65.0,69.0,43.0,253.0,2.5283630470012106,1.2105263157892083,1
0.1932203389829853,0.3561643835613999,0.4079999999998368,0.6229508196716205,0.2084976465894215,-0.2799999999998982,-0.5257731958757467,1.5268402439195723,0.5624999999996805,0.3108108108103908,203.0,119.0,74.0,176.0,109.0,47.0,23.0,99.0,1.5429497568879185,1.2450331125823693,1
-0.3281249999998718,0.7813765182183072,-0.3943661971829597,0.9730941704031512,1.0,0.437908496731883,-0.9701492537308608,0.0,2.558139534880746,0.0151515151515075,228.0,170.0,198.0,86.0,101.0,27.0,3.0,220.0,2.079510703363596,0.5759999999998464,1
0.0120481927710807,0.7333333333329574,-0.0175438596491176,0.8369565217386756,1.0,0.0029673590504442,-0.8412698412693962,0.0,1.0059523809517823,0.0862068965516746,143.0,164.0,174.0,168.0,131.0,26.0,15.0,169.0,2.0532081377148583,0.5909090909089231,1
-0.0134529147982032,0.6867469879513936,-0.059829059829047,0.7283950617279454,1.0,-0.2222222222221605,-0.837037037036727,0.0,0.6363636363633471,0.088709677419319,190.0,226.0,248.0,220.0,55.0,26.0,22.0,140.0,2.0974477958234226,0.8421052631575539,1
-0.0879999999999765,0.5121951219509072,-0.1895734597155949,0.3854748603349802,1.0,-0.1593220338982511,-0.6405228758167841,0.0,0.7251461988299853,0.2191235059760083,198.0,204.0,251.0,171.0,88.0,40.0,55.0,124.0,2.1003861003858297,1.0958904109585288,1
0.0218579234972617,0.5709570957093826,-0.1158392434987905,0.7060931899639047,1.0,0.1199999999999717,-0.7039711191333199,0.0,1.272727272726592,0.1737288135592484,150.0,179.0,236.0,187.0,154.0,65.0,41.0,238.0,2.0604316546759622,0.996168582375288,1
0.0,0.3660377358489184,0.0,0.3457249070630685,0.9999999997107528,-0.1697247706421629,-0.4868804664721612,10.0,0.7098039215683491,0.3450980392155509,216.0,255.0,255.0,255.0,22.0,84.0,88.0,181.0,2.0795107033637024,1.811320754716493,1
-0.2781954887217348,0.1568627450978854,-0.2781954887217348,-0.1323529411763732,-0.3552383518238792,-0.4187192118224538,-0.5361445783130916,0.4757551671024217,0.4097222222219377,0.301960784313607,169.0,255.0,255.0,144.0,49.0,43.0,77.0,59.0,2.478736330497876,1.773195876287746,1
-0.4285714285713085,0.5839999999997665,-0.4285714285713085,0.3423728813558161,-1.0,0.3199999999998933,-0.4488636363635088,0.0,1.941176470586332,0.3803921568625959,203.0,255.0,255.0,102.0,194.0,52.0,97.0,198.0,2.5030674846622696,0.8387096774191858,1
-0.3934426229507122,0.6356877323417711,-0.3781512605040957,0.6296296296293965,1.0,0.3293051359515621,-0.6621621621619385,0.0,1.9819819819801965,0.2032520325202426,218.0,255.0,246.0,111.0,98.0,49.0,50.0,220.0,2.431466030988983,0.9423076923074658,1
-0.4655172413791766,0.4257425742572852,-0.4655172413791766,0.7007874015745272,1.0,0.3980582524270556,-0.740614334470737,0.0,2.322580645158793,0.1490196078430788,198.0,255.0,255.0,93.0,83.0,87.0,38.0,216.0,2.546816479400431,1.471458773784044,1
-0.4511627906974646,0.647058823529158,-0.4433962264148852,0.4788732394364511,1.0,0.5613382899626166,-0.3480176211452211,0.0,3.5593220338922724,0.4836601307186381,215.0,156.0,153.0,59.0,105.0,45.0,74.0,210.0,2.1296928327641416,0.8888888888886695,1
-0.2070707070706547,0.136363636363533,-0.2378640776698452,0.4150943396222499,1.0,-0.3534482758619166,-0.7832167832165094,0.0,0.4777070063691225,0.1215686274509327,211.0,239.0,255.0,157.0,104.0,57.0,31.0,75.0,2.26004728132361,1.5563139931735304,1
-0.2122762148337053,0.2803347280333555,-0.2469437652811132,0.5376884422107852,1.0,-0.0032573289902269,-0.6943521594682078,0.0,0.9935064935058484,0.1803921568626743,155.0,237.0,255.0,154.0,89.0,86.0,46.0,153.0,2.4214559386970085,1.6618357487918691,1
-0.3543307086612778,0.4355400696862594,-0.3740458015265748,0.7310924369744828,1.0,0.4305555555554061,-0.6981132075468406,0.0,2.512195121948156,0.177777777777679,145.0,172.0,180.0,82.0,116.0,81.0,32.0,206.0,2.4098073555162154,1.3388429752063349,1
-0.3569321533922251,0.0877192982455755,-0.3910614525138572,0.2462311557787707,-1.0,0.0643776824034058,-0.5370370370368713,0.0,1.1376146788980388,0.3012048192769875,195.0,230.0,249.0,109.0,126.0,104.0,75.0,124.0,2.40837696335047,1.816593886462485,1
0.1918604651162233,0.4074074074072398,0.0301507537688366,0.3571428571427154,0.8443002778171969,-0.0904255319148695,-0.4087591240874421,10.0,0.8341463414630078,0.419689119170767,34.0,139.0,193.0,205.0,193.0,72.0,81.0,171.0,2.150870406189139,1.1338582677163125,1
0.0261780104711973,0.7211538461534995,-0.0344827586206811,0.4979079497905866,1.0,-0.0453333333333212,-0.5555555555553499,0.0,0.9132653061219832,0.2857142857141497,255.0,186.0,210.0,196.0,57.0,29.0,60.0,179.0,1.8080194410690391,0.789115646258235,1
0.1262135922329688,0.6073619631898115,0.0707692307692089,0.5321637426897473,0.7652500894038796,-0.1409836065573308,-0.5811518324604288,7.519705049123074,0.7528735632179582,0.2649006622514802,163.0,135.0,151.0,174.0,27.0,32.0,40.0,131.0,1.7792421746290312,1.1531531531526338,1
-0.3918495297804414,0.7080291970797752,-0.2651515151514147,0.5810810810806885,1.0,0.0934579439251899,-0.68686868686834,0.0,1.2061855670090658,0.1856287425148589,240.0,222.0,167.0,97.0,26.0,20.0,31.0,117.0,2.2740076824580955,0.8743169398902326,1
-0.1420118343194846,0.666666666665812,-0.1495601173020089,0.9999999999984616,1.0,-0.3809523809521996,-0.99999999999949,0.0,0.4482758620686564,0.0,91.0,193.0,196.0,145.0,26.0,13.0,0.0,65.0,2.4823151125397938,0.8888888888881291,1
0.0111731843575387,0.7729729729725552,0.0903614457831053,0.9999999999993904,0.8342541435698503,-0.0492753623188263,-0.999999999999338,10.0,0.9060773480657978,0.0,109.0,177.0,151.0,181.0,120.0,21.0,0.0,164.0,2.1987577639748137,0.5153374233127254,1
0.1111111111110869,0.5671641791040544,0.1832946635730433,0.9999999999990477,0.6901960783728556,-0.4166666666665509,-0.999999999999432,5.4556961995512525,0.4117647058821915,0.0,147.0,204.0,176.0,255.0,25.0,29.0,0.0,105.0,2.014814814814566,1.234042553190833,1
0.0059171597633124,0.2093023255812331,0.0303030303030241,0.8571428571418367,0.931707316968118,-0.5315315315313719,-0.9512195121947352,10.0,0.3058823529410565,0.0249999999999895,224.0,252.0,240.0,255.0,66.0,51.0,6.0,78.0,2.050864699898062,1.6585365853651794,1
-0.3159420289854157,0.3253012048191465,-0.3672922252009739,0.7098445595851245,1.0,0.1660777385158423,-0.8021201413424728,0.0,1.3983050847445777,0.1098039215685844,254.0,227.0,255.0,118.0,106.0,84.0,28.0,165.0,2.198547215496102,1.5307517084278974,1
-0.0920770877944128,-0.2159999999998272,-0.0920770877944128,-0.1478260869563931,0.2323812481561633,-0.6245210727966957,-0.5887850467287885,1.6054600624098927,0.2311320754715891,0.2588235294116632,255.0,255.0,255.0,212.0,84.0,76.0,66.0,49.0,2.0880245649946683,2.133333333332585,1
-0.5596330275227647,-0.3636363636359504,-0.5596330275227647,-0.2911392405059606,-0.3155883156258421,-0.4399999999995599,-0.6666666666664488,0.5202324134562285,0.3888888888883487,0.1999999999999215,178.0,255.0,255.0,72.0,109.0,60.0,51.0,28.0,2.6842105263154363,1.8677042801549155,1
-0.0696629213482989,0.6346153846151812,-0.1038961038960814,0.4825581395347434,1.0,0.1038961038960814,-0.4825581395347434,0.0,1.2318840579704196,0.3490196078430004,234.0,238.0,255.0,207.0,168.0,57.0,89.0,255.0,2.076335877862369,0.8491620111730261,1
0.1049999999999737,0.5706806282719525,0.0351288056206006,0.554404145077433,0.880824962801323,-0.1913746630727247,-0.6546184738953195,10.0,0.6787330316739011,0.2087378640775685,255.0,179.0,206.0,221.0,140.0,41.0,43.0,150.0,1.7170263788966764,0.8817204301072898,1
-0.2686567164178436,0.576086956521426,-0.1478260869564789,0.4215686274507738,1.0,-0.0068493150684908,-0.5408560311281942,0.0,0.9863945578224584,0.2979797979796475,164.0,255.0,198.0,147.0,45.0,39.0,59.0,145.0,2.484774665042328,1.1641791044771777,1
-0.2879999999998848,0.3839285714284,-0.3073929961088298,0.5270935960588536,1.0,0.2704918032785777,-0.5555555555552983,0.0,1.7415730337059083,0.2857142857141156,212.0,161.0,168.0,89.0,44.0,69.0,48.0,155.0,2.067415730336746,1.6379821958452114,1
-0.0602910602910477,-0.1695906432747546,-0.0602910602910477,-0.0533333333332977,-0.0612344474803219,-0.5218855218853462,-0.5269461077842734,0.8845977026162316,0.3141592920352592,0.3098039215685059,151.0,255.0,255.0,226.0,2.0,100.0,79.0,71.0,2.299887260428151,2.9304029304018573,1
-0.1751152073732315,0.2727272727271178,-0.1751152073732315,0.2513966480445523,1.0,-0.2302405498280995,-0.5838509316768373,0.0,0.6256983240219969,0.2627450980391126,105.0,255.0,255.0,179.0,65.0,64.0,67.0,112.0,2.569269521410256,1.6786885245896137,1
-0.197183098591503,0.5039999999997984,-0.197183098591503,0.627705627705356,1.0,0.0473537604456692,-0.7114093959729156,0.0,1.0994152046777197,0.168627450980326,135.0,255.0,255.0,171.0,74.0,62.0,43.0,188.0,2.4999999999996936,1.2849740932639158,1
-0.4956011730203825,0.2935779816512415,-0.4956011730203825,0.3492822966505506,-1.0,0.2422907488985717,-0.5789473684208735,0.0,1.6395348837190238,0.2666666666665621,72.0,255.0,255.0,86.0,152.0,77.0,68.0,141.0,3.0538922155684047,1.3780760626395128,1
-0.271375464683914,0.4212765957445016,-0.2631578947367431,0.7395833333329482,1.0,0.2603773584904678,-0.7409326424866628,0.0,1.7040816326513224,0.1488095238094352,17.0,171.0,168.0,98.0,148.0,68.0,25.0,167.0,2.9934354485770256,1.2062084257203534,1
0.2442996742670214,0.5023474178401398,0.1790123456789571,0.5384615384612796,0.5009927199830534,-0.0883190883190631,-0.4696132596682488,3.0079575580008724,0.8376963350780955,0.3609022556388264,121.0,116.0,133.0,191.0,64.0,53.0,48.0,160.0,1.7058823529408629,1.2848484848480954,1
0.4127423822713538,-0.0329670329669967,0.3456464379946318,0.9999999999977272,0.4862745097670177,-0.705685618728861,-0.9999999999991936,2.893129770149534,0.1725490196077754,0.0,247.0,106.0,124.0,255.0,64.0,47.0,0.0,44.0,1.187675070027845,1.86138613861294,1
0.083333333333314,0.47999999999952,0.2648648648647932,0.5744680851057719,0.3688681830195626,-0.5194805194803508,-0.743589743589267,2.168910116417789,0.3162393162391811,0.1470588235293036,221.0,198.0,136.0,234.0,2.0,26.0,20.0,74.0,1.8613396004698164,1.6249999999987306,1
-0.1501416430594475,-0.0243902439023795,-0.0291262135922235,0.4814814814796982,1.0,-0.7647058823524914,-0.915662650601858,0.0,0.1333333333332444,0.0440251572326767,73.0,203.0,159.0,150.0,53.0,21.0,7.0,20.0,2.581875993640289,1.460869565216121,1
-0.1225806451612507,0.780645161289819,-0.1023102310230685,0.746835443037502,1.0,0.00729927007299,-0.7860962566840717,0.0,1.014705882352195,0.1197604790418444,111.0,174.0,167.0,136.0,49.0,17.0,20.0,138.0,2.3394957983189344,0.615384615384337,1
0.1737891737891242,-0.1645569620251081,0.5202952029518375,0.9999999999969696,0.3155339805605713,-0.7238493723846344,-0.9999999999984616,1.921985815228319,0.1601941747572038,0.0,205.0,145.0,65.0,206.0,18.0,46.0,0.0,33.0,1.6547788873036156,2.573426573424774,1
-0.0632183908045795,-0.3191489361698732,0.1202749140893057,0.9999999999968748,0.785276073549002,-0.6717948717945273,-0.9999999999992188,8.314285707349853,0.1963190184047875,0.0,137.0,185.0,128.0,163.0,78.0,62.0,0.0,32.0,2.208955223880267,2.1196581196572137,1
-0.543973941367901,0.1690140845069232,-0.5692307692305941,0.2868217054261343,-1.0,0.0849673202613823,-0.6943521594682078,0.0,1.1857142857125915,0.1803921568626743,174.0,237.0,255.0,70.0,109.0,59.0,46.0,83.0,2.640668523676512,1.5225806451607993,1
-0.4206128133703564,-0.3333333333329966,-0.4206128133703564,-0.365384615384264,-0.0702651128014828,-0.5182481751821035,-0.5644171779139373,0.8686958738686987,0.3173076923073872,0.2784313725489104,145.0,255.0,255.0,104.0,34.0,66.0,71.0,33.0,2.687747035572768,2.6532663316569582,1
-0.5692307692305941,0.1100917431192155,-0.5692307692305941,0.5124999999996798,-1.0,0.2670157068061429,-0.7346938775507705,0.0,1.728571428568959,0.1529411764705282,143.0,255.0,255.0,70.0,131.0,97.0,39.0,121.0,2.8215767634850866,1.7399103139009553,1
-0.2318840579709584,0.5234374999997956,-0.2318840579709584,0.5725806451610594,1.0,0.1016949152542085,-0.655844155843943,0.0,1.2264150943388514,0.2078431372548204,229.0,255.0,255.0,159.0,120.0,61.0,53.0,195.0,2.2717149220487447,1.1167048054917352,1
0.3694915254236036,0.7560975609751488,0.2784810126581397,0.8227848101260616,0.4942528735182184,-0.1676300578034197,-0.7812499999993897,2.9545454534835693,0.71287128712836,0.1228070175437519,255.0,93.0,114.0,202.0,122.0,20.0,14.0,144.0,1.157076205287534,0.5228758169932932,1
-0.2421652421651731,0.480314960629543,-0.1635220125785649,0.5039999999995968,1.0,-0.1718061674008053,-0.712962962962633,0.0,0.7067669172927017,0.167567567567477,128.0,218.0,185.0,133.0,95.0,33.0,31.0,94.0,2.502152080343974,1.0352941176466528,1
-0.3063973063972032,0.1351351351350438,-0.282229965156696,0.0,-1.0,-0.1016042780748119,-0.3731343283580697,0.0,0.8155339805817324,0.4565217391301867,190.0,194.0,184.0,103.0,12.0,64.0,84.0,84.0,2.2790014684284463,2.285714285713265,1
-0.3144329896906406,-0.5514018691583632,-0.3144329896906406,-0.5999999999995,0.3122886133371608,-0.6942675159231247,-0.4529914529913239,1.9081967219172464,0.1804511278194132,0.3764705882351465,137.0,255.0,255.0,133.0,70.0,83.0,96.0,24.0,2.61538461538428,2.553846153845172,1
0.0,0.390070921985539,0.0,0.3999999999997143,0.99999999975,-0.4447592067987408,-0.7171717171714758,10.0,0.3843137254900454,0.1647058823528766,50.0,255.0,255.0,255.0,108.0,43.0,42.0,98.0,2.5030674846622696,1.1780821917804185,1
-0.2318840579709584,0.218934911242474,-0.2318840579709584,0.2409638554215416,1.0,-0.2137404580151856,-0.6037735849054705,0.0,0.6477987421379574,0.2470588235293148,186.0,255.0,255.0,159.0,89.0,66.0,63.0,103.0,2.3859649122804227,1.6296296296291268,1
-0.4285714285712793,0.2437810945272419,-0.4421768707481489,0.5432098765428746,1.0,0.2077294685989335,-0.7028112449796374,0.0,1.52439024390058,0.1745283018867101,90.0,205.0,212.0,82.0,98.0,76.0,37.0,125.0,2.817869415807076,1.621333333332901,1
-0.6779026217225925,0.441176470588019,-0.6766917293230539,0.8374999999994767,1.0,0.5473684210523435,-0.8898305084741993,0.0,3.4186046511548405,0.0582959641255344,92.0,224.0,223.0,43.0,8.0,57.0,13.0,147.0,3.073756432246471,1.6951672862447231,1
-0.0268817204301003,0.7887323943656418,0.1036585365853342,0.6493506493502278,0.7246818802275836,-0.1753246753246184,-0.6896551724133968,6.264323905337348,0.7016574585631483,0.1836734693876301,121.0,191.0,147.0,181.0,135.0,15.0,27.0,127.0,2.233918128654644,0.4109589041094483,1
0.0995024875621643,-0.0559999999999552,0.3038348082594974,0.6164383561635391,0.3396856063558687,-0.578571428571222,-0.7878787878781911,2.0288602201041077,0.2669683257917344,0.1186440677965096,207.0,181.0,118.0,221.0,158.0,66.0,14.0,59.0,1.8329113924048317,1.5128939828075896,1
-0.0281690140844971,-0.9999999999983872,0.164556962025247,0.0,-0.9999999993923075,-0.9999999999992756,-0.99999999999899,0.0,0.0,0.0,101.0,146.0,99.0,138.0,160.0,62.0,0.0,0.0,2.1996233521653106,1.7464788732388217,1
-0.1640211640211206,0.487603305784721,-0.1366120218578861,0.525423728813114,1.0,-0.2741935483869862,-0.7627118644064566,0.0,0.5696202531641965,0.1346153846153199,87.0,220.0,208.0,158.0,129.0,31.0,28.0,90.0,2.569343065693056,0.8825622775797571,1
0.1351351351350438,0.51923076923027,-0.0399999999999771,0.51923076923027,1.0,-0.030674846625748,-0.5689655172408888,0.0,0.9404761904750708,0.2747252747249728,125.0,64.0,91.0,84.0,85.0,25.0,25.0,79.0,1.5192878338274425,0.9345794392518998,1
0.2661290322579572,-0.0545454545453553,0.2816326530611096,0.2093023255809085,-0.1473317865138509,-0.715846994535128,-0.6761904761898322,0.743174923900518,0.1656050955412958,0.1931818181815986,248.0,91.0,88.0,157.0,75.0,29.0,17.0,26.0,1.240204429301322,1.4591194968544283,1
0.1400491400491056,0.1094890510948106,0.2712328767122545,0.3451327433625264,0.1198961529186465,-0.506493506493342,-0.564705882352609,1.2724591038475948,0.3275862068964105,0.2781954887215954,203.0,175.0,133.0,232.0,144.0,61.0,37.0,76.0,1.7834394904456323,1.4269005847949046,1
0.0638297872340255,0.2166666666664861,0.0416666666666558,0.5208333333327908,0.8518518517003043,-0.4652014652012948,-0.7777777777774021,10.0,0.3649999999998175,0.124999999999932,198.0,176.0,184.0,200.0,98.0,47.0,23.0,73.0,1.8773333333330828,1.4188679245277664,1
-0.10629067245117,0.0666666666666222,-0.10629067245117,0.0884353741495997,-1.0,-0.4405594405592865,-0.5838509316768373,0.0,0.3883495145629183,0.2627450980391126,92.0,255.0,255.0,206.0,64.0,70.0,67.0,80.0,2.524752475247212,1.9718309859147989,1
-0.1751152073732315,0.2295081967212174,-0.1182266009851925,0.546391752577038,1.0,-0.0881458966565081,-0.6752767527672785,0.0,0.8379888268151744,0.1938325991188573,202.0,255.0,227.0,179.0,53.0,94.0,44.0,150.0,2.2895622895620327,1.9232736572885107,1
-0.359999999999904,0.2638036809814332,-0.359999999999904,0.6479999999994815,1.0,-0.076233183856468,-0.841155234656736,0.0,0.8583333333326181,0.0862745098038877,217.0,255.0,255.0,120.0,69.0,60.0,22.0,103.0,2.4085005903184875,1.6438356164377932,1
-0.2202531645569062,0.4909090909086446,-0.2450980392156262,0.5769230769225222,1.0,-0.3050847457625826,-0.8405797101446231,0.0,0.5324675324671867,0.0866141732283123,163.0,241.0,254.0,154.0,120.0,28.0,22.0,82.0,2.41301627033762,0.8682170542632294,1
-0.3970149253730158,0.3532934131734411,-0.4325842696627998,0.3614457831323124,-1.0,0.0560747663551139,-0.655844155843943,0.0,1.1188118811870111,0.2078431372548204,74.0,234.0,255.0,101.0,62.0,54.0,53.0,113.0,2.911353032658956,1.526501766783913,1
-0.0455764075066901,-0.2210526315787147,-0.0246575342465685,-0.0263157894736495,0.0325318246743334,-0.6558139534880671,-0.6548672566368784,1.06725146631549,0.207865168539209,0.2085561497325088,200.0,195.0,187.0,178.0,38.0,58.0,39.0,37.0,2.0312499999997358,2.429319371726477,1
-0.3055555555554495,0.1547619047618126,-0.4065281899108586,0.1975308641974089,-1.0,-0.0152284263959313,-0.569536423840871,0.0,0.96999999999903,0.2742616033754117,130.0,188.0,237.0,100.0,71.0,71.0,65.0,97.0,2.481848184818072,1.832258064515538,1
0.0223123732251476,0.4841628959273827,-0.0059171597633124,0.8531073446322864,1.0,-0.2115384615384107,-0.9029850746265288,0.0,0.6507936507933926,0.0509803921568427,98.0,241.0,255.0,252.0,145.0,57.0,13.0,164.0,2.3173076923074136,1.0780141843969082,1
-0.0898876404494129,0.4755555555553442,-0.074285714285693,0.5514018691586209,1.0,0.0121951219512157,-0.5932203389827995,0.0,1.0246913580240589,0.2553191489360344,127.0,194.0,188.0,162.0,108.0,59.0,48.0,166.0,2.292466765139986,1.204081632652754,1
-0.4243542435422788,0.2636363636362438,-0.3882352941174948,0.2300884955751194,-1.0,0.2811059907832806,-0.3409090909089618,0.0,1.782051282048997,0.4915254237285359,141.0,193.0,177.0,78.0,183.0,81.0,87.0,139.0,2.552066115702057,1.3388429752063349,1
-0.2861952861951898,0.0597014925372688,-0.2482269503545219,0.1359999999998912,-1.0,-0.1977401129942385,-0.5304347826084651,0.0,0.6698113207540851,0.3068181818180075,77.0,191.0,176.0,106.0,88.0,63.0,54.0,71.0,2.704424778760583,1.7684210526309585,1
-0.0334346504559168,0.6818181818178719,0.0291262135922235,0.8407960199000792,0.9330372014474254,0.0755813953488152,-0.8072289156621644,10.0,1.163522012577885,0.1066666666665955,112.0,170.0,150.0,159.0,63.0,35.0,16.0,185.0,2.2258592471354786,0.8805031446538112,1
-0.032258064516122,0.4224598930479024,0.0089686098654688,0.8601398601392587,0.9793613565533698,-0.2569832402233919,-0.913419913419518,10.0,0.5911111111108485,0.04524886877826,140.0,240.0,221.0,225.0,63.0,54.0,10.0,133.0,2.272189349112157,1.42105263157848,1
-0.1910112359549846,0.1749999999998906,-0.1562499999999389,0.8613861386130085,1.0,-0.069306930693035,-0.909677419354252,0.0,0.8703703703695644,0.0472972972972653,171.0,159.0,148.0,108.0,159.0,66.0,7.0,94.0,2.130653266331301,1.3714285714282153,1
-0.087719298245592,0.5778894472358905,-0.1291866028707824,0.5392156862742455,1.0,-0.073746312684344,-0.6678445229679619,0.0,0.8626373626368887,0.1991525423727969,190.0,217.0,236.0,182.0,127.0,42.0,47.0,157.0,2.1538461538458864,0.9130434782606216,1
-0.095384615384586,0.211009174311733,-0.1009174311926296,0.5714285714278912,1.0,-0.3802816901406665,-0.818181818181405,0.0,0.4489795918364293,0.0999999999999444,153.0,178.0,180.0,147.0,98.0,43.0,18.0,66.0,2.170731707316742,1.3759999999994497,1
0.0479999999999808,0.3773584905656817,-0.1838006230529022,0.3773584905656817,1.0,-0.2843137254900567,-0.7040358744391462,0.0,0.5572519083965213,0.1736842105262243,242.0,119.0,190.0,131.0,89.0,33.0,33.0,73.0,1.5581014729948348,1.1578947368415975,1
0.0695187165775215,0.564625850339752,0.2084592145014476,0.2041884816752857,-0.0103495860141619,-0.2698412698411842,-0.2657004830916591,0.9795128609002628,0.5749999999997125,0.5801526717552824,216.0,174.0,131.0,200.0,122.0,32.0,76.0,115.0,1.821989528795573,0.8504983388701494,1
-0.1772151898733616,0.1568627450978854,-0.1216216216215805,0.1456310679610236,1.0,-0.3756613756611769,-0.5809523809521043,0.0,0.4538461538458048,0.2650602409636958,145.0,186.0,166.0,130.0,72.0,43.0,44.0,59.0,2.299845440494235,1.5852534562204676,1
0.0,0.0318471337579415,0.0,0.140845070422436,0.99999999929,-0.5178571428569888,-0.6139240506327172,10.0,0.3176470588234049,0.239215686274416,155.0,255.0,255.0,255.0,43.0,76.0,61.0,81.0,2.217391304347585,2.20289855072384,1
0.1159737417942853,-0.0204081632652957,0.164383561643798,0.5609756097556414,0.5467526484734739,-0.4529914529913239,-0.7428571428567892,3.412601623938265,0.3764705882351465,0.1475409836064767,243.0,202.0,183.0,255.0,116.0,100.0,27.0,96.0,1.7915742793789586,1.9417475728150628,1
-0.5740740740738969,-0.0204081632652922,-0.5740740740738969,0.2307692307690335,-1.0,0.0212765957446657,-0.6999999999997667,0.0,1.0434782608680528,0.1764705882352249,255.0,255.0,255.0,69.0,126.0,75.0,45.0,72.0,2.4460431654673327,1.7241379310339873,1
-0.3821138211381078,0.5167785234895861,-0.3821138211381078,0.7795275590545043,1.0,-0.0044052863436103,-0.895910780668812,0.0,0.991228070174569,0.0549019607842922,197.0,255.0,255.0,114.0,28.0,36.0,14.0,113.0,2.484774665042328,1.3521126760557034,1
-0.3043478260868787,-0.1135135135134521,-0.3043478260868787,0.2519083969463726,-1.0,-0.247706422018235,-0.6776315789471455,0.0,0.602941176470145,0.1921568627450227,214.0,255.0,255.0,136.0,164.0,103.0,49.0,82.0,2.372093023255538,1.8230088495571188,1
-0.1590909090908729,0.1794871794870644,-0.1590909090908729,0.5593220338978311,1.0,-0.3357400722020449,-0.8149466192167919,0.0,0.4972972972970285,0.1019607843136855,228.0,255.0,255.0,185.0,60.0,64.0,26.0,92.0,2.2101841820149284,1.8285714285707757,1
-0.248618784530318,0.1870967741934276,-0.3043478260868787,0.0697674418604245,-1.0,-0.1929824561402662,-0.5223880597013366,0.0,0.6764705882347968,0.3137254901959554,224.0,226.0,255.0,136.0,131.0,63.0,80.0,92.0,2.2266009852214004,1.4441260744981537,1
0.0461538461538343,0.5782312925168102,0.0938337801608327,0.7121771217709549,0.7671649850534351,0.0642201834862238,-0.6249999999996996,7.589773318215396,1.137254901960227,0.2307692307690942,207.0,186.0,169.0,204.0,111.0,62.0,39.0,232.0,1.9003831417622088,1.0620985010704365,1
0.0171149144254236,0.2961373390556669,-0.0370370370370284,0.852760736195796,1.0,-0.1587743732590087,-0.8983050847453822,0.0,0.7259615384611895,0.0535714285714046,215.0,201.0,224.0,208.0,59.0,82.0,12.0,151.0,1.9490909090906727,1.754010695186697,1
-0.163972286374096,0.5088757396448199,-0.0812182741116545,0.5692307692305941,1.0,0.1697247706421629,-0.505300353356712,0.0,1.4088397790047469,0.3286384976524278,216.0,252.0,213.0,181.0,147.0,83.0,70.0,255.0,2.2375138734736693,1.1690140845068364,1
0.1890410958903591,0.3360323886638315,0.3191489361701157,0.823204419889048,0.4412430540876376,-0.1361256544502261,-0.7499999999994141,2.579373848178264,0.7603686635941197,0.1428571428570153,134.0,148.0,112.0,217.0,66.0,82.0,16.0,165.0,1.829984544049176,1.6607594936704655,1
-0.0588235294117489,0.3406593406591535,0.0262390670553859,0.9999999999991804,0.9488636362711498,-0.1812080536912143,-0.9999999999994011,10.0,0.6931818181814243,0.0,168.0,198.0,167.0,176.0,47.0,60.0,0.0,122.0,2.140540540540252,1.660899653978664,1
-0.1190476190475836,0.3648648648646184,-0.0512820512820348,0.923809523808644,1.0,-0.1887550200802455,-0.9523809523803856,0.0,0.6824324324319714,0.0243902439024241,88.0,188.0,164.0,148.0,83.0,47.0,4.0,101.0,2.4575163398688797,1.3525179856110243,1
-0.1226765799256049,0.7045454545450542,-0.2159468438537488,0.7964071856282657,1.0,0.1194029850745823,-0.8299999999995851,0.0,1.271186440676889,0.0928961748633372,192.0,151.0,183.0,118.0,93.0,26.0,17.0,150.0,1.973856209150004,0.7050847457624729,1
-0.2348484848483959,0.4146341463411263,-0.4076246334309655,0.251798561150898,-1.0,-0.0744680851063433,-0.6438356164381357,0.0,0.8613861386130085,0.2166666666665764,79.0,163.0,240.0,101.0,51.0,36.0,52.0,87.0,2.57707509881372,1.3714285714279184,1
0.0769230769230541,0.4535519125680582,0.0253521126760492,0.6835443037970358,0.9284744226847548,-0.1555555555555061,-0.74747474747437,10.0,0.7307692307688293,0.1445086705201476,83.0,156.0,173.0,182.0,99.0,50.0,25.0,133.0,2.1629116117847205,1.2048192771080708,1
0.1118644067796231,0.351351351351114,-0.0352941176470484,0.41843971631176,1.0,-0.2424242424241506,-0.6221198156679161,0.0,0.6097560975606039,0.2329545454544131,130.0,131.0,176.0,164.0,90.0,48.0,41.0,100.0,1.884892086330596,1.3426573426568733,1
-0.1086956521738894,0.5487179487176673,-0.1086956521738894,0.5487179487176673,1.0,-0.1516853932583843,-0.705685618728861,0.0,0.7365853658532993,0.1725490196077754,180.0,255.0,255.0,205.0,88.0,44.0,44.0,151.0,2.279329608938293,1.07645259938805,1
-0.3636363636362664,0.0,-0.3636363636362664,0.0072992700729873,-1.0,-0.2659574468083692,-0.5789473684208735,0.0,0.579831932772622,0.2666666666665621,90.0,255.0,255.0,119.0,71.0,69.0,68.0,69.0,2.8372739916546816,1.985611510790653,1
-0.2749999999999312,0.2685714285712751,-0.2749999999999312,0.834710743800963,1.0,-0.1328124999999481,-0.9245283018864436,0.0,0.7655172413787825,0.0392156862744944,149.0,255.0,255.0,145.0,111.0,64.0,10.0,111.0,2.5373134328355054,1.462857142856725,1
0.2083333333332713,0.6256157635464898,0.2530864197530083,0.5207373271887001,0.3458809689660062,-0.1032608695651893,-0.3988439306356076,2.05754748710398,0.8128078817729987,0.4297520661153473,159.0,133.0,121.0,203.0,247.0,38.0,52.0,165.0,1.694267515923297,0.6229508196720035,1
-0.3654618473894114,0.3052631578945762,-0.4513888888887322,0.4171428571426188,-1.0,0.2216748768471814,-0.6076923076920739,0.0,1.56962025316257,0.2440191387558641,195.0,170.0,209.0,79.0,228.0,66.0,51.0,124.0,2.214983713354688,1.0909090909088657,1
0.0933333333333022,0.4202898550718546,0.1672597864768088,0.324324324323886,0.3195069457377272,-0.5399061032861315,-0.6478873239432058,1.9390454272458983,0.2987804878046959,0.213675213675031,171.0,136.0,117.0,164.0,121.0,20.0,25.0,49.0,1.79242174629295,0.7619047619043992,1
-0.4655172413791766,0.2367491166076902,-0.4655172413791766,0.2867647058822475,-1.0,0.3059701492536172,-0.4488636363635088,0.0,1.8817204301055035,0.3803921568625959,132.0,255.0,255.0,93.0,214.0,108.0,97.0,175.0,2.7755102040812547,1.428099173553483,1
-0.255813953488306,0.1542857142856261,-0.2781954887217348,0.2784810126580516,1.0,-0.175510204081561,-0.6346153846151812,0.0,0.7013888888884019,0.2235294117646182,252.0,243.0,255.0,144.0,121.0,74.0,57.0,101.0,2.2040816326528114,1.5999999999995675,1
-0.0329113924050549,0.4560669456065037,-0.0521091811414262,0.2700729927006314,1.0,-0.0465753424657406,-0.3589743589742439,0.0,0.9109947643974288,0.4716981132073247,223.0,204.0,212.0,191.0,117.0,65.0,100.0,174.0,1.985401459853773,1.235154394298994,1
-0.3199999999999086,0.4790697674416376,-0.2371794871794111,0.5436893203880856,1.0,0.1438848920862792,-0.6083333333330799,0.0,1.33613445378039,0.24352331606205,176.0,231.0,193.0,119.0,61.0,56.0,47.0,159.0,2.441215323645648,1.3493975903610391,1
0.1666666666666035,0.35999999999984,-0.0096463022508007,0.4571428571426394,1.0,-0.0032573289902269,-0.4672897196259499,0.0,0.9935064935058484,0.3630573248405331,124.0,110.0,157.0,154.0,221.0,72.0,57.0,153.0,1.7670682730920146,1.1119691119688973,1
0.1999999999999518,0.5084175084173372,0.1165919282510949,0.6115107913666865,0.6797376932027204,-0.0528541226215533,-0.5697211155376216,5.244881013763109,0.8995983935739359,0.2741116751267644,223.0,166.0,197.0,249.0,64.0,73.0,54.0,224.0,1.6517412935321327,1.3456221198153582,1
0.3067484662575746,0.3333333333331418,0.3741935483869761,0.6111111111106868,0.2404510730929184,-0.2948328267476308,-0.5519999999995584,1.633141762015057,0.5446009389668806,0.2886597938141354,184.0,113.0,97.0,213.0,74.0,58.0,28.0,116.0,1.451043338683555,1.5163398692805503,1
0.2911392405062554,0.4219653179188312,0.4245810055864736,0.5374999999996641,0.11736952891265,-0.3492063492062568,-0.4714285714282347,1.265953947069818,0.4823529411762814,0.359223300970525,153.0,140.0,103.0,255.0,33.0,50.0,37.0,123.0,1.6279069767439494,1.5624999999993898,1
0.3866666666665378,0.333333333333145,0.3206349206348188,0.4842767295594439,0.2033040630792214,-0.2760736196318171,-0.4459459459456447,1.510368017462343,0.5673076923074196,0.3831775700930998,130.0,92.0,107.0,208.0,97.0,59.0,41.0,118.0,1.4099616858234845,1.4174174174169918,1
-0.3476394849783916,0.2738853503182969,-0.3968253968252394,0.7391304347819659,1.0,0.1363636363635589,-0.8429319371723336,0.0,1.3157894736824791,0.0852272727272243,181.0,157.0,176.0,76.0,56.0,57.0,15.0,100.0,2.199649737302592,1.6888888888882634,1
0.0086956521739105,0.2258064516126604,-0.1167512690355033,0.2666666666663703,1.0,-0.5064935064932873,-0.7391304347823165,0.0,0.3275862068963635,0.1499999999999318,161.0,171.0,220.0,174.0,126.0,36.0,33.0,57.0,2.0206794682419464,1.1294117647054396,1
0.3421926910297866,0.5454545454542356,0.1812865497075493,0.4545454545452115,0.4297658862199354,-0.1952662721892913,-0.4659685863871906,2.507331376915436,0.67326732673234,0.3642857142854541,207.0,99.0,140.0,202.0,79.0,40.0,51.0,136.0,1.3047775947279563,1.0847457627114967,1
0.0142450142450101,0.0833333333332754,-0.0138504155124615,0.4716981132071021,1.0,-0.3906249999998474,-0.7345971563977561,0.0,0.438202247190765,0.1530054644807907,169.0,173.0,183.0,178.0,121.0,66.0,28.0,78.0,1.9971139971137088,1.5951661631415122,1
-0.5315315315313719,0.4384236453199811,-0.5315315315313719,0.5869565217388115,1.0,0.303571428571293,-0.740614334470737,0.0,1.871794871792472,0.1490196078430788,129.0,255.0,255.0,78.0,60.0,57.0,38.0,146.0,2.8451882845184318,1.4249999999995548,1
-0.1737891737891242,0.3153153153150312,-0.0645161290322372,0.0,-1.0,-0.3302752293576467,-0.3865546218485771,0.0,0.5034482758617218,0.4424242424239743,81.0,206.0,165.0,145.0,136.0,38.0,73.0,73.0,2.5830721003130748,1.0666666666662925,1
0.1231884057970568,0.6124999999996172,0.1071428571428188,0.8297872340419647,0.7712895376305031,-0.0915492957746156,-0.8248175182475732,7.744680843832735,0.8322580645155921,0.0959999999999232,91.0,121.0,125.0,155.0,132.0,31.0,12.0,129.0,1.9836065573766428,0.7678018575849016,1
-0.4106280193234731,0.7171717171714758,-0.4429223744290215,0.7288135593217868,1.0,0.6139240506327172,-0.595959595959295,0.0,4.180327868845606,0.2531645569618651,161.0,146.0,158.0,61.0,218.0,42.0,40.0,255.0,2.2723735408555887,0.6032315978454931,1
-0.3065015479875212,0.9043824701191616,-0.3636363636362603,0.7902621722843483,1.0,0.3618233618232587,-0.7910447761191078,0.0,2.133928571426666,0.116666666666618,172.0,211.0,240.0,112.0,144.0,12.0,28.0,239.0,2.390934844192296,0.2358722358721779,1
0.187817258883201,0.5104166666664008,0.2821917808218405,0.746987951806779,0.4516180762252717,-0.2348284960421544,-0.7236842105258398,2.647093226339128,0.6196581196578549,0.160305343511328,240.0,160.0,131.0,234.0,111.0,47.0,21.0,145.0,1.6120906801005526,1.0742857142854074,1
-0.1184210526315529,0.6756756756754149,-0.1125827814569288,0.6194029850743957,1.0,0.0382775119617133,-0.6633663366334445,0.0,1.0796019900492142,0.2023809523808721,135.0,255.0,252.0,201.0,103.0,42.0,51.0,217.0,2.4113475177302117,0.8316831683166258,1
-0.3563829787233095,0.484126984126792,-0.3144475920678996,0.5141700404856219,1.0,0.2142857142856447,-0.5890410958902093,0.0,1.5454545454532682,0.2586206896550609,144.0,255.0,232.0,121.0,137.0,65.0,60.0,187.0,2.6322580645157894,1.1453744493389548,1
-0.3280632411065897,0.2307692307690942,-0.3511450381678049,0.291925465838328,-1.0,0.1005291005290473,-0.5128205128202937,0.0,1.2235294117632665,0.3220338983049028,125.0,168.0,177.0,85.0,126.0,65.0,57.0,104.0,2.4615384615380105,1.4444444444440432,1
-0.7099236641218665,0.7058823529406575,-0.6885245901636523,0.5999999999995863,-1.0,0.5064935064931776,-0.7531914893613817,0.0,3.052631578939335,0.1407766990290578,103.0,224.0,206.0,38.0,172.0,20.0,29.0,116.0,3.042444821731232,0.4878048780486317,1
0.4566473988436667,0.5587188612097657,0.1402714932126062,0.4455445544552985,0.521107372196193,0.2695652173912262,-0.0614525139664461,3.176301498853847,1.7380952380938586,0.8842105263148587,159.0,47.0,95.0,126.0,186.0,62.0,84.0,219.0,0.9920844327174164,0.9376181474478378,1
0.1712158808932577,0.1818181818180637,0.1829573934836634,0.1592356687897075,-0.0693226347998629,-0.4434250764524638,-0.4235807860260159,0.8703429015394868,0.3855932203388197,0.4049079754598743,196.0,167.0,163.0,236.0,201.0,63.0,66.0,91.0,1.7441253263705294,1.20574162679397,1
0.2562499999999199,0.2551724137929275,0.3094462540715604,0.5294117647054375,0.2622201918369343,-0.3767123287669943,-0.5820895522383717,1.710835912758943,0.452736318407735,0.2641509433959772,225.0,119.0,106.0,201.0,129.0,54.0,28.0,91.0,1.4337349397588202,1.317073170731306,1
0.3672922252009739,0.5724137931030535,0.5088757396448199,0.5724137931030535,0.0587613692059782,-0.3821138211381078,-0.4561403508767928,1.1248596629701688,0.4470588235292365,0.3734939759031644,151.0,118.0,83.0,255.0,53.0,31.0,31.0,114.0,1.4704049844234468,1.0829694323139376,1
0.403508771929683,0.43790849673174,0.2861736334404224,0.4569536423838033,0.2298125966793268,-0.2903225806450676,-0.4605263157891707,1.5967705924915614,0.549999999999725,0.3693693693690366,129.0,85.0,111.0,200.0,68.0,43.0,41.0,110.0,1.3627254509015303,1.3030303030298096,1
0.0629921259842271,0.7446808510633017,-0.0073529411764678,0.3516483516481584,1.0,-0.0465116279069587,-0.3979591836732664,0.0,0.9111111111104364,0.430656934306255,170.0,119.0,137.0,135.0,141.0,18.0,59.0,123.0,1.7532228360954412,0.47999999999984,1
0.0699088145896444,0.4285714285711931,0.0931677018633251,0.7808219178076844,0.7867990653304655,-0.1503267973855717,-0.8024691358019739,8.380821908809667,0.738636363635944,0.1095890410958153,119.0,153.0,146.0,176.0,255.0,52.0,16.0,130.0,2.036605657237598,0.8507157464210939,1
0.1971326164873845,0.0647482014388023,0.1360544217686612,0.3097345132740621,0.3896016204390441,-0.3858921161824125,-0.5301204819273916,2.276548670891868,0.4431137724548245,0.3070866141729865,141.0,112.0,127.0,167.0,99.0,65.0,39.0,74.0,1.6842105263154727,1.71617161716115,1
0.2781954887217348,0.3161290322578606,0.1184210526315529,0.837837837837083,0.7523242840416692,-0.4285714285713085,-0.9142857142852788,7.075075069095745,0.3999999999998431,0.0447761194029628,166.0,144.0,201.0,255.0,112.0,53.0,9.0,102.0,1.624823695345328,1.324999999999586,1
-0.0130718954248323,0.2637362637361188,-0.0985074626865377,0.5436241610734607,1.0,-0.1353383458646107,-0.6880733944950973,0.0,0.7615894039730057,0.1847826086955517,162.0,155.0,184.0,151.0,97.0,67.0,34.0,115.0,1.9903691813800977,1.5491329479764309,1
0.2823529411763875,0.5673469387752786,0.4880546075083659,0.6066945606692022,0.1083718139265631,-0.063414634146326,-0.2295081967211233,1.2430874562217793,0.8807339449537245,0.6266666666658312,153.0,122.0,75.0,218.0,255.0,53.0,47.0,192.0,1.586991869918441,0.7667269439419951,1
0.1308900523559867,0.4628975265016032,0.1644204851751578,0.732217573221451,0.6332511571038122,-0.0212765957446758,-0.6577540106948355,4.45332327049202,0.9583333333328896,0.2064516129030926,105.0,166.0,155.0,216.0,197.0,76.0,32.0,207.0,2.033690658498923,1.0935251798559182,1
-0.1926121372031154,0.561461794019747,-0.1428571428571028,0.8503937007870668,1.0,0.2113402061855125,-0.8295964125556818,0.0,1.5359477124172969,0.0931372549019151,160.0,226.0,204.0,153.0,156.0,66.0,19.0,235.0,2.3633986928101485,1.0095602294453137,1
0.1249999999999699,0.7254901960780757,0.144254278728571,0.999999999999432,0.7478632477978184,-0.1414634146341118,-0.9999999999994288,6.932203385022721,0.7521367521364307,0.0,201.0,182.0,175.0,234.0,122.0,28.0,0.0,176.0,1.8222778473089083,0.6327683615817422,1
0.0874704491725561,0.8431372549015476,0.0599078341013686,0.5932203389827995,0.8165510642136211,-0.1004784688994974,-0.6190476190473734,9.902216411109157,0.8173913043474708,0.2352941176469435,255.0,193.0,204.0,230.0,148.0,16.0,48.0,188.0,1.7726750861077183,0.3478260869564272,1
-0.2878787878787152,0.5510204081629843,-0.2878787878787152,0.7272727272723141,1.0,0.0375426621160281,-0.8279569892470151,0.0,1.0780141843963986,0.0941176470587866,130.0,255.0,255.0,141.0,196.0,44.0,24.0,152.0,2.6120358514721365,0.8073394495410993,1
-0.2318840579709584,0.4644067796608595,-0.2318840579709584,0.6059479553901094,1.0,0.1519999999999594,-0.655844155843943,0.0,1.3584905660368816,0.2078431372548204,121.0,255.0,255.0,159.0,182.0,79.0,53.0,216.0,2.582278481012332,1.13669064748181,1
-0.293706293706191,0.5128205128202937,-0.2912280701753364,0.5594713656385201,1.0,0.2733812949639304,-0.5726495726493279,0.0,1.7524752475230174,0.2717391304346349,137.0,185.0,184.0,101.0,152.0,57.0,50.0,177.0,2.434210526315389,1.0293453724602644,1
-0.1645569620252748,0.726872246695715,-0.1687657430730053,0.7422222222218924,1.0,0.0858725761772615,-0.7777777777774798,0.0,1.187878787878068,0.1249999999999461,127.0,230.0,232.0,165.0,173.0,31.0,29.0,196.0,2.446808510637972,0.5754060324824651,1
0.0216450216450122,0.6744186046508491,-0.0327868852458882,0.4229249011856036,1.0,0.2080536912750979,-0.2663316582913235,0.0,1.5254237288122665,0.5793650793646196,167.0,113.0,126.0,118.0,150.0,35.0,73.0,180.0,1.7690802348333132,0.699999999999825,1
0.2905405405404423,0.810276679841577,0.3498233215546467,0.5165562913905575,0.192447937746212,0.0904761904761689,-0.1151515151514453,1.4766205093110207,1.1989528795805242,0.7934782608687028,233.0,105.0,92.0,191.0,202.0,24.0,73.0,229.0,1.3249211356464787,0.4008350730688098,1
0.4068965517239976,0.5411255411253069,0.5111111111109219,0.4895397489537701,-0.0215573313489196,-0.068062827225113,-0.0393700787401264,0.9577951608094666,0.8725490196074155,0.924242424241024,212.0,86.0,66.0,204.0,124.0,53.0,61.0,178.0,1.1700680272106854,1.0392156862742552,1
0.5361445783130916,0.4676258992802392,0.3972602739724939,0.446808510637981,0.0587016574513921,-0.4285714285713085,-0.4765100671137742,1.12472487132314,0.3999999999998431,0.3545454545451322,169.0,77.0,110.0,255.0,55.0,37.0,39.0,102.0,1.0657439446364938,1.2813852813847268,1
-0.1847826086955517,0.0161290322580515,-0.1803278688523605,0.1775700934577779,-1.0,-0.0869565217390674,-0.4210526315786704,0.0,0.83999999999888,0.4074074074070302,120.0,109.0,108.0,75.0,154.0,61.0,44.0,63.0,2.111380145277939,1.4395280235983954,1
0.1158798283261305,0.6335877862593002,0.0655737704917764,0.6335877862593002,0.8124216931002006,0.2441860465115569,-0.407407407407156,9.662213725723412,1.64615384615258,0.421052631578578,176.0,103.0,114.0,130.0,187.0,48.0,48.0,214.0,1.6093749999996856,0.7726358148891805,1
0.1956521739129371,0.6088328075707858,-0.0090090090090049,0.7708333333330657,1.0,0.3972602739724939,-0.5448275862065208,0.0,2.3181818181797107,0.2946428571425941,82.0,74.0,112.0,110.0,125.0,62.0,33.0,255.0,1.7411764705877233,0.9841269841267888,1
-0.5627906976741569,-0.014285714285704,-0.5803571428568838,0.179487179487026,-1.0,0.1896551724136296,-0.5733333333330786,0.0,1.468085106379855,0.2711864406778129,184.0,168.0,177.0,47.0,175.0,71.0,48.0,69.0,2.3703703703699524,1.471502590673194,1
-0.2533333333332489,0.5104166666664008,-0.345029239765981,0.8831168831163098,1.0,0.1284046692606504,-0.9246861924682324,0.0,1.2946428571417012,0.0391304347825916,143.0,188.0,230.0,112.0,123.0,47.0,9.0,145.0,2.383518225039242,1.0386740331488844,1
0.1358885017421129,0.5566037735846432,0.0124223602484433,0.4285714285712431,0.943661971616994,0.0060975609756078,-0.4133333333331496,10.0,1.0122699386496858,0.4150943396223804,196.0,124.0,159.0,163.0,91.0,47.0,66.0,165.0,1.634266886325925,1.0742857142854074,1
0.1787072243345328,0.5987460815045145,0.1832061068701591,0.6088328075707858,0.5373810464190566,0.2439024390243307,-0.2662721893489549,3.323212406177887,1.6451612903215194,0.5794392523359071,149.0,108.0,107.0,155.0,153.0,64.0,62.0,255.0,1.661538461538142,0.9552238805968366,1
-0.0687830687830505,0.4276923076921761,-0.111111111111083,0.562289562289373,1.0,0.1372549019607506,-0.5438596491226162,0.0,1.3181818181810694,0.2954545454544112,193.0,202.0,220.0,176.0,141.0,93.0,65.0,232.0,2.0905562742558743,1.330948121645558,1
-0.0660792951541704,0.5940959409591904,-0.0319634703196274,0.7777777777774577,1.0,0.0093457943925211,-0.7865612648218235,0.0,1.0188679245278214,0.1194690265486197,200.0,242.0,226.0,212.0,179.0,55.0,27.0,216.0,2.1607142857140444,0.8712871287126988,1
0.0495049504950372,0.9999999999995456,0.0653266331658127,0.9999999999995456,0.8773584904836585,0.0185185185185142,-0.9999999999994624,10.0,1.0377358490561144,0.0,200.0,192.0,186.0,212.0,45.0,0.0,0.0,220.0,1.929648241205788,0.0,1
0.0805084745762541,0.6830188679242706,0.0039370078740149,0.8056680161940059,0.9902742502665154,-0.0669456066945466,-0.8267148014437449,10.0,0.8745098039212257,0.0948616600790139,238.0,217.0,253.0,255.0,96.0,42.0,24.0,223.0,1.872707659115224,0.8337468982628204,1
-0.0719602977667315,0.3884892086329538,-0.0603015075376732,0.649572649572372,1.0,0.0157894736842063,-0.674603174602907,0.0,1.0320855614967743,0.1943127962084387,120.0,216.0,211.0,187.0,210.0,85.0,41.0,193.0,2.3382949932337835,1.1867364746943827,1
-0.2717086834733133,0.4529914529913239,-0.3246753246752403,0.8085106382975856,1.0,0.3246753246752403,-0.8085106382975856,0.0,1.9615384615369529,0.1058823529411349,121.0,227.0,255.0,130.0,155.0,96.0,27.0,255.0,2.5758865248223297,1.275747508305436,1
0.0651162790697523,0.5652173913041588,0.1336633663366006,0.894736842104901,0.7400557384635993,0.0107991360691121,-0.8617021276591161,6.693957110000622,1.021834061134925,0.0742857142856718,104.0,201.0,175.0,229.0,195.0,65.0,13.0,234.0,2.1877551020405184,0.9302325581393684,1
-0.2034883720929641,0.5947136563874033,-0.2080924855490728,0.6088888888886183,1.0,0.1383647798741703,-0.6521739130432205,0.0,1.3211678832107143,0.2105263157893729,190.0,207.0,209.0,137.0,166.0,46.0,44.0,181.0,2.2348178137648804,0.8382687927105152,1
-0.0131004366812169,0.333333333333189,0.129999999999935,0.3999999999998182,0.5094339621680481,0.1535580524343994,-0.1372549019606946,3.076923074556353,1.3628318584058736,0.7586206896543004,159.0,116.0,87.0,113.0,93.0,77.0,66.0,154.0,1.841269841269476,1.5361596009971232,1
0.3517241379307919,0.7525773195873703,0.531249999999585,0.6666666666664488,0.1130434782516572,0.4447592067987408,0.2592592592589391,1.254901960548667,2.6020408163238757,1.6999999999943334,140.0,47.0,30.0,98.0,63.0,36.0,51.0,255.0,1.1325301204815863,0.7384615384613491,1
0.0742358078602296,0.6842105263155323,0.3743016759774445,0.3913043478259654,0.0222081218246344,0.2910662824206654,0.2727272727270956,1.0454250483906542,1.8211382113806327,1.749999999996875,132.0,106.0,56.0,123.0,115.0,42.0,98.0,224.0,1.815845824410746,0.794326241134564,1
0.2608695652172968,0.4374999999998047,0.3082706766916134,0.5784313725487361,0.3046803557723873,-0.0388059701492421,-0.3629629629626941,1.8763749396110985,0.9252873563213072,0.467391304347318,216.0,102.0,92.0,174.0,188.0,63.0,43.0,161.0,1.3737373737371423,1.061052631578724,1
0.1970260223047595,0.4218749999998352,0.102739726027362,0.5423728813557024,0.6814828143625787,0.0612244897959005,-0.4162162162159912,5.279096040058992,1.1304347826079937,0.4122137404577006,186.0,108.0,131.0,161.0,86.0,74.0,54.0,182.0,1.5346358792181998,1.423076923076581,1
-0.0514285714285567,0.615120274913878,-0.0803324099722769,0.6433566433564184,1.0,0.172069825436366,-0.5853658536582986,0.0,1.4156626506015568,0.2615384615383274,255.0,184.0,195.0,166.0,92.0,56.0,51.0,235.0,1.8656527249680777,1.0205011389519316,1
0.3378378378377237,0.6290322580640089,0.4943396226413229,0.4532374100716164,-0.04337611734604,-0.3244147157189551,-0.2761904761902131,0.916854302631504,0.5101010101007525,0.567164179103631,190.0,98.0,67.0,198.0,43.0,23.0,38.0,101.0,1.3424657534244275,0.9684210526310694,1
0.0873015873015526,0.890410958903703,0.1810344827585426,0.8318584070792779,0.6425397302973347,0.2034883720929641,-0.6666666666660819,4.59502738894931,1.5109489051083862,0.1999999999997894,192.0,115.0,95.0,137.0,224.0,12.0,19.0,207.0,1.645796064400421,0.2109890109889646,1
-0.563218390804382,0.58585858585829,-0.5403225806449434,0.6881720430103827,1.0,0.4672897196259499,-0.7363636363633017,0.0,2.754385964907448,0.1518324607329048,81.0,204.0,191.0,57.0,181.0,41.0,29.0,157.0,2.989010989010441,0.780952380952195,1
-0.2073170731706685,0.564356435643285,-0.2817679558010271,0.5265700483089244,1.0,0.0972222222221884,-0.6512455516011918,0.0,1.2153846153836807,0.2112068965516331,203.0,198.0,232.0,130.0,255.0,44.0,49.0,158.0,2.1728395061725414,0.7025948103791013,1
-0.3174603174602335,0.7748917748914395,-0.3281249999999145,0.5648854961829906,1.0,0.2275449101795726,-0.6346153846151812,0.0,1.5891472868204737,0.2235294117646182,178.0,249.0,255.0,129.0,211.0,26.0,57.0,205.0,2.4745341614903755,0.4444444444443495,1
-0.27272727272716,0.4726027397258656,-0.3408239700373255,0.5925925925923732,1.0,0.4191419141912808,-0.5299145299143034,0.0,2.443181818179042,0.3072625698322306,129.0,154.0,179.0,88.0,81.0,77.0,55.0,215.0,2.3466666666662195,1.3688888888885846,1
-0.2056737588651996,0.5272727272725356,-0.2056737588651996,0.9811320754712354,1.0,0.1111111111110817,-0.9844357976649868,0.0,1.2499999999992562,0.0078431372548988,163.0,255.0,255.0,168.0,79.0,65.0,2.0,210.0,2.4256837098689146,1.241050119331446,1
0.009852216748766,0.8124999999994923,-0.0552995391704941,0.9999999999993104,1.0,-0.1714285714285224,-0.9999999999995632,0.0,0.7073170731703867,0.0,162.0,201.0,229.0,205.0,28.0,15.0,0.0,145.0,2.091027308192185,0.5911330049258172,1
-0.2259615384614841,0.2890995260662137,-0.2259615384614841,0.4945054945052228,1.0,-0.0841750841750558,-0.6943521594682078,0.0,0.8447204968938853,0.1803921568626743,202.0,255.0,255.0,161.0,84.0,75.0,46.0,136.0,2.336769759449904,1.6216216216211834,1
-0.0025445292620858,0.4602076124565882,0.0129198966408235,0.580524344569071,0.9564579254748324,0.0368550368550278,-0.5465587044532201,10.0,1.0765306122443488,0.2931937172773334,142.0,197.0,191.0,196.0,132.0,78.0,56.0,211.0,2.15300546448058,1.2505010020037577,1
0.0419753086419649,0.6590909090906595,-0.053811659192813,0.6911196911194243,1.0,0.0186046511627863,-0.7090909090906513,0.0,1.037914691942636,0.1702127659573744,119.0,194.0,235.0,211.0,61.0,45.0,40.0,219.0,2.161559888579086,0.97297297297271,1
0.0231213872832303,0.6632302405496003,0.0630630630630441,0.9917695473246948,0.8804301981451166,0.1551312649164307,-0.9872611464961866,10.0,1.3672316384173069,0.0064102564102523,37.0,169.0,156.0,177.0,235.0,49.0,1.0,242.0,2.4492753623183967,0.6817391304346639,1
-0.7333333333329574,0.6106194690262785,-0.7189189189185303,0.5230125523010364,-1.0,0.7499999999996395,-0.4722222222220036,0.0,6.9999999999730775,0.3584905660375104,183.0,169.0,159.0,26.0,204.0,44.0,57.0,182.0,2.4716636197436066,0.7426160337551176,1
-0.1274509803920944,0.1981566820275584,-0.1797235023040646,0.4285714285711931,1.0,0.1872146118720606,-0.4222222222219877,0.0,1.4606741573017294,0.4062499999996826,131.0,115.0,128.0,89.0,141.0,87.0,52.0,130.0,2.04444444444399,1.5640449438198734,1
-0.3017751479288155,0.5494505494502476,-0.3789473684208532,0.6491228070171643,1.0,0.409999999999795,-0.6273291925461942,0.0,2.3898305084705256,0.2290076335876114,142.0,110.0,131.0,59.0,97.0,41.0,30.0,141.0,2.090261282659836,1.0249999999996795,1
0.1272727272726887,0.6075949367084763,0.2156862745097334,0.4597701149422645,0.3613613613077547,-0.1884984025558503,-0.4371257485027323,2.131661441017425,0.6827956989243641,0.3916666666663402,153.0,144.0,120.0,186.0,50.0,31.0,47.0,127.0,1.8373205741623864,1.0376569037652563,1
0.1764705882352422,0.5174825174823365,0.4285714285712755,0.5897435897433737,0.1582733812794169,0.0407673860911173,-0.1764705882351643,1.376068375747281,1.0849999999994575,0.699999999999125,246.0,140.0,80.0,200.0,173.0,69.0,56.0,217.0,1.5426997245176937,1.0454545454543474,1
-0.194379391100657,0.2178770949719453,-0.194379391100657,0.4064516129029636,1.0,-0.224199288256148,-0.6943521594682078,0.0,0.6337209302321898,0.1803921568626743,148.0,255.0,255.0,172.0,109.0,70.0,46.0,109.0,2.4578313253009085,1.564245810055429,1
-0.3002610966056657,0.6915887850464059,-0.2965879265091085,0.5470085470083133,1.0,0.1492063492063018,-0.6466666666664511,0.0,1.3507462686557086,0.2145748987853382,181.0,249.0,247.0,134.0,182.0,33.0,53.0,181.0,2.450184501844717,0.615384615384472,1
0.4088397790054119,0.1999999999998261,0.5548780487803187,0.9999999999985508,0.2862745097849848,-0.5740740740738969,-0.99999999999863,1.802197801870948,0.2705882352940115,0.0,255.0,107.0,73.0,255.0,101.0,46.0,0.0,69.0,1.182320441988787,1.4045801526712196,1
0.5692307692305941,0.6524590163932287,0.4088397790054119,0.7872340425529124,0.3163636363371509,-0.0059171597633124,-0.5620437956200277,1.9255319144224916,0.9882352941172596,0.2803738317754389,215.0,70.0,107.0,255.0,187.0,53.0,30.0,252.0,0.9180327868850954,0.777981651376004,1
0.0162162162162118,0.7281553398054719,0.0804597701149194,0.6952380952377643,0.7925486874507137,-0.0273224043715772,-0.6666666666663195,8.640816315789682,0.9468085106377944,0.199999999999875,170.0,182.0,160.0,188.0,223.0,28.0,32.0,178.0,2.016620498614679,0.4901531728664135,1
-0.0279329608938469,0.5548780487803187,-0.1167512690355033,0.8749999999996784,1.0,0.1888111888111448,-0.8565400843878243,0.0,1.4655172413784685,0.0772727272726921,229.0,184.0,220.0,174.0,229.0,73.0,17.0,255.0,1.9092088197144088,0.9269841269839798,1
-0.2765957446807775,0.8292682926825897,-0.3043478260868787,0.9999999999995556,1.0,0.2465373961218153,-0.999999999999608,0.0,1.654411764704666,0.0,255.0,240.0,255.0,136.0,212.0,21.0,0.0,225.0,2.204362801377473,0.3507306889352086,1
-0.0795180722891374,0.5589743589740723,-0.0839328537170062,0.6170212765954165,1.0,-0.1137026239066723,-0.7251908396943797,0.0,0.7958115183241907,0.1592920353981596,138.0,224.0,226.0,191.0,145.0,43.0,36.0,152.0,2.306306306306009,0.8981723237595567,1
-0.1383928571428262,0.900990099009009,-0.1383928571428262,0.4436090225560575,1.0,-0.3356401384081883,-0.7465753424654977,0.0,0.4974093264246128,0.1450980392156294,88.0,255.0,255.0,193.0,106.0,5.0,37.0,96.0,2.5790139064472086,0.1886792452829298,1
-0.0809248554913061,0.2650602409636958,-0.0275229357798081,0.6030534351140435,1.0,-0.204545454545377,-0.7319587628862206,0.0,0.6603773584901508,0.1547619047618126,80.0,187.0,168.0,159.0,112.0,61.0,26.0,105.0,2.4404567699832884,1.4395280235983954,1
-0.4010989010987909,0.3424657534245012,-0.3841807909603434,0.5233160621758947,1.0,0.148437499999942,-0.6838487972506241,0.0,1.348623853209772,0.1877551020407397,146.0,255.0,245.0,109.0,255.0,72.0,46.0,147.0,2.666666666666318,1.0549450549448616,1
0.0763636363636086,0.5409836065570814,0.0882352941176146,0.3689320388347724,0.6139912553309941,-0.0242214532871888,-0.312169312169147,4.181229768723564,0.952702702702059,0.524193548386674,170.0,127.0,124.0,148.0,75.0,42.0,65.0,141.0,1.7762237762234656,1.1199999999996266,1
-0.275167785234807,0.6666666666661617,-0.3333333333332304,0.746031746031154,1.0,0.0091743119266012,-0.8620689655168698,0.0,1.0185185185175754,0.0740740740740397,113.0,190.0,216.0,108.0,91.0,22.0,16.0,110.0,2.529118136438847,0.7183673469384824,1
-0.5315315315313719,0.5326460481097827,-0.5315315315313719,0.7220077220074432,1.0,0.4817275747506705,-0.7525773195873703,0.0,2.858974358970693,0.1411764705881799,64.0,255.0,255.0,78.0,125.0,68.0,36.0,223.0,3.128834355827741,1.123966942148528,1
-0.2186379928314628,0.6165413533832269,-0.1209677419354351,0.5467625899278609,1.0,0.3271604938270595,-0.37623762376219,0.0,1.9724770642183735,0.4532374100716164,162.0,170.0,139.0,109.0,132.0,51.0,63.0,215.0,2.2258592471354786,0.9086859688193968,1
-0.4369501466274378,0.4314720812180551,-0.4529914529913239,0.1999999999999149,-1.0,0.1898734177214388,-0.4613180515757991,0.0,1.46874999999847,0.3686274509802476,154.0,245.0,255.0,96.0,159.0,56.0,94.0,141.0,2.6486486486482907,1.0873786407764352,1
0.0689655172413495,0.648241206029825,-0.1506849315067977,0.3172690763050935,1.0,0.1388888888888406,-0.3280632411065897,0.0,1.3225806451602238,0.5059523809520798,212.0,108.0,168.0,124.0,195.0,35.0,85.0,164.0,1.565217391304064,0.6526806526805006,1
0.1449999999999637,0.5796178343945353,0.0801886792452641,0.599999999999613,0.7642163660456751,-0.2974504249290942,-0.7256637168138382,7.482352931842474,0.5414847161569688,0.1589743589742774,231.0,171.0,195.0,229.0,81.0,33.0,31.0,124.0,1.7057356608476677,0.9741697416970576,1
0.3043478260868787,0.2758620689653983,0.3492063492062568,0.2384937238492726,-0.1883828680887115,-0.2655086848634577,-0.1495327102803039,0.6829592999184321,0.5803921568625175,0.7398373983733822,239.0,136.0,123.0,255.0,184.0,84.0,91.0,148.0,1.4203655352478564,1.3439999999997312,1
-0.0220264317180568,0.3214285714283801,0.0855745721271184,0.3874999999997578,0.6382195230899929,-0.3333333333332332,-0.5847457627116167,4.528214280421021,0.4999999999997748,0.2620320855613572,120.0,232.0,187.0,222.0,139.0,57.0,49.0,111.0,2.302729528535694,1.2527472527469086,1
-0.1233480176211182,0.5692307692305941,-0.0386473429951597,0.7229729729727288,1.0,0.1233480176211182,-0.6796874999997345,0.0,1.2814070351752356,0.1906976744185159,193.0,255.0,215.0,199.0,192.0,70.0,41.0,255.0,2.261640798225913,0.954003407154863,1
-0.0787037037036854,0.353535353535175,0.0179028132992281,0.5672514619879724,0.9388099374737312,-0.1951951951951366,-0.676855895196211,10.0,0.6733668341705159,0.1927083333332329,181.0,233.0,192.0,199.0,148.0,64.0,37.0,134.0,2.203309692671134,1.2487804878045734,1
0.3184713375795164,0.2553191489360797,0.2777777777776921,0.4047619047617442,0.1860465116006064,-0.0781249999999796,-0.2187499999998861,1.457142856618157,0.855072463767703,0.6410256410250932,201.0,107.0,117.0,207.0,138.0,105.0,75.0,177.0,1.3762057877811291,1.599999999999695,1
0.2426666666666019,0.6088328075707858,0.1679197994987047,0.969111969111595,0.7046348146645525,0.0450819672131055,-0.9529411764700276,5.771278737990288,1.0944206008578994,0.0240963855421541,179.0,142.0,166.0,233.0,219.0,62.0,4.0,255.0,1.6321839080457423,0.8294314381269515,1
0.3636363636362664,0.4044117647057337,0.1086956521738894,0.6977777777774677,0.7304420749063796,-0.1434977578475014,-0.7154811715478179,6.419555549648107,0.7490196078428436,0.1658536585365044,173.0,119.0,205.0,255.0,100.0,81.0,34.0,191.0,1.4294294294292147,1.4304635761586246,1
-0.0029673590504442,0.7549407114621522,-0.0894308943089188,0.819672131147205,1.0,0.1384615384615029,-0.8026905829592813,0.0,1.321428571427785,0.1094527363183535,255.0,169.0,201.0,168.0,177.0,31.0,22.0,222.0,1.7766097240470726,0.537960954446738,1
-0.1999999999999529,0.5819672131145156,-0.1826923076922637,0.8293838862555312,1.0,0.0633608815426822,-0.8636363636360366,0.0,1.135294117646391,0.0731707317072873,157.0,255.0,246.0,170.0,133.0,51.0,18.0,193.0,2.437275985662791,0.9532710280371604,1
-0.2348668280871102,0.1914893617019918,-0.2292682926828709,0.5555555555550411,1.0,-0.3057851239668158,-0.8260869565214398,0.0,0.5316455696199167,0.0952380952380574,52.0,255.0,252.0,158.0,32.0,57.0,24.0,84.0,2.83333333333294,1.982608695651312,1
-0.3094462540715604,0.4873949579829885,-0.1382113821137649,0.3667953667952252,1.0,0.2508833922260597,-0.2612612612611436,0.0,1.6698113207531418,0.5857142857138674,78.0,201.0,140.0,106.0,147.0,61.0,82.0,177.0,2.7440273037537977,1.0941704035871986,1
-0.1002865329512606,0.6293929712458053,-0.0031746031746021,0.5644171779139373,1.0,0.2378640776698452,-0.3799126637552926,0.0,1.6242038216550163,0.4493670886073105,135.0,192.0,158.0,157.0,255.0,58.0,71.0,255.0,2.27218934911209,0.7412140575078687,1
-0.1481481481480795,0.1009174311925679,-0.199999999999913,0.2244897959181382,1.0,-0.2105263157893352,-0.5681818181814954,0.0,0.6521739130427694,0.2753623188403802,128.0,124.0,138.0,92.0,57.0,49.0,38.0,60.0,2.1196581196576667,1.8232558139526405,1
-0.1029900332225571,0.5203619909499908,-0.0753424657533988,0.6153846153843195,1.0,0.1089108910890729,-0.5939086294413229,0.0,1.2444444444435228,0.254777070063532,160.0,166.0,157.0,135.0,93.0,53.0,40.0,168.0,2.118022328548306,1.155313351498323,1
-0.3421750663129066,0.4878048780485822,-0.3260869565216505,0.7183098591545923,1.0,0.1921824104233901,-0.7810218978099339,0.0,1.475806451611713,0.1229508196720807,145.0,253.0,244.0,124.0,82.0,63.0,30.0,183.0,2.611612903225469,1.2890025575444275,1
-0.3051948051947061,0.4153846153844024,-0.2329749103941817,0.3205741626792724,1.0,0.1265306122448463,-0.4156378600821335,0.0,1.289719626167019,0.4127906976741786,222.0,201.0,172.0,107.0,76.0,57.0,71.0,138.0,2.1997264021884813,1.3902439024386006,1
-0.5749128919858624,0.4999999999997549,-0.565836298932183,0.3133047210299085,-1.0,0.4299065420558739,-0.4666666666665111,0.0,2.5081967213073635,0.3636363636361984,146.0,226.0,220.0,61.0,51.0,51.0,80.0,153.0,2.743550834597459,1.3333333333328976,1
-0.1217948717948327,0.8295964125556818,-0.1569230769230286,0.3972602739724667,1.0,0.1964809384163647,-0.3623188405795788,0.0,1.4890510948894242,0.4680851063827297,249.0,175.0,188.0,137.0,93.0,19.0,88.0,204.0,1.90217391304322,0.4537313432834466,1
-0.1211267605633461,0.7368421052621883,-0.1789473684210055,0.4193548387092265,1.0,-0.4054054054052228,-0.7848605577686116,0.0,0.4230769230766519,0.1205357142856604,212.0,199.0,224.0,156.0,60.0,10.0,27.0,66.0,2.078328981722966,0.5479452054790768,1
-0.1052631578946906,0.4761904761902494,-0.0467289719625949,0.4761904761902494,1.0,0.2062256809337719,-0.3413173652692567,0.0,1.5196078431357651,0.4910714285709901,90.0,126.0,112.0,102.0,255.0,55.0,55.0,155.0,2.270270270269759,0.8461538461536834,1
0.1896103896103403,0.2568807339448363,0.2829131652660272,0.5307262569829437,0.3045736046091301,-0.2513661202185105,-0.5058823529408789,1.8759334027326051,0.5982532751089091,0.3281249999997437,151.0,156.0,128.0,229.0,175.0,81.0,42.0,137.0,1.8034682080922249,1.3670886075946482,1
0.0888888888888642,0.5862068965514996,0.1878787878787309,0.3311897106108259,0.2760925063291411,0.0272952853597947,-0.1260504201680142,1.7627839426360292,1.056122448979053,0.7761194029844956,148.0,164.0,134.0,196.0,116.0,54.0,104.0,207.0,1.9523809523806617,1.0023201856146169,1
0.0128755364806839,0.5789473684208183,0.0465631929046459,0.5853658536582986,0.8526315788124181,-0.0951276102087946,-0.6165413533832269,10.0,0.8262711864403279,0.237209302325471,167.0,230.0,215.0,236.0,217.0,52.0,51.0,195.0,2.1320973348780843,0.8062015503874406,1
0.2670454545453787,0.2578124999998993,-0.030434782608689,0.2677165354329655,1.0,-0.1614583333332913,-0.4363636363635041,0.0,0.7219730941700798,0.3924050632909737,255.0,129.0,237.0,223.0,177.0,95.0,93.0,161.0,1.4021739130432878,1.4393939393936666,1
0.1512415349886791,0.6103896103894122,0.1233480176211182,0.6588628762539602,0.6846169783080311,-0.013916500994033,-0.5919999999997633,5.341495456729642,0.9725490196074618,0.2562814070350471,237.0,188.0,199.0,255.0,126.0,60.0,51.0,248.0,1.7327188940090168,0.9716599190281434,1
0.5338983050845195,0.284482758620567,0.274647887323847,0.1505791505790924,-0.2917705734974851,-0.0969696969696675,0.0328638497652427,0.5482625480629058,0.823204419889048,1.0679611650475067,201.0,55.0,103.0,181.0,164.0,83.0,110.0,149.0,0.8943089430892491,1.3862212943629677,1
0.0370370370370233,0.5522388059699432,-0.0697674418604419,0.5817490494294366,1.0,0.1954022988505185,-0.4907407407405135,0.0,1.4857142857132246,0.341614906832086,255.0,130.0,161.0,140.0,143.0,60.0,55.0,208.0,1.5877862595417422,1.0191082802545608,1
0.0175438596491166,0.6109215017062761,0.2663755458514121,0.697841726618454,0.4474781701608424,0.2388451443568927,-0.3333333333330688,2.619766480913165,1.6275862068954294,0.4999999999994047,85.0,140.0,84.0,145.0,104.0,57.0,42.0,236.0,2.1960784313721184,1.0044052863433912,1
-0.1339712918659966,-0.5789473684205447,-0.0268817204301003,-0.0204081632652644,-0.1368909515664434,-0.7658536585362118,-0.7685185185181628,0.7591836762922058,0.1325966850827996,0.1308900523559524,142.0,237.0,191.0,181.0,46.0,90.0,25.0,24.0,2.378920953575611,2.879999999998848,1
-0.2058823529411159,0.6989966555181609,-0.2329545454544792,0.7104377104374713,1.0,0.3059125964009496,-0.6692307692305118,0.0,1.881481481480088,0.1981566820275584,122.0,205.0,217.0,135.0,127.0,45.0,43.0,254.0,2.458770614692285,0.7643312101909205,1
-0.2041884816753392,0.7708333333330657,-0.1388101983002439,0.5838509316768373,1.0,0.2530712530711909,-0.4999999999998135,0.0,1.6776315789462648,0.3333333333331675,129.0,230.0,201.0,152.0,85.0,33.0,67.0,255.0,2.4831309041832004,0.6502463054185591,1
-0.1978891820579953,0.3209876543207895,-0.1936339522545905,0.6984126984121442,1.0,-0.1737451737451066,-0.8442622950816212,0.0,0.7039473684205896,0.0844444444444069,110.0,227.0,225.0,152.0,71.0,55.0,19.0,107.0,2.5363128491616567,1.5277777777772474,1
0.0158730158730108,0.494071146244864,0.0884353741496297,0.6153846153843524,0.7486988846519688,0.0830945558739017,-0.4972067039103368,6.95857987378765,1.1812499999992618,0.3358208955221374,245.0,155.0,134.0,160.0,89.0,64.0,45.0,189.0,1.7342657342654917,1.261083743842054,1
-0.619909502262163,0.2398190045247784,-0.624999999999721,0.6309523809520055,1.0,0.5307262569829437,-0.7089201877930944,0.0,3.261904761896995,0.1703296703295767,140.0,179.0,182.0,42.0,98.0,84.0,31.0,137.0,2.6518518518513607,1.667493796525641,1
-0.2840909090908284,0.0683229813664172,-0.3170731707316214,0.1390728476820271,-1.0,-0.1886792452829298,-0.5779220779218903,0.0,0.6825396825391409,0.2674897119340463,212.0,226.0,243.0,126.0,137.0,75.0,65.0,86.0,2.288607594936419,1.6085790884714186,1
-0.1525423728812913,0.0076335877862537,-0.3243243243242147,0.4505494505489554,1.0,-0.2048192771083103,-0.7737556561082473,0.0,0.65999999999934,0.1275510204080982,198.0,136.0,196.0,100.0,109.0,65.0,25.0,66.0,1.9087719298242265,1.7049180327863265,1
0.0970873786407531,0.158536585365757,-0.0022075055187633,0.557377049179871,1.0,-0.4080996884733931,-0.7874015748028397,0.0,0.420353982300699,0.1189427312774806,255.0,186.0,227.0,226.0,104.0,69.0,27.0,95.0,1.744431418522656,1.6379821958452114,1
0.2666666666665859,0.5744680851057719,0.1675977653630816,0.7831325301195384,0.6474336282502168,-0.4770318021199728,-0.8860759493665279,4.6726907602598455,0.3540669856457636,0.0604026845637178,210.0,121.0,149.0,209.0,107.0,20.0,9.0,74.0,1.4644478063537874,0.7239819004521612,1
-0.4770642201832674,0.5999999999998034,-0.2499999999998355,0.8914728682167088,1.0,0.6212624584715544,-0.7431192660543641,0.0,4.280701754378455,0.1473684210524764,141.0,161.0,95.0,57.0,136.0,61.0,14.0,244.0,2.4769230769226005,0.972111553784667,1
0.4193548387095421,0.3551401869157219,0.2827988338191595,0.1196911196910734,-0.4052466717865903,-0.2054794520547382,-0.0379746835442877,0.4232376705106507,0.6590909090906095,0.9268292682919294,118.0,90.0,123.0,220.0,52.0,69.0,114.0,145.0,1.3899613899611216,1.6477611940293588,1
0.2857142857142007,0.4999999999997449,0.2413793103447582,0.4134615384613397,0.2627848100863627,-0.1900826446280468,-0.3678756476682032,1.7129120872021215,0.6805555555552405,0.462121212120862,137.0,120.0,132.0,216.0,87.0,49.0,61.0,147.0,1.618887015176793,1.1807228915659094,1
0.1748633879780943,0.5128205128203485,0.1227154046997068,0.5424836601305417,0.6310415596793584,0.0465631929046459,-0.4117647058821799,4.420664716185963,1.0976744186041407,0.4166666666664186,223.0,151.0,168.0,215.0,176.0,76.0,70.0,236.0,1.6324324324322117,1.078014184396972,1
0.2716763005779561,0.5648535564851194,0.1548556430445787,0.5327868852456833,0.549604229810834,-0.0810810810810611,-0.4770642201832674,3.4405390363995605,0.8499999999996137,0.3540372670805254,255.0,126.0,161.0,220.0,99.0,52.0,57.0,187.0,1.3865199449791763,1.066666666666393,1
0.0374064837905143,0.5874999999996329,-0.0414746543778706,0.6282051282047255,1.0,-0.2417910447760472,-0.7725490196075402,0.0,0.6105769230766296,0.1283185840707396,199.0,193.0,226.0,208.0,83.0,33.0,29.0,127.0,1.947036569987144,0.9565217391300884,1
0.5502392344494975,0.6161616161614087,0.2558139534882729,0.4457831325299862,0.2707667731243864,0.1940298507462204,-0.0212765957446695,1.7426067901185116,1.481481481480567,0.9583333333323352,177.0,47.0,96.0,162.0,231.0,57.0,92.0,240.0,0.8683602771360581,0.7794871794870462,1
-0.0215827338129418,0.726495726495416,0.0225563909774351,0.7191489361699068,0.9391769475051563,0.1952662721892913,-0.5950920245395123,10.0,1.4852941176459669,0.2538461538459586,235.0,142.0,130.0,136.0,137.0,32.0,33.0,202.0,1.734351145037903,0.6352357320097679,1
-0.2095238095237097,0.7384615384612545,-0.2454545454544339,0.5066666666664978,1.0,0.4627831715208858,-0.2985781990519912,0.0,2.7228915662617794,0.5401459854010656,115.0,127.0,137.0,83.0,136.0,34.0,74.0,226.0,2.247787610618972,0.6325581395347366,1
-0.2999999999999063,-0.368421052631302,-0.3896457765666513,-0.1515151515149984,-0.4400366189403231,-0.4545454545451594,-0.6346153846151812,0.3888535707712623,0.3749999999996651,0.2235294117646182,184.0,208.0,255.0,112.0,161.0,91.0,57.0,42.0,2.337078651685065,1.8909090909086,1
0.0060240963855403,0.3802816901406665,-0.1413881748071616,0.4626865671639489,1.0,-0.0636942675159032,-0.6086956521736925,0.0,0.8802395209575568,0.2432432432431336,144.0,165.0,222.0,167.0,79.0,66.0,54.0,147.0,2.0592823712945303,1.4748603351951188,1
-0.3624161073824287,0.3502109704639872,-0.318996415770495,0.6666666666663195,1.0,0.2549019607842138,-0.703703703703378,0.0,1.6842105263140166,0.1739130434781663,132.0,203.0,184.0,95.0,78.0,77.0,32.0,160.0,2.565560821484586,1.5714285714281706,1
-0.0641330166270631,0.4189944134075872,-0.0528846153846026,0.6387096774189428,1.0,-0.2160493827159827,-0.7732793522264076,0.0,0.6446700507610941,0.1278538812784804,194.0,224.0,219.0,197.0,88.0,52.0,28.0,127.0,2.1358760429079693,1.3040752351093092,1
0.0666666666666405,0.4339622641507796,0.0461538461538284,0.6101694915251652,0.8593563765079156,0.1656441717790903,-0.4588235294114948,10.0,1.3970588235283847,0.3709677419351847,244.0,119.0,124.0,136.0,93.0,75.0,46.0,190.0,1.5404530744334075,1.3856812933022205,1
-0.051428571428542,0.1874999999999023,-0.2905982905981664,0.3103448275860285,1.0,0.1573604060912906,-0.4312796208528762,0.0,1.3734939759019595,0.3973509933772203,113.0,92.0,151.0,83.0,94.0,78.0,60.0,114.0,1.9368421052626483,1.7142857142852437,1
-0.3832599118941043,0.2615384615383274,-0.3269230769229198,0.229999999999885,-1.0,0.2746113989635883,-0.2837209302324261,0.0,1.757142857140347,0.5579710144923493,204.0,157.0,138.0,70.0,174.0,72.0,77.0,123.0,2.136054421768344,1.3061224489792955,1
-0.0220264317180519,0.3454545454543361,-0.0672268907562742,0.6204379562039267,1.0,0.0,-0.6601307189538169,0.0,0.999999999999099,0.2047244094486577,93.0,116.0,127.0,111.0,143.0,54.0,26.0,111.0,2.128440366971989,1.193370165745527,1
0.5044247787609132,0.2959999999998816,0.3672922252009739,0.6446700507610941,0.2740989779179351,-0.2230215827337594,-0.5424836601303644,1.7551965610838227,0.6352941176468098,0.296610169491274,255.0,84.0,118.0,255.0,114.0,88.0,35.0,162.0,0.99115044247773,1.557522123893461,1
0.3226837060701845,0.8208955223877534,0.289719626168134,0.5947712418298711,0.3448895027234312,0.0820399113081858,-0.2954545454543776,2.0529200920596704,1.1787439613520876,0.54385964912233,159.0,106.0,114.0,207.0,72.0,24.0,62.0,244.0,1.467128027681407,0.5274725274723826,1
0.0075757575757547,0.4106280193234731,0.1822222222221412,0.3838862559239887,0.3562286053843004,0.0465949820788363,-0.1719745222928841,2.106692866720372,1.0977443609014303,0.7065217391296668,120.0,131.0,92.0,133.0,48.0,61.0,65.0,146.0,2.034951456310284,1.5443037974678655,1
0.1313672922251658,-0.5121951219505949,0.188732394366144,-0.6226415094333748,1.0,-0.826839826839469,-0.2521739130433686,0.0,0.0947867298577749,0.5972222222218075,208.0,162.0,144.0,211.0,39.0,62.0,86.0,20.0,1.7442799461639644,2.710382513659721,1
0.0986666666666403,0.58454106280165,0.1045576407506422,0.9294117647053356,0.7977548653977431,-0.1135135135134828,-0.9306358381497511,8.888989433426254,0.7961165048539826,0.0359281437125533,123.0,169.0,167.0,206.0,21.0,43.0,6.0,164.0,2.026986506746322,1.2693726937264689,1
-0.468879668049598,0.5325670498082251,-0.5460992907799482,0.4652014652012948,-1.0,0.5151515151513201,-0.4982817869414095,0.0,3.124999999995117,0.3348623853209473,136.0,177.0,218.0,64.0,96.0,61.0,73.0,200.0,2.5559566786998995,1.1674641148322566,1
0.0685920577617081,0.2403100775191936,0.1003717472118586,0.4953271028032754,0.663011781061994,-0.2982456140349569,-0.6351351351347061,4.934925574865968,0.5405405405401753,0.2231404958675841,97.0,129.0,121.0,148.0,18.0,49.0,27.0,80.0,2.0516898608345824,1.99999999999898,1
-0.018072289156621,0.2707182320440493,-0.1165311653116215,0.7293233082701284,1.0,-0.172661870503535,-0.8392857142853396,0.0,0.7055214723922053,0.0873786407766566,169.0,169.0,206.0,163.0,94.0,66.0,18.0,115.0,2.017910447760893,1.5483870967737394,1
0.2707581227435846,0.6303630363034224,0.2941176470587154,0.674576271186212,0.3927542198030244,0.1678486997635537,-0.3333333333331019,2.2935593212541536,1.4034090909082937,0.4999999999994791,193.0,101.0,96.0,176.0,208.0,56.0,48.0,247.0,1.415061295971731,0.7901234567899841,1
0.096774193548335,0.7142857142852506,0.1208791208790544,0.6196319018401107,0.6735251273671492,0.1282051282050734,-0.4414414414410437,5.126045729166731,1.2941176470575548,0.3874999999995156,166.0,84.0,80.0,102.0,35.0,22.0,31.0,132.0,1.5412844036693714,0.8341232227484199,1
-0.5135135135133153,0.5680751173706253,-0.5563380281688182,0.7671957671953613,1.0,0.4521739130432817,-0.8189300411519264,0.0,2.650793650789443,0.0995475113121721,177.0,196.0,221.0,63.0,156.0,46.0,22.0,167.0,2.4810126582274554,0.8867469879515936,1
-0.5384615384613659,0.1477272727271888,-0.5596330275227647,0.4962962962959287,-1.0,0.1676300578033713,-0.7647058823526766,0.0,1.4027777777758297,0.133333333333281,109.0,240.0,255.0,72.0,185.0,75.0,34.0,101.0,2.904689863842223,1.37614678899051,1
-0.0063291139240486,0.3723404255317168,-0.1154929577464463,0.2585365853657275,1.0,-0.0979020979020636,-0.4452554744523923,0.0,0.8216560509548907,0.38383838383819,107.0,159.0,198.0,157.0,178.0,59.0,76.0,129.0,2.1855670103089024,1.1105882352938563,1
-0.2604501607716204,0.3454545454544198,-0.285714285714197,0.3805970149252311,1.0,0.2333333333332555,-0.4275862068964043,0.0,1.6086956521725142,0.4009661835746855,231.0,196.0,207.0,115.0,118.0,90.0,83.0,185.0,2.124661246612178,1.490683229813356,1
0.0,0.1592356687897075,0.0,0.6106194690260083,0.999999999836232,-0.4739884393062214,-0.841155234656736,10.0,0.3568627450978993,0.0862745098038877,255.0,255.0,255.0,255.0,139.0,66.0,22.0,91.0,1.999999999999804,1.4585635359111992,1
0.2595744680849959,0.5648854961829906,0.2333333333332361,0.633466135457915,0.4616209590397496,0.1614730878186511,-0.3333333333330918,2.7148548650858286,1.3851351351341994,0.4999999999994565,193.0,87.0,92.0,148.0,77.0,57.0,46.0,205.0,1.3514563106793491,1.1515151515148607,1
-0.4056224899596765,0.536231884057712,-0.4477611940296837,0.6562499999996583,1.0,0.3648068669526331,-0.7092511013212734,0.0,2.148648648645745,0.1701030927834174,111.0,175.0,194.0,74.0,69.0,48.0,33.0,159.0,2.6168224299060525,1.1851851851848194,1
0.2142857142855867,0.7586206896548454,-0.0467289719625949,0.6518218623479143,1.0,0.3333333333332244,-0.4451612903222934,0.0,1.9999999999980391,0.3839285714282286,169.0,66.0,112.0,102.0,234.0,28.0,43.0,204.0,1.3101736972701463,0.4534412955464669,1
0.4626865671639489,0.3798449612400156,0.3363636363634835,0.3383458646613997,0.0029378988951711,-0.2457627118643026,-0.247863247863036,1.005893110856921,0.6054421768703365,0.6027397260265716,149.0,54.0,73.0,147.0,143.0,40.0,44.0,89.0,1.0693069306928047,1.025641025640697,1
0.3222222222220432,0.2709359605909995,-0.0285714285714169,0.5266272189345996,1.0,0.040322580645145,-0.5180722891563144,0.0,1.0840336134444672,0.3174603174600655,128.0,61.0,126.0,119.0,97.0,74.0,40.0,129.0,1.322493224931891,1.5828877005343365,1
-0.0320699708454717,0.3644859813080706,-0.0263929618768251,0.4038461538457655,1.0,-0.3891213389119711,-0.699029126213253,0.0,0.4397590361443134,0.1771428571427559,171.0,177.0,175.0,166.0,171.0,34.0,31.0,73.0,2.049204052098112,0.8717948717945924,1
0.1740412979350519,-0.2043010752685975,0.146974063400534,-0.3451327433625264,1.0,-0.6864406779658109,-0.3214285714284279,0.0,0.1859296482411126,0.5135135135131665,216.0,140.0,148.0,199.0,94.0,56.0,76.0,37.0,1.6115107913666744,1.843621399176196,1
-0.0504451038575518,-0.5652173913031191,-0.0588235294117474,-0.7260273972592795,0.8501026695126822,-0.8823529411759516,-0.4814814814812834,10.0,0.0624999999999609,0.3499999999998056,225.0,177.0,180.0,160.0,16.0,36.0,63.0,10.0,1.916102841677684,2.938775510201083,1
0.103641456582604,0.6666666666659259,0.132183908045939,0.9480519480507168,0.7552684308011433,-0.448529411764541,-0.9738562091496904,7.17221907982937,0.3807106598982839,0.013245033112574,149.0,160.0,151.0,197.0,162.0,15.0,2.0,75.0,1.9219219219216328,0.4494382022470227,1
-0.0469135802469019,0.3846153846148915,-0.1383928571428262,0.2413793103445501,1.0,-0.5627530364370191,-0.7708333333330657,0.0,0.2797927461138447,0.1294117647058316,203.0,212.0,255.0,193.0,62.0,24.0,33.0,54.0,2.068292682926577,1.1707317073163594,1
-0.1619047619047105,0.3821138211379007,-0.225806451612837,0.1805555555554301,-1.0,-0.2165898617510522,-0.5597014925371047,0.0,0.6439393939389062,0.2822966507175683,150.0,183.0,209.0,132.0,146.0,38.0,59.0,85.0,2.2592592592589105,0.9902280130289934,1
-0.1764705882352292,0.41999999999958,-0.345029239765981,0.2241379310342895,-1.0,-0.2240437158468721,-0.6727272727270281,0.0,0.6339285714280054,0.1956521739129584,224.0,160.0,230.0,112.0,35.0,29.0,45.0,71.0,1.9512195121948244,1.414634146340601,1
0.4858934169277474,0.6047430830037136,0.4584615384613974,0.7729257641918023,0.2553739388308694,-0.0772727272727097,-0.54385964912233,1.6859119013934287,0.8565400843878243,0.2954545454542097,154.0,82.0,88.0,237.0,205.0,50.0,26.0,203.0,1.181981981981769,0.7874015748029947,1
0.0853242320818821,0.5272727272722479,0.019230769230763,0.4358974358970633,0.9154929575452851,-0.308641975308515,-0.6451612903222338,10.0,0.5283018867921206,0.2156862745096629,171.0,134.0,153.0,159.0,119.0,26.0,33.0,84.0,1.7926421404679276,0.815686274509484,1
0.0996309963099263,0.6525423728810794,0.091575091575058,0.7647058823525952,0.7861097130435584,0.1337209302325192,-0.6533333333328978,8.350588226174555,1.308724832213887,0.2096774193546696,212.0,122.0,124.0,149.0,232.0,41.0,26.0,195.0,1.613223140495601,0.6444007858544903,1
-0.0294117647058679,0.677966101694628,-0.2355212355211446,0.7599999999996623,1.0,0.3333333333332211,-0.7112299465236839,0.0,1.99999999999798,0.1687499999998945,86.0,105.0,160.0,99.0,82.0,38.0,27.0,198.0,2.126582278480474,0.8539325842694231,1
-0.2789115646257555,0.5892255892253908,-0.2561403508771031,0.5324675324673596,1.0,0.3801169590642163,-0.4262948207169617,0.0,2.226415094337522,0.4022346368712837,117.0,188.0,179.0,106.0,120.0,61.0,72.0,236.0,2.5108514190313,1.0209205020918366,1
-0.072625698324002,0.4605809128628794,-0.1170212765957135,0.2799999999998982,1.0,0.0292397660818627,-0.3592233009707575,0.0,1.0602409638547832,0.471428571428347,225.0,192.0,210.0,166.0,113.0,65.0,99.0,176.0,1.981935483870712,1.241050119331446,1
-0.2718204488777377,0.3285714285713112,-0.2718204488777377,0.6244541484713431,1.0,0.120481927710807,-0.7114093959729156,0.0,1.2739726027388536,0.168627450980326,143.0,255.0,255.0,146.0,251.0,94.0,43.0,186.0,2.5531914893613825,1.203199999999807,1
-0.2206896551723377,0.3333333333331723,-0.2915360501566484,0.6526946107780524,1.0,0.0996015936254583,-0.7531914893613817,0.0,1.2212389380520166,0.1407766990290578,164.0,177.0,206.0,113.0,204.0,69.0,29.0,138.0,2.244057052297584,1.1499999999997603,1
-0.2224938875305079,0.0270270270270026,-0.2318840579709584,0.3411764705878339,1.0,-0.4722222222220036,-0.8021201413424728,0.0,0.3584905660375104,0.1098039215685844,161.0,250.0,255.0,159.0,177.0,54.0,28.0,57.0,2.439024390243605,1.2631578947364728,1
0.0810810810810263,0.7465753424654977,-0.1666666666665798,0.8021201413424728,1.0,0.5223880597013366,-0.5999999999995714,0.0,3.187499999996016,0.2499999999997768,164.0,68.0,112.0,80.0,255.0,37.0,28.0,255.0,1.4315789473680445,0.5068493150684064,1
-0.0229007633587698,0.4942528735629343,0.0847457627118285,0.8309859154923727,0.8149113659172191,0.0077519379844931,-0.7999999999993334,9.805633791243505,1.0156249999992066,0.1111111111110082,255.0,134.0,108.0,128.0,228.0,44.0,12.0,130.0,1.6466973886326195,0.7892376681612581,1
-0.3599999999997943,0.4770642201832674,-0.3978494623653775,0.7037037037033315,1.0,0.4838709677417125,-0.645569620252756,0.0,2.874999999994866,0.2153846153844497,214.0,119.0,130.0,56.0,158.0,57.0,28.0,161.0,1.8740157480311272,1.0531177829096876,1
-0.0514541387024493,0.6344086021501966,0.0,0.71751412429338,0.99999999986063,-0.1648351648351195,-0.789029535864646,10.0,0.7169811320751336,0.1179245283018311,219.0,235.0,212.0,212.0,255.0,34.0,25.0,152.0,2.086570477247271,0.5726315789472479,1
-0.3207547169810312,0.3972602739723306,-0.3394495412842999,0.1860465116277988,-1.0,-0.0285714285714149,-0.515570934255877,0.0,0.94444444444357,0.3196347031962011,185.0,210.0,219.0,108.0,192.0,44.0,70.0,102.0,2.3562412342212684,0.9214659685861464,1
-0.3745173745172299,0.2758620689650416,-0.4172661870502096,0.2982456140345644,-1.0,-0.3728813559318873,-0.8156682027646012,0.0,0.4567901234562261,0.1015228426395423,134.0,178.0,197.0,81.0,55.0,21.0,20.0,37.0,2.4938704028016647,1.253731343282647,1
-0.1393939393938971,0.8773006134963943,-0.0533333333333155,0.8106508875734849,1.0,0.0372881355932077,-0.8160919540225196,0.0,1.0774647887316358,0.101265822784746,242.0,188.0,158.0,142.0,99.0,10.0,16.0,153.0,1.978947368420792,0.2941176470587154,1
0.194379391100657,0.3333333333329861,0.0944206008583488,0.3061224489792795,0.5285370652515288,-0.5987460815045145,-0.7224489795915419,3.2421150243930064,0.2509803921567643,0.1611374407582174,230.0,172.0,211.0,255.0,106.0,32.0,34.0,64.0,1.659831121833334,1.0940170940166265,1
-0.2313167259785653,0.4318181818179365,-0.3121019108279261,0.3404255319147126,1.0,0.076923076923044,-0.5373134328356204,0.0,1.1666666666655865,0.3009708737862617,148.0,173.0,206.0,108.0,168.0,50.0,62.0,126.0,2.2990033222587543,1.0152284263956814,1
-0.2254335260114955,0.014925373134306,-0.2450704225351422,-0.227272727272469,-0.0376795879726218,-0.595238095237741,-0.6072727272725065,0.9273772208582888,0.2537313432833927,0.2443438914026043,193.0,212.0,221.0,134.0,171.0,33.0,54.0,34.0,2.2583222370170093,0.9741697416970576,1
-0.0388059701492421,0.448529411764541,-0.1055555555555262,0.7990867579905028,1.0,0.100558659217849,-0.8009049773752033,0.0,1.2236024844712898,0.1105527638190399,112.0,174.0,199.0,161.0,103.0,75.0,22.0,197.0,2.241545893719445,1.333333333333037,1
-0.3090909090907967,0.6712328767120223,-0.2962962962961866,0.5508474576268853,1.0,0.3165467625898142,-0.5350877192980109,0.0,1.9263157894716565,0.3028571428569698,148.0,180.0,175.0,95.0,84.0,36.0,53.0,183.0,2.388059701492141,0.8495575221236432,1
0.2748538011695103,0.5141955835960523,0.2674418604650385,0.811320754716675,0.5041692088204272,0.0480349344978061,-0.6688741721849876,3.033634125198481,1.1009174311921557,0.1984126984125409,144.0,124.0,126.0,218.0,99.0,77.0,25.0,240.0,1.6262295081964546,1.2494929006082658,1
0.4360465116277802,0.54385964912233,0.548589341692618,0.3643410852710354,-0.2018206984448947,-0.4746268656715001,-0.2743362831855979,0.664141749601775,0.3562753036435804,0.5694444444436535,171.0,97.0,72.0,247.0,74.0,26.0,41.0,88.0,1.267973856208943,0.9719626168219758,1
-0.296969696969607,0.4506437768238409,-0.1375464684014358,0.5022222222219991,1.0,0.1859649122806365,-0.4641148325356631,0.0,1.456896551722882,0.3660130718951856,214.0,214.0,153.0,116.0,113.0,64.0,56.0,169.0,2.258575197888884,1.2487804878045734,1
-0.4178082191779391,0.6612021857919884,-0.3280632411065897,0.5589743589740723,1.0,0.282700421940809,-0.5924170616110936,0.0,1.7882352941155433,0.2559523809522286,149.0,207.0,168.0,85.0,107.0,31.0,43.0,152.0,2.555555555555161,0.7725856697816909,1
-0.1486486486485984,0.4285714285713085,-0.187096774193488,0.4488636363635088,1.0,0.3385826771652654,-0.3096085409251567,0.0,2.023809523807917,0.5271739130431918,145.0,170.0,184.0,126.0,171.0,102.0,97.0,255.0,2.2258592471354786,1.2952380952378897,1
-0.1063829787233719,0.3493975903613405,-0.092592592592564,0.3658536585364738,1.0,0.2075471698112648,-0.259786476868235,0.0,1.5238095238084874,0.5875706214685946,160.0,182.0,177.0,147.0,140.0,108.0,104.0,224.0,2.169895678092076,1.489655172413536,1
0.060532687651317,0.492537313432652,0.0554216867469746,0.7094017094014062,0.8550732441794286,-0.0453460620524951,-0.7043478260866504,10.0,0.9132420091320032,0.1734693877550135,94.0,194.0,196.0,219.0,124.0,68.0,34.0,200.0,2.2139800285303544,1.1826086956519168,1
-0.0917874396134822,0.7832167832165094,-0.0259067357512819,0.705685618728861,1.0,0.4613180515757991,-0.3846153846151157,0.0,2.7127659574439225,0.4444444444439955,86.0,113.0,99.0,94.0,229.0,31.0,44.0,255.0,2.2266009852211264,0.454212454212371,1
-0.098039215686247,0.5630769230767498,0.0157728706624555,0.7337883959041864,0.9579143922881748,0.2240963855421147,-0.5999999999996923,10.0,1.5776397515518152,0.2499999999998397,255.0,196.0,156.0,161.0,199.0,71.0,39.0,254.0,1.9405940594057003,0.9546218487393352,1
0.0347490347490213,0.2990654205606079,0.2407407407406293,0.6646706586822367,0.4682180036224528,0.0183150183150116,-0.4909090909086446,2.760939657996025,1.0373134328350468,0.3414634146337299,140.0,125.0,82.0,134.0,182.0,75.0,28.0,139.0,1.9083969465645207,1.2738853503182008,1
0.0096618357487899,0.4522292993629133,0.0320987654320908,0.7272727272724518,0.9154596510765964,0.0434782608695552,-0.6896551724134958,10.0,1.090909090908569,0.1836734693876614,255.0,205.0,196.0,209.0,226.0,86.0,36.0,228.0,1.876430205949442,1.0990415335461503,1
-0.3495934959348172,0.5830115830113579,-0.3277310924368371,0.6141732283462149,1.0,0.4385964912279163,-0.5265700483089244,0.0,2.562499999996797,0.3101265822782847,197.0,166.0,158.0,80.0,185.0,54.0,49.0,205.0,2.180623973727064,0.8674698795178981,1
-0.0285714285714204,0.5294117647053633,-0.1348600508905509,0.999999999998718,1.0,-0.3709677419353343,-0.9999999999995516,0.0,0.4588235294114948,0.0,201.0,180.0,223.0,170.0,68.0,24.0,0.0,78.0,1.9699042407658045,0.9896907216489744,1
-0.0788381742738262,0.2830188679239943,-0.104838709677377,0.9999999999970588,1.0,-0.5310344827582545,-0.99999999999927,0.0,0.3063063063060303,0.0,255.0,130.0,137.0,111.0,77.0,19.0,0.0,34.0,1.6613418530348782,1.020134228187235,1
0.2916666666665907,0.4117647058820502,0.2369077306732576,0.9793814432979594,0.610441767017839,-0.4418604651161506,-0.9870129870123462,4.134020616808478,0.3870967741933923,0.006535947712414,255.0,136.0,153.0,248.0,161.0,40.0,1.0,96.0,1.4038709677417542,0.9495548961421516,1
0.1910112359550025,0.5833333333330633,0.0816326530612036,0.3790322580643633,0.6455877097562058,-0.1070496083550634,-0.4007782101165756,4.643145155601783,0.8066037735845253,0.4277777777775401,183.0,144.0,180.0,212.0,150.0,45.0,77.0,171.0,1.6866764275253752,0.875912408758911,1
0.1791530944624823,0.5287356321836042,0.483606557376851,0.4074074074071919,-0.085519591131858,-0.1528662420381678,-0.0588235294117152,0.842435655820679,0.7348066298338483,0.888888888887478,167.0,126.0,63.0,181.0,82.0,41.0,56.0,133.0,1.67999999999972,1.1043771043767323,1
-0.0259365994236236,0.0499999999999687,-0.0370370370370264,0.158620689655063,1.0,-0.3359683794465075,-0.4979423868310708,0.0,0.4970414201180491,0.335164835164651,114.0,178.0,182.0,169.0,67.0,76.0,61.0,84.0,2.2284820031295416,2.0066006600653443,1
0.0126582278480972,0.432098765431832,0.0322580645161186,0.4499999999997188,0.8662207356062978,-0.1594202898550147,-0.546391752577038,10.0,0.7249999999995469,0.2933333333331378,219.0,156.0,150.0,160.0,127.0,46.0,44.0,116.0,1.8060781476118948,1.0985074626862392,1
0.3246753246752403,0.1862745098038302,0.161731207289257,0.668965517240918,0.6106131093480366,-0.3563829787233095,-0.7692307692303995,4.136279744890805,0.4745098039213826,0.1304347826086247,184.0,130.0,184.0,255.0,181.0,83.0,24.0,121.0,1.487839771101361,1.4188034188031158,1
0.3783783783782761,0.4745762711860385,0.6612377850160713,0.9999999999988506,0.2039215686147809,-0.4912280701752949,-0.9999999999980768,1.512315270706005,0.3411764705881015,0.0,201.0,115.0,52.0,255.0,75.0,31.0,0.0,87.0,1.341107871719921,1.107142857142363,1
0.3809523809522298,0.3846153846152289,0.3333333333332056,0.4934497816591732,0.1936619718075366,-0.0086956521739105,-0.1999999999998621,1.480349344533982,0.9827586206890904,0.6666666666659004,179.0,78.0,87.0,174.0,146.0,76.0,58.0,171.0,1.225933202357323,1.2963752665242438,1
-0.0988372093022968,0.4866310160425205,-0.03726708074533,0.9172413793097124,1.0,-0.0544217687074644,-0.9306358381497511,0.0,0.8967741935478086,0.0359281437125533,150.0,189.0,167.0,155.0,112.0,48.0,6.0,139.0,2.213762811127055,1.106628242074609,1
0.2966360856268206,0.3458646616540053,0.3006134969324231,0.3984374999998444,0.1399382927464815,-0.0843989769820756,-0.1937172774868095,1.3254145403753124,0.8443396226411112,0.6754385964906355,255.0,115.0,114.0,212.0,151.0,87.0,77.0,179.0,1.3199426111906285,1.380952380952107,1
0.0207715133531095,0.3386454183265583,-0.0282485875706134,0.3439999999998624,1.0,-0.0117647058823494,-0.3787878787877353,0.0,0.9767441860459438,0.450549450549203,166.0,165.0,182.0,172.0,184.0,83.0,82.0,168.0,1.9760479041913208,1.2818532818530344,1
0.0628930817609865,0.7313432835815439,0.0868167202572068,0.5364238410592475,0.7214022139063083,-0.1859649122806365,-0.6045197740109579,6.178807939900692,0.6863905325439726,0.246478873239263,20.0,149.0,142.0,169.0,145.0,18.0,35.0,116.0,2.447638603695596,0.4848484848483216,1
-0.2808988764043892,0.494661921708009,-0.2258064516128121,0.5613382899626166,1.0,0.3725490196077214,-0.4407582938386536,0.0,2.1874999999977214,0.3881578947365868,83.0,171.0,152.0,96.0,96.0,71.0,59.0,210.0,2.6257197696732004,1.26785714285686,1
-0.2319587628865381,0.314984709480026,-0.1835616438355661,0.530249110320096,1.0,0.1813186813186315,-0.5319148936168326,0.0,1.44295302013326,0.3055555555554141,147.0,239.0,216.0,149.0,124.0,112.0,66.0,215.0,2.470284237725779,1.5914742451151702,1
-0.149758454106244,0.3956834532372678,-0.0276243093922575,0.5901639344259877,1.0,0.0486486486486355,-0.5762711864404338,0.0,1.1022727272721011,0.2688172043009307,209.0,238.0,186.0,176.0,253.0,84.0,50.0,194.0,2.211382113820881,1.0926829268290903,1
-0.2590529247910142,0.4325842696627998,-0.1914893617020694,0.6666666666664488,1.0,0.3144329896906406,-0.5870445344127179,0.0,1.917293233081265,0.2602040816325203,255.0,226.0,196.0,133.0,178.0,101.0,51.0,255.0,2.152380952380696,1.2724409448816894,1
0.1463414634145984,0.2890995260662137,0.3239436619717397,0.6094674556209412,0.3058928571099451,-0.2668463611859119,-0.5686274509800205,1.8813995363365683,0.578723404255073,0.2749999999997708,248.0,175.0,120.0,235.0,241.0,75.0,33.0,136.0,1.6806722689073612,1.1385199240984556,1
0.3191489361701279,0.5617977528086732,0.1481481481481138,0.957746478872565,0.732075471631806,-0.2816537467699531,-0.9679144385021564,6.464788728027577,0.560483870967516,0.016304347826078,214.0,128.0,184.0,248.0,77.0,39.0,3.0,139.0,1.4261838440109431,1.0612244897955574,1
0.2439024390243307,0.9504132231397104,0.0602910602910477,0.685714285713796,0.838362926872177,-0.3672922252009739,-0.8225806451609586,10.0,0.4627450980390342,0.0973451327433197,255.0,155.0,226.0,255.0,77.0,3.0,22.0,118.0,1.512195121951035,0.1194029850745674,1
0.2259615384614841,0.5023923444973674,0.0782241014798989,0.950310559005621,0.8478921430117526,-0.2378640776698452,-0.9639639639635298,10.0,0.6156862745095625,0.0183486238532025,255.0,161.0,218.0,255.0,157.0,52.0,4.0,157.0,1.5480769230767368,0.9952153110045466,1
0.2277227722771525,0.5662650602406227,0.3828996282526458,0.4857142857140082,0.1183663487267979,-0.1772151898733616,-0.2968749999997681,1.268515949737803,0.6989247311824199,0.542168674698142,234.0,117.0,83.0,186.0,75.0,36.0,45.0,130.0,1.43119266055024,1.0397111913353647,1
0.1086956521738894,0.466666666666321,0.2318840579709584,0.5839999999995328,0.4315759556098006,-0.4406779661015704,-0.7189189189185303,2.5184999989124903,0.3882352941174948,0.1635220125785135,255.0,205.0,159.0,255.0,48.0,36.0,26.0,99.0,1.78260869565198,1.3150684931500844,1
0.1888111888111448,0.1724137931033293,0.3421052631578047,0.0828025477706479,-0.6102564101129067,-0.4999999999998529,-0.2690355329947873,0.2420382164896694,0.3333333333332026,0.5759999999995392,178.0,174.0,125.0,255.0,170.0,60.0,72.0,85.0,1.7823303457103992,1.2799999999996587,1
0.2348668280871102,0.4222222222220346,0.0624999999999869,0.5311004784686454,0.7894206547787992,-0.2289156626505472,-0.6423357664231233,8.497607641903924,0.6274509803919108,0.217777777777681,235.0,158.0,225.0,255.0,255.0,65.0,49.0,160.0,1.5682382133993091,0.9541284403667972,1
0.1751152073732315,0.4237288135591425,0.1697247706421629,0.7319587628862206,0.6235380499648503,-0.2056737588651996,-0.7487922705310393,4.312621897708582,0.6588235294115063,0.1436464088396996,197.0,179.0,181.0,255.0,190.0,68.0,26.0,168.0,1.7679012345676828,1.1012145748985624,1
0.1224018475750294,0.4216867469874437,0.504643962848141,0.999999999998305,0.329218106973387,-0.6092715231786062,-0.99999999999875,1.9815950916291227,0.2427983539093651,0.0,255.0,190.0,80.0,243.0,175.0,24.0,0.0,59.0,1.7312072892936523,0.6808510638295459,1
0.3265306122447869,0.4536585365851446,0.6525423728810794,0.5204081632650407,-0.1126511353487399,-0.1337209302325192,0.0681818181817407,0.79750861371286,0.7641025641021723,1.146341463411838,176.0,99.0,41.0,195.0,148.0,56.0,47.0,149.0,1.3919156414760294,1.095354523227116,1
0.2682926829267202,0.5270935960588536,0.3109243697477685,0.7415730337074486,0.4091683860739205,-0.0032154340836002,-0.5619047619042268,2.385059215752466,0.9935897435891068,0.2804878048777067,112.0,90.0,82.0,156.0,137.0,48.0,23.0,155.0,1.6071428571424984,0.9896907216492294,1
0.2303664921465365,0.6808510638294252,0.1190476190475907,0.5566502463051446,0.6476306195881626,-0.1959287531806117,-0.6086956521736484,4.675862065036604,0.6723404255316289,0.2432432432431117,185.0,147.0,185.0,235.0,103.0,30.0,45.0,158.0,1.647058823529181,0.7476635514016363,1
0.0930930930930651,0.66795366795341,-0.0267379679144313,0.7142857142854309,1.0,0.0854271356783705,-0.6842105263154894,0.0,1.186813186812535,0.1874999999999023,85.0,151.0,192.0,182.0,114.0,43.0,36.0,216.0,2.1230228470998025,0.8269230769228781,1
0.4285714285712585,0.4403669724768622,0.1042944785275753,0.9263803680975912,0.7976190475416037,-0.0682492581602171,-0.9210526315783416,8.882352932657138,0.8722222222217377,0.0410958904109307,123.0,72.0,146.0,180.0,255.0,61.0,6.0,157.0,1.2885906040265571,0.9138576779024504,1
-0.0322580645161195,0.163934426229441,-0.0060240963855403,0.4489795918365056,1.0,-0.0749185667752199,-0.5113122171943388,0.0,0.8606060606055391,0.32335329341298,125.0,176.0,167.0,165.0,175.0,102.0,54.0,142.0,2.193146417445141,1.5662188099805054,1
-0.4325842696627998,0.2397260273971782,-0.4325842696627998,0.3660377358489184,-1.0,0.2836879432623108,-0.5044247787609132,0.0,1.7920792079190178,0.3294117647057532,159.0,255.0,255.0,101.0,235.0,111.0,84.0,181.0,2.649350649350305,1.391849529780346,1
-0.3281249999999145,0.6943521594682078,-0.3281249999999145,0.5789473684208735,1.0,0.3281249999999145,-0.5789473684208735,0.0,1.9767441860449797,0.2666666666665621,237.0,255.0,255.0,129.0,216.0,46.0,68.0,255.0,2.328767123287405,0.6536412078151591,1
-0.0301507537688366,0.5310344827584376,0.0320855614973176,0.5102040816324795,0.8816663310911831,0.0698795180722723,-0.4308300395255214,10.0,1.150259067356917,0.397790055248399,255.0,205.0,181.0,193.0,126.0,68.0,72.0,222.0,1.9114219114216888,1.123966942148528,1
0.1086956521738894,0.1617161716171083,0.3746630727761793,0.4193548387095083,0.056285589129945,-0.1832946635730433,-0.2340425531913648,1.119285216688806,0.6901960784311019,0.6206896551718787,255.0,205.0,116.0,255.0,162.0,127.0,72.0,176.0,1.78260869565198,1.7162162162159262,1
0.1086956521738894,0.3033707865166835,0.0897435897435705,0.6223776223771872,0.7479541733809496,-0.3746630727761793,-0.7749999999996772,6.935064927333925,0.4549019607841353,0.1267605633802221,255.0,205.0,213.0,255.0,104.0,62.0,27.0,116.0,1.78260869565198,1.44186046511586,1
0.4714714714713299,0.569767441860134,0.2436548223349635,0.6564417177910084,0.4586029131413097,-0.2894736842104501,-0.6836158192086533,2.6941462156622245,0.5510204081630404,0.1879194630871222,202.0,88.0,149.0,245.0,85.0,37.0,28.0,135.0,1.1300160513641846,1.006802721088093,1
0.4144486692013633,0.4732142857140745,0.2827586206895577,0.6417910447758002,0.3883322199534795,-0.0598290598290427,-0.4857142857139388,2.269748816088091,0.8870967741930715,0.3461538461535133,108.0,77.0,104.0,186.0,147.0,59.0,36.0,165.0,1.3749999999996931,1.097674418604396,1
0.6583333333330591,0.6363636363631914,0.5731225296440423,0.5704697986573353,-0.0023196474135282,-0.2594936708859938,-0.2558139534880746,0.9953714416219308,0.5879396984921669,0.5925925925914952,170.0,41.0,54.0,199.0,71.0,26.0,32.0,117.0,0.7272727272725661,0.8666666666663057,1
0.3527851458885006,0.3805309734509907,0.4912280701752949,0.6082474226797853,0.1064319789338598,-0.5315315315313719,-0.6415094339616589,1.2382179673464304,0.3058823529410565,0.2183908045974501,255.0,122.0,87.0,255.0,132.0,35.0,19.0,78.0,1.29442970822264,0.999999999999643,1
0.3746630727761793,0.7102803738314438,0.2469437652811132,0.350553505534926,0.1734062150526075,-0.164383561643798,-0.27272727272716,1.419568155502569,0.717647058823248,0.5714285714282005,223.0,116.0,154.0,255.0,191.0,31.0,88.0,183.0,1.3070422535209425,0.5688073394494109,1
0.144254278728571,0.6398713826364503,0.1414634146341118,0.7586206896549108,0.685666230534896,0.0429447852760648,-0.6682464454973137,5.362663492046897,1.089743589743124,0.1988636363635234,169.0,175.0,176.0,234.0,180.0,56.0,35.0,255.0,1.859229747675716,0.8190127970748045,1
0.2944297082227335,0.6442307692304595,0.2139303482586532,0.8095238095233812,0.581944444387491,-0.1759036144577889,-0.7954545454540936,3.7840531543762936,0.7008196721308604,0.1139240506328393,255.0,133.0,158.0,244.0,149.0,37.0,18.0,171.0,1.3908496732024325,0.7512690355328042,1
0.1111111111110869,0.6734693877548272,0.4325842696627998,0.9999999999995124,0.396078431344814,-0.1086956521738894,-0.99999999999901,2.311688311153443,0.8039215686271357,0.0,255.0,204.0,101.0,255.0,217.0,40.0,0.0,205.0,1.777777777777584,0.6374501992030602,1
0.0996978851963445,0.3673469387753228,0.2052980132449651,0.5857988165677007,0.4809787992258059,-0.1518987341771671,-0.5483870967738398,2.853407137376311,0.7362637362633317,0.2916666666664236,253.0,149.0,120.0,182.0,172.0,62.0,35.0,134.0,1.6261937244199691,1.1534883720927551,1
0.4472934472933199,0.6756756756753105,0.08085106382977,0.53465346534627,0.7372852350091801,-0.2420537897309921,-0.6425855513305542,6.612819168473629,0.6102362204722007,0.2175925925924918,237.0,97.0,216.0,254.0,76.0,30.0,47.0,155.0,1.1328467153283015,0.8247422680409537,1
0.1015118790496541,0.5454545454540496,0.0,0.3178294573640947,0.9999999996853658,-0.4999999999998529,-0.705685618728861,10.0,0.3333333333332026,0.1725490196077754,204.0,208.0,255.0,255.0,105.0,25.0,44.0,85.0,1.9017142857140683,0.8333333333329862,1
-0.1666666666665895,0.2863849765256872,-0.1743119266054246,0.5930232558136087,1.0,0.2070484581496885,-0.5705521472389138,0.0,1.5222222222205308,0.2734374999997864,69.0,126.0,128.0,90.0,187.0,76.0,35.0,137.0,2.4525547445249507,1.2773109243694796,1
0.1391585760517349,0.4366197183097361,0.0931677018633251,0.5987460815045145,0.730695632492323,0.1832946635730433,-0.3904761904760045,6.426541267919297,1.4488636363628131,0.4383561643832614,78.0,133.0,146.0,176.0,255.0,100.0,64.0,255.0,2.0461538461534525,1.126760563380123,1
0.0918367346938541,0.6943521594682078,0.0673316708229258,0.655844155843943,0.8137889338089512,0.0874200426439046,-0.5583333333331008,9.740500226033063,1.1915887850461722,0.2834224598928966,170.0,178.0,187.0,214.0,122.0,46.0,53.0,255.0,1.924324324324064,0.784648187633095,1
-0.4868804664721612,0.740614334470737,-0.4868804664721612,0.655844155843943,1.0,0.4868804664721612,-0.655844155843943,0.0,2.89772727272398,0.2078431372548204,165.0,255.0,255.0,88.0,190.0,38.0,53.0,255.0,2.6736566186103965,0.5834932821496001,1
-0.1325842696628915,0.3210332103319849,-0.0917647058823313,0.5497835497833118,1.0,-0.0376344086021404,-0.6338028169011853,0.0,0.9274611398958924,0.2241379310343861,174.0,252.0,232.0,193.0,255.0,92.0,52.0,179.0,2.3145809414463474,1.190938511326668,1
-0.0872483221476315,0.2291666666665473,-0.1111111111110869,0.356321839080255,1.0,-0.267080745341532,-0.6398713826364503,0.0,0.5784313725487361,0.2196078431371688,255.0,243.0,255.0,204.0,182.0,74.0,56.0,118.0,2.05714285714264,1.3214285714282763,1
0.1382978723403887,0.4852320675103438,0.1505376344085617,0.1851851851851228,0.1032028469443148,-0.0974358974358724,-0.1326164874551496,1.2301587293414695,0.8224299065416718,0.7658227848096419,210.0,162.0,158.0,214.0,121.0,61.0,121.0,176.0,1.7326203208553832,1.1646778042956647,1
0.3492063492062568,0.2584269662919897,0.2814070351758087,0.27999999999984,-0.0025062656638739,-0.3896457765666513,-0.3883495145629183,0.9949999996461012,0.4392156862743376,0.4405594405591325,133.0,123.0,143.0,255.0,114.0,66.0,63.0,112.0,1.5520504731858749,1.4748603351951188,1
0.6565656565654355,0.3058823529409966,0.4385964912279419,0.5310344827582545,0.0953331669477951,-0.3781512605040957,-0.4769230769227101,1.210758620413121,0.4512195121949385,0.3541666666662977,168.0,51.0,96.0,246.0,96.0,59.0,34.0,111.0,0.7906976744184514,1.4523076923072455,1
0.6887417218540766,0.652631578947025,0.6242038216558522,0.6613756613753115,0.0289144624717589,-0.2378640776698452,-0.2967032967029706,1.059550804278796,0.6156862745095625,0.5423728813550129,190.0,47.0,59.0,255.0,63.0,33.0,32.0,157.0,0.6975881261594252,0.9230769230766004,1
0.691629955946832,0.393939393939195,0.4169741697415435,0.8157894736836739,0.3235131941445612,-0.163636363636314,-0.6989247311820441,1.956450861197676,0.7187499999996257,0.1772151898731934,99.0,35.0,79.0,192.0,93.0,60.0,14.0,138.0,0.7756232686978461,1.367521367520978,1
0.4223602484470738,0.4923857868017805,0.2722222222221466,0.6243093922648485,0.3927214214357603,-0.2180851063829207,-0.5878787878784316,2.2933814401310832,0.6419213973796324,0.2595419847326263,202.0,93.0,131.0,229.0,106.0,50.0,34.0,147.0,1.2058346839544236,1.1331444759203588,1
0.2259615384614841,0.7952755905505549,0.197183098591503,0.3987730061347247,0.3382630128472338,-0.3821138211381078,-0.5545454545452025,2.022348815800959,0.4470588235292365,0.2865497076021716,246.0,161.0,171.0,255.0,96.0,13.0,49.0,114.0,1.5650060753339532,0.4406779661015082,1
-0.088471849865928,0.2551724137929275,-0.0144927536231842,0.5826086956516673,1.0,-0.3026819923370488,-0.7587939698488649,0.0,0.535294117646744,0.1371428571427788,200.0,203.0,175.0,170.0,33.0,54.0,24.0,91.0,2.0927835051543693,1.8620689655164389,1
0.2469437652811132,0.4999999999997093,0.2439024390243307,0.999999999999225,0.6078431372058687,-0.3281249999999145,-0.999999999999355,4.099999998316823,0.5058823529409782,0.0,255.0,154.0,155.0,255.0,141.0,43.0,0.0,129.0,1.5061124694374686,0.9662921348311893,1
0.085201793721954,0.666666666666389,0.2442159383032791,0.6064257028110015,0.425807704394382,-0.0950226244343676,-0.4999999999997449,2.4831536662836373,0.8264462809913941,0.3333333333331066,255.0,204.0,147.0,242.0,114.0,40.0,49.0,200.0,1.8033149171268723,0.8121827411165452,1
0.0434782608695552,0.3744855967076648,0.2063492063491517,0.5462962962960434,0.4516695957219839,-0.1544303797467963,-0.507537688441956,2.647435896152384,0.732456140350556,0.3266666666664489,255.0,209.0,150.0,228.0,180.0,76.0,49.0,167.0,1.855715871253956,1.2184368737472508,1
0.4052044609663921,0.6212121212116507,0.359712230215698,0.45578231292486,0.1178059172872023,-0.2770270270269334,-0.3798449612400156,1.2670748295793195,0.5661375661372666,0.449438202246686,255.0,80.0,89.0,189.0,127.0,25.0,40.0,107.0,1.059602649006447,0.7042253521124281,1
0.3860759493669664,0.2756756756755267,0.4455445544552985,0.6737588652477492,0.2038895859289049,-0.2997032640948666,-0.5700934579433924,1.5122143416615947,0.5388127853878818,0.2738095238091978,159.0,97.0,84.0,219.0,228.0,67.0,23.0,118.0,1.3566433566431193,1.116666666666434,1
0.0132158590308311,0.4661921708183394,0.1274509803920944,0.5725190839692471,0.6358387682188275,0.2834890965731204,-0.2275862068963947,4.492072809159437,1.7913043478245292,0.6292134831453604,163.0,112.0,89.0,115.0,221.0,75.0,56.0,206.0,1.7848605577685688,1.0398613518195772,1
0.1086956521738894,0.6242038216558522,0.1015118790496541,0.5178571428569888,0.6722087301984394,0.0,-0.4394463667818549,5.10144376397108,0.999999999999608,0.3894230769228897,125.0,205.0,208.0,255.0,58.0,59.0,81.0,255.0,2.0759493670883447,1.0951276102085628,1
-0.0225225225225174,0.5885167464112017,0.0187793427230002,0.7382198952875717,0.950384777612531,-0.1331592689294691,-0.7863247863244504,10.0,0.7649769585249931,0.1196172248803255,150.0,227.0,209.0,217.0,47.0,43.0,25.0,166.0,2.211936662606308,1.150501672240418,1
-0.1857506361322682,0.9999999999993334,-0.0883190883190631,0.8072289156621644,1.0,-0.0322580645161186,-0.8454106280189153,0.0,0.937499999999414,0.0837696335078095,241.0,233.0,191.0,160.0,134.0,0.0,16.0,150.0,2.1499423298728777,0.0,1
0.2189973614775147,0.5269461077842734,0.2977528089886804,0.705685618728861,0.406534968595359,0.0493827160493725,-0.4792899408281188,2.370038492294073,1.103896103895626,0.3519999999997183,231.0,148.0,125.0,231.0,255.0,79.0,44.0,255.0,1.5620052770446486,0.946107784430996,1
0.0121654501216515,0.5223880597013366,0.0221130221130166,0.6943521594682078,0.9382718861197769,0.1015118790496541,-0.6244897959181125,10.0,1.2259615384609492,0.2311557788943562,246.0,203.0,199.0,208.0,175.0,80.0,46.0,255.0,1.888372093023036,1.0847457627116806,1
0.099999999999975,0.7041420118339029,-0.0736842105263002,0.3649289099524337,1.0,-0.2087912087911514,-0.5838509316768373,0.0,0.6545454545451571,0.2627450980391126,249.0,180.0,255.0,220.0,169.0,25.0,67.0,144.0,1.7370325693604658,0.5509641873276719,1
0.1866295264623435,0.4077669902910642,0.1451612903225416,0.576086956521426,0.5974720465869806,-0.1899441340781592,-0.6060606060603,3.968599031081411,0.6807511737086006,0.2452830188677703,120.0,146.0,159.0,213.0,182.0,61.0,39.0,145.0,1.868799999999701,1.086859688195749,1
0.2911392405062554,0.2116788321166338,0.1159737417942853,0.5090909090904463,0.6289224109487573,-0.5088757396448199,-0.7641921397376576,4.389708401014627,0.3254901960783037,0.1336633663365675,255.0,140.0,202.0,255.0,126.0,54.0,27.0,83.0,1.417721518987162,1.3627760252361631,1
0.2469437652811132,0.3086419753084515,0.128318584070768,0.8434782608688317,0.7359147958222911,-0.4127423822713538,-0.912621359222858,6.573313338201422,0.4156862745096409,0.045685279187794,225.0,154.0,197.0,255.0,146.0,56.0,9.0,106.0,1.5634517766495477,1.2307692307688929,1
0.0,0.2322274881515487,-0.083665338645385,0.460674157303112,1.0,0.0612244897958933,-0.4782608695649575,0.0,1.1304347826077126,0.3529411764703287,116.0,115.0,136.0,115.0,114.0,81.0,48.0,130.0,1.9956616052056408,1.5960591133000996,1
0.5202702702700945,0.3894736842103213,0.3719512195120817,0.5621301775144604,0.2035999845274883,-0.2605042016805993,-0.4714285714282347,1.511300804714988,0.586666666666406,0.359223300970525,184.0,71.0,103.0,225.0,29.0,58.0,37.0,132.0,1.0308529945551668,1.6750902527069766,1
0.2056737588651996,0.2911392405059606,0.3246753246752403,0.9615384615366124,0.4951456310288369,-0.6666666666664488,-0.9847328244267292,2.961538460621381,0.1999999999999215,0.0076923076923017,248.0,168.0,130.0,255.0,97.0,28.0,1.0,51.0,1.601907032180977,1.0980392156857364,1
-0.0077519379844941,-0.1358024691356348,0.1999999999999375,-0.0666666666665777,-1.0,-0.691629955946832,-0.5238095238092121,0.0,0.1822916666665717,0.3124999999997559,177.0,195.0,128.0,192.0,1.0,46.0,40.0,35.0,2.055335968379176,2.8749999999977542,1
0.2142857142856632,0.5376884422107852,0.2592592592591952,0.9490445859866568,0.5708707535644933,-0.2499999999999387,-0.9480519480513324,3.660600544537491,0.5999999999997647,0.0266666666666488,248.0,165.0,150.0,255.0,28.0,46.0,4.0,153.0,1.5846338535412263,1.3479853479848545,1
0.2132132132131492,0.0,0.2168674698794527,-0.018867924528284,-1.0,-0.5905511811021298,-0.4130434782606451,0.0,0.25742574257413,0.4153846153842959,255.0,131.0,130.0,202.0,81.0,52.0,54.0,52.0,1.4575799721833855,1.7552742616026349,1
0.3130193905816307,0.5214285714283853,0.2639999999999296,0.4947368421050896,0.3041065482395704,-0.0533333333333214,-0.3142857142855646,1.874003189082656,0.8987341772148107,0.5217391304344046,193.0,124.0,138.0,237.0,158.0,67.0,72.0,213.0,1.4631268436576013,1.0613861386136512,1
-0.3421052631578047,0.735042735042421,-0.2774566473987637,0.8796296296292224,1.0,0.237804878048708,-0.888888888888509,0.0,1.6239999999987007,0.058823529411738,255.0,255.0,221.0,125.0,139.0,31.0,13.0,203.0,2.2921348314604164,0.613861386138462,1
-0.0731707317072873,0.6190476190473924,0.1573604060912906,0.5899280575537447,0.578849630963981,0.3194029850745315,-0.185714285714153,3.748897653686884,1.9385964912263696,0.6867469879509798,104.0,132.0,83.0,114.0,255.0,52.0,57.0,221.0,2.1908713692941517,0.7172413793102211,1
-0.300859598853782,0.5224913494807881,-0.2844574780057817,0.5120274914087588,1.0,0.2865497076022554,-0.510344827586031,0.0,1.803278688523112,0.3242009132418611,165.0,227.0,219.0,122.0,179.0,69.0,71.0,220.0,2.4507422402155936,1.0279329608936632,1
-0.13936430317845,0.0185185185185013,-0.1243781094527053,0.5068493150677988,1.0,-0.5238095238092971,-0.8524590163930933,0.0,0.3124999999998225,0.0796460176990798,73.0,233.0,226.0,176.0,27.0,53.0,18.0,55.0,2.606993006992642,2.2553191489349707,1
-0.1915887850466842,0.3197278911562451,-0.1915887850466842,0.5396825396821113,1.0,-0.2814814814813772,-0.7957746478870438,0.0,0.560693641618173,0.1137254901960338,167.0,255.0,255.0,173.0,119.0,50.0,29.0,97.0,2.399999999999717,1.265822784809726,1
-0.2561576354679172,0.1494252873562359,-0.2561576354679172,0.3698630136983768,1.0,-0.203187250995935,-0.6943521594682078,0.0,0.6622516556287006,0.1803921568626743,255.0,255.0,255.0,151.0,144.0,74.0,46.0,100.0,2.227074235807617,1.510204081632268,1
0.3273809523808549,0.5937499999998145,0.351515151515045,0.7229729729727288,0.3457067723295622,0.0669456066945466,-0.4459459459456447,2.056733457010349,1.143497757847021,0.3831775700930998,200.0,113.0,107.0,223.0,224.0,65.0,41.0,255.0,1.3929121725729747,0.8538587848931274,1
0.1436619718309454,0.5081967213112671,0.0656167979002452,0.4488188976376186,0.7448979590388454,-0.0490956072351294,-0.4354838709675663,6.839999989574944,0.9064039408862532,0.3932584269660712,255.0,152.0,178.0,203.0,113.0,60.0,70.0,184.0,1.5958005249341738,1.1510791366903714,1
0.3110539845757555,0.7990430622005746,0.1590909090908729,0.6785714285711256,0.6201550386855884,-0.1512415349886791,-0.674208144796075,4.265306119766994,0.7372549019604953,0.1945945945944894,208.0,134.0,185.0,255.0,191.0,21.0,36.0,188.0,1.4664842681256542,0.3990498812350596,1
0.2413793103447443,0.5874999999998164,0.0942249240121294,0.6710526315787266,0.7537496732749004,0.170506912442357,-0.4974874371856796,7.121816630811626,1.4111111111103272,0.3355704697984325,135.0,110.0,149.0,180.0,222.0,66.0,50.0,254.0,1.6448598130838046,0.8684210526314361,1
0.4166666666665509,0.3201970443348176,0.1832946635730433,0.696202531645129,0.583183062780016,-0.3110539845757555,-0.7599999999996201,3.798269506017909,0.5254901960782253,0.1363636363635589,255.0,105.0,176.0,255.0,135.0,69.0,24.0,134.0,1.1666666666665046,1.356265356265023,1
0.2911392405062554,0.2864864864863316,0.1915887850466842,0.5555555555551925,0.4871438498304001,-0.3636363636362664,-0.6714975845407385,2.8997289957752383,0.4666666666664837,0.1965317919074008,216.0,140.0,173.0,255.0,107.0,66.0,34.0,119.0,1.491344873501799,1.4748603351951188,1
0.261904761904658,0.2511848341231037,0.1521739130434231,0.4831460674154589,0.5209534793489169,-0.0927835051546073,-0.4355828220856224,3.17495986950205,0.8301886792447609,0.3931623931620571,218.0,93.0,117.0,159.0,105.0,79.0,46.0,132.0,1.3214920071045608,1.599999999999595,1
0.6736401673637349,-0.1134020618555532,0.4981273408237835,0.4827586206888228,-0.0156682027640543,-0.646090534979158,-0.6341463414626413,0.96914700524878,0.2149999999998925,0.2238805970145912,251.0,39.0,67.0,200.0,220.0,54.0,15.0,43.0,0.5897920604913819,1.1644204851748885,1
0.403278688524458,0.1111111111110082,0.25146198830402,0.9999999999983332,0.5981308410732593,-0.5620437956202329,-0.9999999999992188,3.976744184459597,0.2803738317755699,0.0,183.0,91.0,128.0,214.0,82.0,48.0,0.0,60.0,1.2573402417959831,1.6134453781505826,1
0.3709677419353842,-0.35999999999952,0.1409395973154047,-0.2499999999996093,1.0,-0.8279569892470151,-0.6551724137928211,0.0,0.0941176470587866,0.2083333333332248,229.0,117.0,192.0,255.0,87.0,51.0,40.0,24.0,1.303621169916253,1.91549295774558,1
0.0030959752321971,-0.2631578947365651,-0.0270270270270189,0.0447761194029182,1.0,-0.6446700507610941,-0.6847290640390716,0.0,0.216049382715916,0.1871345029238671,190.0,161.0,171.0,162.0,105.0,60.0,32.0,35.0,1.9109792284863631,1.846153846153136,1
0.0119047619047595,0.3333333333329861,0.0,0.5238095238089002,0.9999999998090908,-0.5987460815045145,-0.8545454545451439,10.0,0.2509803921567643,0.0784313725489888,255.0,249.0,255.0,255.0,84.0,32.0,20.0,64.0,1.97619047619028,1.2075471698107512,1
0.0758928571428402,0.2389380530972394,0.0501089324618627,0.386138613861195,0.7702729428613505,-0.2650918635169908,-0.5571428571426582,7.705983626461847,0.5809128630702984,0.2844036697246402,131.0,207.0,218.0,241.0,45.0,86.0,62.0,140.0,2.1068702290073653,1.9271708683467992,1
-0.0602910602910477,0.4622641509431782,-0.0602910602910477,0.7415730337074486,1.0,-0.1863517060366965,-0.8345323741004192,0.0,0.6858407079642983,0.0901960784313371,156.0,255.0,255.0,226.0,102.0,57.0,23.0,155.0,2.286995515694811,1.2291105121290489,1
-0.016949152542368,0.5880398671094392,-0.0224719101123532,0.5933333333331355,1.0,0.1573849878934243,-0.4979423868310708,0.0,1.3735632183900153,0.335164835164651,108.0,180.0,182.0,174.0,211.0,62.0,61.0,239.0,2.242990654205258,0.8641114982576891,1
-0.0977011494252592,0.2410714285713209,-0.139726027397222,0.305164319248683,1.0,-0.0608108108107902,-0.4751773049643705,0.0,0.8853503184707737,0.3557692307690597,172.0,191.0,208.0,157.0,100.0,85.0,74.0,139.0,2.1490857946551123,1.6625916870411583,1
-0.0317460317460233,-0.9999999999982758,-0.021390374331545,-0.9999999999975,0.9581151833397868,-0.9999999999994535,-0.6536796536793708,10.0,0.0,0.2094240837695238,141.0,195.0,191.0,183.0,96.0,58.0,40.0,0.0,2.1848739495795257,2.1886792452819868,1
-0.130820399113053,0.4136125654448097,-0.130820399113053,0.2558139534882531,1.0,-0.1842900302114247,-0.5223880597013366,0.0,0.6887755102037303,0.3137254901959554,176.0,255.0,255.0,196.0,78.0,56.0,80.0,135.0,2.3129251700677647,1.3784615384611143,1
-0.2318840579709584,0.1851851851850872,-0.2069825436408461,-0.0894308943089067,-0.3965800274936402,-0.1734317343172791,-0.2872340425531151,0.4320697425928499,0.7044025157228275,0.553719008264234,255.0,255.0,242.0,159.0,40.0,77.0,134.0,112.0,2.207792207791969,2.013071895424179,1
0.0028653295128931,0.6224899598391075,-0.0084985835694026,0.4076655052263388,1.0,0.0716180371352595,-0.3536121673002458,0.0,1.1542857142850549,0.4775280898873722,226.0,174.0,178.0,175.0,227.0,47.0,85.0,202.0,1.8584779706272552,0.7189292543019657,1
0.0769230769230565,0.1111111111110385,-0.0356294536817017,0.1038961038960364,1.0,-0.40972222222208,-0.5191637630660212,0.0,0.4187192118224538,0.3165137614677447,255.0,174.0,218.0,203.0,101.0,68.0,69.0,85.0,1.7270471464017707,1.6894409937882953,1
0.2264808362368549,0.6624472573836868,0.1972789115645587,0.7205240174669343,0.5701061625478976,0.0563002680964996,-0.5733333333329511,3.652311397034013,1.119318181817546,0.2711864406777363,136.0,111.0,118.0,176.0,124.0,40.0,32.0,197.0,1.6629213483142953,0.798004987530973,1
0.3900709219856773,0.475308641975162,0.0739726027397057,0.6655052264806044,0.7999328719355994,0.0988505747126209,-0.5576036866356878,8.996644716189245,1.2193877551014187,0.2840236686388852,196.0,86.0,169.0,196.0,148.0,85.0,48.0,239.0,1.2198581560281525,1.2208258527825455,1
-0.0639730639730424,0.2984293193715715,0.061068702290053,0.4090909090906767,0.7402214020565396,-0.0570342205322977,-0.4057142857140539,6.698863625392998,0.8920863309346101,0.4227642276419327,88.0,158.0,123.0,139.0,81.0,67.0,52.0,124.0,2.327808471454452,1.581120943952336,1
-0.189591078066844,0.5977653631281578,-0.0683760683760391,0.2825112107622051,1.0,0.1349206349205814,-0.2195121951218441,0.0,1.3119266055033836,0.639999999999488,157.0,160.0,125.0,109.0,189.0,36.0,80.0,143.0,2.184300341296556,0.7128712871285364,1
0.4088397790054119,0.6255707762554221,0.3385826771652654,0.7033492822963142,0.3500867804117784,-0.1778290993071183,-0.6050955414008885,2.0773339261691444,0.6980392156860008,0.2460317460315507,255.0,107.0,126.0,255.0,144.0,41.0,31.0,178.0,1.182320441988787,0.811881188118611,1
0.2527472527471602,0.8260869565213401,0.1999999999999298,0.8173076923072994,0.6068052929459817,0.0499999999999861,-0.7142857142851773,4.086538459494661,1.1052631578940906,0.1666666666665204,217.0,102.0,114.0,171.0,195.0,18.0,19.0,189.0,1.3783783783781454,0.3428571428570612,1
0.5123674911658967,0.524999999999672,0.3587301587300449,0.6158940397346915,0.2638595279938202,-0.2738095238094423,-0.5538461538457279,1.716872765154052,0.5700934579436588,0.2871287128710028,244.0,69.0,101.0,214.0,9.0,38.0,29.0,122.0,0.92617449664414,1.4685990338157158,1
0.3607594936707719,0.2716049382714373,0.1748633879780943,0.560606060605636,0.5244849712219934,-0.3522012578615244,-0.6777777777774013,3.2059659072559445,0.4790697674416376,0.1920529801323231,166.0,101.0,151.0,215.0,157.0,59.0,29.0,103.0,1.3859348198968462,1.2486772486769184,1
-0.0090090090090063,0.6729559748423442,0.0344827586206788,0.6121212121208411,0.8933419520272929,-0.1073825503355344,-0.655913978494271,10.0,0.8060606060601176,0.2077922077920728,231.0,168.0,154.0,165.0,180.0,26.0,32.0,133.0,1.836065573770241,0.569863013698474,1
0.0,0.5819209039544735,0.0,0.6969696969692746,0.9999999998565218,-0.2911392405062554,-0.8214285714282781,10.0,0.549019607842922,0.098039215686236,255.0,255.0,255.0,255.0,229.0,37.0,25.0,140.0,1.999999999999804,0.6681715575619259,1
0.082802547770683,-0.0807453416148566,0.1486486486486151,-0.1445086705201476,-1.0,-0.5501519756837234,-0.3124999999998915,0.0,0.2901960784312588,0.5238095238092467,183.0,216.0,189.0,255.0,77.0,87.0,99.0,74.0,1.986206896551496,2.141538461537803,1
0.0759493670885915,0.2424242424240588,0.1778290993071183,0.1156462585033227,-0.2118843682363673,-0.5133531157268506,-0.4650205761314959,0.6503224662830043,0.3215686274508543,0.3651685393256376,240.0,219.0,178.0,255.0,90.0,50.0,65.0,82.0,1.8778135048229496,1.470588235293577,1
0.5068493150683195,0.4683544303794504,0.4057507987219151,0.3727810650885368,-0.0423485988971293,-0.3095238095237174,-0.2739726027395384,0.9187438845983672,0.5272727272724876,0.5698924731176668,159.0,72.0,93.0,220.0,104.0,42.0,53.0,116.0,1.1013384321221602,1.1052631578943732,1
0.0783699059560882,-0.039999999999968,-0.0702702702702512,0.0169491525423585,-1.0,-0.4827586206894471,-0.5468749999997864,0.0,0.3488372093021228,0.292929292929145,255.0,147.0,198.0,172.0,95.0,65.0,58.0,60.0,1.6310679611648222,1.824561403508132,1
-0.0945945945945626,-0.3529411764703287,-0.1326860841423519,0.086419753086313,-1.0,-0.5056179775278059,-0.6509433962261081,0.0,0.3283582089549788,0.2114285714284506,151.0,162.0,175.0,134.0,54.0,92.0,37.0,44.0,2.1280788177336407,2.609929078013259,1
-0.0847457627118356,0.0559006211179777,-0.2196531791906879,0.1805555555554301,-1.0,-0.227272727272624,-0.5629629629627545,0.0,0.6296296296291632,0.2796208530804362,255.0,160.0,211.0,135.0,69.0,76.0,59.0,85.0,1.8028169014081967,1.9869281045745144,1
-0.1695501730103219,0.1111111111110161,-0.0123456790123405,-0.0225563909774266,0.2925531923274178,-0.2972972972971366,-0.2879581151830953,1.827067683971559,0.5416666666662153,0.552845528454835,126.0,169.0,123.0,120.0,42.0,52.0,68.0,65.0,2.3150684931502883,1.97156398104172,1
-0.0103092783505128,0.5571428571426582,-0.102803738317733,0.6029411764703666,1.0,0.063414634146326,-0.6275862068963354,0.0,1.1354166666660754,0.2288135593219369,255.0,196.0,236.0,192.0,197.0,62.0,54.0,218.0,1.8688915375444728,0.920222634508178,1
0.0267379679144313,0.0461538461538106,-0.0103092783505128,-0.0489510489510147,0.6520681276208996,-0.4769230769228935,-0.4464944649444847,4.748251794307693,0.3541666666664822,0.3826530612242946,200.0,182.0,196.0,192.0,36.0,62.0,75.0,68.0,1.9259259259256711,2.1754385964902743,1
-0.0869565217390831,0.3705583756343297,-0.0769230769230346,0.9424460431647896,1.0,0.2328767123286608,-0.9215686274500768,0.0,1.6071428571409438,0.0408163265305705,161.0,100.0,98.0,84.0,88.0,62.0,4.0,135.0,1.79775280898836,1.4293948126797034,1
0.3904761904760665,0.2569169960473293,0.2099447513811574,0.5071090047390961,0.4144239546618598,-0.1587301587301167,-0.4666666666664273,2.415440258265323,0.7260273972599425,0.3636363636361093,166.0,96.0,143.0,219.0,189.0,94.0,52.0,159.0,1.3310225303290586,1.4029850746266035,1
0.0991379310344613,0.3333333333331155,0.0759493670885915,0.35999999999976,0.6515679441012804,-0.4285714285713085,-0.6404494382020074,4.73999999375684,0.3999999999998431,0.2191780821916807,112.0,209.0,219.0,255.0,135.0,51.0,48.0,102.0,2.1299363057322127,1.2035398230084946,1
-0.0346666666666574,0.8007117437719571,0.1104294478527268,0.6482084690551635,0.7088744302729642,0.1658986175114825,-0.4572864321605742,5.869887797796939,1.3977900552478466,0.3724137931031914,149.0,194.0,145.0,181.0,223.0,28.0,54.0,253.0,2.161559888579086,0.4210526315788682,1
0.1724137931034086,0.5336322869952764,0.4366197183097361,0.7185929648237596,0.244087734325048,-0.197183098591503,-0.5624999999995606,1.645809693252131,0.6705882352938547,0.27999999999972,255.0,180.0,100.0,255.0,247.0,52.0,28.0,171.0,1.6551724137929131,0.7969348659002304,1
0.1670588235293724,0.5377358490563502,0.2009685230023726,0.5523809523806894,0.46646668088935,-0.2068126520680762,-0.5566037735846432,2.748594376141723,0.657258064515864,0.2848484848483122,221.0,177.0,165.0,248.0,144.0,49.0,47.0,163.0,1.7205346294044082,0.9679012345676624,1
0.4088397790054119,-0.0333333333332777,0.4655172413791766,0.5675675675660335,0.0987821380135994,-0.7957746478870438,-0.8415841584150083,1.2192192189543678,0.1137254901960338,0.0860215053762515,224.0,107.0,93.0,255.0,31.0,31.0,8.0,29.0,1.235209235209057,2.0327868852442355,1
-0.1079545454545147,0.2670157068061429,-0.1179775280898545,0.475609756097271,1.0,-0.1294964028776512,-0.6446280991732873,0.0,0.7707006369421844,0.2160804020099417,252.0,195.0,199.0,157.0,183.0,70.0,43.0,121.0,1.952440550688116,1.2612612612609773,1
-0.0897435897435705,0.6571428571425889,-0.0318181818181745,0.7807017543856225,1.0,-0.0240384615384557,-0.8015873015869835,0.0,0.9530516431920408,0.1101321585902598,255.0,255.0,227.0,213.0,212.0,42.0,25.0,203.0,2.085889570551934,0.6733466933866387,1
0.0,0.6758620689652842,0.0805084745762541,0.7867647058820637,0.8143411408746071,-0.0240963855421638,-0.7642276422761122,9.772445808293508,0.9529411764702146,0.1336405529953301,255.0,255.0,217.0,255.0,167.0,47.0,29.0,243.0,1.999999999999804,0.746031746031598,1
0.2686567164178436,0.2440944881887841,0.3076923076922288,0.1126760563379488,-0.4639175256630118,-0.5269461077842734,-0.36363636363618,0.3661971829794134,0.3098039215685059,0.466666666666321,255.0,147.0,135.0,255.0,80.0,48.0,63.0,79.0,1.462686567163997,1.505882352940586,1
0.2677595628414569,0.5737704918028084,0.0403587443946097,0.4999999999996094,0.8506224064815091,-0.414634146341337,-0.739837398373683,10.0,0.4137931034480975,0.1495327102803039,213.0,134.0,214.0,232.0,69.0,26.0,32.0,96.0,1.5035063113602378,0.958525345621678,1
0.0511627906976506,0.645569620252756,-0.1374045801526193,0.5568862275445767,1.0,0.0699588477365967,-0.6021505376340849,0.0,1.150442477875088,0.24832214765084,169.0,102.0,149.0,113.0,107.0,28.0,37.0,130.0,1.679012345678667,0.7645051194536641,1
0.5822222222219635,0.1891891891890187,0.3234200743493222,-0.0364963503649368,-1.0,-0.4590163934424348,-0.1234567901233806,0.0,0.3707865168537243,0.7802197802189228,214.0,47.0,91.0,178.0,41.0,45.0,71.0,66.0,0.77366255144017,1.8274111675117628,1
0.2467532467531666,-0.2727272727271074,0.163636363636314,-0.1666666666665509,1.0,-0.523809523809316,-0.2432432432431336,0.0,0.3124999999998372,0.608695652173472,155.0,116.0,138.0,192.0,17.0,105.0,84.0,60.0,1.602763385146528,2.9268292682916632,1
0.3017751479289048,0.0412371134020406,0.1733333333332871,0.2095808383232278,0.0946622184905434,-0.3707165109033113,-0.4027149321265146,1.209120220398298,0.4590909090907004,0.4258064516126285,254.0,118.0,155.0,220.0,38.0,93.0,66.0,101.0,1.329577464788545,2.289230769230065,1
0.0209790209790136,0.2549019607841471,-0.1042944785275753,0.4117647058820502,1.0,-0.2066115702478485,-0.6363636363633471,0.0,0.6575342465748921,0.2222222222220987,161.0,140.0,180.0,146.0,190.0,57.0,40.0,96.0,1.908006814309726,1.139999999999715,1
0.5789473684207987,0.3412698412697059,0.439999999999824,0.438297872340239,-0.0019379844959161,-0.0315186246418247,-0.0294117647058607,0.9961315278200028,0.9388888888883672,0.942857142855796,239.0,48.0,70.0,180.0,149.0,83.0,66.0,169.0,0.7456310679610202,1.3719008264459975,1
-0.2399999999999314,0.2678571428569037,-0.2485875706213987,0.1359999999998912,-1.0,-0.303921568627302,-0.6072727272725065,0.0,0.5338345864657641,0.2443438914026043,164.0,217.0,221.0,133.0,106.0,41.0,54.0,71.0,2.374829001367664,1.2664092664087776,1
-0.2199170124480415,0.4406779661013214,-0.1644444444443713,0.666666666666013,1.0,-0.0502793296089104,-0.7702702702697499,0.0,0.9042553191479742,0.1297709923663131,178.0,147.0,131.0,94.0,68.0,33.0,17.0,85.0,2.077738515900693,1.2054794520542442,1
0.4071428571427117,0.6543209876540518,0.349315068493031,0.6962025316452759,0.3317853884747402,0.0100502512562788,-0.4503816793889692,1.9930503841401284,1.020304568527401,0.3789473684206537,192.0,83.0,95.0,197.0,67.0,42.0,36.0,201.0,1.1963963963961808,0.9545454545451834,1
0.3672922252009739,0.4731707317070863,0.3043478260868787,0.6502732240433605,0.3623693379410083,-0.2561576354679172,-0.6190476190472506,2.1366120211552726,0.5921568627448659,0.2352941176468858,124.0,118.0,136.0,255.0,98.0,54.0,32.0,151.0,1.5349593495932463,1.2100840336131065,1
0.469964664310788,0.7403508771927227,0.3639344262293889,0.6315789473682133,0.2688507540031544,0.0877192982455948,-0.2679738562089752,1.7354196296796207,1.1923076923071192,0.5773195876282708,137.0,75.0,97.0,208.0,142.0,37.0,56.0,248.0,1.2121212121209672,0.6379310344826211,1
0.2408759124087005,0.6205533596835492,0.4697406340056283,0.4963503649633225,0.0275437106683932,-0.1086956521738894,-0.1428571428570541,1.056647709237159,0.8039215686271357,0.7499999999991848,255.0,156.0,92.0,255.0,162.0,48.0,69.0,205.0,1.518248175182297,0.8293736501078123,1
0.1999999999999529,0.7589285714282327,0.0920770877944128,0.3680555555554278,0.599780240958061,-0.128318584070768,-0.3993399339932675,3.9972545176220886,0.7725490196075402,0.4292452830186655,255.0,170.0,212.0,255.0,216.0,27.0,91.0,197.0,1.5999999999998116,0.46252676659519,1
0.4912280701752949,0.5733333333325689,0.3896457765666513,0.7101449275352026,0.2914183123607556,-0.6242038216558522,-0.8360655737698065,1.8225397785916304,0.2313725490195171,0.0892857142856345,255.0,87.0,112.0,255.0,80.0,16.0,10.0,59.0,1.017543859648974,0.7485380116954687,1
0.2348668280871102,0.6593886462879217,0.2142857142856632,0.4671814671812868,0.3711048158095022,-0.1460674157303042,-0.4102564102562349,2.18018017916244,0.7450980392153941,0.4181818181815647,240.0,158.0,165.0,255.0,220.0,39.0,69.0,190.0,1.5585696670774896,0.639344262294951,1
-0.0079051383399193,0.4999999999998016,-0.0079051383399193,0.7914691943124211,1.0,-0.1409090909090589,-0.841155234656736,0.0,0.752988047808465,0.0862745098038877,211.0,255.0,255.0,251.0,250.0,63.0,22.0,189.0,2.0987654320985496,0.8920353982299305,1
0.0,0.3881278538811013,0.0714285714285564,0.670329670329302,0.8074074072984979,-0.2530712530711909,-0.7609561752985017,9.38461537147374,0.5960784313723153,0.1357466063347802,249.0,255.0,221.0,255.0,206.0,67.0,30.0,152.0,2.0118343195264288,1.0894308943087216,1
0.23227383863075,0.3380281690138464,0.2475247524751862,0.9999999999989474,0.6031746031259974,-0.4524495677232125,-0.9999999999993422,4.039999998364587,0.3769841269839774,0.0,122.0,157.0,152.0,252.0,219.0,47.0,0.0,95.0,1.825581395348572,0.9215686274507544,1
0.0483091787439496,0.2666666666662222,0.0093023255813931,0.6170212765944318,0.970295465163401,-0.7019607843134502,-0.9189189189185052,10.0,0.1751152073731912,0.0422535211267407,201.0,197.0,213.0,217.0,165.0,22.0,9.0,38.0,1.94088669950715,0.7125506072871609,1
-0.0747922437672923,0.5688622754487612,-0.1117021276595447,0.6477987421379574,1.0,-0.1208053691274762,-0.7637130801684542,0.0,0.7844311377240812,0.1339712918659646,211.0,194.0,209.0,167.0,182.0,36.0,28.0,131.0,2.026109660574148,0.7480519480517538,1
0.3974358974356427,0.4444444444439506,0.3132530120480041,0.2380952380950113,-0.1363163371242509,-0.2528735632182455,-0.1752577319585822,0.7600732598303552,0.5963302752288107,0.7017543859636811,96.0,47.0,57.0,109.0,45.0,25.0,40.0,65.0,1.2575250836116196,1.2499999999992188,1
0.123425692695183,0.1464968152865309,0.0931372549019379,0.0714285714285289,-0.1319148935370339,-0.4249201277953914,-0.4068441064637236,0.7669172924093873,0.4035874439460074,0.4216216216213937,247.0,174.0,185.0,223.0,65.0,67.0,78.0,90.0,1.7017114914423346,1.854671280276175,1
-0.0685579196217332,0.2244897959182528,-0.1085972850678487,0.2834224598928966,1.0,-0.2429022082018161,-0.5705128205126376,0.0,0.6091370558372543,0.2734693877549904,255.0,226.0,245.0,197.0,66.0,76.0,67.0,120.0,1.9999999999997784,1.7988165680468051,1
0.0366748166259079,0.7445255474449838,-0.0535714285714166,0.8745098039212257,1.0,0.0598669623059734,-0.8730158730155266,0.0,1.127358490565506,0.0677966101694628,188.0,197.0,236.0,212.0,194.0,35.0,16.0,239.0,1.9848866498738051,0.5566600397613207,1
-0.0206896551724066,0.6159999999997536,0.1093749999999572,0.501858736059293,0.6421172668340387,0.174418604651112,-0.2596685082871494,4.588422725491627,1.422535211266604,0.5877192982450985,197.0,148.0,114.0,142.0,104.0,48.0,67.0,202.0,1.8645669291335645,0.9552238805967772,1
0.0357142857142729,0.6496350364958763,-0.0429042904290287,0.467532467532164,1.0,-0.1240310077518899,-0.5879396984921669,0.0,0.7793103448270489,0.2594936708859117,183.0,135.0,158.0,145.0,84.0,24.0,41.0,113.0,1.80602006688933,0.7836734693874353,1
