NDPI_Pre,NDPI_Post,NDBI_Pre,NDBI_Post,NORMALIZED_NDBI,NORMALIZED_VV,NORMALIZED_VH,RBR_NDBI,RBR_VV,RBR_VH,HH_Pre,HV_Pre,VH_Pre,VV_Pre,HH_Post,HV_Post,VH_Post,VV_Post,IRV_Pre,IRV_Post,Burn_Classification
-0.40883977900541196,0.6612377850160713,-0.40883977900541196,0.6190476190474226,1.0,0.40883977900541196,-0.6190476190474226,0.0,2.3831775700912305,0.23529411764696656,228.0,255.0,255.0,107.0,255.0,52.0,60.0,255.0,2.414201183431667,0.6775244299673163,1
-0.4049586776858389,0.3271028037382159,-0.4049586776858389,0.2640949554895359,-1.0,0.3271028037382159,-0.3456464379946318,0.0,1.972222222220396,0.4862745098037309,151.0,255.0,255.0,108.0,94.0,108.0,124.0,213.0,2.65279583875128,1.6520076481832404,1
-0.4154929577463326,0.5044247787609132,-0.4713375796176843,0.5044247787609132,1.0,0.5088757396448199,-0.4666666666665185,0.0,3.0722891566228046,0.3636363636362062,187.0,201.0,231.0,83.0,179.0,84.0,84.0,255.0,2.3928571428567866,1.1162790697672564,1
-0.019943019943014263,0.41666666666655094,-0.005780346820807578,0.6293929712458053,1.0,0.19437939110065705,-0.4999999999997845,0.0,1.482558139534022,0.3333333333331418,163.0,179.0,174.0,172.0,255.0,105.0,58.0,255.0,2.066378066377768,1.1666666666665046,1
-0.39887640449427,0.1811023622045818,-0.26962457337874757,0.3274336283182943,1.0,-0.17582417582407922,-0.6607142857139908,0.0,0.7009345794385973,0.2043010752687074,179.0,249.0,186.0,107.0,80.0,52.0,38.0,75.0,2.540816326530288,1.6061776061769861,1
-0.09041095890408482,0.1499999999998125,-0.11229946524061168,0.17948717948694937,1.0,-0.5660377358487897,-0.7333333333330279,0.0,0.27710843373477284,0.15384615384607989,234.0,199.0,208.0,166.0,49.0,34.0,32.0,46.0,1.994987468671429,1.668711656440694,1
0.0024330900243303083,0.6306306306303466,-0.04629629629628558,0.5670995670993216,1.0,-0.06459948320411768,-0.6376811594200589,0.0,0.8786407766986026,0.22123893805299946,162.0,205.0,226.0,206.0,129.0,41.0,50.0,181.0,2.10796915167068,0.8367346938773376,1
-0.11842105263154,0.2807881773397632,-0.17027863777084512,0.42076502732217447,1.0,-0.015151515151509413,-0.5619834710741479,0.0,0.9701492537306193,0.2804232804231321,177.0,170.0,189.0,134.0,45.0,73.0,53.0,130.0,2.0890937019966067,1.8193146417439816,1
-0.006342494714586397,0.43459915611796013,0.10328638497650158,0.6267942583729059,0.7170548597521912,-0.1604938271604542,-0.660869565217104,6.068508041100049,0.7234042553188411,0.20418848167528578,217.0,238.0,191.0,235.0,139.0,67.0,39.0,170.0,2.051724137930813,1.2099322799094334,1
-0.04508196721310552,0.5569620253162795,-0.04508196721310552,0.9679999999996128,1.0,0.027139874739034002,-0.969111969111595,0.0,1.0557939914158558,0.01568627450979777,210.0,255.0,255.0,233.0,131.0,70.0,4.0,246.0,2.1406086044069106,1.0831721470017246,1
-0.3569321533922251,0.5409836065571997,-0.4010989010987909,0.5932203389828498,1.0,0.3662790697673354,-0.6190476190474226,0.0,2.155963302750316,0.23529411764696656,255.0,230.0,255.0,109.0,72.0,70.0,60.0,235.0,2.233009708737593,1.2527964205813753,1
0.08370044052861593,0.6981132075467308,0.029288702928864166,0.9999999999992594,0.9430894308026542,-0.2913385826770889,-0.999999999999569,10.0,0.548780487804655,0.0,255.0,208.0,232.0,246.0,92.0,24.0,0.0,135.0,1.8146128680477847,0.6981818181815643,1
-0.02586206896551167,0.8085106382975856,0.04387990762123698,0.9999999999996079,0.9159292034520672,0.060291060291047756,-0.9999999999995169,10.0,1.1283185840702972,0.0,128.0,238.0,207.0,226.0,113.0,27.0,0.0,255.0,2.2939759036141814,0.5118483412321062,1
-0.579766536964755,0.5849056603771378,-0.5999999999997778,0.7647058823526199,1.0,0.5909090909088671,-0.7704918032783727,0.0,3.888888888881687,0.12962962962956961,175.0,203.0,216.0,54.0,77.0,55.0,28.0,210.0,2.557480314960227,1.1083123425689905,1
-0.2480417754568543,-0.8048780487785246,-0.18873239436614403,-0.8947368421040859,0.6516146689158923,-0.9459459459453069,-0.49116607773834237,4.740769837542348,0.02777777777775849,0.34123222748799,150.0,239.0,211.0,144.0,0.0,37.0,72.0,4.0,2.476683937823513,3.7948717948669297,1
-0.2561576354679172,-0.17757009345777797,-0.2561576354679172,0.35384615384560947,1.0,-0.5487179487176673,-0.8478260869562146,0.0,0.2913907284766282,0.0823529411764383,255.0,255.0,255.0,151.0,88.0,63.0,21.0,44.0,2.227074235807617,1.9534883720922662,1
-0.07352941176468786,0.4950166112955166,-0.14672686230244994,0.5679442508708823,1.0,0.08695652173910944,-0.6075949367086685,0.0,1.1904761904755607,0.2440944881888803,255.0,219.0,254.0,189.0,136.0,76.0,62.0,225.0,1.9863945578229039,1.185185185184954,1
-0.13082039911305304,0.45251396648019415,-0.13082039911305304,0.2560386473428715,1.0,-0.20245398772999926,-0.5361445783130916,0.0,0.6632653061221107,0.30196078431360707,179.0,255.0,255.0,196.0,67.0,49.0,77.0,130.0,2.3050847457624513,1.3288135593215835,1
-0.0361445783132443,0.1731843575418027,0.01010101010100755,0.2650602409636958,0.9265811584425352,-0.31147540983596345,-0.52529182879357,10.0,0.5249999999997376,0.3112244897957596,136.0,215.0,196.0,200.0,108.0,74.0,61.0,105.0,2.2454308093991844,1.639889196675446,1
-0.16455696202526437,0.5111111111109219,-0.24571428571421552,0.4890510948903325,1.0,0.21428571428565052,-0.5138888888887104,0.0,1.5454545454533748,0.3211009174310454,215.0,184.0,218.0,132.0,142.0,66.0,70.0,204.0,2.058741258740971,1.10460251046002,1
-0.2686567164178436,0.22123893805299946,-0.2686567164178436,0.09960159362545833,-1.0,-0.03157894736840997,-0.38586956521728644,0.0,0.9387755102034431,0.443137254901787,204.0,255.0,255.0,147.0,202.0,88.0,113.0,138.0,2.3693379790938014,1.3643410852710534,1
-0.20283018867919744,0.460606060605921,-0.20283018867919744,0.645051194539029,1.0,0.17560975609751814,-0.6612377850160713,0.0,1.4260355029577363,0.203921568627371,119.0,255.0,255.0,169.0,107.0,89.0,52.0,241.0,2.5563909774432885,1.3536121673001227,1
-0.039513677811538146,0.451505016722257,0.03606557377047998,0.5121951219510411,0.868436405909277,0.1573333333332914,-0.35483870967725584,10.0,1.3734177215181183,0.4761904761901523,124.0,171.0,147.0,158.0,151.0,82.0,70.0,217.0,2.192307692307341,1.2330827067666854,1
-0.29464285714272564,-0.13999999999986,-0.15957446808502151,0.023809523809495463,-1.0,-0.2950819672128729,-0.45333333333303116,0.0,0.5443037974676654,0.3761467889904806,77.0,145.0,109.0,79.0,106.0,57.0,41.0,43.0,2.600896860985964,1.7338403041818504,1
0.4049586776857831,0.2903225806448491,0.19298245614028317,0.7647058823518166,0.5969827585579934,-0.47826086956500946,-0.8699186991862846,3.9625668428620187,0.35294117647038065,0.06956521739124386,106.0,72.0,115.0,170.0,141.0,33.0,8.0,60.0,1.371428571428245,0.9887640449434499,1
0.15165876777247592,0.5375722543349494,0.03404255319148212,0.602409638553854,0.8930240050151175,-0.2925531914892839,-0.7461538461535592,10.0,0.5473251028804332,0.145374449339143,211.0,179.0,227.0,243.0,60.0,40.0,33.0,133.0,1.7635467980293393,1.1721611721607428,1
-0.2678571428570233,0.4189944134075872,-0.2645739910312715,0.3092783505153045,1.0,0.21531100478458598,-0.35576923076905975,0.0,1.5487804878029892,0.475177304964202,172.0,142.0,141.0,82.0,20.0,52.0,67.0,127.0,2.111524163568381,1.6573705179276266,1
0.2718204488777377,0.6174863387974768,0.19437939110065705,0.7011494252869535,0.5658891426564244,-0.2655086848634577,-0.737373737373365,3.6071181258262084,0.5803921568625175,0.15116279069758654,240.0,146.0,172.0,255.0,102.0,35.0,26.0,148.0,1.484116899618617,0.8749999999997266,1
-0.11842105263155298,0.44642857142837217,-0.11842105263155298,0.687499999999642,1.0,-0.10743801652889602,-0.7894736842102493,0.0,0.8059701492533304,0.11764705882348328,221.0,255.0,255.0,201.0,186.0,62.0,30.0,162.0,2.188841201716503,1.050847457626896,1
-0.33858267716526547,0.12195121951214555,-0.33858267716526547,0.25454545454533883,-1.0,0.04545454545452824,-0.5133531157268506,0.0,1.095238095237226,0.3215686274508543,177.0,255.0,255.0,126.0,172.0,108.0,82.0,138.0,2.5092250922506136,1.6425855513304861,1
0.051162790697662525,0.5577889447233378,0.07109004739334808,0.9620253164550874,0.8623773299205406,-0.1863517060366965,-0.9698492462306685,10.0,0.6858407079642983,0.015306122448971783,211.0,204.0,196.0,226.0,57.0,44.0,3.0,155.0,1.9313609467453334,1.1733333333329423,1
-0.19437939110065705,0.680933852139813,-0.19437939110065705,0.8620689655168698,1.0,0.11340206185564088,-0.8819188191878665,0.0,1.255813953487642,0.06274509803919108,255.0,255.0,255.0,172.0,40.0,41.0,16.0,216.0,2.1771611526144956,0.9704142011831449,1
-0.13714285714281796,0.5614035087716837,-0.08206686930088691,0.6713615023471027,1.0,0.08206686930088691,-0.6713615023471027,0.0,1.178807947019087,0.1966292134830356,197.0,199.0,178.0,151.0,105.0,50.0,35.0,178.0,2.134048257372368,1.0443864229762287,1
-0.24623115577883262,-0.018181818181785124,-0.14285714285710205,0.018867924528266286,-1.0,-0.6949152542368956,-0.7699115044244381,0.0,0.17999999999988,0.129999999999935,152.0,248.0,200.0,150.0,126.0,28.0,26.0,27.0,2.486215538846806,1.071770334927717,1
-0.2878787878787152,0.175675675675557,-0.2878787878787152,0.4032258064512877,1.0,-0.23684210526305402,-0.7465753424654977,0.0,0.6170212765953071,0.1450980392156294,240.0,255.0,255.0,141.0,134.0,61.0,37.0,87.0,2.2895622895620327,1.4227405247809264,1
-0.0031545741324911186,0.47368421052610804,0.019354838709671175,0.5483870967739408,0.9318181816540457,0.030674846625757462,-0.5124378109450187,10.0,1.0632911392398334,0.32236842105241953,172.0,159.0,152.0,158.0,93.0,60.0,49.0,168.0,1.96296296296266,1.2598425196847087,1
-0.11597374179428535,0.6413043478257384,-0.11597374179428535,0.4731707317070863,1.0,-0.14447592067984577,-0.6504854368929934,0.0,0.7475247524748775,0.2117647058822699,176.0,255.0,255.0,202.0,175.0,33.0,54.0,151.0,2.2972972972970385,0.6734693877549303,1
-0.01796407185628384,0.5507246376809599,0.0,0.6090225563907485,0.9999999998358025,-0.06956521739128922,-0.6510067114091775,10.0,0.8699186991866383,0.2113821138210523,114.0,255.0,246.0,246.0,64.0,62.0,52.0,214.0,2.344827586206627,1.2338308457708373,1
0.06948640483381587,0.4330708661415618,-0.011173184357538779,0.4918032786883231,1.0,0.01392757660166743,-0.4897119341561771,0.0,1.0282485875700407,0.3425414364638992,169.0,154.0,181.0,177.0,215.0,72.0,62.0,182.0,1.8837920489293754,1.0646950092419474,1
0.032679738562084386,0.5178571428569888,-0.0365853658536511,0.5644171779139373,1.0,0.0365853658536511,-0.5644171779139373,0.0,1.0759493670881537,0.2784313725489104,228.0,222.0,255.0,237.0,255.0,81.0,71.0,255.0,1.9537953795377387,0.9642857142855707,1
0.013192612137199685,0.2073170731706053,-0.01285347043701469,0.3469387755099681,1.0,-0.31958762886586956,-0.6081632653058743,0.0,0.5156249999997314,0.2436548223349017,179.0,187.0,197.0,192.0,71.0,65.0,48.0,99.0,2.008053691274898,1.7333333333327556,1
-0.3209549071617186,0.6694214876027526,-0.3173333333332487,0.3289473684208363,1.0,-0.11790393013095289,-0.6577181208051485,0.0,0.7890624999993836,0.20647773279343867,173.0,249.0,247.0,128.0,5.0,20.0,51.0,101.0,2.493116395494056,1.0958904109581535,1
-0.1670702179176351,0.3684210526311911,-0.17505995203832733,0.23809523809501135,1.0,-0.45147679324875467,-0.7192982456137827,0.0,0.37790697674396634,0.16326530612238235,91.0,241.0,245.0,172.0,77.0,30.0,40.0,65.0,2.5879194630869007,1.1881188118806,1
-0.16455696202526437,0.6129032258060563,0.0,0.49700598802365453,0.9999999997987952,-0.027237354085592518,-0.5172413793100475,10.0,0.9469696969689797,0.31818181818157715,0.0,184.0,132.0,132.0,104.0,30.0,42.0,125.0,2.943999999999411,0.830449826989332,1
-0.07594936708859157,0.6721311475404327,-0.07594936708859157,0.6319999999994944,1.0,-0.3644859813082977,-0.8345323741004192,0.0,0.4657534246573216,0.09019607843133719,119.0,255.0,255.0,219.0,50.0,20.0,23.0,102.0,2.4056603773582066,0.8333333333328994,1
-0.30102040816318854,0.10489510489503155,-0.30102040816318854,0.43636363636323966,1.0,-0.2685185185183942,-0.7832167832165094,0.0,0.5766423357660025,0.12156862745093272,164.0,255.0,255.0,137.0,71.0,64.0,31.0,79.0,2.51541307028329,1.8417266187043735,1
-0.2278481012657507,0.5824175824172625,-0.27810650887565735,0.9862068965510441,1.0,0.08270676691726214,-0.9907834101377924,0.0,1.1803278688514915,0.004629629629627486,196.0,194.0,216.0,122.0,54.0,38.0,1.0,144.0,2.1983002832858074,1.1094890510944857,1
0.10489510489506822,0.4782608695650575,0.0031746031746021667,0.6309963099628668,0.9899881777661619,0.16622691292871605,-0.5169082125601367,10.0,1.3987341772143047,0.31847133757941504,176.0,128.0,157.0,158.0,224.0,78.0,50.0,221.0,1.7355932203386888,1.0382695507485793,1
-0.27065527065519357,0.3665480427044959,-0.274787535410687,0.40145985401445206,1.0,0.1999999999999375,-0.46579804560245414,0.0,1.4999999999988283,0.3644444444442825,118.0,223.0,225.0,128.0,189.0,89.0,82.0,192.0,2.578034682080552,1.2737030411446737,1
-0.13333333333330372,0.4909090909086446,-0.13333333333330372,0.2615384615382604,1.0,-0.40794223826700077,-0.6831683168314577,0.0,0.4205128205126049,0.18823529411757325,255.0,255.0,255.0,195.0,15.0,28.0,48.0,82.0,2.1249999999997784,1.4640522875807425,1
-0.24087591240870052,0.31791907514432494,-0.22194513715705189,0.5724137931030535,1.0,-0.15555555555549794,-0.7753623188402988,0.0,0.7307692307687624,0.12653061224484632,255.0,255.0,245.0,156.0,87.0,59.0,31.0,114.0,2.2149837133548083,1.479623824450947,1
-0.11917098445592768,0.30656934306558153,-0.12144702842374124,0.9144385026733078,1.0,0.025787965616038456,-0.9288888888884761,0.0,1.052941176469969,0.03686635944698762,34.0,216.0,217.0,170.0,108.0,95.0,8.0,179.0,2.7169811320750443,1.5932914046118254,1
-0.17814726840850875,0.28795811518309533,-0.017045454545449704,0.6734693877546439,1.0,-0.16891891891886185,-0.7635467980291806,0.0,0.7109826589591266,0.1340782122904279,183.0,248.0,179.0,173.0,124.0,68.0,24.0,123.0,2.328638497652309,1.420365535247671,1
-0.3157894736841274,0.777777777777323,-0.32467532467524035,0.6084656084652865,1.0,0.07801418439713546,-0.7465753424654977,0.0,1.16923076922987,0.1450980392156294,166.0,250.0,255.0,130.0,92.0,19.0,37.0,152.0,2.512562814070036,0.5390070921983905,1
-0.21179624664873678,0.564356435643285,-0.20108695652168448,0.4905660377356177,1.0,0.03606557377047998,-0.6072727272725065,0.0,1.074829931972058,0.24434389140260437,141.0,226.0,221.0,147.0,178.0,44.0,54.0,158.0,2.4432432432429128,0.8301886792450872,1
-0.19158878504668422,0.5620437956202329,-0.17619047619043424,0.6150943396224094,1.0,0.10594315245475298,-0.6577181208051485,0.0,1.2369942196524641,0.20647773279343867,197.0,255.0,247.0,173.0,240.0,60.0,51.0,214.0,2.3181818181815546,0.8362369337977636,1
0.1681415929203044,0.2895752895751778,0.01278772378516297,0.5321100917428752,0.9530637728087636,-0.08493150684929181,-0.5819672131145156,10.0,0.8434343434339175,0.26424870466307554,70.0,141.0,193.0,198.0,112.0,92.0,51.0,167.0,2.0509090909087178,1.5896328293733069,1
0.09747292418769045,0.6387665198235072,-0.08982035928141023,0.8058252427180554,1.0,0.10059171597630161,-0.801980198019405,0.0,1.2236842105255108,0.10989010989004952,157.0,125.0,182.0,152.0,179.0,41.0,20.0,186.0,1.7889087656526315,0.7337807606262341,1
-0.16923076923072583,0.7142857142854654,-0.20975609756092445,0.7761732851982758,1.0,0.20588235294112603,-0.777777777777499,0.0,1.5185185185175814,0.12499999999994961,240.0,228.0,248.0,162.0,255.0,41.0,31.0,246.0,2.125874125873878,0.5626072041165415,1
-0.3741496598638183,0.746478873238911,-0.38870431893674795,0.8787878787872131,1.0,0.14814814814807956,-0.926267281105564,0.0,1.3478260869550567,0.038277511961704175,161.0,202.0,209.0,92.0,124.0,18.0,8.0,124.0,2.459665144596277,0.5070422535209482,1
-0.18888888888883643,0.2238805970145912,-0.19337016574580293,0.999999999997561,1.0,-0.5614973262029084,-0.9999999999995371,0.0,0.28082191780802684,0.0,94.0,214.0,216.0,146.0,161.0,26.0,0.0,41.0,2.562874251496622,0.8188976377949533,1
0.006896551724136345,0.9824561403500154,0.03546099290779304,0.999999999999115,0.931506849225065,-0.31927710843363877,-0.9999999999995098,10.0,0.5159817351595818,0.0,135.0,216.0,204.0,219.0,127.0,1.0,0.0,113.0,2.1984732824424684,0.03305785123965576,1
-0.026156941649894135,0.54385964912233,-0.018255578093302586,0.9999999999988636,1.0,-0.4666666666665253,-0.9999999999996017,0.0,0.3636363636362134,0.0,91.0,255.0,251.0,242.0,97.0,26.0,0.0,88.0,2.4199288256224887,0.8776371308013174,1
0.0,0.6793893129765807,0.0,0.9298245614026931,0.9999999998924528,-0.3972602739724939,-0.969111969111595,10.0,0.4313725490194387,0.01568627450979777,169.0,255.0,255.0,255.0,94.0,21.0,4.0,110.0,2.184154175588631,0.6829268292680151,1
-0.015936254980076506,0.35537190082615255,-0.015936254980076506,0.3225806451610302,1.0,-0.5015197568387534,-0.7171717171714758,0.0,0.3319838056678818,0.1647058823528766,118.0,255.0,255.0,247.0,81.0,39.0,42.0,82.0,2.331428571428305,1.2946058091280936,1
-0.250936329587921,-0.044943820224693856,-0.22779922779913986,0.3385826771650877,1.0,-0.08108108108103726,-0.5820895522385164,0.0,0.84999999999915,0.2641509433960603,160.0,167.0,159.0,100.0,255.0,93.0,42.0,85.0,2.2491582491578703,1.414448669201252,1
-0.06578947368418889,0.3972602739724939,-0.20891364902501144,0.6943521594682078,1.0,0.284634760705218,-0.6501901140681938,0.0,1.7957746478860594,0.21198156682017882,255.0,162.0,217.0,142.0,167.0,110.0,46.0,255.0,1.7975034674061305,1.3707165109032131,1
-0.1888111888111448,0.5285714285712398,-0.1888111888111448,0.8854625550656893,1.0,0.10309278350512807,-0.9029850746265288,0.0,1.2298850574705575,0.05098039215684275,255.0,255.0,255.0,174.0,111.0,66.0,13.0,214.0,2.1725239616611103,1.1553610503279748,1
-0.03448275862068266,0.5878787878784316,-0.03448275862068266,0.5783132530116999,1.0,-0.2899728997289187,-0.7586206896549108,0.0,0.5504201680669957,0.1372549019607305,255.0,255.0,255.0,238.0,79.0,34.0,35.0,131.0,2.0338983050845427,0.9784172661866984,1
0.07792207792205262,-0.08387096774188138,0.07443365695790471,0.15447154471532157,0.3496551722608272,-0.400843881856371,-0.46666666666642737,2.0752916196923175,0.42771084337323634,0.36363636363610935,179.0,142.0,143.0,166.0,158.0,84.0,52.0,71.0,1.8060413354528129,1.692695214105367,1
0.03883495145630125,0.09999999999997222,0.0835443037974472,0.38461538461525013,0.6430948417927216,-0.03883495145630125,-0.3457249070630685,4.603729598218635,0.9252336448593808,0.4861878453035988,127.0,198.0,181.0,214.0,132.0,162.0,88.0,198.0,2.149253731342992,1.9816513761464858,1
0.05756929637525425,0.298804780876375,0.12727272727269834,0.4818181818179628,0.5820895521431639,-0.2068126520680762,-0.5421686746985774,3.785714282738936,0.657258064515864,0.2968749999998454,187.0,221.0,192.0,248.0,84.0,88.0,57.0,163.0,2.015963511972404,1.6643026004724197,1
-0.2811594202897736,0.5135135135132359,-0.3053221288514551,0.7721518987336886,1.0,0.060606060606037654,-0.8565737051789416,0.0,1.1290322580636056,0.07725321888408702,91.0,221.0,233.0,124.0,136.0,45.0,18.0,140.0,2.6910197869097883,0.9836065573767805,1
0.02298850574711983,0.7235772357720637,-0.002801120448178487,0.7165991902831107,1.0,0.08717948717946483,-0.6728971962613678,0.0,1.1910112359543872,0.195530726256874,141.0,170.0,179.0,178.0,160.0,34.0,35.0,212.0,2.0637329286795048,0.6181818181816777,1
-0.23547400611613595,0.5423197492161309,-0.2401215805470395,0.8923076923073492,1.0,0.326145552560559,-0.8715596330271231,0.0,1.9679999999984257,0.06862745098035852,185.0,202.0,204.0,125.0,116.0,73.0,14.0,246.0,2.2633053221285344,1.1496062992123721,1
-0.6710526315785059,0.041916167664645565,-0.6644295302008965,0.041916167664645565,-1.0,0.5535714285709343,-0.2156862745096982,0.0,3.4799999999860805,0.6451612903220604,58.0,127.0,124.0,25.0,99.0,80.0,80.0,87.0,3.014836795251331,1.849710982658425,1
0.21153846153839376,0.9999999999991072,0.18495297805636837,0.8666666666659444,0.6482511923070456,-0.2558139534882871,-0.8840579710138522,4.685875703678702,0.5925925925922791,0.061538461538414205,198.0,123.0,130.0,189.0,133.0,0.0,8.0,112.0,1.5545023696680007,0.0,1
-0.2754491017963247,0.8085106382975856,-0.29855072463759463,0.8681318681315502,1.0,0.3563829787233095,-0.8512396694211359,0.0,2.1074380165271838,0.08035714285710699,255.0,213.0,224.0,121.0,178.0,27.0,18.0,255.0,2.1246882793014805,0.44353182751530934,1
-0.05820105820104281,0.908713692945681,-0.07291666666664769,0.9999999999995652,1.0,0.12745098039212563,-0.9999999999995146,0.0,1.2921348314599483,0.0,247.0,200.0,206.0,178.0,95.0,11.0,0.0,230.0,1.9393939393937043,0.2536023054754312,1
-0.1356466876971181,0.8666666666661852,-0.24725274725267934,0.9764705882347198,1.0,0.10163934426226176,-0.982532751091274,0.0,1.2262773722618787,0.008810572687220788,180.0,180.0,227.0,137.0,250.0,12.0,2.0,168.0,2.127031019202049,0.21719457013569748,1
-0.030973451327426776,0.5737704918029652,0.04285714285713266,0.9862068965510441,0.9167065580726824,-0.20661157024787696,-0.9900990099005,10.0,0.6575342465750422,0.004975124378106978,200.0,233.0,201.0,219.0,170.0,39.0,1.0,144.0,2.1062146892652986,0.7959183673467357,1
0.0,0.7724550898198967,0.0,0.6818181818177945,0.9999999998533333,-0.2655086848634577,-0.8021201413424728,10.0,0.5803921568625175,0.1098039215685844,119.0,255.0,255.0,255.0,87.0,19.0,28.0,148.0,2.3076923076920464,0.5567765567763528,1
0.0,0.37853107344611386,0.0,0.5061728395058605,0.999999999802439,-0.3527851458885006,-0.7288135593217868,10.0,0.478431372548832,0.1568627450979777,171.0,255.0,255.0,255.0,95.0,55.0,40.0,122.0,2.1794871794869466,1.3455657492350626,1
-0.04508196721310552,0.5492957746475006,-0.04508196721310552,0.6666666666661617,1.0,-0.3586005830902745,-0.841155234656736,0.0,0.4721030042916429,0.08627450980388773,63.0,255.0,255.0,233.0,227.0,32.0,22.0,110.0,2.531017369726733,0.6384039900247784,1
-0.25757575757569257,0.36585365853647384,-0.2686567164178436,0.38271604938259796,1.0,0.2075471698112648,-0.43661971830973617,0.0,1.5238095238084874,0.39215686274494427,81.0,249.0,255.0,147.0,188.0,104.0,100.0,224.0,2.743801652892184,1.3419354838707511,1
-0.3421052631578047,0.34074074074061456,-0.3421052631578047,0.40310077519364224,1.0,0.18300653594765262,-0.5361445783130916,0.0,1.4479999999988415,0.30196078431360707,188.0,255.0,255.0,125.0,81.0,89.0,77.0,181.0,2.4787363304978762,1.6181818181814505,1
-0.11842105263155298,0.2686567164178102,-0.11842105263155298,0.5525114155248619,1.0,-0.08355795148245726,-0.6776315789471455,0.0,0.8457711442781862,0.1921568627450227,168.0,255.0,255.0,201.0,165.0,98.0,49.0,170.0,2.320819112627722,1.4764595103575373,1
-0.2768729641692909,0.5573770491800994,-0.3546511627905946,0.7511520737323728,1.0,0.26245847176071013,-0.7923076923073876,0.0,1.7117117117101697,0.11587982832613053,156.0,196.0,233.0,111.0,122.0,54.0,27.0,190.0,2.379362670712841,1.0285714285711838,1
-0.6139240506327172,-0.05185185185181345,-0.5878378378376393,-0.05882352941172146,-0.818070067735669,0.0239999999999808,-0.5309446254069932,0.10006761326918066,1.0491803278671326,0.3063829787232739,125.0,255.0,235.0,61.0,147.0,71.0,72.0,64.0,2.9310344827581996,1.6090651558069096,1
-0.25139664804462253,0.28767123287663354,-0.1624999999999492,0.2401055408970343,1.0,0.2737127371272971,-0.1272727272726887,0.0,1.7537313432822734,0.7741935483866806,173.0,224.0,186.0,134.0,151.0,130.0,144.0,235.0,2.37350993377452,1.6099071207427846,1
0.1904761904761401,0.31578947368407206,0.15384615384611441,0.3824884792624966,0.4263053535225464,-0.19999999999994666,-0.4224137931032662,2.486175113590851,0.6666666666663704,0.40606060606036,143.0,153.0,165.0,225.0,120.0,78.0,67.0,150.0,1.816023738872134,1.4647887323940223,1
0.039370078740141985,0.27272727272714875,0.08196721311472051,0.5909090909087552,0.7563676632319654,0.029411764705871542,-0.5135135135131665,7.209090900294678,1.0606060606052572,0.32142857142828446,144.0,122.0,112.0,132.0,145.0,80.0,36.0,140.0,1.8769230769227159,1.4382022471906881,1
0.09154929577461565,0.4918032786883231,-0.0032154340836002522,0.8958333333328669,1.0,0.08011869436199404,-0.8795180722886269,0.0,1.1741935483863393,0.06410256410252302,146.0,129.0,156.0,155.0,188.0,62.0,10.0,182.0,1.8461538461535159,1.0040485829957482,1
-0.4260869565215539,0.13385826771648274,-0.35294117647041523,0.5824175824172625,1.0,0.3714285714283946,-0.5681818181814954,0.0,2.181818181814876,0.2753623188403802,94.0,164.0,138.0,66.0,79.0,110.0,38.0,144.0,2.6885245901633836,1.986455981940861,1
-0.04032258064514503,0.13761467889901946,-0.1877133105801407,0.29166666666651475,1.0,0.020576131687234333,-0.43801652892543885,0.0,1.0420168067218134,0.39080459770092485,64.0,129.0,174.0,119.0,153.0,94.0,68.0,124.0,2.340136054421238,1.617204301074921,1
-0.05705705705703992,0.7341772151894088,0.06440677966099512,0.7677419354833757,0.8452036792676385,-0.0680272108843306,-0.7692307692302762,10.0,0.8726114649675971,0.13043478260860114,227.0,176.0,138.0,157.0,39.0,21.0,18.0,137.0,1.9130434782606096,0.7706422018345089,1
-0.34948096885801055,0.571428571428394,-0.2824427480914953,0.7094594594592198,1.0,0.45821325648401784,-0.5924170616110936,0.0,2.691489361699264,0.2559523809522286,133.0,195.0,168.0,94.0,65.0,69.0,43.0,253.0,2.5283630470012106,1.2105263157892083,1
0.19322033898298535,0.3561643835613999,0.4079999999998368,0.6229508196716205,0.2084976465894215,-0.2799999999998982,-0.5257731958757467,1.5268402439195725,0.5624999999996805,0.3108108108103908,203.0,119.0,74.0,176.0,109.0,47.0,23.0,99.0,1.5429497568879185,1.2450331125823693,1
-0.3281249999998718,0.7813765182183072,-0.39436619718295973,0.9730941704031512,1.0,0.43790849673188303,-0.9701492537308607,0.0,2.558139534880746,0.0151515151515075,228.0,170.0,198.0,86.0,101.0,27.0,3.0,220.0,2.0795107033635962,0.5759999999998464,1
0.012048192771080709,0.7333333333329574,-0.017543859649117678,0.8369565217386756,1.0,0.0029673590504442236,-0.8412698412693962,0.0,1.0059523809517823,0.0862068965516746,143.0,164.0,174.0,168.0,131.0,26.0,15.0,169.0,2.0532081377148583,0.5909090909089231,1
-0.013452914798203262,0.6867469879513936,-0.05982905982904704,0.7283950617279454,1.0,-0.2222222222221605,-0.837037037036727,0.0,0.6363636363633471,0.08870967741931907,190.0,226.0,248.0,220.0,55.0,26.0,22.0,140.0,2.0974477958234226,0.8421052631575539,1
-0.08799999999997654,0.5121951219509072,-0.1895734597155949,0.3854748603349802,1.0,-0.1593220338982511,-0.6405228758167841,0.0,0.7251461988299853,0.21912350597600833,198.0,204.0,251.0,171.0,88.0,40.0,55.0,124.0,2.1003861003858297,1.0958904109585288,1
0.02185792349726179,0.5709570957093826,-0.11583924349879059,0.7060931899639047,1.0,0.11999999999997177,-0.7039711191333199,0.0,1.2727272727265921,0.17372881355924844,150.0,179.0,236.0,187.0,154.0,65.0,41.0,238.0,2.0604316546759622,0.996168582375288,1
0.0,0.36603773584891847,0.0,0.3457249070630685,0.9999999997107527,-0.1697247706421629,-0.48688046647216127,10.0,0.7098039215683491,0.34509803921555093,216.0,255.0,255.0,255.0,22.0,84.0,88.0,181.0,2.0795107033637024,1.811320754716493,1
-0.2781954887217348,0.15686274509788542,-0.2781954887217348,-0.13235294117637328,-0.35523835182387925,-0.41871921182245386,-0.5361445783130916,0.4757551671024217,0.4097222222219377,0.30196078431360707,169.0,255.0,255.0,144.0,49.0,43.0,77.0,59.0,2.4787363304978762,1.773195876287746,1
-0.42857142857130853,0.5839999999997665,-0.42857142857130853,0.34237288135581617,-1.0,0.31999999999989337,-0.44886363636350884,0.0,1.9411764705863321,0.3803921568625959,203.0,255.0,255.0,102.0,194.0,52.0,97.0,198.0,2.5030674846622696,0.8387096774191858,1
-0.3934426229507122,0.6356877323417711,-0.37815126050409575,0.6296296296293965,1.0,0.32930513595156213,-0.6621621621619385,0.0,1.9819819819801965,0.2032520325202426,218.0,255.0,246.0,111.0,98.0,49.0,50.0,220.0,2.431466030988983,0.9423076923074658,1
-0.4655172413791766,0.42574257425728523,-0.4655172413791766,0.7007874015745272,1.0,0.39805825242705567,-0.740614334470737,0.0,2.322580645158793,0.14901960784307883,198.0,255.0,255.0,93.0,83.0,87.0,38.0,216.0,2.546816479400431,1.471458773784044,1
-0.4511627906974646,0.647058823529158,-0.44339622641488524,0.4788732394364511,1.0,0.5613382899626166,-0.34801762114522117,0.0,3.5593220338922724,0.48366013071863817,215.0,156.0,153.0,59.0,105.0,45.0,74.0,210.0,2.1296928327641416,0.8888888888886695,1
-0.20707070707065478,0.13636363636353308,-0.2378640776698452,0.4150943396222499,1.0,-0.3534482758619166,-0.7832167832165094,0.0,0.4777070063691225,0.12156862745093272,211.0,239.0,255.0,157.0,104.0,57.0,31.0,75.0,2.26004728132361,1.5563139931735304,1
-0.21227621483370532,0.2803347280333555,-0.24694376528111323,0.5376884422107852,1.0,-0.003257328990226952,-0.6943521594682078,0.0,0.9935064935058484,0.18039215686267437,155.0,237.0,255.0,154.0,89.0,86.0,46.0,153.0,2.4214559386970085,1.6618357487918691,1
-0.35433070866127786,0.4355400696862594,-0.3740458015265748,0.7310924369744828,1.0,0.4305555555554061,-0.6981132075468406,0.0,2.5121951219481558,0.17777777777767903,145.0,172.0,180.0,82.0,116.0,81.0,32.0,206.0,2.4098073555162154,1.3388429752063349,1
-0.3569321533922251,0.08771929824557556,-0.39106145251385727,0.24623115577877075,-1.0,0.06437768240340586,-0.5370370370368713,0.0,1.1376146788980388,0.3012048192769875,195.0,230.0,249.0,109.0,126.0,104.0,75.0,124.0,2.40837696335047,1.8165938864624855,1
0.19186046511622332,0.4074074074072398,0.030150753768836646,0.35714285714271543,0.8443002778171969,-0.09042553191486957,-0.4087591240874421,10.0,0.8341463414630078,0.419689119170767,34.0,139.0,193.0,205.0,193.0,72.0,81.0,171.0,2.150870406189139,1.1338582677163123,1
0.026178010471197336,0.7211538461534995,-0.03448275862068116,0.49790794979058667,1.0,-0.04533333333332125,-0.5555555555553499,0.0,0.9132653061219831,0.2857142857141497,255.0,186.0,210.0,196.0,57.0,29.0,60.0,179.0,1.8080194410690391,0.789115646258235,1
0.12621359223296888,0.6073619631898115,0.07076923076920899,0.5321637426897473,0.7652500894038796,-0.14098360655733083,-0.5811518324604288,7.519705049123074,0.7528735632179582,0.26490066225148023,163.0,135.0,151.0,174.0,27.0,32.0,40.0,131.0,1.7792421746290312,1.1531531531526338,1
-0.39184952978044146,0.7080291970797752,-0.2651515151514147,0.5810810810806885,1.0,0.09345794392518998,-0.68686868686834,0.0,1.2061855670090658,0.18562874251485892,240.0,222.0,167.0,97.0,26.0,20.0,31.0,117.0,2.2740076824580955,0.8743169398902326,1
-0.1420118343194846,0.666666666665812,-0.14956011730200894,0.9999999999984616,1.0,-0.3809523809521996,-0.9999999999994899,0.0,0.4482758620686564,0.0,91.0,193.0,196.0,145.0,26.0,13.0,0.0,65.0,2.4823151125397938,0.8888888888881291,1
0.011173184357538779,0.7729729729725552,0.09036144578310532,0.9999999999993903,0.8342541435698503,-0.0492753623188263,-0.9999999999993379,10.0,0.9060773480657978,0.0,109.0,177.0,151.0,181.0,120.0,21.0,0.0,164.0,2.1987577639748137,0.5153374233127254,1
0.1111111111110869,0.5671641791040544,0.18329466357304333,0.9999999999990477,0.6901960783728556,-0.41666666666655094,-0.9999999999994319,5.4556961995512525,0.4117647058821915,0.0,147.0,204.0,176.0,255.0,25.0,29.0,0.0,105.0,2.014814814814566,1.234042553190833,1
0.005917159763312443,0.20930232558123313,0.03030303030302418,0.8571428571418367,0.931707316968118,-0.5315315315313719,-0.9512195121947353,10.0,0.30588235294105653,0.024999999999989586,224.0,252.0,240.0,255.0,66.0,51.0,6.0,78.0,2.050864699898062,1.6585365853651794,1
-0.3159420289854157,0.3253012048191465,-0.36729222520097393,0.7098445595851245,1.0,0.16607773851584237,-0.8021201413424728,0.0,1.3983050847445777,0.1098039215685844,254.0,227.0,255.0,118.0,106.0,84.0,28.0,165.0,2.198547215496102,1.5307517084278974,1
-0.09207708779441283,-0.2159999999998272,-0.09207708779441283,-0.14782608695639318,0.23238124815616337,-0.6245210727966957,-0.5887850467287885,1.6054600624098927,0.2311320754715891,0.2588235294116632,255.0,255.0,255.0,212.0,84.0,76.0,66.0,49.0,2.0880245649946683,2.133333333332585,1
-0.5596330275227647,-0.3636363636359504,-0.5596330275227647,-0.2911392405059606,-0.31558831562584216,-0.43999999999955997,-0.6666666666664488,0.5202324134562285,0.38888888888834877,0.19999999999992157,178.0,255.0,255.0,72.0,109.0,60.0,51.0,28.0,2.6842105263154363,1.8677042801549153,1
-0.06966292134829895,0.6346153846151812,-0.10389610389608141,0.48255813953474347,1.0,0.10389610389608141,-0.48255813953474347,0.0,1.2318840579704196,0.3490196078430004,234.0,238.0,255.0,207.0,168.0,57.0,89.0,255.0,2.076335877862369,0.8491620111730261,1
0.10499999999997375,0.5706806282719525,0.035128805620600674,0.554404145077433,0.880824962801323,-0.19137466307272472,-0.6546184738953195,10.0,0.6787330316739011,0.20873786407756859,255.0,179.0,206.0,221.0,140.0,41.0,43.0,150.0,1.7170263788966764,0.8817204301072898,1
-0.2686567164178436,0.576086956521426,-0.1478260869564789,0.4215686274507738,1.0,-0.006849315068490805,-0.5408560311281942,0.0,0.9863945578224583,0.2979797979796475,164.0,255.0,198.0,147.0,45.0,39.0,59.0,145.0,2.484774665042328,1.1641791044771777,1
-0.2879999999998848,0.38392857142840003,-0.3073929961088298,0.5270935960588536,1.0,0.2704918032785777,-0.5555555555552983,0.0,1.7415730337059083,0.28571428571411567,212.0,161.0,168.0,89.0,44.0,69.0,48.0,155.0,2.0674157303367466,1.6379821958452114,1
-0.060291060291047756,-0.16959064327475465,-0.060291060291047756,-0.05333333333329778,-0.06123444748032198,-0.5218855218853462,-0.5269461077842734,0.8845977026162316,0.3141592920352592,0.30980392156850595,151.0,255.0,255.0,226.0,2.0,100.0,79.0,71.0,2.299887260428151,2.9304029304018573,1
-0.17511520737323155,0.2727272727271178,-0.17511520737323155,0.2513966480445523,1.0,-0.23024054982809958,-0.5838509316768373,0.0,0.6256983240219969,0.26274509803911267,105.0,255.0,255.0,179.0,65.0,64.0,67.0,112.0,2.5692695214102557,1.6786885245896137,1
-0.19718309859150301,0.5039999999997984,-0.19718309859150301,0.627705627705356,1.0,0.04735376044566926,-0.7114093959729156,0.0,1.0994152046777197,0.16862745098032603,135.0,255.0,255.0,171.0,74.0,62.0,43.0,188.0,2.4999999999996936,1.2849740932639158,1
-0.49560117302038253,0.2935779816512415,-0.49560117302038253,0.3492822966505506,-1.0,0.2422907488985717,-0.5789473684208735,0.0,1.6395348837190238,0.2666666666665621,72.0,255.0,255.0,86.0,152.0,77.0,68.0,141.0,3.0538922155684047,1.3780760626395128,1
-0.271375464683914,0.4212765957445016,-0.26315789473674317,0.7395833333329482,1.0,0.2603773584904678,-0.7409326424866628,0.0,1.7040816326513224,0.14880952380943524,17.0,171.0,168.0,98.0,148.0,68.0,25.0,167.0,2.9934354485770256,1.2062084257203534,1
0.2442996742670214,0.5023474178401398,0.1790123456789571,0.5384615384612796,0.5009927199830534,-0.08831908831906315,-0.46961325966824885,3.0079575580008724,0.8376963350780955,0.36090225563882644,121.0,116.0,133.0,191.0,64.0,53.0,48.0,160.0,1.7058823529408627,1.2848484848480954,1
0.41274238227135385,-0.03296703296699674,0.3456464379946318,0.9999999999977273,0.4862745097670177,-0.705685618728861,-0.9999999999991935,2.893129770149534,0.17254901960777547,0.0,247.0,106.0,124.0,255.0,64.0,47.0,0.0,44.0,1.187675070027845,1.86138613861294,1
0.08333333333331405,0.47999999999952,0.26486486486479327,0.5744680851057719,0.3688681830195626,-0.5194805194803508,-0.743589743589267,2.1689101164177895,0.3162393162391811,0.14705882352930363,221.0,198.0,136.0,234.0,2.0,26.0,20.0,74.0,1.8613396004698164,1.6249999999987306,1
-0.15014164305944755,-0.024390243902379535,-0.029126213592223584,0.48148148147969827,1.0,-0.7647058823524914,-0.9156626506018581,0.0,0.13333333333324446,0.04402515723267672,73.0,203.0,159.0,150.0,53.0,21.0,7.0,20.0,2.581875993640289,1.460869565216121,1
-0.12258064516125078,0.780645161289819,-0.10231023102306855,0.746835443037502,1.0,0.007299270072990037,-0.7860962566840717,0.0,1.014705882352195,0.11976047904184446,111.0,174.0,167.0,136.0,49.0,17.0,20.0,138.0,2.3394957983189344,0.615384615384337,1
0.17378917378912428,-0.16455696202510814,0.5202952029518375,0.9999999999969696,0.31553398056057136,-0.7238493723846344,-0.9999999999984616,1.921985815228319,0.1601941747572038,0.0,205.0,145.0,65.0,206.0,18.0,46.0,0.0,33.0,1.6547788873036156,2.573426573424774,1
-0.06321839080457954,-0.3191489361698732,0.12027491408930575,0.9999999999968749,0.785276073549002,-0.6717948717945273,-0.9999999999992188,8.314285707349853,0.19631901840478755,0.0,137.0,185.0,128.0,163.0,78.0,62.0,0.0,32.0,2.208955223880267,2.1196581196572137,1
-0.543973941367901,0.16901408450692323,-0.5692307692305941,0.2868217054261343,-1.0,0.08496732026138239,-0.6943521594682078,0.0,1.1857142857125917,0.18039215686267437,174.0,237.0,255.0,70.0,109.0,59.0,46.0,83.0,2.640668523676512,1.5225806451607993,1
-0.4206128133703564,-0.33333333333299664,-0.4206128133703564,-0.36538461538426403,-0.07026511280148283,-0.5182481751821035,-0.5644171779139373,0.8686958738686987,0.3173076923073872,0.2784313725489104,145.0,255.0,255.0,104.0,34.0,66.0,71.0,33.0,2.687747035572768,2.6532663316569582,1
-0.5692307692305941,0.11009174311921556,-0.5692307692305941,0.5124999999996798,-1.0,0.26701570680614295,-0.7346938775507705,0.0,1.728571428568959,0.15294117647052827,143.0,255.0,255.0,70.0,131.0,97.0,39.0,121.0,2.8215767634850866,1.7399103139009553,1
-0.23188405797095848,0.5234374999997956,-0.23188405797095848,0.5725806451610594,1.0,0.10169491525420857,-0.655844155843943,0.0,1.2264150943388514,0.20784313725482045,229.0,255.0,255.0,159.0,120.0,61.0,53.0,195.0,2.2717149220487447,1.1167048054917352,1
0.3694915254236036,0.7560975609751488,0.27848101265813974,0.8227848101260616,0.4942528735182184,-0.16763005780341977,-0.7812499999993897,2.9545454534835693,0.71287128712836,0.12280701754375192,255.0,93.0,114.0,202.0,122.0,20.0,14.0,144.0,1.1570762052875339,0.5228758169932932,1
-0.24216524216517318,0.48031496062954304,-0.16352201257856494,0.5039999999995968,1.0,-0.17180616740080537,-0.712962962962633,0.0,0.7067669172927017,0.167567567567477,128.0,218.0,185.0,133.0,95.0,33.0,31.0,94.0,2.502152080343974,1.0352941176466528,1
-0.30639730639720325,0.13513513513504383,-0.28222996515669607,0.0,-1.0,-0.10160427807481198,-0.37313432835806976,0.0,0.8155339805817324,0.4565217391301867,190.0,194.0,184.0,103.0,12.0,64.0,84.0,84.0,2.2790014684284463,2.2857142857132655,1
-0.3144329896906406,-0.5514018691583632,-0.3144329896906406,-0.5999999999995,0.31228861333716085,-0.6942675159231247,-0.45299145299132393,1.9081967219172464,0.18045112781941322,0.3764705882351465,137.0,255.0,255.0,133.0,70.0,83.0,96.0,24.0,2.61538461538428,2.5538461538451718,1
0.0,0.390070921985539,0.0,0.3999999999997143,0.99999999975,-0.44475920679874087,-0.7171717171714758,10.0,0.3843137254900454,0.1647058823528766,50.0,255.0,255.0,255.0,108.0,43.0,42.0,98.0,2.5030674846622696,1.1780821917804185,1
-0.23188405797095848,0.21893491124247402,-0.23188405797095848,0.2409638554215416,1.0,-0.2137404580151856,-0.6037735849054705,0.0,0.6477987421379574,0.24705882352931488,186.0,255.0,255.0,159.0,89.0,66.0,63.0,103.0,2.3859649122804227,1.6296296296291268,1
-0.4285714285712793,0.24378109452724192,-0.44217687074814893,0.5432098765428746,1.0,0.2077294685989335,-0.7028112449796374,0.0,1.52439024390058,0.17452830188671015,90.0,205.0,212.0,82.0,98.0,76.0,37.0,125.0,2.817869415807076,1.621333333332901,1
-0.6779026217225925,0.44117647058801907,-0.6766917293230539,0.8374999999994767,1.0,0.5473684210523435,-0.8898305084741993,0.0,3.4186046511548405,0.0582959641255344,92.0,224.0,223.0,43.0,8.0,57.0,13.0,147.0,3.073756432246471,1.6951672862447231,1
-0.0268817204301003,0.7887323943656418,0.10365853658533425,0.6493506493502278,0.7246818802275836,-0.1753246753246184,-0.6896551724133968,6.264323905337348,0.7016574585631483,0.18367346938763016,121.0,191.0,147.0,181.0,135.0,15.0,27.0,127.0,2.233918128654644,0.4109589041094483,1
0.0995024875621643,-0.0559999999999552,0.3038348082594974,0.6164383561635391,0.3396856063558687,-0.578571428571222,-0.7878787878781911,2.0288602201041073,0.2669683257917344,0.11864406779650963,207.0,181.0,118.0,221.0,158.0,66.0,14.0,59.0,1.8329113924048313,1.5128939828075896,1
-0.028169014084497124,-0.9999999999983871,0.16455696202524703,0.0,-0.9999999993923077,-0.9999999999992755,-0.9999999999989899,0.0,0.0,0.0,101.0,146.0,99.0,138.0,160.0,62.0,0.0,0.0,2.1996233521653106,1.7464788732388217,1
-0.16402116402112063,0.487603305784721,-0.13661202185788618,0.525423728813114,1.0,-0.27419354838698623,-0.7627118644064566,0.0,0.5696202531641965,0.1346153846153199,87.0,220.0,208.0,158.0,129.0,31.0,28.0,90.0,2.5693430656930554,0.8825622775797571,1
0.13513513513504383,0.51923076923027,-0.039999999999977144,0.51923076923027,1.0,-0.030674846625748056,-0.5689655172408888,0.0,0.9404761904750708,0.2747252747249728,125.0,64.0,91.0,84.0,85.0,25.0,25.0,79.0,1.5192878338274425,0.9345794392518998,1
0.2661290322579572,-0.05454545454535537,0.2816326530611096,0.20930232558090858,-0.14733178651385098,-0.715846994535128,-0.6761904761898322,0.743174923900518,0.1656050955412958,0.19318181818159866,248.0,91.0,88.0,157.0,75.0,29.0,17.0,26.0,1.240204429301322,1.4591194968544283,1
0.14004914004910565,0.10948905109481061,0.2712328767122545,0.3451327433625264,0.11989615291864651,-0.506493506493342,-0.564705882352609,1.2724591038475948,0.32758620689641055,0.2781954887215954,203.0,175.0,133.0,232.0,144.0,61.0,37.0,76.0,1.7834394904456325,1.4269005847949046,1
0.06382978723402558,0.2166666666664861,0.04166666666665582,0.5208333333327908,0.8518518517003043,-0.4652014652012948,-0.7777777777774021,10.0,0.3649999999998175,0.12499999999993207,198.0,176.0,184.0,200.0,98.0,47.0,23.0,73.0,1.8773333333330828,1.4188679245277664,1
-0.10629067245117,0.06666666666662223,-0.10629067245117,0.0884353741495997,-1.0,-0.44055944055928653,-0.5838509316768373,0.0,0.3883495145629183,0.26274509803911267,92.0,255.0,255.0,206.0,64.0,70.0,67.0,80.0,2.524752475247212,1.9718309859147987,1
-0.17511520737323155,0.22950819672121742,-0.11822660098519255,0.546391752577038,1.0,-0.08814589665650817,-0.6752767527672785,0.0,0.8379888268151744,0.19383259911885736,202.0,255.0,227.0,179.0,53.0,94.0,44.0,150.0,2.2895622895620327,1.9232736572885107,1
-0.359999999999904,0.26380368098143325,-0.359999999999904,0.6479999999994815,1.0,-0.07623318385646806,-0.841155234656736,0.0,0.8583333333326181,0.08627450980388773,217.0,255.0,255.0,120.0,69.0,60.0,22.0,103.0,2.4085005903184875,1.6438356164377932,1
-0.22025316455690627,0.4909090909086446,-0.2450980392156262,0.5769230769225222,1.0,-0.3050847457625826,-0.8405797101446231,0.0,0.5324675324671867,0.08661417322831236,163.0,241.0,254.0,154.0,120.0,28.0,22.0,82.0,2.41301627033762,0.8682170542632294,1
-0.3970149253730158,0.35329341317344115,-0.43258426966279984,0.3614457831323124,-1.0,0.056074766355113985,-0.655844155843943,0.0,1.1188118811870111,0.20784313725482045,74.0,234.0,255.0,101.0,62.0,54.0,53.0,113.0,2.911353032658956,1.526501766783913,1
-0.045576407506690196,-0.2210526315787147,-0.024657534246568587,-0.026315789473649584,0.032531824674333444,-0.6558139534880671,-0.6548672566368784,1.06725146631549,0.20786516853920908,0.2085561497325088,200.0,195.0,187.0,178.0,38.0,58.0,39.0,37.0,2.0312499999997353,2.429319371726477,1
-0.3055555555554495,0.15476190476181265,-0.4065281899108586,0.19753086419740895,-1.0,-0.015228426395931357,-0.569536423840871,0.0,0.96999999999903,0.2742616033754117,130.0,188.0,237.0,100.0,71.0,71.0,65.0,97.0,2.4818481848180722,1.832258064515538,1
0.022312373225147605,0.48416289592738276,-0.005917159763312443,0.8531073446322864,1.0,-0.2115384615384107,-0.9029850746265288,0.0,0.6507936507933926,0.05098039215684275,98.0,241.0,255.0,252.0,145.0,57.0,13.0,164.0,2.3173076923074136,1.0780141843969082,1
-0.08988764044941296,0.47555555555534423,-0.07428571428569307,0.5514018691586209,1.0,0.012195121951215795,-0.5932203389827995,0.0,1.0246913580240589,0.2553191489360344,127.0,194.0,188.0,162.0,108.0,59.0,48.0,166.0,2.292466765139986,1.2040816326527541,1
-0.42435424354227885,0.2636363636362438,-0.38823529411749486,0.23008849557511946,-1.0,0.28110599078328063,-0.3409090909089618,0.0,1.7820512820489973,0.4915254237285359,141.0,193.0,177.0,78.0,183.0,81.0,87.0,139.0,2.552066115702057,1.3388429752063349,1
-0.28619528619518986,0.059701492537268884,-0.2482269503545219,0.1359999999998912,-1.0,-0.19774011299423858,-0.5304347826084651,0.0,0.6698113207540851,0.3068181818180075,77.0,191.0,176.0,106.0,88.0,63.0,54.0,71.0,2.704424778760583,1.7684210526309585,1
-0.03343465045591689,0.6818181818178719,0.029126213592223584,0.8407960199000792,0.9330372014474254,0.07558139534881524,-0.8072289156621644,10.0,1.1635220125778847,0.10666666666659556,112.0,170.0,150.0,159.0,63.0,35.0,16.0,185.0,2.2258592471354786,0.8805031446538112,1
-0.03225806451612209,0.42245989304790244,0.008968609865468841,0.8601398601392587,0.9793613565533698,-0.2569832402233919,-0.913419913419518,10.0,0.5911111111108485,0.04524886877826007,140.0,240.0,221.0,225.0,63.0,54.0,10.0,133.0,2.272189349112157,1.42105263157848,1
-0.19101123595498465,0.17499999999989063,-0.15624999999993897,0.8613861386130085,1.0,-0.06930693069303501,-0.909677419354252,0.0,0.8703703703695644,0.047297297297265346,171.0,159.0,148.0,108.0,159.0,66.0,7.0,94.0,2.130653266331301,1.3714285714282153,1
-0.08771929824559205,0.5778894472358905,-0.12918660287078249,0.5392156862742455,1.0,-0.07374631268434403,-0.6678445229679619,0.0,0.8626373626368887,0.19915254237279698,190.0,217.0,236.0,182.0,127.0,42.0,47.0,157.0,2.1538461538458864,0.9130434782606215,1
-0.09538461538458604,0.21100917431173302,-0.10091743119262969,0.5714285714278912,1.0,-0.38028169014066654,-0.818181818181405,0.0,0.4489795918364293,0.09999999999994445,153.0,178.0,180.0,147.0,98.0,43.0,18.0,66.0,2.170731707316742,1.3759999999994497,1
0.0479999999999808,0.3773584905656817,-0.18380062305290226,0.3773584905656817,1.0,-0.28431372549005673,-0.7040358744391462,0.0,0.5572519083965213,0.17368421052622438,242.0,119.0,190.0,131.0,89.0,33.0,33.0,73.0,1.5581014729948348,1.1578947368415975,1
0.06951871657752152,0.564625850339752,0.2084592145014476,0.20418848167528578,-0.010349586014161962,-0.2698412698411842,-0.2657004830916591,0.9795128609002627,0.5749999999997125,0.5801526717552824,216.0,174.0,131.0,200.0,122.0,32.0,76.0,115.0,1.821989528795573,0.8504983388701494,1
-0.17721518987336166,0.15686274509788542,-0.12162162162158054,0.14563106796102365,1.0,-0.3756613756611769,-0.5809523809521043,0.0,0.4538461538458048,0.2650602409636958,145.0,186.0,166.0,130.0,72.0,43.0,44.0,59.0,2.299845440494235,1.5852534562204676,1
0.0,0.0318471337579415,0.0,0.14084507042243605,0.9999999992899999,-0.5178571428569888,-0.6139240506327172,10.0,0.3176470588234049,0.239215686274416,155.0,255.0,255.0,255.0,43.0,76.0,61.0,81.0,2.217391304347585,2.2028985507238397,1
0.11597374179428535,-0.020408163265295712,0.16438356164379808,0.5609756097556414,0.5467526484734739,-0.45299145299132393,-0.7428571428567892,3.412601623938265,0.3764705882351465,0.14754098360647677,243.0,202.0,183.0,255.0,116.0,100.0,27.0,96.0,1.7915742793789586,1.9417475728150628,1
-0.5740740740738969,-0.02040816326529224,-0.5740740740738969,0.23076923076903352,-1.0,0.021276595744665762,-0.6999999999997667,0.0,1.0434782608680528,0.17647058823522493,255.0,255.0,255.0,69.0,126.0,75.0,45.0,72.0,2.4460431654673327,1.7241379310339873,1
-0.3821138211381078,0.5167785234895861,-0.3821138211381078,0.7795275590545043,1.0,-0.004405286343610394,-0.895910780668812,0.0,0.991228070174569,0.0549019607842922,197.0,255.0,255.0,114.0,28.0,36.0,14.0,113.0,2.484774665042328,1.3521126760557034,1
-0.3043478260868787,-0.11351351351345217,-0.3043478260868787,0.2519083969463726,-1.0,-0.247706422018235,-0.6776315789471455,0.0,0.602941176470145,0.1921568627450227,214.0,255.0,255.0,136.0,164.0,103.0,49.0,82.0,2.372093023255538,1.8230088495571188,1
-0.15909090909087295,0.17948717948706444,-0.15909090909087295,0.5593220338978311,1.0,-0.3357400722020449,-0.8149466192167919,0.0,0.49729729729702854,0.1019607843136855,228.0,255.0,255.0,185.0,60.0,64.0,26.0,92.0,2.2101841820149284,1.8285714285707755,1
-0.24861878453031808,0.18709677419342768,-0.3043478260868787,0.06976744186042456,-1.0,-0.19298245614026624,-0.5223880597013366,0.0,0.6764705882347968,0.3137254901959554,224.0,226.0,255.0,136.0,131.0,63.0,80.0,92.0,2.2266009852214004,1.4441260744981537,1
0.04615384615383432,0.5782312925168102,0.09383378016083276,0.7121771217709549,0.7671649850534351,0.06422018348622381,-0.6249999999996996,7.589773318215396,1.137254901960227,0.23076923076909422,207.0,186.0,169.0,204.0,111.0,62.0,39.0,232.0,1.9003831417622092,1.0620985010704365,1
0.017114914425423688,0.2961373390556669,-0.037037037037028465,0.852760736195796,1.0,-0.1587743732590087,-0.8983050847453822,0.0,0.7259615384611895,0.05357142857140466,215.0,201.0,224.0,208.0,59.0,82.0,12.0,151.0,1.9490909090906727,1.754010695186697,1
-0.16397228637409608,0.5088757396448199,-0.08121827411165451,0.5692307692305941,1.0,0.1697247706421629,-0.505300353356712,0.0,1.4088397790047467,0.32863849765242786,216.0,252.0,213.0,181.0,147.0,83.0,70.0,255.0,2.2375138734736693,1.1690140845068364,1
0.18904109589035917,0.33603238866383156,0.31914893617011575,0.823204419889048,0.4412430540876376,-0.13612565445022615,-0.7499999999994141,2.579373848178264,0.7603686635941197,0.1428571428570153,134.0,148.0,112.0,217.0,66.0,82.0,16.0,165.0,1.829984544049176,1.6607594936704657,1
-0.05882352941174898,0.3406593406591535,0.026239067055385937,0.9999999999991803,0.9488636362711498,-0.18120805369121437,-0.9999999999994013,10.0,0.6931818181814243,0.0,168.0,198.0,167.0,176.0,47.0,60.0,0.0,122.0,2.1405405405402513,1.660899653978664,1
-0.11904761904758362,0.3648648648646184,-0.05128205128203485,0.923809523808644,1.0,-0.1887550200802455,-0.9523809523803856,0.0,0.6824324324319714,0.024390243902424155,88.0,188.0,164.0,148.0,83.0,47.0,4.0,101.0,2.4575163398688793,1.3525179856110243,1
-0.12267657992560496,0.7045454545450542,-0.21594684385374888,0.7964071856282657,1.0,0.11940298507458232,-0.8299999999995851,0.0,1.271186440676889,0.09289617486333722,192.0,151.0,183.0,118.0,93.0,26.0,17.0,150.0,1.973856209150004,0.7050847457624729,1
-0.2348484848483959,0.41463414634112633,-0.4076246334309655,0.251798561150898,-1.0,-0.07446808510634337,-0.6438356164381357,0.0,0.8613861386130085,0.2166666666665764,79.0,163.0,240.0,101.0,51.0,36.0,52.0,87.0,2.57707509881372,1.3714285714279184,1
0.07692307692305417,0.4535519125680582,0.0253521126760492,0.6835443037970358,0.9284744226847549,-0.15555555555550618,-0.74747474747437,10.0,0.7307692307688293,0.14450867052014768,83.0,156.0,173.0,182.0,99.0,50.0,25.0,133.0,2.1629116117847205,1.2048192771080708,1
0.1118644067796231,0.351351351351114,-0.03529411764704844,0.41843971631176,1.0,-0.24242424242415062,-0.6221198156679161,0.0,0.6097560975606039,0.2329545454544131,130.0,131.0,176.0,164.0,90.0,48.0,41.0,100.0,1.884892086330596,1.3426573426568733,1
-0.10869565217388942,0.5487179487176673,-0.10869565217388942,0.5487179487176673,1.0,-0.15168539325838437,-0.705685618728861,0.0,0.7365853658532993,0.17254901960777547,180.0,255.0,255.0,205.0,88.0,44.0,44.0,151.0,2.279329608938293,1.07645259938805,1
-0.36363636363626645,0.0,-0.36363636363626645,0.007299270072987373,-1.0,-0.2659574468083692,-0.5789473684208735,0.0,0.579831932772622,0.2666666666665621,90.0,255.0,255.0,119.0,71.0,69.0,68.0,69.0,2.8372739916546816,1.9856115107906527,1
-0.27499999999993124,0.26857142857127514,-0.27499999999993124,0.834710743800963,1.0,-0.13281249999994812,-0.9245283018864436,0.0,0.7655172413787825,0.03921568627449443,149.0,255.0,255.0,145.0,111.0,64.0,10.0,111.0,2.5373134328355054,1.462857142856725,1
0.20833333333327134,0.6256157635464898,0.25308641975300833,0.5207373271887001,0.34588096896600623,-0.10326086956518933,-0.39884393063560764,2.05754748710398,0.8128078817729987,0.42975206611534733,159.0,133.0,121.0,203.0,247.0,38.0,52.0,165.0,1.694267515923297,0.6229508196720035,1
-0.36546184738941145,0.3052631578945762,-0.4513888888887322,0.4171428571426188,-1.0,0.22167487684718146,-0.6076923076920739,0.0,1.56962025316257,0.24401913875586412,195.0,170.0,209.0,79.0,228.0,66.0,51.0,124.0,2.214983713354688,1.0909090909088655,1
0.09333333333330222,0.4202898550718546,0.1672597864768088,0.324324324323886,0.31950694573772725,-0.5399061032861315,-0.6478873239432058,1.9390454272458983,0.2987804878046959,0.21367521367503103,171.0,136.0,117.0,164.0,121.0,20.0,25.0,49.0,1.7924217462929501,0.7619047619043992,1
-0.4655172413791766,0.2367491166076902,-0.4655172413791766,0.2867647058822475,-1.0,0.3059701492536172,-0.44886363636350884,0.0,1.8817204301055035,0.3803921568625959,132.0,255.0,255.0,93.0,214.0,108.0,97.0,175.0,2.7755102040812547,1.428099173553483,1
-0.255813953488306,0.15428571428562612,-0.2781954887217348,0.27848101265805164,1.0,-0.17551020408156104,-0.6346153846151812,0.0,0.7013888888884019,0.22352941176461824,252.0,243.0,255.0,144.0,121.0,74.0,57.0,101.0,2.2040816326528114,1.5999999999995675,1
-0.03291139240505496,0.45606694560650374,-0.05210918114142628,0.2700729927006314,1.0,-0.04657534246574067,-0.35897435897424396,0.0,0.9109947643974289,0.4716981132073247,223.0,204.0,212.0,191.0,117.0,65.0,100.0,174.0,1.985401459853773,1.235154394298994,1
-0.3199999999999086,0.47906976744163765,-0.23717948717941117,0.5436893203880856,1.0,0.1438848920862792,-0.6083333333330799,0.0,1.3361344537803899,0.24352331606205,176.0,231.0,193.0,119.0,61.0,56.0,47.0,159.0,2.441215323645648,1.3493975903610393,1
0.16666666666660354,0.35999999999984,-0.009646302250800758,0.45714285714263947,1.0,-0.003257328990226952,-0.4672897196259499,0.0,0.9935064935058484,0.3630573248405331,124.0,110.0,157.0,154.0,221.0,72.0,57.0,153.0,1.7670682730920146,1.1119691119688973,1
0.1999999999999518,0.5084175084173372,0.11659192825109493,0.6115107913666865,0.6797376932027204,-0.05285412262155331,-0.5697211155376216,5.244881013763109,0.8995983935739359,0.27411167512676443,223.0,166.0,197.0,249.0,64.0,73.0,54.0,224.0,1.6517412935321327,1.3456221198153582,1
0.3067484662575746,0.3333333333331418,0.3741935483869761,0.6111111111106868,0.2404510730929184,-0.2948328267476308,-0.5519999999995584,1.633141762015057,0.5446009389668806,0.2886597938141354,184.0,113.0,97.0,213.0,74.0,58.0,28.0,116.0,1.451043338683555,1.5163398692805503,1
0.2911392405062554,0.42196531791883124,0.4245810055864736,0.5374999999996641,0.11736952891265,-0.3492063492062568,-0.47142857142823474,1.265953947069818,0.48235294117628147,0.359223300970525,153.0,140.0,103.0,255.0,33.0,50.0,37.0,123.0,1.6279069767439494,1.5624999999993898,1
0.3866666666665378,0.333333333333145,0.32063492063481885,0.4842767295594439,0.20330406307922144,-0.27607361963181715,-0.4459459459456447,1.510368017462343,0.5673076923074196,0.38317757009309983,130.0,92.0,107.0,208.0,97.0,59.0,41.0,118.0,1.4099616858234845,1.4174174174169918,1
-0.3476394849783916,0.2738853503182969,-0.3968253968252394,0.7391304347819659,1.0,0.1363636363635589,-0.8429319371723336,0.0,1.3157894736824791,0.08522727272722432,181.0,157.0,176.0,76.0,56.0,57.0,15.0,100.0,2.199649737302592,1.6888888888882634,1
0.008695652173910523,0.2258064516126604,-0.11675126903550337,0.26666666666637034,1.0,-0.5064935064932873,-0.7391304347823165,0.0,0.3275862068963635,0.14999999999993183,161.0,171.0,220.0,174.0,126.0,36.0,33.0,57.0,2.0206794682419464,1.1294117647054396,1
0.34219269102978667,0.5454545454542356,0.18128654970754934,0.4545454545452115,0.42976588621993544,-0.19526627218929135,-0.46596858638719063,2.507331376915436,0.67326732673234,0.3642857142854541,207.0,99.0,140.0,202.0,79.0,40.0,51.0,136.0,1.3047775947279563,1.0847457627114967,1
0.014245014245010188,0.08333333333327547,-0.013850415512461538,0.47169811320710214,1.0,-0.39062499999984746,-0.7345971563977561,0.0,0.43820224719076506,0.15300546448079072,169.0,173.0,183.0,178.0,121.0,66.0,28.0,78.0,1.9971139971137088,1.5951661631415122,1
-0.5315315315313719,0.4384236453199811,-0.5315315315313719,0.5869565217388115,1.0,0.30357142857129304,-0.740614334470737,0.0,1.871794871792472,0.14901960784307883,129.0,255.0,255.0,78.0,60.0,57.0,38.0,146.0,2.8451882845184313,1.4249999999995548,1
-0.17378917378912428,0.31531531531503126,-0.06451612903223726,0.0,-1.0,-0.3302752293576467,-0.3865546218485771,0.0,0.5034482758617218,0.4424242424239743,81.0,206.0,165.0,145.0,136.0,38.0,73.0,73.0,2.5830721003130748,1.0666666666662925,1
0.12318840579705682,0.6124999999996172,0.10714285714281888,0.8297872340419647,0.7712895376305031,-0.09154929577461565,-0.8248175182475732,7.744680843832735,0.8322580645155921,0.0959999999999232,91.0,121.0,125.0,155.0,132.0,31.0,12.0,129.0,1.9836065573766428,0.7678018575849016,1
-0.41062801932347315,0.7171717171714758,-0.44292237442902155,0.7288135593217868,1.0,0.6139240506327172,-0.595959595959295,0.0,4.180327868845606,0.25316455696186513,161.0,146.0,158.0,61.0,218.0,42.0,40.0,255.0,2.2723735408555887,0.6032315978454931,1
-0.3065015479875212,0.9043824701191616,-0.36363636363626034,0.7902621722843483,1.0,0.36182336182325875,-0.7910447761191078,0.0,2.133928571426666,0.11666666666661807,172.0,211.0,240.0,112.0,144.0,12.0,28.0,239.0,2.3909348441922957,0.23587223587217793,1
0.18781725888320105,0.5104166666664008,0.2821917808218405,0.746987951806779,0.4516180762252717,-0.23482849604215442,-0.7236842105258398,2.6470932263391274,0.6196581196578549,0.16030534351132802,240.0,160.0,131.0,234.0,111.0,47.0,21.0,145.0,1.6120906801005526,1.0742857142854074,1
-0.11842105263155298,0.6756756756754149,-0.1125827814569288,0.6194029850743957,1.0,0.038277511961713334,-0.6633663366334445,0.0,1.0796019900492142,0.2023809523808721,135.0,255.0,252.0,201.0,103.0,42.0,51.0,217.0,2.4113475177302113,0.8316831683166258,1
-0.3563829787233095,0.48412698412679206,-0.31444759206789963,0.5141700404856219,1.0,0.21428571428564472,-0.5890410958902093,0.0,1.5454545454532682,0.25862068965506096,144.0,255.0,232.0,121.0,137.0,65.0,60.0,187.0,2.6322580645157894,1.1453744493389548,1
-0.3280632411065897,0.23076923076909422,-0.3511450381678049,0.291925465838328,-1.0,0.10052910052904734,-0.5128205128202937,0.0,1.2235294117632665,0.3220338983049028,125.0,168.0,177.0,85.0,126.0,65.0,57.0,104.0,2.4615384615380105,1.4444444444440432,1
-0.7099236641218665,0.7058823529406575,-0.6885245901636523,0.5999999999995863,-1.0,0.5064935064931776,-0.7531914893613817,0.0,3.052631578939335,0.14077669902905787,103.0,224.0,206.0,38.0,172.0,20.0,29.0,116.0,3.042444821731232,0.48780487804863176,1
0.45664739884366673,0.5587188612097657,0.1402714932126062,0.4455445544552985,0.521107372196193,0.26956521739122624,-0.06145251396644612,3.176301498853847,1.7380952380938586,0.8842105263148587,159.0,47.0,95.0,126.0,186.0,62.0,84.0,219.0,0.9920844327174164,0.9376181474478378,1
0.17121588089325776,0.18181818181806378,0.18295739348366344,0.15923566878970752,-0.06932263479986295,-0.4434250764524638,-0.42358078602601595,0.8703429015394868,0.3855932203388197,0.40490797545987434,196.0,167.0,163.0,236.0,201.0,63.0,66.0,91.0,1.7441253263705294,1.20574162679397,1
0.25624999999991993,0.2551724137929275,0.30944625407156046,0.5294117647054375,0.2622201918369343,-0.3767123287669943,-0.5820895522383717,1.710835912758943,0.452736318407735,0.2641509433959772,225.0,119.0,106.0,201.0,129.0,54.0,28.0,91.0,1.4337349397588202,1.317073170731306,1
0.36729222520097393,0.5724137931030535,0.5088757396448199,0.5724137931030535,0.05876136920597822,-0.3821138211381078,-0.45614035087679283,1.1248596629701688,0.4470588235292365,0.37349397590316447,151.0,118.0,83.0,255.0,53.0,31.0,31.0,114.0,1.4704049844234468,1.0829694323139376,1
0.403508771929683,0.43790849673174,0.28617363344042246,0.45695364238380337,0.22981259667932682,-0.29032258064506766,-0.46052631578917075,1.5967705924915614,0.549999999999725,0.3693693693690366,129.0,85.0,111.0,200.0,68.0,43.0,41.0,110.0,1.3627254509015305,1.3030303030298096,1
0.06299212598422717,0.7446808510633017,-0.0073529411764678854,0.35164835164815844,1.0,-0.046511627906958716,-0.3979591836732664,0.0,0.9111111111104363,0.430656934306255,170.0,119.0,137.0,135.0,141.0,18.0,59.0,123.0,1.7532228360954412,0.47999999999984,1
0.0699088145896444,0.4285714285711931,0.09316770186332511,0.7808219178076844,0.7867990653304655,-0.15032679738557178,-0.8024691358019739,8.380821908809667,0.738636363635944,0.10958904109581535,119.0,153.0,146.0,176.0,255.0,52.0,16.0,130.0,2.036605657237598,0.8507157464210939,1
0.19713261648738456,0.06474820143880235,0.1360544217686612,0.30973451327406215,0.3896016204390441,-0.38589211618241254,-0.5301204819273916,2.276548670891868,0.44311377245482453,0.30708661417298655,141.0,112.0,127.0,167.0,99.0,65.0,39.0,74.0,1.6842105263154727,1.7161716171611499,1
0.2781954887217348,0.3161290322578606,0.11842105263155298,0.837837837837083,0.7523242840416692,-0.42857142857130853,-0.9142857142852789,7.075075069095745,0.39999999999984315,0.0447761194029628,166.0,144.0,201.0,255.0,112.0,53.0,9.0,102.0,1.624823695345328,1.324999999999586,1
-0.01307189542483233,0.26373626373611886,-0.09850746268653776,0.5436241610734607,1.0,-0.13533834586461077,-0.6880733944950973,0.0,0.7615894039730057,0.18478260869555177,162.0,155.0,184.0,151.0,97.0,67.0,34.0,115.0,1.9903691813800977,1.5491329479764309,1
0.28235294117638754,0.5673469387752786,0.4880546075083659,0.6066945606692022,0.10837181392656314,-0.063414634146326,-0.22950819672112335,1.2430874562217793,0.8807339449537245,0.6266666666658312,153.0,122.0,75.0,218.0,255.0,53.0,47.0,192.0,1.586991869918441,0.7667269439419951,1
0.1308900523559867,0.46289752650160326,0.16442048517515784,0.732217573221451,0.6332511571038122,-0.021276595744675823,-0.6577540106948355,4.45332327049202,0.9583333333328897,0.20645161290309264,105.0,166.0,155.0,216.0,197.0,76.0,32.0,207.0,2.033690658498923,1.0935251798559182,1
-0.1926121372031154,0.561461794019747,-0.14285714285710285,0.8503937007870668,1.0,0.21134020618551255,-0.8295964125556818,0.0,1.5359477124172969,0.09313725490191513,160.0,226.0,204.0,153.0,156.0,66.0,19.0,235.0,2.3633986928101485,1.0095602294453137,1
0.12499999999996995,0.7254901960780757,0.14425427872857108,0.9999999999994319,0.7478632477978184,-0.14146341463411186,-0.9999999999994287,6.932203385022721,0.7521367521364307,0.0,201.0,182.0,175.0,234.0,122.0,28.0,0.0,176.0,1.8222778473089083,0.6327683615817422,1
0.08747044917255616,0.8431372549015476,0.059907834101368684,0.5932203389827995,0.8165510642136211,-0.10047846889949749,-0.6190476190473734,9.902216411109157,0.8173913043474708,0.2352941176469435,255.0,193.0,204.0,230.0,148.0,16.0,48.0,188.0,1.7726750861077183,0.34782608695642725,1
-0.2878787878787152,0.5510204081629843,-0.2878787878787152,0.7272727272723141,1.0,0.03754266211602814,-0.8279569892470151,0.0,1.0780141843963986,0.09411764705878663,130.0,255.0,255.0,141.0,196.0,44.0,24.0,152.0,2.6120358514721365,0.8073394495410993,1
-0.23188405797095848,0.4644067796608595,-0.23188405797095848,0.6059479553901094,1.0,0.15199999999995947,-0.655844155843943,0.0,1.3584905660368816,0.20784313725482045,121.0,255.0,255.0,159.0,182.0,79.0,53.0,216.0,2.5822784810123314,1.13669064748181,1
-0.293706293706191,0.5128205128202937,-0.2912280701753364,0.5594713656385201,1.0,0.27338129496393043,-0.5726495726493279,0.0,1.7524752475230174,0.27173913043463493,137.0,185.0,184.0,101.0,152.0,57.0,50.0,177.0,2.434210526315389,1.0293453724602644,1
-0.1645569620252748,0.726872246695715,-0.16876574307300535,0.7422222222218924,1.0,0.08587257617726153,-0.7777777777774798,0.0,1.187878787878068,0.12499999999994613,127.0,230.0,232.0,165.0,173.0,31.0,29.0,196.0,2.4468085106379722,0.5754060324824651,1
0.021645021645012277,0.6744186046508491,-0.0327868852458882,0.4229249011856036,1.0,0.20805369127509798,-0.2663316582913235,0.0,1.5254237288122665,0.5793650793646196,167.0,113.0,126.0,118.0,150.0,35.0,73.0,180.0,1.7690802348333132,0.699999999999825,1
0.29054054054044237,0.810276679841577,0.34982332155464674,0.5165562913905575,0.19244793774621205,0.09047619047616894,-0.11515151515144537,1.4766205093110207,1.1989528795805242,0.7934782608687028,233.0,105.0,92.0,191.0,202.0,24.0,73.0,229.0,1.3249211356464787,0.40083507306880983,1
0.40689655172399763,0.5411255411253069,0.5111111111109219,0.4895397489537701,-0.021557331348919698,-0.06806282722511307,-0.03937007874012648,0.9577951608094666,0.8725490196074155,0.9242424242410239,212.0,86.0,66.0,204.0,124.0,53.0,61.0,178.0,1.1700680272106854,1.0392156862742552,1
0.5361445783130916,0.4676258992802392,0.3972602739724939,0.44680851063798105,0.05870165745139211,-0.42857142857130853,-0.4765100671137742,1.12472487132314,0.39999999999984315,0.3545454545451322,169.0,77.0,110.0,255.0,55.0,37.0,39.0,102.0,1.0657439446364938,1.2813852813847268,1
-0.18478260869555177,0.01612903225805151,-0.1803278688523605,0.17757009345777797,-1.0,-0.08695652173906743,-0.4210526315786704,0.0,0.83999999999888,0.4074074074070302,120.0,109.0,108.0,75.0,154.0,61.0,44.0,63.0,2.111380145277939,1.4395280235983954,1
0.11587982832613053,0.6335877862593002,0.0655737704917764,0.6335877862593002,0.8124216931002006,0.24418604651155693,-0.407407407407156,9.662213725723413,1.64615384615258,0.42105263157857803,176.0,103.0,114.0,130.0,187.0,48.0,48.0,214.0,1.6093749999996856,0.7726358148891805,1
0.19565217391293716,0.6088328075707858,-0.009009009009004951,0.7708333333330657,1.0,0.3972602739724939,-0.5448275862065208,0.0,2.3181818181797107,0.2946428571425941,82.0,74.0,112.0,110.0,125.0,62.0,33.0,255.0,1.7411764705877233,0.9841269841267889,1
-0.5627906976741569,-0.014285714285704083,-0.5803571428568838,0.17948717948702608,-1.0,0.1896551724136296,-0.5733333333330786,0.0,1.468085106379855,0.2711864406778129,184.0,168.0,177.0,47.0,175.0,71.0,48.0,69.0,2.3703703703699524,1.471502590673194,1
-0.2533333333332489,0.5104166666664008,-0.345029239765981,0.8831168831163098,1.0,0.12840466926065044,-0.9246861924682324,0.0,1.2946428571417012,0.039130434782591685,143.0,188.0,230.0,112.0,123.0,47.0,9.0,145.0,2.383518225039242,1.0386740331488844,1
0.13588850174211295,0.5566037735846432,0.012422360248443348,0.4285714285712431,0.9436619716169939,0.0060975609756078976,-0.41333333333314964,10.0,1.0122699386496858,0.41509433962238046,196.0,124.0,159.0,163.0,91.0,47.0,66.0,165.0,1.634266886325925,1.0742857142854074,1
0.17870722433453282,0.5987460815045145,0.1832061068701591,0.6088328075707858,0.5373810464190566,0.24390243902433076,-0.2662721893489549,3.323212406177887,1.6451612903215194,0.5794392523359071,149.0,108.0,107.0,155.0,153.0,64.0,62.0,255.0,1.6615384615381419,0.9552238805968366,1
-0.06878306878305059,0.4276923076921761,-0.11111111111108306,0.562289562289373,1.0,0.13725490196075069,-0.5438596491226162,0.0,1.3181818181810694,0.2954545454544112,193.0,202.0,220.0,176.0,141.0,93.0,65.0,232.0,2.0905562742558743,1.3309481216455579,1
-0.06607929515417046,0.5940959409591904,-0.03196347031962741,0.7777777777774577,1.0,0.009345794392521182,-0.7865612648218235,0.0,1.0188679245278214,0.11946902654861971,200.0,242.0,226.0,212.0,179.0,55.0,27.0,216.0,2.1607142857140444,0.8712871287126988,1
0.04950495049503725,0.9999999999995455,0.06532663316581273,0.9999999999995455,0.8773584904836585,0.018518518518514233,-0.9999999999994624,10.0,1.0377358490561144,0.0,200.0,192.0,186.0,212.0,45.0,0.0,0.0,220.0,1.9296482412057876,0.0,1
0.08050847457625414,0.6830188679242706,0.003937007874014973,0.8056680161940059,0.9902742502665154,-0.06694560669454666,-0.8267148014437449,10.0,0.8745098039212257,0.0948616600790139,238.0,217.0,253.0,255.0,96.0,42.0,24.0,223.0,1.872707659115224,0.8337468982628204,1
-0.07196029776673153,0.3884892086329538,-0.06030150753767329,0.649572649572372,1.0,0.01578947368420637,-0.674603174602907,0.0,1.0320855614967743,0.19431279620843872,120.0,216.0,211.0,187.0,210.0,85.0,41.0,193.0,2.3382949932337835,1.1867364746943827,1
-0.2717086834733133,0.45299145299132393,-0.32467532467524035,0.8085106382975856,1.0,0.32467532467524035,-0.8085106382975856,0.0,1.9615384615369529,0.10588235294113495,121.0,227.0,255.0,130.0,155.0,96.0,27.0,255.0,2.5758865248223297,1.275747508305436,1
0.0651162790697523,0.5652173913041588,0.1336633663366006,0.894736842104901,0.7400557384635993,0.010799136069112139,-0.8617021276591161,6.693957110000622,1.021834061134925,0.07428571428567184,104.0,201.0,175.0,229.0,195.0,65.0,13.0,234.0,2.1877551020405184,0.9302325581393684,1
-0.2034883720929641,0.5947136563874033,-0.2080924855490728,0.6088888888886183,1.0,0.13836477987417034,-0.6521739130432205,0.0,1.3211678832107145,0.21052631578937298,190.0,207.0,209.0,137.0,166.0,46.0,44.0,181.0,2.2348178137648804,0.8382687927105152,1
-0.013100436681216987,0.33333333333318904,0.129999999999935,0.3999999999998182,0.5094339621680481,0.15355805243439943,-0.13725490196069462,3.076923074556353,1.3628318584058736,0.7586206896543004,159.0,116.0,87.0,113.0,93.0,77.0,66.0,154.0,1.841269841269476,1.5361596009971232,1
0.35172413793079194,0.7525773195873703,0.531249999999585,0.6666666666664488,0.1130434782516572,0.44475920679874087,0.25925925925893917,1.254901960548667,2.6020408163238753,1.6999999999943334,140.0,47.0,30.0,98.0,63.0,36.0,51.0,255.0,1.1325301204815865,0.7384615384613491,1
0.0742358078602296,0.6842105263155323,0.37430167597744457,0.39130434782596546,0.022208121824634403,0.2910662824206654,0.2727272727270956,1.0454250483906542,1.8211382113806331,1.749999999996875,132.0,106.0,56.0,123.0,115.0,42.0,98.0,224.0,1.815845824410746,0.794326241134564,1
0.2608695652172968,0.4374999999998047,0.30827067669161345,0.5784313725487361,0.30468035577238733,-0.03880597014924215,-0.36296296296269415,1.8763749396110982,0.9252873563213073,0.46739130434731807,216.0,102.0,92.0,174.0,188.0,63.0,43.0,161.0,1.3737373737371423,1.061052631578724,1
0.1970260223047595,0.42187499999983524,0.10273972602736207,0.5423728813557024,0.6814828143625787,0.06122448979590052,-0.41621621621599125,5.279096040058992,1.1304347826079937,0.41221374045770065,186.0,108.0,131.0,161.0,86.0,74.0,54.0,182.0,1.5346358792181998,1.423076923076581,1
-0.05142857142855674,0.615120274913878,-0.08033240997227692,0.6433566433564184,1.0,0.17206982543636606,-0.5853658536582986,0.0,1.4156626506015568,0.26153846153832744,255.0,184.0,195.0,166.0,92.0,56.0,51.0,235.0,1.8656527249680777,1.0205011389519316,1
0.3378378378377237,0.6290322580640089,0.4943396226413229,0.45323741007161644,-0.04337611734604002,-0.3244147157189551,-0.27619047619021314,0.916854302631504,0.5101010101007525,0.567164179103631,190.0,98.0,67.0,198.0,43.0,23.0,38.0,101.0,1.3424657534244275,0.9684210526310694,1
0.08730158730155266,0.890410958903703,0.18103448275854267,0.8318584070792779,0.6425397302973347,0.2034883720929641,-0.6666666666660819,4.59502738894931,1.5109489051083862,0.19999999999978946,192.0,115.0,95.0,137.0,224.0,12.0,19.0,207.0,1.645796064400421,0.21098901098896464,1
-0.563218390804382,0.58585858585829,-0.5403225806449434,0.6881720430103827,1.0,0.4672897196259499,-0.7363636363633017,0.0,2.7543859649074482,0.15183246073290482,81.0,204.0,191.0,57.0,181.0,41.0,29.0,157.0,2.9890109890104415,0.780952380952195,1
-0.2073170731706685,0.564356435643285,-0.28176795580102715,0.5265700483089244,1.0,0.09722222222218847,-0.6512455516011918,0.0,1.2153846153836807,0.2112068965516331,203.0,198.0,232.0,130.0,255.0,44.0,49.0,158.0,2.1728395061725414,0.7025948103791013,1
-0.3174603174602335,0.7748917748914395,-0.32812499999991457,0.5648854961829906,1.0,0.2275449101795726,-0.6346153846151812,0.0,1.5891472868204737,0.22352941176461824,178.0,249.0,255.0,129.0,211.0,26.0,57.0,205.0,2.4745341614903755,0.4444444444443495,1
-0.27272727272716,0.4726027397258656,-0.34082397003732556,0.5925925925923732,1.0,0.41914191419128083,-0.5299145299143034,0.0,2.443181818179042,0.3072625698322306,129.0,154.0,179.0,88.0,81.0,77.0,55.0,215.0,2.3466666666662195,1.3688888888885846,1
-0.20567375886519962,0.5272727272725356,-0.20567375886519962,0.9811320754712354,1.0,0.11111111111108173,-0.9844357976649867,0.0,1.2499999999992562,0.007843137254898885,163.0,255.0,255.0,168.0,79.0,65.0,2.0,210.0,2.4256837098689146,1.241050119331446,1
0.009852216748766046,0.8124999999994923,-0.05529953917049417,0.9999999999993104,1.0,-0.17142857142852244,-0.9999999999995633,0.0,0.7073170731703867,0.0,162.0,201.0,229.0,205.0,28.0,15.0,0.0,145.0,2.0910273081921855,0.5911330049258172,1
-0.22596153846148415,0.2890995260662137,-0.22596153846148415,0.49450549450522285,1.0,-0.08417508417505584,-0.6943521594682078,0.0,0.8447204968938853,0.18039215686267437,202.0,255.0,255.0,161.0,84.0,75.0,46.0,136.0,2.336769759449904,1.6216216216211834,1
-0.0025445292620858667,0.4602076124565882,0.012919896640823535,0.580524344569071,0.9564579254748323,0.0368550368550278,-0.5465587044532201,10.0,1.0765306122443488,0.2931937172773334,142.0,197.0,191.0,196.0,132.0,78.0,56.0,211.0,2.15300546448058,1.2505010020037575,1
0.04197530864196494,0.6590909090906595,-0.05381165919281305,0.6911196911194243,1.0,0.01860465116278637,-0.7090909090906513,0.0,1.037914691942636,0.1702127659573744,119.0,194.0,235.0,211.0,61.0,45.0,40.0,219.0,2.161559888579086,0.97297297297271,1
0.02312138728323031,0.6632302405496003,0.06306306306304413,0.9917695473246948,0.8804301981451166,0.15513126491643076,-0.9872611464961866,10.0,1.3672316384173067,0.006410256410252301,37.0,169.0,156.0,177.0,235.0,49.0,1.0,242.0,2.4492753623183967,0.6817391304346639,1
-0.7333333333329574,0.6106194690262785,-0.7189189189185303,0.5230125523010364,-1.0,0.7499999999996395,-0.4722222222220036,0.0,6.9999999999730775,0.3584905660375104,183.0,169.0,159.0,26.0,204.0,44.0,57.0,182.0,2.4716636197436066,0.7426160337551176,1
-0.1274509803920944,0.19815668202755846,-0.17972350230406464,0.4285714285711931,1.0,0.18721461187206065,-0.4222222222219877,0.0,1.4606741573017294,0.40624999999968264,131.0,115.0,128.0,89.0,141.0,87.0,52.0,130.0,2.04444444444399,1.5640449438198734,1
-0.30177514792881555,0.5494505494502476,-0.3789473684208532,0.6491228070171643,1.0,0.40999999999979503,-0.6273291925461942,0.0,2.3898305084705256,0.22900763358761148,142.0,110.0,131.0,59.0,97.0,41.0,30.0,141.0,2.090261282659836,1.0249999999996797,1
0.1272727272726887,0.6075949367084763,0.21568627450973343,0.45977011494226455,0.36136136130775476,-0.18849840255585032,-0.4371257485027323,2.1316614410174255,0.6827956989243641,0.39166666666634026,153.0,144.0,120.0,186.0,50.0,31.0,47.0,127.0,1.8373205741623864,1.0376569037652563,1
0.17647058823524223,0.5174825174823365,0.4285714285712755,0.5897435897433737,0.1582733812794169,0.040767386091117325,-0.17647058823516437,1.376068375747281,1.0849999999994575,0.699999999999125,246.0,140.0,80.0,200.0,173.0,69.0,56.0,217.0,1.5426997245176937,1.0454545454543474,1
-0.19437939110065705,0.21787709497194532,-0.19437939110065705,0.4064516129029636,1.0,-0.224199288256148,-0.6943521594682078,0.0,0.6337209302321898,0.18039215686267437,148.0,255.0,255.0,172.0,109.0,70.0,46.0,109.0,2.4578313253009085,1.564245810055429,1
-0.30026109660566574,0.6915887850464059,-0.29658792650910853,0.5470085470083133,1.0,0.14920634920630185,-0.6466666666664511,0.0,1.3507462686557086,0.21457489878533825,181.0,249.0,247.0,134.0,182.0,33.0,53.0,181.0,2.450184501844717,0.615384615384472,1
0.40883977900541196,0.1999999999998261,0.5548780487803187,0.9999999999985507,0.28627450978498487,-0.5740740740738969,-0.9999999999986301,1.802197801870948,0.27058823529401155,0.0,255.0,107.0,73.0,255.0,101.0,46.0,0.0,69.0,1.182320441988787,1.4045801526712196,1
0.5692307692305941,0.6524590163932287,0.40883977900541196,0.7872340425529124,0.3163636363371509,-0.005917159763312443,-0.5620437956200277,1.9255319144224914,0.9882352941172595,0.2803738317754389,215.0,70.0,107.0,255.0,187.0,53.0,30.0,252.0,0.9180327868850954,0.777981651376004,1
0.016216216216211835,0.7281553398054719,0.08045977011491941,0.6952380952377643,0.7925486874507137,-0.027322404371577236,-0.6666666666663195,8.640816315789682,0.9468085106377944,0.19999999999987503,170.0,182.0,160.0,188.0,223.0,28.0,32.0,178.0,2.016620498614679,0.4901531728664135,1
-0.027932960893846948,0.5548780487803187,-0.11675126903550337,0.8749999999996784,1.0,0.1888111888111448,-0.8565400843878243,0.0,1.4655172413784683,0.07727272727269216,229.0,184.0,220.0,174.0,229.0,73.0,17.0,255.0,1.9092088197144086,0.9269841269839798,1
-0.2765957446807775,0.8292682926825897,-0.3043478260868787,0.9999999999995556,1.0,0.24653739612181538,-0.9999999999996079,0.0,1.654411764704666,0.0,255.0,240.0,255.0,136.0,212.0,21.0,0.0,225.0,2.2043628013774734,0.35073068893520865,1
-0.07951807228913747,0.5589743589740723,-0.08393285371700625,0.6170212765954165,1.0,-0.11370262390667239,-0.7251908396943797,0.0,0.7958115183241907,0.15929203539815961,138.0,224.0,226.0,191.0,145.0,43.0,36.0,152.0,2.306306306306009,0.8981723237595567,1
-0.13839285714282626,0.900990099009009,-0.13839285714282626,0.4436090225560575,1.0,-0.33564013840818835,-0.7465753424654977,0.0,0.4974093264246128,0.1450980392156294,88.0,255.0,255.0,193.0,106.0,5.0,37.0,96.0,2.5790139064472086,0.18867924528292987,1
-0.0809248554913061,0.2650602409636958,-0.0275229357798081,0.6030534351140435,1.0,-0.20454545454537706,-0.7319587628862206,0.0,0.6603773584901508,0.15476190476181265,80.0,187.0,168.0,159.0,112.0,61.0,26.0,105.0,2.4404567699832884,1.4395280235983954,1
-0.4010989010987909,0.3424657534245012,-0.38418079096034347,0.5233160621758947,1.0,0.14843749999994202,-0.6838487972506241,0.0,1.3486238532097719,0.1877551020407397,146.0,255.0,245.0,109.0,255.0,72.0,46.0,147.0,2.666666666666318,1.0549450549448616,1
0.0763636363636086,0.5409836065570814,0.08823529411761462,0.3689320388347724,0.6139912553309941,-0.024221453287188853,-0.312169312169147,4.181229768723564,0.952702702702059,0.524193548386674,170.0,127.0,124.0,148.0,75.0,42.0,65.0,141.0,1.7762237762234656,1.1199999999996266,1
-0.275167785234807,0.6666666666661617,-0.33333333333323045,0.746031746031154,1.0,0.009174311926601297,-0.8620689655168698,0.0,1.0185185185175754,0.07407407407403978,113.0,190.0,216.0,108.0,91.0,22.0,16.0,110.0,2.529118136438847,0.7183673469384824,1
-0.5315315315313719,0.5326460481097827,-0.5315315315313719,0.7220077220074432,1.0,0.4817275747506705,-0.7525773195873703,0.0,2.8589743589706935,0.14117647058817995,64.0,255.0,255.0,78.0,125.0,68.0,36.0,223.0,3.128834355827741,1.123966942148528,1
-0.21863799283146287,0.6165413533832269,-0.1209677419354351,0.5467625899278609,1.0,0.32716049382705953,-0.37623762376219,0.0,1.9724770642183738,0.45323741007161644,162.0,170.0,139.0,109.0,132.0,51.0,63.0,215.0,2.2258592471354786,0.9086859688193968,1
-0.43695014662743786,0.43147208121805514,-0.45299145299132393,0.1999999999999149,-1.0,0.18987341772143887,-0.4613180515757991,0.0,1.4687499999984701,0.36862745098024763,154.0,245.0,255.0,96.0,159.0,56.0,94.0,141.0,2.6486486486482907,1.0873786407764352,1
0.06896551724134958,0.648241206029825,-0.1506849315067977,0.3172690763050935,1.0,0.13888888888884066,-0.3280632411065897,0.0,1.3225806451602238,0.5059523809520798,212.0,108.0,168.0,124.0,195.0,35.0,85.0,164.0,1.5652173913040641,0.6526806526805006,1
0.14499999999996374,0.5796178343945353,0.08018867924526411,0.599999999999613,0.7642163660456751,-0.29745042492909424,-0.7256637168138382,7.482352931842474,0.5414847161569688,0.15897435897427745,231.0,171.0,195.0,229.0,81.0,33.0,31.0,124.0,1.7057356608476675,0.9741697416970575,1
0.3043478260868787,0.27586206896539833,0.3492063492062568,0.23849372384927262,-0.18838286808871152,-0.2655086848634577,-0.14953271028030396,0.6829592999184321,0.5803921568625175,0.7398373983733822,239.0,136.0,123.0,255.0,184.0,84.0,91.0,148.0,1.4203655352478564,1.3439999999997312,1
-0.02202643171805682,0.3214285714283801,0.08557457212711844,0.3874999999997578,0.6382195230899929,-0.33333333333323323,-0.5847457627116167,4.528214280421021,0.4999999999997748,0.2620320855613572,120.0,232.0,187.0,222.0,139.0,57.0,49.0,111.0,2.302729528535694,1.2527472527469086,1
-0.1233480176211182,0.5692307692305941,-0.03864734299515975,0.7229729729727288,1.0,0.1233480176211182,-0.6796874999997345,0.0,1.2814070351752356,0.19069767441851596,193.0,255.0,215.0,199.0,192.0,70.0,41.0,255.0,2.2616407982259132,0.954003407154863,1
-0.07870370370368548,0.353535353535175,0.01790281329922816,0.5672514619879724,0.9388099374737312,-0.1951951951951366,-0.676855895196211,10.0,0.6733668341705159,0.19270833333323298,181.0,233.0,192.0,199.0,148.0,64.0,37.0,134.0,2.203309692671134,1.2487804878045734,1
0.3184713375795164,0.2553191489360797,0.2777777777776921,0.4047619047617442,0.1860465116006064,-0.07812499999997966,-0.2187499999998861,1.457142856618157,0.855072463767703,0.6410256410250932,201.0,107.0,117.0,207.0,138.0,105.0,75.0,177.0,1.3762057877811291,1.599999999999695,1
0.24266666666660197,0.6088328075707858,0.16791979949870478,0.969111969111595,0.7046348146645525,0.04508196721310552,-0.9529411764700277,5.771278737990288,1.0944206008578994,0.02409638554215416,179.0,142.0,166.0,233.0,219.0,62.0,4.0,255.0,1.6321839080457423,0.8294314381269515,1
0.36363636363626645,0.4044117647057337,0.10869565217388942,0.6977777777774677,0.7304420749063796,-0.14349775784750146,-0.7154811715478179,6.419555549648107,0.7490196078428436,0.16585365853650447,173.0,119.0,205.0,255.0,100.0,81.0,34.0,191.0,1.4294294294292147,1.4304635761586246,1
-0.0029673590504442236,0.7549407114621522,-0.08943089430891886,0.819672131147205,1.0,0.13846153846150297,-0.8026905829592813,0.0,1.321428571427785,0.10945273631835352,255.0,169.0,201.0,168.0,177.0,31.0,22.0,222.0,1.7766097240470726,0.537960954446738,1
-0.19999999999995294,0.5819672131145156,-0.18269230769226377,0.8293838862555312,1.0,0.06336088154268227,-0.8636363636360366,0.0,1.135294117646391,0.07317073170728733,157.0,255.0,246.0,170.0,133.0,51.0,18.0,193.0,2.437275985662791,0.9532710280371605,1
-0.2348668280871102,0.19148936170199188,-0.2292682926828709,0.5555555555550411,1.0,-0.3057851239668158,-0.8260869565214398,0.0,0.5316455696199167,0.09523809523805744,52.0,255.0,252.0,158.0,32.0,57.0,24.0,84.0,2.8333333333329396,1.982608695651312,1
-0.30944625407156046,0.48739495798298854,-0.13821138211376496,0.3667953667952252,1.0,0.25088339222605976,-0.2612612612611436,0.0,1.6698113207531418,0.5857142857138674,78.0,201.0,140.0,106.0,147.0,61.0,82.0,177.0,2.7440273037537977,1.0941704035871986,1
-0.10028653295126067,0.6293929712458053,-0.0031746031746021667,0.5644171779139373,1.0,0.2378640776698452,-0.37991266375529265,0.0,1.6242038216550165,0.44936708860731056,135.0,192.0,158.0,157.0,255.0,58.0,71.0,255.0,2.27218934911209,0.7412140575078687,1
-0.14814814814807956,0.10091743119256796,-0.19999999999991305,0.22448979591813828,1.0,-0.2105263157893352,-0.5681818181814954,0.0,0.6521739130427694,0.2753623188403802,128.0,124.0,138.0,92.0,57.0,49.0,38.0,60.0,2.1196581196576667,1.8232558139526405,1
-0.10299003322255715,0.5203619909499908,-0.07534246575339885,0.6153846153843195,1.0,0.10891089108907297,-0.5939086294413229,0.0,1.2444444444435228,0.254777070063532,160.0,166.0,157.0,135.0,93.0,53.0,40.0,168.0,2.118022328548306,1.155313351498323,1
-0.3421750663129066,0.4878048780485822,-0.32608695652165054,0.7183098591545923,1.0,0.19218241042339018,-0.7810218978099339,0.0,1.475806451611713,0.12295081967208077,145.0,253.0,244.0,124.0,82.0,63.0,30.0,183.0,2.611612903225469,1.2890025575444275,1
-0.3051948051947061,0.4153846153844024,-0.23297491039418175,0.32057416267927247,1.0,0.12653061224484632,-0.4156378600821335,0.0,1.289719626167019,0.41279069767417864,222.0,201.0,172.0,107.0,76.0,57.0,71.0,138.0,2.1997264021884813,1.3902439024386006,1
-0.5749128919858624,0.4999999999997549,-0.565836298932183,0.3133047210299085,-1.0,0.4299065420558739,-0.46666666666651113,0.0,2.5081967213073635,0.3636363636361984,146.0,226.0,220.0,61.0,51.0,51.0,80.0,153.0,2.743550834597459,1.3333333333328976,1
-0.12179487179483277,0.8295964125556818,-0.15692307692302865,0.3972602739724667,1.0,0.1964809384163647,-0.36231884057957886,0.0,1.4890510948894242,0.46808510638272977,249.0,175.0,188.0,137.0,93.0,19.0,88.0,204.0,1.9021739130432196,0.45373134328344666,1
-0.12112676056334616,0.7368421052621883,-0.17894736842100556,0.4193548387092265,1.0,-0.4054054054052228,-0.7848605577686116,0.0,0.4230769230766519,0.12053571428566048,212.0,199.0,224.0,156.0,60.0,10.0,27.0,66.0,2.078328981722966,0.5479452054790768,1
-0.10526315789469068,0.47619047619024946,-0.04672897196259499,0.47619047619024946,1.0,0.20622568093377192,-0.3413173652692567,0.0,1.5196078431357651,0.4910714285709901,90.0,126.0,112.0,102.0,255.0,55.0,55.0,155.0,2.270270270269759,0.8461538461536834,1
0.18961038961034038,0.2568807339448363,0.2829131652660272,0.5307262569829437,0.30457360460913013,-0.25136612021851057,-0.5058823529408789,1.8759334027326053,0.5982532751089091,0.3281249999997437,151.0,156.0,128.0,229.0,175.0,81.0,42.0,137.0,1.8034682080922249,1.3670886075946482,1
0.0888888888888642,0.5862068965514996,0.18787878787873094,0.33118971061082597,0.2760925063291411,0.027295285359794717,-0.12605042016801427,1.7627839426360292,1.056122448979053,0.7761194029844956,148.0,164.0,134.0,196.0,116.0,54.0,104.0,207.0,1.9523809523806617,1.0023201856146167,1
0.012875536480683932,0.5789473684208183,0.04656319290464599,0.5853658536582986,0.8526315788124181,-0.09512761020879464,-0.6165413533832269,10.0,0.8262711864403279,0.23720930232547108,167.0,230.0,215.0,236.0,217.0,52.0,51.0,195.0,2.1320973348780843,0.8062015503874406,1
0.2670454545453787,0.2578124999998993,-0.030434782608689037,0.2677165354329655,1.0,-0.1614583333332913,-0.43636363636350417,0.0,0.7219730941700798,0.3924050632909737,255.0,129.0,237.0,223.0,177.0,95.0,93.0,161.0,1.4021739130432878,1.4393939393936666,1
0.15124153498867918,0.6103896103894122,0.1233480176211182,0.6588628762539602,0.6846169783080311,-0.01391650099403302,-0.5919999999997633,5.341495456729642,0.9725490196074618,0.2562814070350471,237.0,188.0,199.0,255.0,126.0,60.0,51.0,248.0,1.7327188940090168,0.9716599190281434,1
0.5338983050845195,0.28448275862056704,0.274647887323847,0.15057915057909244,-0.29177057349748514,-0.09696969696966759,0.032863849765242786,0.5482625480629058,0.823204419889048,1.0679611650475067,201.0,55.0,103.0,181.0,164.0,83.0,110.0,149.0,0.8943089430892491,1.3862212943629675,1
0.037037037037023324,0.5522388059699432,-0.06976744186044194,0.5817490494294366,1.0,0.19540229885051857,-0.49074074074051355,0.0,1.4857142857132246,0.341614906832086,255.0,130.0,161.0,140.0,143.0,60.0,55.0,208.0,1.5877862595417422,1.0191082802545608,1
0.01754385964911665,0.6109215017062761,0.2663755458514121,0.697841726618454,0.4474781701608424,0.2388451443568927,-0.3333333333330688,2.619766480913165,1.6275862068954294,0.49999999999940475,85.0,140.0,84.0,145.0,104.0,57.0,42.0,236.0,2.1960784313721184,1.0044052863433912,1
-0.13397129186599666,-0.5789473684205447,-0.0268817204301003,-0.020408163265264474,-0.13689095156644343,-0.7658536585362118,-0.7685185185181628,0.7591836762922058,0.13259668508279968,0.1308900523559524,142.0,237.0,191.0,181.0,46.0,90.0,25.0,24.0,2.378920953575611,2.879999999998848,1
-0.20588235294111593,0.6989966555181609,-0.23295454545447927,0.7104377104374713,1.0,0.30591259640094964,-0.6692307692305118,0.0,1.881481481480088,0.19815668202755846,122.0,205.0,217.0,135.0,127.0,45.0,43.0,254.0,2.458770614692285,0.7643312101909205,1
-0.20418848167533923,0.7708333333330657,-0.13881019830024396,0.5838509316768373,1.0,0.2530712530711909,-0.4999999999998135,0.0,1.6776315789462648,0.3333333333331675,129.0,230.0,201.0,152.0,85.0,33.0,67.0,255.0,2.4831309041832004,0.6502463054185591,1
-0.1978891820579953,0.3209876543207895,-0.19363395225459054,0.6984126984121442,1.0,-0.17374517374510667,-0.8442622950816212,0.0,0.7039473684205896,0.08444444444440692,110.0,227.0,225.0,152.0,71.0,55.0,19.0,107.0,2.5363128491616567,1.5277777777772474,1
0.015873015873010834,0.49407114624486403,0.08843537414962979,0.6153846153843524,0.7486988846519688,0.0830945558739017,-0.4972067039103368,6.95857987378765,1.1812499999992618,0.33582089552213745,245.0,155.0,134.0,160.0,89.0,64.0,45.0,189.0,1.7342657342654917,1.261083743842054,1
-0.619909502262163,0.2398190045247784,-0.624999999999721,0.6309523809520055,1.0,0.5307262569829437,-0.7089201877930944,0.0,3.261904761896995,0.17032967032957674,140.0,179.0,182.0,42.0,98.0,84.0,31.0,137.0,2.6518518518513607,1.667493796525641,1
-0.2840909090908284,0.0683229813664172,-0.3170731707316214,0.13907284768202713,-1.0,-0.18867924528292987,-0.5779220779218903,0.0,0.6825396825391409,0.2674897119340463,212.0,226.0,243.0,126.0,137.0,75.0,65.0,86.0,2.288607594936419,1.6085790884714186,1
-0.1525423728812913,0.007633587786253716,-0.32432432432421476,0.45054945054895545,1.0,-0.20481927710831035,-0.7737556561082473,0.0,0.65999999999934,0.1275510204080982,198.0,136.0,196.0,100.0,109.0,65.0,25.0,66.0,1.9087719298242263,1.7049180327863263,1
0.09708737864075313,0.15853658536575702,-0.0022075055187633095,0.557377049179871,1.0,-0.4080996884733931,-0.7874015748028397,0.0,0.420353982300699,0.11894273127748065,255.0,186.0,227.0,226.0,104.0,69.0,27.0,95.0,1.744431418522656,1.6379821958452114,1
0.2666666666665859,0.5744680851057719,0.16759776536308169,0.7831325301195384,0.6474336282502168,-0.4770318021199728,-0.8860759493665279,4.6726907602598455,0.3540669856457636,0.060402684563717855,210.0,121.0,149.0,209.0,107.0,20.0,9.0,74.0,1.4644478063537874,0.7239819004521612,1
-0.47706422018326744,0.5999999999998034,-0.24999999999983555,0.8914728682167088,1.0,0.6212624584715544,-0.7431192660543641,0.0,4.2807017543784545,0.14736842105247644,141.0,161.0,95.0,57.0,136.0,61.0,14.0,244.0,2.4769230769226005,0.972111553784667,1
0.41935483870954215,0.3551401869157219,0.28279883381915955,0.11969111969107349,-0.4052466717865903,-0.20547945205473822,-0.03797468354428778,0.42323767051065075,0.6590909090906095,0.9268292682919294,118.0,90.0,123.0,220.0,52.0,69.0,114.0,145.0,1.3899613899611216,1.6477611940293588,1
0.2857142857142007,0.4999999999997449,0.24137931034475824,0.4134615384613397,0.2627848100863627,-0.1900826446280468,-0.3678756476682032,1.7129120872021215,0.6805555555552405,0.46212121212086205,137.0,120.0,132.0,216.0,87.0,49.0,61.0,147.0,1.6188870151767927,1.1807228915659094,1
0.1748633879780943,0.5128205128203485,0.12271540469970686,0.5424836601305417,0.6310415596793584,0.04656319290464599,-0.41176470588217995,4.420664716185963,1.0976744186041407,0.41666666666641866,223.0,151.0,168.0,215.0,176.0,76.0,70.0,236.0,1.6324324324322117,1.078014184396972,1
0.27167630057795616,0.5648535564851194,0.15485564304457877,0.5327868852456833,0.549604229810834,-0.08108108108106116,-0.47706422018326744,3.4405390363995605,0.8499999999996137,0.35403726708052546,255.0,126.0,161.0,220.0,99.0,52.0,57.0,187.0,1.3865199449791765,1.066666666666393,1
0.03740648379051437,0.5874999999996329,-0.04147465437787063,0.6282051282047255,1.0,-0.24179104477604724,-0.7725490196075402,0.0,0.6105769230766296,0.12831858407073968,199.0,193.0,226.0,208.0,83.0,33.0,29.0,127.0,1.947036569987144,0.9565217391300883,1
0.5502392344494975,0.6161616161614087,0.25581395348827296,0.44578313252998625,0.2707667731243864,0.1940298507462204,-0.021276595744669537,1.7426067901185116,1.481481481480567,0.9583333333323351,177.0,47.0,96.0,162.0,231.0,57.0,92.0,240.0,0.8683602771360581,0.7794871794870462,1
-0.021582733812941877,0.726495726495416,0.022556390977435132,0.7191489361699068,0.9391769475051563,0.19526627218929135,-0.5950920245395123,10.0,1.4852941176459669,0.2538461538459586,235.0,142.0,130.0,136.0,137.0,32.0,33.0,202.0,1.734351145037903,0.6352357320097679,1
-0.20952380952370978,0.7384615384612545,-0.2454545454544339,0.5066666666664978,1.0,0.4627831715208858,-0.29857819905199123,0.0,2.7228915662617794,0.5401459854010656,115.0,127.0,137.0,83.0,136.0,34.0,74.0,226.0,2.2477876106189716,0.6325581395347366,1
-0.2999999999999063,-0.368421052631302,-0.38964577656665134,-0.15151515151499848,-0.4400366189403231,-0.45454545454515943,-0.6346153846151812,0.38885357077126237,0.37499999999966516,0.22352941176461824,184.0,208.0,255.0,112.0,161.0,91.0,57.0,42.0,2.337078651685065,1.8909090909086,1
0.0060240963855403545,0.38028169014066654,-0.1413881748071616,0.46268656716394896,1.0,-0.06369426751590329,-0.6086956521736925,0.0,0.8802395209575568,0.24324324324313368,144.0,165.0,222.0,167.0,79.0,66.0,54.0,147.0,2.0592823712945303,1.4748603351951188,1
-0.36241610738242874,0.35021097046398725,-0.318996415770495,0.6666666666663195,1.0,0.2549019607842138,-0.703703703703378,0.0,1.6842105263140166,0.17391304347816636,132.0,203.0,184.0,95.0,78.0,77.0,32.0,160.0,2.5655608214845866,1.5714285714281706,1
-0.06413301662706315,0.4189944134075872,-0.05288461538460267,0.6387096774189428,1.0,-0.2160493827159827,-0.7732793522264076,0.0,0.6446700507610941,0.12785388127848044,194.0,224.0,219.0,197.0,88.0,52.0,28.0,127.0,2.1358760429079693,1.3040752351093092,1
0.06666666666664052,0.43396226415077965,0.04615384615382841,0.6101694915251652,0.8593563765079156,0.1656441717790903,-0.45882352941149485,10.0,1.3970588235283847,0.3709677419351847,244.0,119.0,124.0,136.0,93.0,75.0,46.0,190.0,1.5404530744334075,1.3856812933022205,1
-0.05142857142854204,0.18749999999990236,-0.29059829059816644,0.31034482758602855,1.0,0.15736040609129068,-0.4312796208528762,0.0,1.3734939759019595,0.39735099337722035,113.0,92.0,151.0,83.0,94.0,78.0,60.0,114.0,1.9368421052626483,1.7142857142852435,1
-0.3832599118941043,0.26153846153832744,-0.3269230769229198,0.22999999999988502,-1.0,0.2746113989635883,-0.28372093023242617,0.0,1.757142857140347,0.5579710144923493,204.0,157.0,138.0,70.0,174.0,72.0,77.0,123.0,2.136054421768344,1.3061224489792957,1
-0.02202643171805197,0.3454545454543361,-0.06722689075627428,0.6204379562039267,1.0,0.0,-0.6601307189538169,0.0,0.999999999999099,0.2047244094486577,93.0,116.0,127.0,111.0,143.0,54.0,26.0,111.0,2.128440366971989,1.1933701657455267,1
0.5044247787609132,0.29599999999988164,0.36729222520097393,0.6446700507610941,0.27409897791793514,-0.22302158273375947,-0.5424836601303644,1.7551965610838227,0.6352941176468098,0.29661016949127406,255.0,84.0,118.0,255.0,114.0,88.0,35.0,162.0,0.9911504424777299,1.5575221238934607,1
0.3226837060701845,0.8208955223877534,0.28971962616813407,0.5947712418298711,0.3448895027234312,0.0820399113081858,-0.2954545454543776,2.0529200920596704,1.1787439613520876,0.54385964912233,159.0,106.0,114.0,207.0,72.0,24.0,62.0,244.0,1.467128027681407,0.5274725274723826,1
0.007575757575754707,0.41062801932347315,0.18222222222214124,0.38388625592398873,0.35622860538430046,0.04659498207883635,-0.1719745222928841,2.106692866720372,1.0977443609014303,0.7065217391296668,120.0,131.0,92.0,133.0,48.0,61.0,65.0,146.0,2.034951456310284,1.5443037974678657,1
0.13136729222516585,-0.5121951219505949,0.18873239436614403,-0.6226415094333748,1.0,-0.826839826839469,-0.2521739130433686,0.0,0.09478672985777499,0.5972222222218075,208.0,162.0,144.0,211.0,39.0,62.0,86.0,20.0,1.7442799461639644,2.7103825136597215,1
0.09866666666664035,0.58454106280165,0.10455764075064221,0.9294117647053357,0.7977548653977431,-0.11351351351348284,-0.9306358381497511,8.888989433426254,0.7961165048539826,0.03592814371255334,123.0,169.0,167.0,206.0,21.0,43.0,6.0,164.0,2.0269865067463226,1.2693726937264689,1
-0.468879668049598,0.5325670498082251,-0.5460992907799482,0.4652014652012948,-1.0,0.5151515151513201,-0.49828178694140957,0.0,3.1249999999951172,0.3348623853209473,136.0,177.0,218.0,64.0,96.0,61.0,73.0,200.0,2.5559566786998995,1.1674641148322566,1
0.0685920577617081,0.2403100775191936,0.1003717472118586,0.4953271028032754,0.663011781061994,-0.2982456140349569,-0.6351351351347061,4.934925574865968,0.5405405405401753,0.22314049586758417,97.0,129.0,121.0,148.0,18.0,49.0,27.0,80.0,2.0516898608345824,1.9999999999989797,1
-0.01807228915662106,0.2707182320440493,-0.11653116531162154,0.7293233082701284,1.0,-0.17266187050353501,-0.8392857142853396,0.0,0.7055214723922053,0.08737864077665662,169.0,169.0,206.0,163.0,94.0,66.0,18.0,115.0,2.017910447760893,1.5483870967737394,1
0.2707581227435846,0.6303630363034224,0.2941176470587154,0.674576271186212,0.3927542198030244,0.1678486997635537,-0.3333333333331019,2.2935593212541536,1.4034090909082937,0.49999999999947914,193.0,101.0,96.0,176.0,208.0,56.0,48.0,247.0,1.415061295971731,0.7901234567899841,1
0.09677419354833508,0.7142857142852506,0.12087912087905447,0.6196319018401107,0.6735251273671492,0.12820512820507343,-0.44144144144104375,5.126045729166731,1.2941176470575548,0.3874999999995156,166.0,84.0,80.0,102.0,35.0,22.0,31.0,132.0,1.5412844036693714,0.8341232227484199,1
-0.5135135135133153,0.5680751173706253,-0.5563380281688182,0.7671957671953613,1.0,0.4521739130432817,-0.8189300411519264,0.0,2.650793650789443,0.09954751131217215,177.0,196.0,221.0,63.0,156.0,46.0,22.0,167.0,2.4810126582274554,0.8867469879515936,1
-0.5384615384613659,0.1477272727271888,-0.5596330275227647,0.4962962962959287,-1.0,0.1676300578033713,-0.7647058823526766,0.0,1.4027777777758295,0.13333333333328104,109.0,240.0,255.0,72.0,185.0,75.0,34.0,101.0,2.904689863842223,1.3761467889905101,1
-0.00632911392404863,0.37234042553171687,-0.11549295774644634,0.25853658536572754,1.0,-0.09790209790206368,-0.4452554744523923,0.0,0.8216560509548907,0.38383838383819,107.0,159.0,198.0,157.0,178.0,59.0,76.0,129.0,2.1855670103089024,1.1105882352938563,1
-0.2604501607716204,0.34545454545441984,-0.285714285714197,0.3805970149252311,1.0,0.23333333333325557,-0.4275862068964043,0.0,1.6086956521725142,0.40096618357468555,231.0,196.0,207.0,115.0,118.0,90.0,83.0,185.0,2.124661246612178,1.490683229813356,1
0.0,0.15923566878970752,0.0,0.6106194690260083,0.9999999998362319,-0.4739884393062214,-0.841155234656736,10.0,0.3568627450978993,0.08627450980388773,255.0,255.0,255.0,255.0,139.0,66.0,22.0,91.0,1.999999999999804,1.4585635359111992,1
0.25957446808499596,0.5648854961829906,0.23333333333323614,0.633466135457915,0.46162095903974965,0.16147308781865113,-0.33333333333309184,2.7148548650858286,1.3851351351341994,0.4999999999994565,193.0,87.0,92.0,148.0,77.0,57.0,46.0,205.0,1.3514563106793491,1.1515151515148607,1
-0.4056224899596765,0.536231884057712,-0.4477611940296837,0.6562499999996583,1.0,0.36480686695263315,-0.7092511013212734,0.0,2.1486486486457452,0.17010309278341748,111.0,175.0,194.0,74.0,69.0,48.0,33.0,159.0,2.6168224299060525,1.1851851851848194,1
0.21428571428558674,0.7586206896548454,-0.04672897196259499,0.6518218623479143,1.0,0.3333333333332244,-0.44516129032229346,0.0,1.9999999999980391,0.3839285714282286,169.0,66.0,112.0,102.0,234.0,28.0,43.0,204.0,1.3101736972701463,0.45344129554646695,1
0.46268656716394896,0.37984496124001565,0.3363636363634835,0.33834586466139976,0.0029378988951711577,-0.24576271186430265,-0.247863247863036,1.0058931108569207,0.6054421768703365,0.6027397260265716,149.0,54.0,73.0,147.0,143.0,40.0,44.0,89.0,1.0693069306928047,1.025641025640697,1
0.3222222222220432,0.27093596059099956,-0.02857142857141691,0.5266272189345996,1.0,0.04032258064514503,-0.5180722891563144,0.0,1.0840336134444672,0.3174603174600655,128.0,61.0,126.0,119.0,97.0,74.0,40.0,129.0,1.322493224931891,1.5828877005343363,1
-0.0320699708454717,0.3644859813080706,-0.026392961876825105,0.4038461538457655,1.0,-0.3891213389119711,-0.699029126213253,0.0,0.43975903614431344,0.17714285714275593,171.0,177.0,175.0,166.0,171.0,34.0,31.0,73.0,2.0492040520981116,0.8717948717945924,1
0.1740412979350519,-0.20430107526859753,0.146974063400534,-0.3451327433625264,1.0,-0.6864406779658109,-0.32142857142842796,0.0,0.1859296482411126,0.5135135135131665,216.0,140.0,148.0,199.0,94.0,56.0,76.0,37.0,1.6115107913666744,1.843621399176196,1
-0.0504451038575518,-0.5652173913031191,-0.058823529411747406,-0.7260273972592795,0.8501026695126822,-0.8823529411759516,-0.4814814814812834,10.0,0.06249999999996094,0.3499999999998056,225.0,177.0,180.0,160.0,16.0,36.0,63.0,10.0,1.9161028416776837,2.938775510201083,1
0.10364145658260403,0.6666666666659259,0.13218390804593902,0.9480519480507168,0.7552684308011433,-0.448529411764541,-0.9738562091496904,7.17221907982937,0.38071065989828395,0.01324503311257401,149.0,160.0,151.0,197.0,162.0,15.0,2.0,75.0,1.9219219219216332,0.4494382022470227,1
-0.046913580246901995,0.38461538461489153,-0.13839285714282626,0.24137931034455012,1.0,-0.5627530364370191,-0.7708333333330657,0.0,0.2797927461138447,0.1294117647058316,203.0,212.0,255.0,193.0,62.0,24.0,33.0,54.0,2.068292682926577,1.1707317073163594,1
-0.1619047619047105,0.3821138211379007,-0.22580645161283702,0.18055555555543018,-1.0,-0.21658986175105227,-0.5597014925371047,0.0,0.6439393939389062,0.2822966507175683,150.0,183.0,209.0,132.0,146.0,38.0,59.0,85.0,2.2592592592589105,0.9902280130289934,1
-0.17647058823522924,0.41999999999958,-0.345029239765981,0.22413793103428953,-1.0,-0.22404371584687213,-0.6727272727270281,0.0,0.6339285714280054,0.19565217391295842,224.0,160.0,230.0,112.0,35.0,29.0,45.0,71.0,1.9512195121948244,1.414634146340601,1
0.4858934169277474,0.6047430830037136,0.4584615384613974,0.7729257641918023,0.2553739388308694,-0.07727272727270972,-0.54385964912233,1.6859119013934287,0.8565400843878243,0.2954545454542097,154.0,82.0,88.0,237.0,205.0,50.0,26.0,203.0,1.181981981981769,0.7874015748029947,1
0.08532423208188214,0.5272727272722479,0.019230769230763067,0.4358974358970633,0.9154929575452851,-0.308641975308515,-0.6451612903222338,10.0,0.5283018867921206,0.21568627450966296,171.0,134.0,153.0,159.0,119.0,26.0,33.0,84.0,1.7926421404679276,0.815686274509484,1
0.09963099630992633,0.6525423728810794,0.09157509157505804,0.7647058823525952,0.7861097130435584,0.13372093023251927,-0.6533333333328978,8.350588226174555,1.308724832213887,0.2096774193546696,212.0,122.0,124.0,149.0,232.0,41.0,26.0,195.0,1.613223140495601,0.6444007858544903,1
-0.029411764705867937,0.677966101694628,-0.2355212355211446,0.7599999999996623,1.0,0.3333333333332211,-0.7112299465236839,0.0,1.9999999999979798,0.16874999999989454,86.0,105.0,160.0,99.0,82.0,38.0,27.0,198.0,2.126582278480474,0.8539325842694231,1
-0.2789115646257555,0.5892255892253908,-0.25614035087710313,0.5324675324673596,1.0,0.38011695906421633,-0.4262948207169617,0.0,2.226415094337522,0.4022346368712837,117.0,188.0,179.0,106.0,120.0,61.0,72.0,236.0,2.5108514190313,1.0209205020918366,1
-0.07262569832400206,0.46058091286287944,-0.11702127659571356,0.2799999999998982,1.0,0.029239766081862798,-0.35922330097075755,0.0,1.0602409638547832,0.471428571428347,225.0,192.0,210.0,166.0,113.0,65.0,99.0,176.0,1.981935483870712,1.241050119331446,1
-0.2718204488777377,0.3285714285713112,-0.2718204488777377,0.6244541484713431,1.0,0.12048192771080708,-0.7114093959729156,0.0,1.2739726027388536,0.16862745098032603,143.0,255.0,255.0,146.0,251.0,94.0,43.0,186.0,2.5531914893613825,1.2031999999998073,1
-0.2206896551723377,0.33333333333317233,-0.2915360501566484,0.6526946107780524,1.0,0.09960159362545833,-0.7531914893613817,0.0,1.2212389380520166,0.14077669902905787,164.0,177.0,206.0,113.0,204.0,69.0,29.0,138.0,2.244057052297584,1.1499999999997605,1
-0.22249388753050794,0.027027027027002676,-0.23188405797095848,0.3411764705878339,1.0,-0.4722222222220036,-0.8021201413424728,0.0,0.3584905660375104,0.1098039215685844,161.0,250.0,255.0,159.0,177.0,54.0,28.0,57.0,2.439024390243605,1.2631578947364728,1
0.08108108108102631,0.7465753424654977,-0.16666666666657987,0.8021201413424728,1.0,0.5223880597013366,-0.5999999999995714,0.0,3.1874999999960156,0.2499999999997768,164.0,68.0,112.0,80.0,255.0,37.0,28.0,255.0,1.4315789473680445,0.5068493150684064,1
-0.022900763358769886,0.49425287356293435,0.0847457627118285,0.8309859154923727,0.8149113659172191,0.007751937984493119,-0.7999999999993334,9.805633791243505,1.0156249999992066,0.11111111111100823,255.0,134.0,108.0,128.0,228.0,44.0,12.0,130.0,1.6466973886326195,0.7892376681612581,1
-0.3599999999997943,0.47706422018326744,-0.39784946236537755,0.7037037037033315,1.0,0.4838709677417125,-0.645569620252756,0.0,2.874999999994866,0.21538461538444972,214.0,119.0,130.0,56.0,158.0,57.0,28.0,161.0,1.8740157480311272,1.0531177829096876,1
-0.05145413870244934,0.6344086021501966,0.0,0.71751412429338,0.9999999998606299,-0.16483516483511956,-0.789029535864646,10.0,0.7169811320751336,0.11792452830183117,219.0,235.0,212.0,212.0,255.0,34.0,25.0,152.0,2.086570477247271,0.5726315789472479,1
-0.3207547169810312,0.39726027397233066,-0.3394495412842999,0.1860465116277988,-1.0,-0.028571428571414967,-0.515570934255877,0.0,0.9444444444435699,0.3196347031962011,185.0,210.0,219.0,108.0,192.0,44.0,70.0,102.0,2.3562412342212684,0.9214659685861463,1
-0.37451737451722994,0.2758620689650416,-0.4172661870502096,0.29824561403456445,-1.0,-0.37288135593188737,-0.8156682027646012,0.0,0.45679012345622616,0.10152284263954238,134.0,178.0,197.0,81.0,55.0,21.0,20.0,37.0,2.4938704028016647,1.2537313432826467,1
-0.13939393939389716,0.8773006134963943,-0.05333333333331556,0.8106508875734849,1.0,0.0372881355932077,-0.8160919540225196,0.0,1.0774647887316358,0.10126582278474604,242.0,188.0,158.0,142.0,99.0,10.0,16.0,153.0,1.978947368420792,0.2941176470587154,1
0.19437939110065705,0.3333333333329861,0.09442060085834884,0.3061224489792795,0.5285370652515288,-0.5987460815045145,-0.7224489795915419,3.2421150243930064,0.2509803921567643,0.16113744075821748,230.0,172.0,211.0,255.0,106.0,32.0,34.0,64.0,1.6598311218333341,1.0940170940166265,1
-0.23131672597856537,0.4318181818179365,-0.3121019108279261,0.3404255319147126,1.0,0.07692307692304405,-0.5373134328356204,0.0,1.1666666666655865,0.3009708737862617,148.0,173.0,206.0,108.0,168.0,50.0,62.0,126.0,2.2990033222587543,1.0152284263956814,1
-0.22543352601149555,0.01492537313430608,-0.24507042253514225,-0.227272727272469,-0.03767958797262188,-0.595238095237741,-0.6072727272725065,0.9273772208582887,0.25373134328339275,0.24434389140260437,193.0,212.0,221.0,134.0,171.0,33.0,54.0,34.0,2.2583222370170093,0.9741697416970575,1
-0.03880597014924215,0.448529411764541,-0.10555555555552623,0.7990867579905028,1.0,0.10055865921784901,-0.8009049773752033,0.0,1.2236024844712898,0.11055276381903993,112.0,174.0,199.0,161.0,103.0,75.0,22.0,197.0,2.2415458937194455,1.333333333333037,1
-0.30909090909079673,0.6712328767120223,-0.2962962962961866,0.5508474576268853,1.0,0.3165467625898142,-0.5350877192980109,0.0,1.9263157894716565,0.3028571428569698,148.0,180.0,175.0,95.0,84.0,36.0,53.0,183.0,2.388059701492141,0.8495575221236432,1
0.2748538011695103,0.5141955835960523,0.26744186046503854,0.811320754716675,0.5041692088204272,0.04803493449780611,-0.6688741721849876,3.0336341251984815,1.1009174311921557,0.19841269841254094,144.0,124.0,126.0,218.0,99.0,77.0,25.0,240.0,1.6262295081964546,1.2494929006082658,1
0.43604651162778024,0.54385964912233,0.548589341692618,0.3643410852710354,-0.20182069844489472,-0.47462686567150014,-0.27433628318559794,0.664141749601775,0.35627530364358045,0.5694444444436535,171.0,97.0,72.0,247.0,74.0,26.0,41.0,88.0,1.267973856208943,0.9719626168219758,1
-0.296969696969607,0.45064377682384094,-0.13754646840143586,0.5022222222219991,1.0,0.18596491228063652,-0.46411483253566316,0.0,1.456896551722882,0.3660130718951856,214.0,214.0,153.0,116.0,113.0,64.0,56.0,169.0,2.258575197888884,1.2487804878045734,1
-0.41780821917793914,0.6612021857919884,-0.3280632411065897,0.5589743589740723,1.0,0.282700421940809,-0.5924170616110936,0.0,1.7882352941155433,0.2559523809522286,149.0,207.0,168.0,85.0,107.0,31.0,43.0,152.0,2.555555555555161,0.7725856697816909,1
-0.14864864864859845,0.42857142857130853,-0.18709677419348805,0.44886363636350884,1.0,0.33858267716526547,-0.3096085409251567,0.0,2.0238095238079175,0.5271739130431918,145.0,170.0,184.0,126.0,171.0,102.0,97.0,255.0,2.2258592471354786,1.2952380952378895,1
-0.10638297872337192,0.34939759036134055,-0.09259259259256401,0.36585365853647384,1.0,0.2075471698112648,-0.259786476868235,0.0,1.5238095238084874,0.5875706214685946,160.0,182.0,177.0,147.0,140.0,108.0,104.0,224.0,2.1698956780920757,1.489655172413536,1
0.060532687651317064,0.49253731343265206,0.0554216867469746,0.7094017094014062,0.8550732441794286,-0.04534606205249515,-0.7043478260866504,10.0,0.9132420091320032,0.17346938775501355,94.0,194.0,196.0,219.0,124.0,68.0,34.0,200.0,2.2139800285303544,1.1826086956519168,1
-0.09178743961348224,0.7832167832165094,-0.025906735751281915,0.705685618728861,1.0,0.4613180515757991,-0.3846153846151157,0.0,2.7127659574439225,0.4444444444439955,86.0,113.0,99.0,94.0,229.0,31.0,44.0,255.0,2.2266009852211264,0.454212454212371,1
-0.09803921568624706,0.5630769230767498,0.01577287066245559,0.7337883959041864,0.9579143922881747,0.2240963855421147,-0.5999999999996923,10.0,1.5776397515518152,0.24999999999983977,255.0,196.0,156.0,161.0,199.0,71.0,39.0,254.0,1.9405940594057003,0.9546218487393353,1
0.034749034749021336,0.2990654205606079,0.2407407407406293,0.6646706586822367,0.46821800362245286,0.018315018315011606,-0.4909090909086446,2.760939657996025,1.0373134328350468,0.3414634146337299,140.0,125.0,82.0,134.0,182.0,75.0,28.0,139.0,1.9083969465645212,1.2738853503182008,1
0.009661835748789937,0.45222929936291334,0.032098765432090844,0.7272727272724518,0.9154596510765965,0.04347826086955527,-0.6896551724134958,10.0,1.090909090908569,0.1836734693876614,255.0,205.0,196.0,209.0,226.0,86.0,36.0,228.0,1.876430205949442,1.0990415335461503,1
-0.34959349593481726,0.5830115830113579,-0.3277310924368371,0.6141732283462149,1.0,0.4385964912279163,-0.5265700483089244,0.0,2.562499999996797,0.31012658227828477,197.0,166.0,158.0,80.0,185.0,54.0,49.0,205.0,2.1806239737270636,0.8674698795178981,1
-0.02857142857142041,0.5294117647053633,-0.13486005089055092,0.9999999999987179,1.0,-0.3709677419353343,-0.9999999999995516,0.0,0.45882352941149485,0.0,201.0,180.0,223.0,170.0,68.0,24.0,0.0,78.0,1.9699042407658043,0.9896907216489744,1
-0.07883817427382621,0.2830188679239943,-0.10483870967737709,0.9999999999970588,1.0,-0.5310344827582545,-0.9999999999992701,0.0,0.30630630630603034,0.0,255.0,130.0,137.0,111.0,77.0,19.0,0.0,34.0,1.6613418530348782,1.020134228187235,1
0.29166666666659075,0.4117647058820502,0.23690773067325763,0.9793814432979594,0.610441767017839,-0.4418604651161506,-0.9870129870123462,4.134020616808478,0.38709677419339233,0.006535947712414029,255.0,136.0,153.0,248.0,161.0,40.0,1.0,96.0,1.4038709677417542,0.9495548961421515,1
0.19101123595500252,0.5833333333330633,0.08163265306120367,0.3790322580643633,0.6455877097562058,-0.10704960835506344,-0.4007782101165756,4.643145155601783,0.8066037735845253,0.42777777777754017,183.0,144.0,180.0,212.0,150.0,45.0,77.0,171.0,1.6866764275253752,0.875912408758911,1
0.17915309446248237,0.5287356321836042,0.483606557376851,0.4074074074071919,-0.08551959113185807,-0.15286624203816787,-0.05882352941171527,0.842435655820679,0.7348066298338483,0.888888888887478,167.0,126.0,63.0,181.0,82.0,41.0,56.0,133.0,1.67999999999972,1.1043771043767325,1
-0.02593659942362365,0.04999999999996876,-0.03703703703702649,0.15862068965506304,1.0,-0.33596837944650754,-0.49794238683107084,0.0,0.49704142011804914,0.335164835164651,114.0,178.0,182.0,169.0,67.0,76.0,61.0,84.0,2.2284820031295416,2.0066006600653443,1
0.01265822784809726,0.43209876543183207,0.03225806451611863,0.4499999999997188,0.8662207356062978,-0.15942028985501472,-0.546391752577038,10.0,0.7249999999995469,0.2933333333331378,219.0,156.0,150.0,160.0,127.0,46.0,44.0,116.0,1.8060781476118948,1.0985074626862392,1
0.32467532467524035,0.18627450980383026,0.16173120728925702,0.668965517240918,0.6106131093480366,-0.3563829787233095,-0.7692307692303995,4.136279744890805,0.4745098039213826,0.13043478260862476,184.0,130.0,184.0,255.0,181.0,83.0,24.0,121.0,1.4878397711013607,1.4188034188031158,1
0.37837837837827615,0.4745762711860385,0.6612377850160713,0.9999999999988506,0.20392156861478095,-0.49122807017529496,-0.9999999999980769,1.512315270706005,0.3411764705881015,0.0,201.0,115.0,52.0,255.0,75.0,31.0,0.0,87.0,1.341107871719921,1.107142857142363,1
0.3809523809522298,0.38461538461522893,0.33333333333320564,0.4934497816591732,0.1936619718075366,-0.008695652173910523,-0.1999999999998621,1.480349344533982,0.9827586206890905,0.6666666666659004,179.0,78.0,87.0,174.0,146.0,76.0,58.0,171.0,1.225933202357323,1.2963752665242438,1
-0.09883720930229685,0.48663101604252057,-0.03726708074533004,0.9172413793097123,1.0,-0.054421768707464485,-0.9306358381497511,0.0,0.8967741935478086,0.03592814371255334,150.0,189.0,167.0,155.0,112.0,48.0,6.0,139.0,2.213762811127055,1.106628242074609,1
0.2966360856268206,0.3458646616540053,0.3006134969324231,0.3984374999998444,0.13993829274648156,-0.0843989769820756,-0.19371727748680959,1.3254145403753124,0.8443396226411112,0.6754385964906355,255.0,115.0,114.0,212.0,151.0,87.0,77.0,179.0,1.3199426111906283,1.380952380952107,1
0.020771513353109564,0.3386454183265583,-0.02824858757061349,0.3439999999998624,1.0,-0.011764705882349482,-0.37878787878773534,0.0,0.9767441860459438,0.45054945054920303,166.0,165.0,182.0,172.0,184.0,83.0,82.0,168.0,1.9760479041913208,1.2818532818530344,1
0.06289308176098651,0.7313432835815439,0.08681672025720681,0.5364238410592475,0.7214022139063083,-0.18596491228063652,-0.6045197740109579,6.178807939900692,0.6863905325439726,0.24647887323926307,20.0,149.0,142.0,169.0,145.0,18.0,35.0,116.0,2.447638603695596,0.4848484848483216,1
-0.2808988764043892,0.49466192170800904,-0.22580645161281218,0.5613382899626166,1.0,0.3725490196077214,-0.44075829383865367,0.0,2.1874999999977214,0.3881578947365868,83.0,171.0,152.0,96.0,96.0,71.0,59.0,210.0,2.6257197696732004,1.26785714285686,1
-0.23195876288653816,0.314984709480026,-0.18356164383556614,0.530249110320096,1.0,0.18131868131863152,-0.5319148936168326,0.0,1.4429530201332599,0.30555555555541414,147.0,239.0,216.0,149.0,124.0,112.0,66.0,215.0,2.470284237725779,1.5914742451151702,1
-0.14975845410624403,0.3956834532372678,-0.027624309392257563,0.5901639344259877,1.0,0.0486486486486355,-0.5762711864404338,0.0,1.1022727272721011,0.26881720430093076,209.0,238.0,186.0,176.0,253.0,84.0,50.0,194.0,2.211382113820881,1.0926829268290905,1
-0.2590529247910142,0.43258426966279984,-0.19148936170206945,0.6666666666664488,1.0,0.3144329896906406,-0.5870445344127179,0.0,1.9172932330812653,0.26020408163252035,255.0,226.0,196.0,133.0,178.0,101.0,51.0,255.0,2.152380952380696,1.2724409448816894,1
0.14634146341459844,0.2890995260662137,0.32394366197173974,0.6094674556209412,0.3058928571099451,-0.26684636118591193,-0.5686274509800205,1.8813995363365685,0.578723404255073,0.2749999999997708,248.0,175.0,120.0,235.0,241.0,75.0,33.0,136.0,1.6806722689073612,1.1385199240984556,1
0.3191489361701279,0.5617977528086732,0.14814814814811386,0.957746478872565,0.732075471631806,-0.2816537467699531,-0.9679144385021563,6.464788728027577,0.560483870967516,0.016304347826078095,214.0,128.0,184.0,248.0,77.0,39.0,3.0,139.0,1.4261838440109433,1.0612244897955574,1
0.24390243902433076,0.9504132231397104,0.060291060291047756,0.685714285713796,0.838362926872177,-0.36729222520097393,-0.8225806451609586,10.0,0.46274509803903424,0.09734513274331977,255.0,155.0,226.0,255.0,77.0,3.0,22.0,118.0,1.512195121951035,0.11940298507456747,1
0.22596153846148415,0.5023923444973674,0.0782241014798989,0.950310559005621,0.8478921430117526,-0.2378640776698452,-0.9639639639635298,10.0,0.6156862745095625,0.018348623853202593,255.0,161.0,218.0,255.0,157.0,52.0,4.0,157.0,1.5480769230767368,0.9952153110045466,1
0.22772277227715257,0.5662650602406227,0.3828996282526458,0.4857142857140082,0.1183663487267979,-0.17721518987336166,-0.2968749999997681,1.268515949737803,0.6989247311824199,0.542168674698142,234.0,117.0,83.0,186.0,75.0,36.0,45.0,130.0,1.4311926605502399,1.0397111913353647,1
0.10869565217388942,0.466666666666321,0.23188405797095848,0.5839999999995328,0.4315759556098006,-0.44067796610157045,-0.7189189189185303,2.5184999989124903,0.38823529411749486,0.1635220125785135,255.0,205.0,159.0,255.0,48.0,36.0,26.0,99.0,1.78260869565198,1.3150684931500844,1
0.1888111888111448,0.17241379310332938,0.3421052631578047,0.0828025477706479,-0.6102564101129067,-0.49999999999985295,-0.26903553299478733,0.24203821648966944,0.33333333333320264,0.5759999999995392,178.0,174.0,125.0,255.0,170.0,60.0,72.0,85.0,1.7823303457103992,1.2799999999996587,1
0.2348668280871102,0.4222222222220346,0.06249999999998698,0.5311004784686454,0.7894206547787992,-0.22891566265054725,-0.6423357664231233,8.497607641903924,0.6274509803919108,0.217777777777681,235.0,158.0,225.0,255.0,255.0,65.0,49.0,160.0,1.5682382133993091,0.9541284403667973,1
0.17511520737323155,0.4237288135591425,0.1697247706421629,0.7319587628862206,0.6235380499648503,-0.20567375886519962,-0.7487922705310393,4.312621897708582,0.6588235294115063,0.14364640883969965,197.0,179.0,181.0,255.0,190.0,68.0,26.0,168.0,1.7679012345676828,1.1012145748985624,1
0.12240184757502948,0.42168674698744374,0.504643962848141,0.999999999998305,0.32921810697338705,-0.6092715231786062,-0.99999999999875,1.9815950916291227,0.2427983539093651,0.0,255.0,190.0,80.0,243.0,175.0,24.0,0.0,59.0,1.7312072892936523,0.6808510638295459,1
0.3265306122447869,0.4536585365851446,0.6525423728810794,0.5204081632650407,-0.1126511353487399,-0.13372093023251927,0.0681818181817407,0.79750861371286,0.7641025641021723,1.146341463411838,176.0,99.0,41.0,195.0,148.0,56.0,47.0,149.0,1.3919156414760294,1.095354523227116,1
0.2682926829267202,0.5270935960588536,0.31092436974776855,0.7415730337074486,0.40916838607392053,-0.0032154340836002522,-0.5619047619042268,2.385059215752466,0.9935897435891068,0.2804878048777067,112.0,90.0,82.0,156.0,137.0,48.0,23.0,155.0,1.6071428571424984,0.9896907216492294,1
0.23036649214653657,0.6808510638294252,0.1190476190475907,0.5566502463051446,0.6476306195881626,-0.19592875318061173,-0.6086956521736484,4.675862065036604,0.6723404255316289,0.24324324324311178,185.0,147.0,185.0,235.0,103.0,30.0,45.0,158.0,1.647058823529181,0.7476635514016363,1
0.09309309309306514,0.66795366795341,-0.026737967914431355,0.7142857142854309,1.0,0.0854271356783705,-0.6842105263154894,0.0,1.186813186812535,0.18749999999990236,85.0,151.0,192.0,182.0,114.0,43.0,36.0,216.0,2.1230228470998025,0.8269230769228781,1
0.4285714285712585,0.44036697247686224,0.10429447852757537,0.9263803680975913,0.7976190475416037,-0.06824925816021714,-0.9210526315783415,8.882352932657138,0.8722222222217377,0.04109589041093076,123.0,72.0,146.0,180.0,255.0,61.0,6.0,157.0,1.2885906040265573,0.9138576779024505,1
-0.032258064516119574,0.16393442622944102,-0.0060240963855403545,0.44897959183650565,1.0,-0.0749185667752199,-0.5113122171943388,0.0,0.8606060606055391,0.32335329341298,125.0,176.0,167.0,165.0,175.0,102.0,54.0,142.0,2.193146417445141,1.5662188099805054,1
-0.43258426966279984,0.2397260273971782,-0.43258426966279984,0.36603773584891847,-1.0,0.2836879432623108,-0.5044247787609132,0.0,1.7920792079190178,0.3294117647057532,159.0,255.0,255.0,101.0,235.0,111.0,84.0,181.0,2.649350649350305,1.391849529780346,1
-0.32812499999991457,0.6943521594682078,-0.32812499999991457,0.5789473684208735,1.0,0.32812499999991457,-0.5789473684208735,0.0,1.9767441860449795,0.2666666666665621,237.0,255.0,255.0,129.0,216.0,46.0,68.0,255.0,2.328767123287405,0.6536412078151591,1
-0.030150753768836646,0.5310344827584376,0.03208556149731762,0.5102040816324795,0.8816663310911831,0.06987951807227231,-0.43083003952552146,10.0,1.150259067356917,0.39779005524839905,255.0,205.0,181.0,193.0,126.0,68.0,72.0,222.0,1.9114219114216886,1.123966942148528,1
0.10869565217388942,0.16171617161710836,0.37466307277617933,0.41935483870950835,0.05628558912994501,-0.18329466357304333,-0.23404255319136488,1.119285216688806,0.6901960784311019,0.6206896551718787,255.0,205.0,116.0,255.0,162.0,127.0,72.0,176.0,1.78260869565198,1.7162162162159262,1
0.10869565217388942,0.30337078651668353,0.08974358974357056,0.6223776223771872,0.7479541733809496,-0.37466307277617933,-0.7749999999996772,6.935064927333925,0.45490196078413536,0.12676056338022218,255.0,205.0,213.0,255.0,104.0,62.0,27.0,116.0,1.78260869565198,1.44186046511586,1
0.4714714714713299,0.569767441860134,0.24365482233496355,0.6564417177910084,0.4586029131413097,-0.28947368421045017,-0.6836158192086533,2.6941462156622245,0.5510204081630404,0.1879194630871222,202.0,88.0,149.0,245.0,85.0,37.0,28.0,135.0,1.1300160513641846,1.006802721088093,1
0.41444866920136336,0.4732142857140745,0.2827586206895577,0.6417910447758002,0.3883322199534795,-0.05982905982904278,-0.4857142857139388,2.269748816088091,0.8870967741930715,0.3461538461535133,108.0,77.0,104.0,186.0,147.0,59.0,36.0,165.0,1.3749999999996931,1.0976744186043959,1
0.6583333333330591,0.6363636363631914,0.5731225296440423,0.5704697986573353,-0.002319647413528282,-0.25949367088599384,-0.2558139534880746,0.9953714416219307,0.5879396984921669,0.5925925925914952,170.0,41.0,54.0,199.0,71.0,26.0,32.0,117.0,0.7272727272725661,0.8666666666663057,1
0.3527851458885006,0.3805309734509907,0.49122807017529496,0.6082474226797853,0.10643197893385987,-0.5315315315313719,-0.6415094339616589,1.2382179673464304,0.30588235294105653,0.2183908045974501,255.0,122.0,87.0,255.0,132.0,35.0,19.0,78.0,1.29442970822264,0.999999999999643,1
0.37466307277617933,0.7102803738314438,0.24694376528111323,0.35055350553492604,0.1734062150526075,-0.16438356164379808,-0.27272727272716,1.419568155502569,0.717647058823248,0.5714285714282005,223.0,116.0,154.0,255.0,191.0,31.0,88.0,183.0,1.3070422535209425,0.5688073394494109,1
0.14425427872857108,0.6398713826364503,0.14146341463411186,0.7586206896549108,0.685666230534896,0.04294478527606484,-0.6682464454973137,5.362663492046897,1.089743589743124,0.1988636363635234,169.0,175.0,176.0,234.0,180.0,56.0,35.0,255.0,1.8592297476757158,0.8190127970748045,1
0.29442970822273357,0.6442307692304595,0.21393034825865326,0.8095238095233812,0.581944444387491,-0.17590361445778893,-0.7954545454540936,3.7840531543762936,0.7008196721308604,0.1139240506328393,255.0,133.0,158.0,244.0,149.0,37.0,18.0,171.0,1.3908496732024325,0.7512690355328042,1
0.1111111111110869,0.6734693877548272,0.43258426966279984,0.9999999999995123,0.396078431344814,-0.10869565217388942,-0.9999999999990099,2.311688311153443,0.8039215686271357,0.0,255.0,204.0,101.0,255.0,217.0,40.0,0.0,205.0,1.777777777777584,0.6374501992030602,1
0.09969788519634451,0.3673469387753228,0.20529801324496513,0.5857988165677007,0.4809787992258059,-0.15189873417716712,-0.5483870967738398,2.853407137376311,0.7362637362633317,0.2916666666664236,253.0,149.0,120.0,182.0,172.0,62.0,35.0,134.0,1.6261937244199691,1.1534883720927551,1
0.4472934472933199,0.6756756756753105,0.08085106382977003,0.53465346534627,0.7372852350091801,-0.24205378973099217,-0.6425855513305542,6.612819168473629,0.6102362204722007,0.21759259259249186,237.0,97.0,216.0,254.0,76.0,30.0,47.0,155.0,1.1328467153283017,0.8247422680409537,1
0.1015118790496541,0.5454545454540496,0.0,0.31782945736409474,0.9999999996853658,-0.49999999999985295,-0.705685618728861,10.0,0.33333333333320264,0.17254901960777547,204.0,208.0,255.0,255.0,105.0,25.0,44.0,85.0,1.9017142857140683,0.8333333333329862,1
-0.16666666666658952,0.2863849765256872,-0.17431192660542463,0.5930232558136087,1.0,0.20704845814968853,-0.5705521472389138,0.0,1.5222222222205308,0.2734374999997864,69.0,126.0,128.0,90.0,187.0,76.0,35.0,137.0,2.4525547445249507,1.2773109243694796,1
0.1391585760517349,0.43661971830973617,0.09316770186332511,0.5987460815045145,0.730695632492323,0.18329466357304333,-0.39047619047600457,6.426541267919297,1.4488636363628133,0.4383561643832614,78.0,133.0,146.0,176.0,255.0,100.0,64.0,255.0,2.0461538461534525,1.126760563380123,1
0.09183673469385413,0.6943521594682078,0.06733167082292585,0.655844155843943,0.8137889338089512,0.0874200426439046,-0.5583333333331008,9.740500226033063,1.1915887850461722,0.2834224598928966,170.0,178.0,187.0,214.0,122.0,46.0,53.0,255.0,1.9243243243240642,0.784648187633095,1
-0.48688046647216127,0.740614334470737,-0.48688046647216127,0.655844155843943,1.0,0.48688046647216127,-0.655844155843943,0.0,2.89772727272398,0.20784313725482045,165.0,255.0,255.0,88.0,190.0,38.0,53.0,255.0,2.6736566186103965,0.5834932821496001,1
-0.13258426966289155,0.3210332103319849,-0.09176470588233135,0.5497835497833118,1.0,-0.03763440860214042,-0.6338028169011853,0.0,0.9274611398958925,0.22413793103438617,174.0,252.0,232.0,193.0,255.0,92.0,52.0,179.0,2.3145809414463474,1.190938511326668,1
-0.0872483221476315,0.22916666666654734,-0.1111111111110869,0.356321839080255,1.0,-0.267080745341532,-0.6398713826364503,0.0,0.5784313725487361,0.2196078431371688,255.0,243.0,255.0,204.0,182.0,74.0,56.0,118.0,2.0571428571426393,1.3214285714282765,1
0.13829787234038876,0.4852320675103438,0.1505376344085617,0.18518518518512284,0.10320284694431488,-0.09743589743587246,-0.13261648745514962,1.2301587293414697,0.8224299065416718,0.7658227848096419,210.0,162.0,158.0,214.0,121.0,61.0,121.0,176.0,1.7326203208553832,1.1646778042956647,1
0.3492063492062568,0.2584269662919897,0.2814070351758087,0.27999999999984004,-0.0025062656638739494,-0.38964577656665134,-0.3883495145629183,0.9949999996461013,0.4392156862743376,0.4405594405591325,133.0,123.0,143.0,255.0,114.0,66.0,63.0,112.0,1.5520504731858749,1.4748603351951188,1
0.6565656565654355,0.3058823529409966,0.4385964912279419,0.5310344827582545,0.09533316694779513,-0.37815126050409575,-0.47692307692271013,1.2107586204131213,0.45121951219493855,0.35416666666629776,168.0,51.0,96.0,246.0,96.0,59.0,34.0,111.0,0.7906976744184514,1.4523076923072455,1
0.6887417218540766,0.652631578947025,0.6242038216558522,0.6613756613753115,0.02891446247175891,-0.2378640776698452,-0.29670329670297063,1.059550804278796,0.6156862745095625,0.5423728813550129,190.0,47.0,59.0,255.0,63.0,33.0,32.0,157.0,0.6975881261594252,0.9230769230766004,1
0.691629955946832,0.393939393939195,0.41697416974154355,0.8157894736836739,0.32351319414456126,-0.16363636363631406,-0.6989247311820441,1.956450861197676,0.7187499999996257,0.1772151898731934,99.0,35.0,79.0,192.0,93.0,60.0,14.0,138.0,0.7756232686978461,1.3675213675209779,1
0.4223602484470738,0.4923857868017805,0.2722222222221466,0.6243093922648485,0.3927214214357603,-0.21808510638292072,-0.5878787878784316,2.2933814401310832,0.6419213973796324,0.25954198473262635,202.0,93.0,131.0,229.0,106.0,50.0,34.0,147.0,1.2058346839544236,1.1331444759203588,1
0.22596153846148415,0.7952755905505549,0.19718309859150301,0.3987730061347247,0.3382630128472338,-0.3821138211381078,-0.5545454545452025,2.022348815800959,0.4470588235292365,0.28654970760217163,246.0,161.0,171.0,255.0,96.0,13.0,49.0,114.0,1.5650060753339532,0.4406779661015082,1
-0.08847184986592803,0.2551724137929275,-0.014492753623184206,0.5826086956516673,1.0,-0.3026819923370488,-0.7587939698488649,0.0,0.535294117646744,0.1371428571427788,200.0,203.0,175.0,170.0,33.0,54.0,24.0,91.0,2.0927835051543693,1.8620689655164389,1
0.24694376528111323,0.49999999999970934,0.24390243902433076,0.999999999999225,0.6078431372058687,-0.32812499999991457,-0.999999999999355,4.0999999983168225,0.5058823529409782,0.0,255.0,154.0,155.0,255.0,141.0,43.0,0.0,129.0,1.5061124694374686,0.9662921348311893,1
0.085201793721954,0.666666666666389,0.24421593830327912,0.6064257028110015,0.425807704394382,-0.09502262443436764,-0.4999999999997449,2.4831536662836373,0.8264462809913941,0.3333333333331066,255.0,204.0,147.0,242.0,114.0,40.0,49.0,200.0,1.8033149171268725,0.8121827411165452,1
0.04347826086955527,0.37448559670766485,0.20634920634915177,0.5462962962960434,0.4516695957219839,-0.15443037974679635,-0.507537688441956,2.6474358961523836,0.732456140350556,0.3266666666664489,255.0,209.0,150.0,228.0,180.0,76.0,49.0,167.0,1.855715871253956,1.2184368737472508,1
0.4052044609663921,0.6212121212116507,0.359712230215698,0.45578231292486004,0.11780591728720238,-0.27702702702693344,-0.37984496124001565,1.2670748295793197,0.5661375661372666,0.449438202246686,255.0,80.0,89.0,189.0,127.0,25.0,40.0,107.0,1.059602649006447,0.7042253521124281,1
0.38607594936696643,0.2756756756755267,0.4455445544552985,0.6737588652477492,0.20388958592890497,-0.2997032640948666,-0.5700934579433924,1.5122143416615947,0.5388127853878818,0.2738095238091978,159.0,97.0,84.0,219.0,228.0,67.0,23.0,118.0,1.3566433566431193,1.116666666666434,1
0.013215859030831183,0.46619217081833947,0.1274509803920944,0.5725190839692471,0.6358387682188275,0.28348909657312044,-0.22758620689639478,4.492072809159437,1.7913043478245292,0.6292134831453604,163.0,112.0,89.0,115.0,221.0,75.0,56.0,206.0,1.7848605577685688,1.0398613518195772,1
0.10869565217388942,0.6242038216558522,0.1015118790496541,0.5178571428569888,0.6722087301984394,0.0,-0.4394463667818549,5.10144376397108,0.9999999999996079,0.38942307692288974,125.0,205.0,208.0,255.0,58.0,59.0,81.0,255.0,2.0759493670883447,1.0951276102085628,1
-0.02252252252251745,0.5885167464112017,0.018779342723000286,0.7382198952875717,0.950384777612531,-0.13315926892946917,-0.7863247863244504,10.0,0.7649769585249931,0.11961722488032554,150.0,227.0,209.0,217.0,47.0,43.0,25.0,166.0,2.2119366626063077,1.150501672240418,1
-0.18575063613226828,0.9999999999993334,-0.08831908831906315,0.8072289156621644,1.0,-0.03225806451611863,-0.8454106280189153,0.0,0.9374999999994141,0.08376963350780955,241.0,233.0,191.0,160.0,134.0,0.0,16.0,150.0,2.1499423298728777,0.0,1
0.21899736147751478,0.5269461077842734,0.2977528089886804,0.705685618728861,0.40653496859535904,0.049382716049372555,-0.4792899408281188,2.370038492294073,1.103896103895626,0.35199999999971837,231.0,148.0,125.0,231.0,255.0,79.0,44.0,255.0,1.5620052770446486,0.9461077844309961,1
0.01216545012165154,0.5223880597013366,0.02211302211301668,0.6943521594682078,0.9382718861197769,0.1015118790496541,-0.6244897959181125,10.0,1.2259615384609492,0.2311557788943562,246.0,203.0,199.0,208.0,175.0,80.0,46.0,255.0,1.888372093023036,1.0847457627116806,1
0.099999999999975,0.7041420118339029,-0.07368421052630028,0.3649289099524337,1.0,-0.20879120879115143,-0.5838509316768373,0.0,0.6545454545451571,0.26274509803911267,249.0,180.0,255.0,220.0,169.0,25.0,67.0,144.0,1.7370325693604658,0.5509641873276719,1
0.18662952646234357,0.4077669902910642,0.14516129032254163,0.576086956521426,0.5974720465869806,-0.18994413407815924,-0.6060606060603,3.968599031081411,0.6807511737086006,0.2452830188677703,120.0,146.0,159.0,213.0,182.0,61.0,39.0,145.0,1.868799999999701,1.086859688195749,1
0.2911392405062554,0.21167883211663382,0.11597374179428535,0.5090909090904463,0.6289224109487573,-0.5088757396448199,-0.7641921397376576,4.389708401014627,0.32549019607830376,0.1336633663365675,255.0,140.0,202.0,255.0,126.0,54.0,27.0,83.0,1.4177215189871621,1.3627760252361631,1
0.24694376528111323,0.3086419753084515,0.12831858407076807,0.8434782608688317,0.7359147958222911,-0.41274238227135385,-0.912621359222858,6.573313338201422,0.4156862745096409,0.045685279187794074,225.0,154.0,197.0,255.0,146.0,56.0,9.0,106.0,1.5634517766495477,1.2307692307688927,1
0.0,0.23222748815154873,-0.083665338645385,0.460674157303112,1.0,0.06122448979589338,-0.4782608695649575,0.0,1.1304347826077126,0.35294117647032874,116.0,115.0,136.0,115.0,114.0,81.0,48.0,130.0,1.9956616052056408,1.5960591133000996,1
0.5202702702700945,0.38947368421032136,0.3719512195120817,0.5621301775144604,0.20359998452748834,-0.2605042016805993,-0.47142857142823474,1.511300804714988,0.586666666666406,0.359223300970525,184.0,71.0,103.0,225.0,29.0,58.0,37.0,132.0,1.0308529945551668,1.6750902527069766,1
0.20567375886519962,0.2911392405059606,0.32467532467524035,0.9615384615366124,0.4951456310288369,-0.6666666666664488,-0.9847328244267293,2.9615384606213815,0.19999999999992157,0.007692307692301776,248.0,168.0,130.0,255.0,97.0,28.0,1.0,51.0,1.601907032180977,1.0980392156857364,1
-0.007751937984494121,-0.13580246913563482,0.1999999999999375,-0.06666666666657778,-1.0,-0.691629955946832,-0.5238095238092121,0.0,0.18229166666657173,0.3124999999997559,177.0,195.0,128.0,192.0,1.0,46.0,40.0,35.0,2.055335968379176,2.8749999999977542,1
0.21428571428566326,0.5376884422107852,0.25925925925919524,0.9490445859866568,0.5708707535644933,-0.24999999999993874,-0.9480519480513325,3.660600544537491,0.5999999999997647,0.02666666666664889,248.0,165.0,150.0,255.0,28.0,46.0,4.0,153.0,1.5846338535412263,1.3479853479848543,1
0.2132132132131492,0.0,0.21686746987945277,-0.018867924528284088,-1.0,-0.5905511811021298,-0.41304347826064514,0.0,0.25742574257413,0.4153846153842959,255.0,131.0,130.0,202.0,81.0,52.0,54.0,52.0,1.4575799721833855,1.7552742616026349,1
0.31301939058163075,0.5214285714283853,0.2639999999999296,0.4947368421050896,0.3041065482395704,-0.053333333333321485,-0.3142857142855646,1.8740031890826558,0.8987341772148107,0.5217391304344046,193.0,124.0,138.0,237.0,158.0,67.0,72.0,213.0,1.4631268436576013,1.0613861386136512,1
-0.3421052631578047,0.735042735042421,-0.27745664739876374,0.8796296296292224,1.0,0.237804878048708,-0.888888888888509,0.0,1.6239999999987007,0.058823529411738094,255.0,255.0,221.0,125.0,139.0,31.0,13.0,203.0,2.2921348314604164,0.613861386138462,1
-0.07317073170728733,0.6190476190473924,0.15736040609129068,0.5899280575537447,0.578849630963981,0.3194029850745315,-0.18571428571415308,3.748897653686884,1.9385964912263696,0.6867469879509798,104.0,132.0,83.0,114.0,255.0,52.0,57.0,221.0,2.1908713692941513,0.7172413793102211,1
-0.300859598853782,0.5224913494807881,-0.2844574780057817,0.5120274914087588,1.0,0.2865497076022554,-0.510344827586031,0.0,1.803278688523112,0.3242009132418611,165.0,227.0,219.0,122.0,179.0,69.0,71.0,220.0,2.4507422402155936,1.0279329608936632,1
-0.13936430317845003,0.01851851851850137,-0.12437810945270539,0.5068493150677988,1.0,-0.5238095238092971,-0.8524590163930933,0.0,0.3124999999998225,0.07964601769907981,73.0,233.0,226.0,176.0,27.0,53.0,18.0,55.0,2.606993006992642,2.2553191489349707,1
-0.19158878504668422,0.3197278911562451,-0.19158878504668422,0.5396825396821113,1.0,-0.28148148148137725,-0.7957746478870438,0.0,0.560693641618173,0.11372549019603384,167.0,255.0,255.0,173.0,119.0,50.0,29.0,97.0,2.3999999999997175,1.265822784809726,1
-0.2561576354679172,0.14942528735623598,-0.2561576354679172,0.3698630136983768,1.0,-0.203187250995935,-0.6943521594682078,0.0,0.6622516556287006,0.18039215686267437,255.0,255.0,255.0,151.0,144.0,74.0,46.0,100.0,2.227074235807617,1.510204081632268,1
0.32738095238085496,0.5937499999998145,0.35151515151504503,0.7229729729727288,0.3457067723295622,0.06694560669454666,-0.4459459459456447,2.0567334570103495,1.143497757847021,0.38317757009309983,200.0,113.0,107.0,223.0,224.0,65.0,41.0,255.0,1.3929121725729747,0.8538587848931274,1
0.14366197183094545,0.5081967213112671,0.06561679790024524,0.4488188976376186,0.7448979590388454,-0.049095607235129436,-0.43548387096756636,6.8399999895749435,0.9064039408862531,0.3932584269660712,255.0,152.0,178.0,203.0,113.0,60.0,70.0,184.0,1.5958005249341738,1.1510791366903714,1
0.3110539845757555,0.7990430622005746,0.15909090909087295,0.6785714285711256,0.6201550386855884,-0.15124153498867918,-0.674208144796075,4.265306119766994,0.7372549019604953,0.1945945945944894,208.0,134.0,185.0,255.0,191.0,21.0,36.0,188.0,1.4664842681256542,0.39904988123505963,1
0.24137931034474436,0.5874999999998164,0.09422492401212942,0.6710526315787266,0.7537496732749004,0.17050691244235702,-0.49748743718567967,7.121816630811626,1.4111111111103272,0.3355704697984325,135.0,110.0,149.0,180.0,222.0,66.0,50.0,254.0,1.6448598130838046,0.8684210526314361,1
0.41666666666655094,0.32019704433481766,0.18329466357304333,0.696202531645129,0.583183062780016,-0.3110539845757555,-0.7599999999996201,3.7982695060179084,0.5254901960782253,0.1363636363635589,255.0,105.0,176.0,255.0,135.0,69.0,24.0,134.0,1.1666666666665046,1.356265356265023,1
0.2911392405062554,0.2864864864863316,0.19158878504668422,0.5555555555551925,0.4871438498304001,-0.36363636363626645,-0.6714975845407385,2.8997289957752383,0.4666666666664837,0.19653179190740086,216.0,140.0,173.0,255.0,107.0,66.0,34.0,119.0,1.4913448735017987,1.4748603351951188,1
0.261904761904658,0.2511848341231037,0.15217391304342312,0.48314606741545896,0.5209534793489169,-0.0927835051546073,-0.4355828220856224,3.17495986950205,0.8301886792447609,0.39316239316205714,218.0,93.0,117.0,159.0,105.0,79.0,46.0,132.0,1.3214920071045608,1.599999999999595,1
0.6736401673637349,-0.1134020618555532,0.4981273408237835,0.4827586206888228,-0.015668202764054312,-0.646090534979158,-0.6341463414626413,0.96914700524878,0.21499999999989253,0.2238805970145912,251.0,39.0,67.0,200.0,220.0,54.0,15.0,43.0,0.5897920604913819,1.1644204851748883,1
0.403278688524458,0.11111111111100823,0.25146198830402006,0.9999999999983333,0.5981308410732593,-0.5620437956202329,-0.9999999999992188,3.9767441844595965,0.28037383177556996,0.0,183.0,91.0,128.0,214.0,82.0,48.0,0.0,60.0,1.2573402417959831,1.6134453781505826,1
0.3709677419353842,-0.35999999999952,0.1409395973154047,-0.24999999999960937,1.0,-0.8279569892470151,-0.6551724137928211,0.0,0.09411764705878663,0.20833333333322485,229.0,117.0,192.0,255.0,87.0,51.0,40.0,24.0,1.303621169916253,1.9154929577455797,1
0.003095975232197184,-0.2631578947365651,-0.027027027027018913,0.044776119402918244,1.0,-0.6446700507610941,-0.6847290640390716,0.0,0.21604938271591603,0.18713450292386719,190.0,161.0,171.0,162.0,105.0,60.0,32.0,35.0,1.9109792284863631,1.8461538461531362,1
0.011904761904759543,0.3333333333329861,0.0,0.5238095238089002,0.9999999998090909,-0.5987460815045145,-0.8545454545451439,10.0,0.2509803921567643,0.07843137254898885,255.0,249.0,255.0,255.0,84.0,32.0,20.0,64.0,1.97619047619028,1.2075471698107512,1
0.0758928571428402,0.23893805309723942,0.050108932461862724,0.386138613861195,0.7702729428613505,-0.2650918635169908,-0.5571428571426582,7.705983626461847,0.5809128630702984,0.2844036697246402,131.0,207.0,218.0,241.0,45.0,86.0,62.0,140.0,2.1068702290073653,1.9271708683467992,1
-0.060291060291047756,0.4622641509431782,-0.060291060291047756,0.7415730337074486,1.0,-0.1863517060366965,-0.8345323741004192,0.0,0.6858407079642983,0.09019607843133719,156.0,255.0,255.0,226.0,102.0,57.0,23.0,155.0,2.286995515694811,1.2291105121290489,1
-0.016949152542368093,0.5880398671094392,-0.02247191011235324,0.5933333333331355,1.0,0.15738498789342437,-0.49794238683107084,0.0,1.3735632183900153,0.335164835164651,108.0,180.0,182.0,174.0,211.0,62.0,61.0,239.0,2.242990654205258,0.8641114982576891,1
-0.09770114942525929,0.24107142857132097,-0.139726027397222,0.30516431924868304,1.0,-0.06081081081079027,-0.47517730496437055,0.0,0.8853503184707737,0.35576923076905975,172.0,191.0,208.0,157.0,100.0,85.0,74.0,139.0,2.1490857946551123,1.6625916870411583,1
-0.03174603174602335,-0.9999999999982758,-0.021390374331545083,-0.9999999999975,0.9581151833397867,-0.9999999999994537,-0.6536796536793708,10.0,0.0,0.20942408376952387,141.0,195.0,191.0,183.0,96.0,58.0,40.0,0.0,2.1848739495795257,2.1886792452819868,1
-0.13082039911305304,0.4136125654448097,-0.13082039911305304,0.25581395348825314,1.0,-0.1842900302114247,-0.5223880597013366,0.0,0.6887755102037303,0.3137254901959554,176.0,255.0,255.0,196.0,78.0,56.0,80.0,135.0,2.3129251700677647,1.3784615384611143,1
-0.23188405797095848,0.18518518518508723,-0.20698254364084614,-0.08943089430890674,-0.3965800274936402,-0.17343173431727918,-0.28723404255311513,0.4320697425928499,0.7044025157228275,0.553719008264234,255.0,255.0,242.0,159.0,40.0,77.0,134.0,112.0,2.207792207791969,2.013071895424179,1
0.0028653295128931618,0.6224899598391075,-0.008498583569402692,0.4076655052263388,1.0,0.07161803713525952,-0.3536121673002458,0.0,1.1542857142850549,0.4775280898873722,226.0,174.0,178.0,175.0,227.0,47.0,85.0,202.0,1.8584779706272552,0.7189292543019657,1
0.07692307692305653,0.1111111111110385,-0.03562945368170175,0.10389610389603644,1.0,-0.40972222222208,-0.5191637630660212,0.0,0.41871921182245386,0.31651376146774474,255.0,174.0,218.0,203.0,101.0,68.0,69.0,85.0,1.7270471464017707,1.6894409937882953,1
0.2264808362368549,0.6624472573836868,0.19727891156455876,0.7205240174669343,0.5701061625478976,0.056300268096499656,-0.5733333333329511,3.652311397034013,1.119318181817546,0.2711864406777363,136.0,111.0,118.0,176.0,124.0,40.0,32.0,197.0,1.6629213483142953,0.798004987530973,1
0.3900709219856773,0.475308641975162,0.07397260273970577,0.6655052264806044,0.7999328719355994,0.09885057471262096,-0.5576036866356878,8.996644716189245,1.2193877551014187,0.28402366863888523,196.0,86.0,169.0,196.0,148.0,85.0,48.0,239.0,1.2198581560281525,1.2208258527825455,1
-0.06397306397304243,0.2984293193715715,0.06106870229005303,0.4090909090906767,0.7402214020565396,-0.05703422053229771,-0.4057142857140539,6.698863625392998,0.8920863309346101,0.4227642276419327,88.0,158.0,123.0,139.0,81.0,67.0,52.0,124.0,2.3278084714544516,1.581120943952336,1
-0.18959107806684403,0.5977653631281578,-0.06837606837603916,0.28251121076220514,1.0,0.1349206349205814,-0.21951219512184417,0.0,1.3119266055033836,0.639999999999488,157.0,160.0,125.0,109.0,189.0,36.0,80.0,143.0,2.1843003412965554,0.7128712871285364,1
0.40883977900541196,0.6255707762554221,0.33858267716526547,0.7033492822963142,0.35008678041177843,-0.1778290993071183,-0.6050955414008885,2.0773339261691444,0.6980392156860008,0.24603174603155076,255.0,107.0,126.0,255.0,144.0,41.0,31.0,178.0,1.182320441988787,0.811881188118611,1
0.2527472527471602,0.8260869565213401,0.19999999999992985,0.8173076923072994,0.6068052929459817,0.04999999999998611,-0.7142857142851773,4.086538459494661,1.1052631578940906,0.16666666666652047,217.0,102.0,114.0,171.0,195.0,18.0,19.0,189.0,1.3783783783781454,0.34285714285706126,1
0.5123674911658967,0.524999999999672,0.3587301587300449,0.6158940397346915,0.2638595279938202,-0.27380952380944235,-0.5538461538457279,1.716872765154052,0.5700934579436588,0.28712871287100283,244.0,69.0,101.0,214.0,9.0,38.0,29.0,122.0,0.9261744966441399,1.4685990338157158,1
0.3607594936707719,0.2716049382714373,0.1748633879780943,0.560606060605636,0.5244849712219934,-0.35220125786152445,-0.6777777777774013,3.2059659072559445,0.47906976744163765,0.19205298013232316,166.0,101.0,151.0,215.0,157.0,59.0,29.0,103.0,1.3859348198968462,1.2486772486769184,1
-0.009009009009006304,0.6729559748423442,0.034482758620678844,0.6121212121208411,0.8933419520272929,-0.10738255033553444,-0.655913978494271,10.0,0.8060606060601176,0.20779220779207289,231.0,168.0,154.0,165.0,180.0,26.0,32.0,133.0,1.836065573770241,0.569863013698474,1
0.0,0.5819209039544735,0.0,0.6969696969692746,0.9999999998565218,-0.2911392405062554,-0.8214285714282781,10.0,0.549019607842922,0.09803921568623607,255.0,255.0,255.0,255.0,229.0,37.0,25.0,140.0,1.999999999999804,0.6681715575619259,1
0.08280254777068306,-0.08074534161485669,0.14864864864861518,-0.14450867052014768,-1.0,-0.5501519756837234,-0.31249999999989153,0.0,0.2901960784312588,0.5238095238092467,183.0,216.0,189.0,255.0,77.0,87.0,99.0,74.0,1.9862068965514956,2.141538461537803,1
0.07594936708859157,0.2424242424240588,0.1778290993071183,0.1156462585033227,-0.21188436823636736,-0.5133531157268506,-0.4650205761314959,0.6503224662830043,0.3215686274508543,0.3651685393256376,240.0,219.0,178.0,255.0,90.0,50.0,65.0,82.0,1.8778135048229498,1.470588235293577,1
0.5068493150683195,0.46835443037945046,0.4057507987219151,0.37278106508853687,-0.04234859889712937,-0.30952380952371744,-0.2739726027395384,0.9187438845983672,0.5272727272724876,0.5698924731176668,159.0,72.0,93.0,220.0,104.0,42.0,53.0,116.0,1.1013384321221602,1.1052631578943732,1
0.07836990595608828,-0.039999999999968,-0.07027027027025128,0.016949152542358518,-1.0,-0.48275862068944714,-0.5468749999997864,0.0,0.3488372093021228,0.292929292929145,255.0,147.0,198.0,172.0,95.0,65.0,58.0,60.0,1.6310679611648222,1.824561403508132,1
-0.09459459459456264,-0.35294117647032874,-0.1326860841423519,0.08641975308631306,-1.0,-0.5056179775278059,-0.6509433962261081,0.0,0.32835820895497886,0.21142857142845062,151.0,162.0,175.0,134.0,54.0,92.0,37.0,44.0,2.1280788177336407,2.609929078013259,1
-0.08474576271183569,0.05590062111797771,-0.21965317919068797,0.18055555555543018,-1.0,-0.227272727272624,-0.5629629629627545,0.0,0.6296296296291632,0.2796208530804362,255.0,160.0,211.0,135.0,69.0,76.0,59.0,85.0,1.8028169014081967,1.9869281045745142,1
-0.16955017301032196,0.11111111111101614,-0.012345679012340599,-0.022556390977426653,0.2925531923274178,-0.2972972972971366,-0.28795811518309533,1.827067683971559,0.5416666666662153,0.552845528454835,126.0,169.0,123.0,120.0,42.0,52.0,68.0,65.0,2.3150684931502883,1.9715639810417198,1
-0.010309278350512808,0.5571428571426582,-0.102803738317733,0.6029411764703666,1.0,0.063414634146326,-0.6275862068963354,0.0,1.1354166666660754,0.22881355932193695,255.0,196.0,236.0,192.0,197.0,62.0,54.0,218.0,1.8688915375444732,0.920222634508178,1
0.026737967914431355,0.04615384615381066,-0.010309278350512808,-0.04895104895101472,0.6520681276208996,-0.47692307692289354,-0.4464944649444847,4.748251794307693,0.3541666666664822,0.3826530612242946,200.0,182.0,196.0,192.0,36.0,62.0,75.0,68.0,1.9259259259256711,2.1754385964902743,1
-0.08695652173908318,0.3705583756343297,-0.07692307692303467,0.9424460431647896,1.0,0.2328767123286608,-0.9215686274500768,0.0,1.6071428571409438,0.040816326530570594,161.0,100.0,98.0,84.0,88.0,62.0,4.0,135.0,1.79775280898836,1.4293948126797034,1
0.3904761904760665,0.2569169960473293,0.20994475138115748,0.5071090047390961,0.4144239546618598,-0.15873015873011675,-0.46666666666642737,2.415440258265323,0.7260273972599425,0.36363636363610935,166.0,96.0,143.0,219.0,189.0,94.0,52.0,159.0,1.3310225303290586,1.4029850746266037,1
0.09913793103446139,0.3333333333331155,0.07594936708859157,0.35999999999976,0.6515679441012804,-0.42857142857130853,-0.6404494382020074,4.7399999937568404,0.39999999999984315,0.21917808219168075,112.0,209.0,219.0,255.0,135.0,51.0,48.0,102.0,2.1299363057322127,1.2035398230084946,1
-0.03466666666665742,0.8007117437719571,0.11042944785272686,0.6482084690551635,0.7088744302729642,0.16589861751148252,-0.45728643216057424,5.869887797796939,1.3977900552478466,0.37241379310319145,149.0,194.0,145.0,181.0,223.0,28.0,54.0,253.0,2.161559888579086,0.4210526315788682,1
0.17241379310340865,0.5336322869952764,0.43661971830973617,0.7185929648237596,0.24408773432504804,-0.19718309859150301,-0.5624999999995606,1.6458096932521307,0.6705882352938547,0.27999999999972,255.0,180.0,100.0,255.0,247.0,52.0,28.0,171.0,1.6551724137929131,0.7969348659002304,1
0.16705882352937246,0.5377358490563502,0.20096852300237264,0.5523809523806894,0.46646668088935,-0.2068126520680762,-0.5566037735846432,2.748594376141723,0.657258064515864,0.2848484848483122,221.0,177.0,165.0,248.0,144.0,49.0,47.0,163.0,1.7205346294044082,0.9679012345676623,1
0.40883977900541196,-0.03333333333327778,0.4655172413791766,0.5675675675660335,0.09878213801359942,-0.7957746478870438,-0.8415841584150083,1.2192192189543678,0.11372549019603384,0.08602150537625158,224.0,107.0,93.0,255.0,31.0,31.0,8.0,29.0,1.235209235209057,2.0327868852442355,1
-0.10795454545451479,0.26701570680614295,-0.11797752808985451,0.475609756097271,1.0,-0.12949640287765127,-0.6446280991732873,0.0,0.7707006369421844,0.2160804020099417,252.0,195.0,199.0,157.0,183.0,70.0,43.0,121.0,1.952440550688116,1.2612612612609773,1
-0.08974358974357056,0.6571428571425889,-0.031818181818174585,0.7807017543856225,1.0,-0.02403846153845576,-0.8015873015869835,0.0,0.9530516431920408,0.11013215859025986,255.0,255.0,227.0,213.0,212.0,42.0,25.0,203.0,2.085889570551934,0.6733466933866387,1
0.0,0.6758620689652842,0.08050847457625414,0.7867647058820637,0.8143411408746071,-0.024096385542163836,-0.7642276422761122,9.772445808293508,0.9529411764702146,0.13364055299533012,255.0,255.0,217.0,255.0,167.0,47.0,29.0,243.0,1.999999999999804,0.746031746031598,1
0.2686567164178436,0.24409448818878418,0.30769230769222883,0.11267605633794883,-0.46391752566301186,-0.5269461077842734,-0.36363636363618,0.36619718297941345,0.30980392156850595,0.466666666666321,255.0,147.0,135.0,255.0,80.0,48.0,63.0,79.0,1.462686567163997,1.505882352940586,1
0.2677595628414569,0.5737704918028084,0.040358744394609784,0.4999999999996094,0.8506224064815091,-0.414634146341337,-0.739837398373683,10.0,0.4137931034480975,0.14953271028030396,213.0,134.0,214.0,232.0,69.0,26.0,32.0,96.0,1.5035063113602378,0.9585253456216781,1
0.051162790697650624,0.645569620252756,-0.1374045801526193,0.5568862275445767,1.0,0.06995884773659673,-0.6021505376340849,0.0,1.1504424778750881,0.24832214765084007,169.0,102.0,149.0,113.0,107.0,28.0,37.0,130.0,1.679012345678667,0.7645051194536641,1
0.5822222222219635,0.18918918918901875,0.3234200743493222,-0.03649635036493687,-1.0,-0.45901639344243483,-0.1234567901233806,0.0,0.3707865168537243,0.7802197802189228,214.0,47.0,91.0,178.0,41.0,45.0,71.0,66.0,0.77366255144017,1.8274111675117628,1
0.24675324675316665,-0.27272727272710745,0.16363636363631406,-0.16666666666655094,1.0,-0.523809523809316,-0.24324324324313368,0.0,0.31249999999983724,0.608695652173472,155.0,116.0,138.0,192.0,17.0,105.0,84.0,60.0,1.602763385146528,2.9268292682916632,1
0.3017751479289048,0.0412371134020406,0.17333333333328713,0.20958083832322782,0.09466221849054343,-0.3707165109033113,-0.40271493212651466,1.209120220398298,0.45909090909070044,0.42580645161262853,254.0,118.0,155.0,220.0,38.0,93.0,66.0,101.0,1.329577464788545,2.289230769230065,1
0.020979020979013645,0.2549019607841471,-0.10429447852757537,0.4117647058820502,1.0,-0.20661157024784851,-0.6363636363633471,0.0,0.6575342465748921,0.22222222222209878,161.0,140.0,180.0,146.0,190.0,57.0,40.0,96.0,1.908006814309726,1.139999999999715,1
0.5789473684207987,0.3412698412697059,0.43999999999982403,0.43829787234023904,-0.0019379844959161645,-0.03151862464182478,-0.02941176470586073,0.9961315278200027,0.9388888888883673,0.9428571428557959,239.0,48.0,70.0,180.0,149.0,83.0,66.0,169.0,0.7456310679610202,1.3719008264459975,1
-0.23999999999993143,0.2678571428569037,-0.24858757062139872,0.1359999999998912,-1.0,-0.303921568627302,-0.6072727272725065,0.0,0.5338345864657641,0.24434389140260437,164.0,217.0,221.0,133.0,106.0,41.0,54.0,71.0,2.374829001367664,1.2664092664087776,1
-0.21991701244804154,0.44067796610132143,-0.16444444444437137,0.666666666666013,1.0,-0.05027932960891046,-0.7702702702697499,0.0,0.9042553191479742,0.12977099236631318,178.0,147.0,131.0,94.0,68.0,33.0,17.0,85.0,2.077738515900693,1.2054794520542442,1
0.40714285714271176,0.6543209876540518,0.34931506849303107,0.6962025316452759,0.33178538847474026,0.010050251256278881,-0.4503816793889692,1.9930503841401284,1.020304568527401,0.37894736842065374,192.0,83.0,95.0,197.0,67.0,42.0,36.0,201.0,1.1963963963961808,0.9545454545451834,1
0.36729222520097393,0.4731707317070863,0.3043478260868787,0.6502732240433605,0.3623693379410083,-0.2561576354679172,-0.6190476190472506,2.1366120211552726,0.5921568627448659,0.23529411764688585,124.0,118.0,136.0,255.0,98.0,54.0,32.0,151.0,1.5349593495932463,1.2100840336131065,1
0.46996466431078804,0.7403508771927227,0.3639344262293889,0.6315789473682133,0.26885075400315445,0.0877192982455948,-0.2679738562089752,1.7354196296796207,1.1923076923071192,0.5773195876282708,137.0,75.0,97.0,208.0,142.0,37.0,56.0,248.0,1.2121212121209672,0.6379310344826211,1
0.24087591240870052,0.6205533596835492,0.4697406340056283,0.4963503649633225,0.027543710668393298,-0.10869565217388942,-0.14285714285705414,1.0566477092371587,0.8039215686271357,0.7499999999991848,255.0,156.0,92.0,255.0,162.0,48.0,69.0,205.0,1.518248175182297,0.8293736501078123,1
0.19999999999995294,0.7589285714282327,0.09207708779441283,0.3680555555554278,0.599780240958061,-0.12831858407076807,-0.39933993399326756,3.9972545176220886,0.7725490196075402,0.4292452830186655,255.0,170.0,212.0,255.0,216.0,27.0,91.0,197.0,1.5999999999998116,0.46252676659519004,1
0.49122807017529496,0.5733333333325689,0.38964577656665134,0.7101449275352026,0.29141831236075566,-0.6242038216558522,-0.8360655737698065,1.8225397785916304,0.23137254901951712,0.08928571428563456,255.0,87.0,112.0,255.0,80.0,16.0,10.0,59.0,1.0175438596489739,0.7485380116954687,1
0.2348668280871102,0.6593886462879217,0.21428571428566326,0.46718146718128684,0.3711048158095022,-0.14606741573030427,-0.41025641025623494,2.18018017916244,0.7450980392153941,0.41818181818156475,240.0,158.0,165.0,255.0,220.0,39.0,69.0,190.0,1.5585696670774896,0.639344262294951,1
-0.007905138339919387,0.4999999999998016,-0.007905138339919387,0.7914691943124211,1.0,-0.1409090909090589,-0.841155234656736,0.0,0.752988047808465,0.08627450980388773,211.0,255.0,255.0,251.0,250.0,63.0,22.0,189.0,2.0987654320985496,0.8920353982299305,1
0.0,0.3881278538811013,0.07142857142855642,0.670329670329302,0.8074074072984979,-0.2530712530711909,-0.7609561752985017,9.384615371473739,0.5960784313723153,0.13574660633478022,249.0,255.0,221.0,255.0,206.0,67.0,30.0,152.0,2.0118343195264288,1.0894308943087216,1
0.23227383863075007,0.33802816901384647,0.24752475247518627,0.9999999999989474,0.6031746031259974,-0.45244956772321254,-0.9999999999993422,4.039999998364587,0.37698412698397743,0.0,122.0,157.0,152.0,252.0,219.0,47.0,0.0,95.0,1.8255813953485718,0.9215686274507545,1
0.04830917874394969,0.26666666666622224,0.009302325581393186,0.6170212765944318,0.970295465163401,-0.7019607843134502,-0.9189189189185051,10.0,0.1751152073731912,0.04225352112674073,201.0,197.0,213.0,217.0,165.0,22.0,9.0,38.0,1.94088669950715,0.7125506072871609,1
-0.07479224376729231,0.5688622754487612,-0.11170212765954476,0.6477987421379574,1.0,-0.12080536912747625,-0.7637130801684542,0.0,0.7844311377240812,0.13397129186596463,211.0,194.0,209.0,167.0,182.0,36.0,28.0,131.0,2.0261096605741478,0.7480519480517538,1
0.3974358974356427,0.4444444444439506,0.3132530120480041,0.23809523809501135,-0.1363163371242509,-0.2528735632182455,-0.1752577319585822,0.7600732598303552,0.5963302752288107,0.7017543859636811,96.0,47.0,57.0,109.0,45.0,25.0,40.0,65.0,1.2575250836116196,1.2499999999992188,1
0.12342569269518303,0.1464968152865309,0.09313725490193796,0.07142857142852892,-0.13191489353703392,-0.4249201277953914,-0.40684410646372365,0.7669172924093873,0.4035874439460074,0.42162162162139377,247.0,174.0,185.0,223.0,65.0,67.0,78.0,90.0,1.7017114914423346,1.854671280276175,1
-0.0685579196217332,0.22448979591825283,-0.10859728506784874,0.2834224598928966,1.0,-0.24290220820181613,-0.5705128205126376,0.0,0.6091370558372543,0.2734693877549904,255.0,226.0,245.0,197.0,66.0,76.0,67.0,120.0,1.9999999999997786,1.7988165680468051,1
0.03667481662590791,0.7445255474449838,-0.05357142857141661,0.8745098039212257,1.0,0.05986696230597342,-0.8730158730155266,0.0,1.127358490565506,0.0677966101694628,188.0,197.0,236.0,212.0,194.0,35.0,16.0,239.0,1.9848866498738054,0.5566600397613207,1
-0.02068965517240666,0.6159999999997536,0.10937499999995728,0.501858736059293,0.6421172668340387,0.17441860465111209,-0.2596685082871494,4.588422725491627,1.4225352112666039,0.5877192982450985,197.0,148.0,114.0,142.0,104.0,48.0,67.0,202.0,1.8645669291335645,0.9552238805967773,1
0.03571428571427296,0.6496350364958763,-0.04290429042902875,0.467532467532164,1.0,-0.12403100775188991,-0.5879396984921669,0.0,0.7793103448270489,0.25949367088591174,183.0,135.0,158.0,145.0,84.0,24.0,41.0,113.0,1.80602006688933,0.7836734693874353,1
