NDPI_Pre,NDPI_Post,NDBI_Pre,NDBI_Post,NORMALIZED_NDBI,NORMALIZED_VV,NORMALIZED_VH,RBR_NDBI,RBR_VV,RBR_VH,HH_Pre,HV_Pre,VH_Pre,VV_Pre,HH_Post,HV_Post,VH_Post,VV_Post,IRV_Pre,IRV_Post,Burn_Classification
0.1934156378600027,0.2815533980579791,0.16935483870960913,0.6708860759485179,0.5968898067565305,-0.3744075829382112,-0.7758620689648483,3.961422541358482,0.45517241379278955,0.12621359223288717,148.0,98.0,103.0,145.0,24.0,37.0,13.0,66.0,1.603271983639754,1.8048780487793874,1
0.2027972027971319,-0.06060606060596878,0.0851735015772602,-0.03124999999995117,-1.0,-0.6945812807878352,-0.629213483145714,0.0,0.18023255813943012,0.22758620689639478,200.0,114.0,145.0,172.0,85.0,35.0,33.0,31.0,1.5199999999997467,1.5053763440852124,1
0.006802721088433061,0.3119999999997504,0.017182130584186536,0.9523809523798186,0.9645569619258034,-0.2869565217390057,-0.9724137931027778,10.0,0.5540540540536797,0.013986013986004207,245.0,146.0,143.0,148.0,41.0,43.0,2.0,82.0,1.7051094890508458,1.6459330143532795,1
-0.00911854103343188,0.09489051094883585,-0.09695290858723077,0.28205128205104096,1.0,-0.3697478991595085,-0.6499999999997292,0.0,0.4601226993862208,0.212121212121105,130.0,166.0,198.0,163.0,69.0,62.0,42.0,75.0,2.12479999999966,1.8507462686560259,1
0.036827195467411665,-0.09230769230762131,-0.02659574468084399,0.31111111111076545,1.0,-0.5123966942146643,-0.7232142857139628,0.0,0.3224043715845233,0.16062176165794786,125.0,170.0,193.0,183.0,82.0,71.0,31.0,59.0,2.0987654320984412,2.007067137808478,1
0.12915129151286747,0.2539682539680524,0.10469314079418604,0.3982300884952228,0.5836615422545015,-0.31896551724124184,-0.5696202531641965,3.803783945098335,0.5163398692807083,0.27419354838687565,236.0,118.0,124.0,153.0,101.0,47.0,34.0,79.0,1.5103999999997582,1.372262773722127,1
0.26285714285706774,0.31192660550444407,0.25212464589227984,0.44444444444422,0.2760957975201345,-0.21428571428565543,-0.41176470588213276,1.7627965036699706,0.647058823529119,0.41666666666635105,157.0,129.0,132.0,221.0,51.0,75.0,55.0,143.0,1.622641509433707,1.744186046511121,1
0.22336769759442496,0.16867469879507913,-0.029972752043588565,0.01570680628271429,-1.0,-0.2945454545453475,-0.33568904593627713,0.0,0.544943820224413,0.49735449735423426,255.0,113.0,189.0,178.0,16.0,69.0,94.0,97.0,1.3717754172987295,2.19920318725012,1
-0.24629080118687055,0.18749999999985353,-0.22324159021399903,0.04109589041093076,-1.0,-0.2512315270934723,-0.48148148148130315,0.0,0.5984251968499225,0.349999999999825,115.0,210.0,200.0,127.0,44.0,52.0,70.0,76.0,2.5377643504527887,1.857142857142028,1
-0.24999999999993874,0.3267326732670032,-0.24999999999993874,0.16521739130420415,-1.0,-0.39090909090891324,-0.6831683168314577,0.0,0.43790849673174,0.18823529411757325,255.0,255.0,255.0,153.0,147.0,34.0,48.0,67.0,2.22222222222198,0.9645390070918566,1
-0.015267175572513258,0.3193717277485239,-0.14569536423836235,0.6470588235289889,1.0,-0.011764705882348328,-0.729999999999635,0.0,0.9767441860457545,0.1560693641617595,243.0,133.0,173.0,129.0,230.0,65.0,27.0,126.0,1.66771159874582,1.0699588477364055,1
-0.07988980716251243,0.398058252426798,-0.10933333333330418,0.41176470588194924,1.0,-0.3974895397487877,-0.7478991596635514,0.0,0.4311377245506401,0.14423076923069988,246.0,196.0,208.0,167.0,116.0,31.0,30.0,72.0,1.9478260869562796,0.9919999999996032,1
-0.20283018867919744,0.4507772020723053,-0.18944844124695698,0.4507772020723053,1.0,-0.09385113268605377,-0.6478405315612465,0.0,0.8284023668634152,0.2137096774192687,163.0,255.0,248.0,169.0,255.0,53.0,53.0,140.0,2.422802850356007,0.846307385229372,1
-0.14705882352937572,0.32283464566903713,-0.1888111888111448,-0.011764705882346021,-0.8826907305467623,-0.34883720930219037,-0.49560117302038253,0.062309368224699895,0.48275862068937775,0.33725490196065205,255.0,234.0,255.0,174.0,191.0,43.0,86.0,84.0,2.0869565217388977,0.9529085872573538,1
0.16717325227958446,-0.08641975308631306,0.1394658753708785,0.21311475409801128,0.20888520965313753,-0.676855895196211,-0.7159763313605232,1.5280781293522312,0.19270833333323298,0.1655172413791962,186.0,137.0,145.0,192.0,103.0,44.0,24.0,37.0,1.6809815950917666,1.54385964912213,1
-0.12280701754382374,0.5137614678896726,-0.1329479768785743,0.6582914572861014,1.0,0.047619047619032503,-0.7043478260866504,0.0,1.0999999999992667,0.17346938775501355,142.0,192.0,196.0,150.0,190.0,53.0,34.0,165.0,2.27218934911209,0.9197396963121649,1
0.10476190476187151,0.12727272727261157,0.14098360655733083,0.3052631578944155,0.36813611747326175,-0.47457627118623963,-0.5975609756093918,2.165238676553197,0.356321839080255,0.2519083969463726,245.0,141.0,131.0,174.0,50.0,48.0,33.0,62.0,1.6091298145504123,1.8461538461529587,1
0.09930715935332579,-0.999999999998305,0.04845814977972501,-0.9999999999986842,1.0,-0.9999999999995799,-0.4794520547943564,0.0,0.0,0.351851851851689,243.0,195.0,216.0,238.0,73.0,59.0,76.0,0.0,1.7910447761191972,2.4712041884803817,1
-0.06153846153843787,0.5042735042730733,-0.10948905109485056,0.30370370370347877,1.0,-0.1619047619046848,-0.5276381909545088,0.0,0.7213114754092448,0.3092105263155861,132.0,138.0,152.0,122.0,136.0,29.0,47.0,88.0,2.0830188679241353,0.8226950354607012,1
-0.13709677419349312,0.4210526315786704,-0.23021582733804669,0.46938775510172154,1.0,0.004651162790695511,-0.6285714285711292,0.0,1.00934579439158,0.22807017543846314,169.0,141.0,171.0,107.0,78.0,44.0,39.0,108.0,2.0215053763437236,1.2846715328462466,1
0.1567164179103893,0.1818181818180441,0.14391143911433804,0.11428571428563267,-0.11474071044981032,-0.33047210300415003,-0.30337078651668353,0.7941391935870951,0.5032258064512882,0.5344827586202289,160.0,113.0,116.0,155.0,159.0,54.0,62.0,78.0,1.6709796672825006,1.2521739130431153,1
0.08280254777067426,-0.25252525252499747,0.1111111111110748,-0.4436090225560575,1.0,-0.6425120772943756,-0.17241379310337396,0.0,0.2176470588234014,0.7058823529406575,149.0,144.0,136.0,170.0,164.0,62.0,96.0,37.0,1.8978583196043,1.5261538461533766,1
-0.16666666666661878,-0.33333333333304094,-0.1830985915492442,-0.08433734939748874,-0.3692893402400067,-0.5846994535515931,-0.647058823529158,0.46061167773028694,0.26206896551706066,0.21428571428561224,145.0,203.0,210.0,145.0,100.0,76.0,45.0,38.0,2.3333333333329977,2.0965517241372083,1
-0.023622047244088288,0.35164835164815844,-0.15068493150681492,0.7571428571423164,1.0,-0.20388349514556509,-0.8736059479550656,0.0,0.6612903225802896,0.0674603174602907,193.0,195.0,252.0,186.0,181.0,59.0,17.0,123.0,2.0286085825745084,1.1184834123220098,1
0.0091743119266027,0.3534482758619166,0.015384615384610651,0.49523809523785944,0.9397417501746318,-0.024844720496886696,-0.5023474178401398,10.0,0.9515151515145749,0.331249999999793,127.0,162.0,160.0,165.0,111.0,75.0,53.0,157.0,2.103896103895762,1.43540669856425,1
-0.0029673590504442236,0.2876712328765153,0.05993690851733125,0.22077922077907744,0.5729713950088537,-0.2824427480914953,-0.42583732057395896,3.6835269931695693,0.5595238095234765,0.40268456375811906,198.0,169.0,149.0,168.0,164.0,52.0,60.0,94.0,1.9204545454542725,1.1491712707179147,1
-0.208226221079638,0.6015936254977683,-0.14917127071819083,0.710638297872038,1.0,0.1323943661971458,-0.7190082644625129,0.0,1.3051948051939577,0.1634615384614599,107.0,235.0,208.0,154.0,103.0,50.0,34.0,201.0,2.5718194254442444,0.9900990099007451,1
-0.035799522673022485,0.43689320388307096,-0.06697459584294066,0.21311475409818598,1.0,-0.46376811594186096,-0.6559139784943886,0.0,0.36633663366318503,0.20779220779211785,155.0,217.0,231.0,202.0,89.0,29.0,48.0,74.0,2.194690265486448,1.0497737556556337,1
-0.014326647564465809,0.5824175824172625,0.06501547987614087,0.5999999999996667,0.8044692736220034,-0.08860759493668083,-0.6149732620317567,9.228571414374738,0.8372093023250947,0.2384105960263322,240.0,177.0,151.0,172.0,128.0,38.0,36.0,144.0,1.8485639686681659,0.8735632183905536,1
-0.3818181818180083,0.8021201413424728,-0.47490347490329154,0.6612377850160713,1.0,0.5789473684208735,-0.5720164609051144,0.0,3.7499999999944853,0.272251308900381,165.0,152.0,191.0,68.0,120.0,28.0,52.0,255.0,2.2644320297947362,0.5197215777260975,1
-0.13110539845754984,0.21428571428558674,-0.19905213270137465,0.29936305732465013,1.0,-0.24723247232463202,-0.6428571428569342,0.0,0.6035502958576311,0.21739130434774018,190.0,220.0,253.0,169.0,167.0,66.0,55.0,102.0,2.202753441801977,1.3167082294261057,1
-0.13839285714282626,-0.20987654320961743,-0.13839285714282626,-0.16883116883094956,0.0990752972576077,-0.7155555555552375,-0.6999999999997667,1.219941349853801,0.16580310880820426,0.17647058823522493,255.0,255.0,255.0,193.0,122.0,49.0,45.0,32.0,2.1294363256782747,1.5555555555549383,1
-0.29605263157885,0.28749999999982034,-0.24912280701745645,0.46099290780109153,1.0,-0.019047619047609977,-0.6481481481478482,0.0,0.9626168224290069,0.21348314606729582,214.0,197.0,178.0,107.0,68.0,57.0,38.0,103.0,2.204195804195496,1.5999999999994388,1
-0.08208955223877534,-0.12857142857133674,-0.02380952380951436,0.37078651685351594,1.0,-0.33695652173894736,-0.6433121019104183,0.0,0.4959349593491903,0.21705426356572324,203.0,145.0,129.0,123.0,82.0,79.0,28.0,61.0,1.8831168831165772,2.099667774085681,1
-0.15568862275444442,0.1940298507461239,-0.15568862275444442,0.1510791366905388,-1.0,-0.27601809954738643,-0.5317460317458208,0.0,0.5673758865244204,0.3056994818651266,192.0,193.0,193.0,141.0,87.0,54.0,59.0,80.0,2.1474269819190335,1.5709090909085197,1
0.01876675603216655,0.32450331125806325,0.09826589595372882,0.09890109890104457,0.003221649482771928,-0.3103448275860999,-0.31092436974776855,1.0064641230866957,0.5263157894734073,0.5256410256406887,124.0,183.0,156.0,190.0,121.0,51.0,82.0,100.0,2.1529411764702715,1.263157894736451,1
-0.19999999999994203,0.3872832369939958,-0.25203252032513496,0.20603015075366532,-1.0,-0.06976744186043808,-0.4903225806450031,0.0,0.8695652173906743,0.34199134199119396,125.0,207.0,231.0,138.0,176.0,53.0,79.0,120.0,2.4460856720823565,1.0547263681589416,1
-0.3088235294116512,0.4588235294115848,-0.3237410071941282,0.6460176991147585,1.0,0.3285714285713112,-0.6428571428568559,0.0,1.978723404253214,0.21739130434770795,185.0,178.0,184.0,94.0,70.0,69.0,40.0,186.0,2.2425196850390168,1.4010152284260404,1
-0.03529411764704844,0.3827160493822436,0.012345679012341869,0.07692307692300296,0.7234042545086266,-0.4909090909088678,-0.5384615384612796,6.230769180295932,0.34146341463393814,0.2999999999998125,166.0,176.0,160.0,164.0,1.0,25.0,48.0,56.0,2.064516129031955,1.869158878502926,1
-0.38205980066432493,0.3032258064514173,-0.3716216216214961,0.3289473684208363,-1.0,0.0412371134020406,-0.5984251968501582,0.0,1.0860215053751763,0.2512315270934723,167.0,208.0,203.0,93.0,70.0,54.0,51.0,101.0,2.461538461538097,1.5483870967736386,1
-0.002932551319647234,0.14606741573017296,0.036585365853647384,0.07368421052623822,0.33643771797163,-0.5384615384612949,-0.564356435643285,2.0140350822127626,0.2999999999998236,0.27848101265805164,135.0,171.0,158.0,170.0,69.0,38.0,44.0,51.0,2.1143740340027644,1.551020408162474,1
-0.09582309582307229,-0.3333333333326797,-0.07537688442209162,-0.451612903225078,0.713934174235417,-0.8308457711438653,-0.6525096525094006,5.991397857402794,0.09239130434777588,0.21028037383167744,176.0,223.0,214.0,184.0,28.0,34.0,45.0,17.0,2.2133995037218095,2.407079646015569,1
0.09917355371896729,0.3631284916199089,0.12236286919826062,0.4352941176468028,0.5611536406328037,-0.04313725490194387,-0.3684210526313366,3.55740364820777,0.9172932330820172,0.46153846153801775,241.0,109.0,104.0,133.0,147.0,57.0,48.0,122.0,1.4729729729727241,1.1906005221929006,1
-0.46706586826333324,0.807486631015611,-0.48255813953474347,0.5363636363633926,1.0,0.3100775193797248,-0.6666666666664488,0.0,1.8988764044922484,0.19999999999992157,196.0,245.0,255.0,89.0,70.0,18.0,51.0,169.0,2.5290322580641895,0.5236363636361733,1
-0.15789473684206914,0.5949367088605085,-0.16173120728925702,0.5491803278686274,1.0,0.013404825737261821,-0.6451612903223726,0.0,1.02717391304292,0.21568627450971936,229.0,253.0,255.0,184.0,234.0,48.0,55.0,189.0,2.202393906419782,0.7398843930634412,1
-0.1509433962263795,0.4640522875813961,-0.17241379310340865,0.5135135135131665,1.0,-0.23287671232868737,-0.7525773195873703,0.0,0.6222222222218766,0.14117647058817995,255.0,244.0,255.0,180.0,103.0,41.0,36.0,112.0,2.114842903575069,1.1043771043767325,1
-0.43421052631564666,-0.07692307692300296,-0.4674922600617748,-0.09433962264142043,-0.6641713455124454,-0.2835820895520272,-0.6067796610167435,0.20179932529606853,0.5581395348830719,0.24472573839652123,255.0,218.0,237.0,86.0,138.0,56.0,58.0,48.0,2.2445302445299555,1.5033557046974821,1
0.21568627450973343,-0.06358381502886498,0.4362934362932679,0.21804511278179095,-0.33354037261999636,-0.3932584269661449,-0.1679999999998656,0.4997671167925813,0.43548387096750785,0.7123287671223119,255.0,120.0,73.0,186.0,113.0,92.0,52.0,81.0,1.40969162995574,1.947089947089432,1
0.0736842105262964,-0.1092436974788998,0.09090909090906661,-0.07826086956514934,-1.0,-0.5875486381320671,-0.4655172413791097,0.0,0.25980392156850013,0.36470588235272666,255.0,176.0,170.0,204.0,170.0,66.0,62.0,53.0,1.7361282367445454,1.4873239436615528,1
0.14349775784750146,-0.32258064516077,0.18055555555551375,-0.5531914893611136,1.0,-0.8478260869562146,-0.4159999999998336,0.0,0.0823529411764383,0.41242937853084044,146.0,191.0,177.0,255.0,240.0,41.0,73.0,21.0,1.9514687100891503,0.9562682215740652,1
0.1948717948717449,0.2832369942194895,0.13106796116501673,0.16842105263149032,0.12472274351733487,-0.3546511627905946,-0.387596899224656,1.2849902524305417,0.4763948497852033,0.4413407821226585,99.0,157.0,179.0,233.0,110.0,62.0,79.0,111.0,1.9442724458201324,1.4376811594198733,1
-0.02873563218389979,-0.6694214876027526,-0.08648648648646312,-0.45945945945883854,0.6831683169565297,-0.7883597883593713,-0.576470588235068,5.312500006136833,0.11834319526620217,0.26865671641777683,255.0,179.0,201.0,169.0,84.0,101.0,54.0,20.0,1.8312020460355714,2.6405228758161305,1
0.06329113924048631,-0.46341463414521117,0.02439024390243159,-0.607142857141773,1.0,-0.8770949720665492,-0.560975609755824,0.0,0.06547619047615151,0.28124999999982425,181.0,148.0,160.0,168.0,81.0,30.0,45.0,11.0,1.8356589147283975,1.578947368420014,1
-0.5355805243443688,-0.02702702702701242,-0.5824915824913864,0.9148936170203033,1.0,0.1842105263156683,-0.9665271966523153,0.0,1.451612903223465,0.017021276595737437,190.0,205.0,235.0,62.0,99.0,95.0,4.0,90.0,2.477341389727722,2.005277044854352,1
-0.3370786516852039,-0.6091954022981504,-0.25786163521996364,-0.2608695652168242,0.005798629415210904,-0.5526315789466413,-0.5503875968987982,1.0116648996484536,0.2881355932198506,0.28999999999971,255.0,119.0,100.0,59.0,126.0,70.0,29.0,17.0,1.7246376811591078,1.978798586571739,1
-0.5689655172411341,-0.26530612244843815,-0.5762711864404338,-0.1428571428568027,-0.6026936027780347,-0.4705882352934256,-0.7714285714282041,0.2478991597063981,0.35999999999928,0.12903225806444676,104.0,182.0,186.0,50.0,5.0,31.0,24.0,18.0,2.810810810810268,2.917647058820097,1
-0.26956521739118716,0.5342465753420998,-0.2533333333332208,0.3575757575755409,1.0,0.14285714285707,-0.4536082474224466,0.0,1.333333333331746,0.37588652482242846,198.0,146.0,141.0,84.0,90.0,34.0,53.0,112.0,2.0348432055745582,1.0074074074070343,1
-0.06569343065691832,0.3563218390800502,-0.05185185185183905,0.15686274509788542,1.0,-0.5298804780874383,-0.6640624999997407,0.0,0.30729166666650665,0.2018779342722057,203.0,219.0,213.0,192.0,34.0,28.0,43.0,59.0,2.103241296518355,1.5033557046969777,1
-0.184275184275139,0.8597785977856607,-0.14871794871791058,0.774647887323671,1.0,0.20574162679420915,-0.7499999999997071,0.0,1.5180722891557121,0.1428571428570791,177.0,241.0,224.0,166.0,114.0,19.0,32.0,252.0,2.3369696969694136,0.37623762376228315,1
-0.22388059701485855,0.4933333333331141,-0.3103448275861246,0.7967914438498414,1.0,0.12751677852344714,-0.8571428571425349,0.0,1.2923076923066983,0.07692307692304579,147.0,205.0,247.0,130.0,31.0,57.0,19.0,168.0,2.387190684133568,1.4568690095841992,1
-0.004566210045660016,0.42622950819637195,-0.03964757709249355,0.8510638297863287,1.0,-0.11224489795912641,-0.8879999999992896,0.0,0.7981651376139466,0.059322033898254814,235.0,110.0,118.0,109.0,144.0,35.0,7.0,87.0,1.5602836879429856,0.9302325581392259,1
0.11353711790390535,0.30396475770911724,0.2944162436547476,0.5336787564764075,0.2889312370620182,-0.2655086848634577,-0.5108695652171137,1.812667499830507,0.5803921568625175,0.3237410071940117,255.0,203.0,139.0,255.0,109.0,79.0,45.0,148.0,1.772925764191946,1.5228915662646934,1
0.1335149863759854,0.5582329317266834,0.2567975830814934,0.7092511013212734,0.46835477910997986,-0.03482587064675751,-0.5769230769227072,2.7619072287763915,0.9326923076918593,0.2682926829266111,252.0,159.0,123.0,208.0,223.0,55.0,33.0,194.0,1.6349614395884786,0.8349146110055341,1
0.32812499999991457,0.7592592592589078,0.21428571428566326,0.5637860082302207,0.449187759670194,-0.14606741573030427,-0.5137614678896726,2.631001370513856,0.7450980392153941,0.32121212121192655,245.0,129.0,165.0,255.0,202.0,26.0,53.0,190.0,1.361477572559187,0.468468468468363,1
0.18431372549012381,-0.26136363636348786,-0.006578947368418889,-0.10344827586199763,0.8804123719341568,-0.39814814814796384,-0.3133047210299085,10.0,0.4304635761586554,0.5228758169931224,236.0,104.0,153.0,151.0,123.0,111.0,80.0,65.0,1.3983193277308574,2.165853658536057,1
0.4739884393062214,-0.1657754010694301,0.21428571428566326,-0.22772277227711502,1.0,-0.5315315315313719,-0.14186851211067755,0.0,0.30588235294105653,0.7515151515146961,255.0,91.0,165.0,255.0,153.0,109.0,124.0,78.0,1.0520231213871312,1.9420935412022402,1
0.44475920679874087,0.5031847133754758,0.2814070351758087,0.5128205128201841,0.2913692407158938,-0.36729222520097393,-0.5801104972372486,1.8223443216960293,0.46274509803903424,0.26573426573407993,203.0,98.0,143.0,255.0,19.0,39.0,38.0,118.0,1.1987767584096025,1.4511627906969995,1
0.26406926406914977,-0.10552763819090175,0.20164609053489646,0.2191780821916307,0.0416610850535939,-0.2425531914892585,-0.2597402597400911,1.0869443662484781,0.609589041095473,0.5876288659787756,148.0,85.0,97.0,146.0,92.0,110.0,57.0,89.0,1.4655172413789945,2.194513715710176,1
0.08333333333329862,0.04999999999996876,0.09704641350206876,0.15862068965506304,0.24083769624075274,-0.21495327102793696,-0.27380952380936086,1.6344827569360245,0.6461538461533491,0.5700934579433924,151.0,110.0,107.0,130.0,65.0,76.0,61.0,84.0,1.7564870259477532,2.0199335548166046,1
0.0,-0.044776119402918244,0.08493150684929181,0.3617021276588049,0.6196815451491205,-0.7217391304344688,-0.8351648351643763,4.258750852905018,0.16161616161608,0.08982035928138335,182.0,198.0,167.0,198.0,28.0,35.0,15.0,32.0,2.041237113401799,2.1538461538444973,1
-0.3821138211381078,0.6855345911945374,-0.2761904761903885,0.6749999999995782,1.0,0.08064516129029006,-0.770925110131819,0.0,1.175438596490197,0.12935323383078143,249.0,255.0,201.0,114.0,150.0,25.0,26.0,134.0,2.336769759449904,0.5988023952094016,1
0.2656716417909655,-0.33333333333280424,0.2887537993920095,0.4999999999982143,0.2678227359953568,-0.8197424892700345,-0.887096774192833,1.73157894676309,0.09905660377353818,0.05982905982900869,235.0,123.0,117.0,212.0,101.0,42.0,7.0,21.0,1.4199134199132148,1.631067961164257,1
-0.38586956521728644,0.7900552486183481,-0.3213213213212248,0.8202247191006629,1.0,0.1781818181817534,-0.8644067796606507,0.0,1.433628318582802,0.07272727272723967,255.0,255.0,220.0,113.0,0.0,19.0,16.0,162.0,2.323462414578323,0.7599999999996201,1
-0.10112359550556117,0.6049382716041914,-0.15789473684202218,0.35416666666629776,1.0,-0.10344827586199763,-0.5602836879428651,0.0,0.8124999999989844,0.2818181818179256,93.0,98.0,110.0,80.0,136.0,16.0,31.0,65.0,2.1246612466118906,0.54935622317573,1
-0.45147679324875467,-0.2653061224487089,-0.34673366834153435,0.9999999999972222,1.0,-0.28712871287100283,-0.9999999999992538,0.0,0.5538461538453018,0.0,246.0,172.0,134.0,65.0,127.0,62.0,0.0,36.0,2.100763358778305,1.7282229965150773,1
-0.11666666666663426,0.2117647058822284,-0.07288629737607205,0.4109589041093076,1.0,-0.2137404580151856,-0.6211453744490656,0.0,0.6477987421379574,0.23369565217378604,191.0,201.0,184.0,159.0,91.0,67.0,43.0,103.0,2.138297872340141,1.6341463414629165,1
0.2469135802467612,0.6709956709953806,0.6833333333327639,0.9593908629436755,0.16804861718104958,0.3129251700679208,-0.6521739130406428,1.40398662849377,1.910891089107019,0.21052631578836567,177.0,61.0,19.0,101.0,197.0,38.0,4.0,193.0,1.219999999999695,0.6523605150213192,1
0.296803652967901,0.549999999999725,0.07169811320752012,0.5816326530609278,0.7805151174616939,0.043771043771029035,-0.49999999999969513,8.11224488664366,1.0915492957738793,0.3333333333330623,190.0,77.0,123.0,142.0,86.0,45.0,41.0,155.0,1.2674897119338957,1.087613293051031,1
0.09395973154359263,0.4559999999996352,-0.049562682215728994,-0.04210526315787258,-0.08135252770854888,-0.2834645669290223,-0.2903225806450572,0.8495356054290338,0.5582822085886145,0.5499999999996945,255.0,135.0,180.0,163.0,68.0,34.0,99.0,91.0,1.5697674418602368,1.1982378854620273,1
0.21403508771922317,0.22772277227711502,0.0812499999999746,0.18660287081330787,0.39332365732768765,-0.16498316498310944,-0.2672413793102297,2.2966507148763218,0.7167630057799326,0.5782312925166135,160.0,112.0,147.0,173.0,136.0,78.0,85.0,124.0,1.6086175942546483,1.4999999999996394,1
0.3738019169327879,-0.28712871287100283,0.20448179271702957,0.7560975609737656,0.5742532005084845,-0.7131474103582817,-0.9319727891150124,3.6976277963795146,0.16744186046503842,0.03521126760560901,255.0,98.0,142.0,215.0,7.0,65.0,5.0,36.0,1.1771771771770003,3.005780346819072,1
0.18285714285709062,0.5384615384610207,0.11891891891888678,0.12676056338019243,0.03191819025639168,-0.44250871080123955,-0.4488888888886894,1.0659411002555466,0.38647342995150413,0.38036809815927586,138.0,143.0,163.0,207.0,67.0,24.0,62.0,80.0,1.812995245641551,0.9846153846148797,1
-0.12703583061885113,0.09473684210516344,-0.10963455149498019,-0.15447154471532157,0.1697688689533905,-0.44086021505352646,-0.40336134453764566,1.4089677273253687,0.3880597014922478,0.42514970059854784,87.0,173.0,167.0,134.0,24.0,43.0,71.0,52.0,2.4409171075833433,2.1234567901221464,1
0.02824858757061349,0.10526315789459834,0.19736842105256666,0.2727272727268595,0.1603053434767719,-0.624999999999721,-0.671232876711869,1.3818181811164212,0.230769230769104,0.19672131147524857,200.0,172.0,122.0,182.0,82.0,34.0,24.0,42.0,1.8953168044074524,1.4166666666659289,1
-0.07903780068725806,0.6954314720808653,-0.05633802816899425,0.9999999999994013,1.0,0.10963455149498019,-0.9999999999993334,0.0,1.246268656715488,0.0,176.0,157.0,150.0,134.0,103.0,30.0,0.0,167.0,2.01282051282019,0.7272727272725069,1
0.10437710437706924,-0.19298245614018159,-0.0030395136778106264,0.614035087718221,1.0,-0.5619047619044943,-0.874999999999503,0.0,0.2804878048778778,0.06666666666662627,204.0,133.0,165.0,164.0,120.0,68.0,11.0,46.0,1.6782334384855395,1.801324503310662,1
-0.4682779456191939,-0.8421052631556787,-0.42671009771973073,-0.8333333333310184,0.32270573031318095,-0.9340659340649076,-0.7380952380949453,1.9529262091042812,0.03409090909087035,0.15068493150678053,104.0,243.0,219.0,88.0,30.0,35.0,33.0,3.0,2.8672566371677184,2.7184466019391085,1
-0.3584905660375104,0.7592592592585562,-0.39644970414177727,0.5966386554616835,1.0,0.3013698630134922,-0.6619718309854494,0.0,1.862745098035563,0.2033898305083022,110.0,108.0,118.0,51.0,151.0,13.0,24.0,95.0,2.2917771883283047,0.38235294117633,1
-0.2187499999998861,0.35185185185152607,-0.15254237288126976,0.5869565217384924,1.0,-0.013513513513504384,-0.6859504132225736,0.0,0.9733333333320355,0.18627450980373894,255.0,117.0,102.0,75.0,57.0,35.0,19.0,73.0,1.659574468084812,1.3999999999993,1
-0.010830324909743384,0.12977099236631318,-0.21937321937315687,0.3577981651372864,1.0,-0.29857819905199123,-0.7188755020077434,0.0,0.5401459854010656,0.16355140186908246,158.0,140.0,214.0,137.0,179.0,57.0,35.0,74.0,1.9478260869561828,1.2425068119887623,1
-0.2645739910312715,0.4788732394362825,-0.24423963133629298,0.6406249999994996,1.0,0.12299465240635135,-0.7088607594932222,0.0,1.2804878048764872,0.1703703703702442,116.0,141.0,135.0,82.0,159.0,37.0,23.0,105.0,2.3499999999995103,0.8757396449701551,1
-0.07692307692305501,0.23076923076908284,-0.03283582089551259,0.6695652173907221,1.0,-0.25581395348827296,-0.8020833333329156,0.0,0.5925925925922269,0.10982658959531225,185.0,189.0,173.0,162.0,95.0,60.0,19.0,96.0,2.0855172413790224,1.5434083601281212,1
-0.03225806451612103,-0.060240963855349106,-0.02499999999999375,0.2187499999996582,1.0,-0.6666666666663817,-0.7826086956518337,0.0,0.19999999999989745,0.12195121951213564,224.0,208.0,205.0,195.0,90.0,44.0,25.0,39.0,1.9928143712572464,1.6221198156674554,1
0.24781341107864496,0.3333333333331276,0.46575342465737474,0.49999999999965283,0.03546099290395386,-0.3291925465837487,-0.36842105263125574,1.073529411533835,0.5046728971960259,0.4615384615378698,187.0,129.0,78.0,214.0,42.0,54.0,36.0,108.0,1.5660091047038593,1.6744186046505138,1
0.2258064516127992,-0.8611111111099151,0.08571428571425073,-0.7674418604633315,1.0,-0.927536231883386,-0.4933333333330045,0.0,0.03759398496237775,0.3392857142854113,110.0,84.0,112.0,133.0,43.0,67.0,38.0,5.0,1.6350364963499673,2.945054945053327,1
-0.01709401709400979,-0.10569105691048318,-0.15129151291507334,0.8333333333319444,1.0,-0.35294117647038065,-0.9378881987571815,0.0,0.4782608695648015,0.03205128205126151,65.0,119.0,156.0,115.0,73.0,68.0,5.0,55.0,2.277511961721943,2.0606060606052803,1
-0.0033898305084734274,-0.17307692307675665,0.061371841155212506,0.3650793650787856,0.7121741465674464,-0.5473684210523435,-0.7333333333328445,5.948646115416624,0.29251700680252213,0.1538461538460355,117.0,148.0,130.0,147.0,118.0,61.0,20.0,43.0,2.1142857142853364,1.7243816254410869,1
0.06211180124221674,0.2931034482756094,-0.06557377049178537,0.5306122448974178,1.0,-0.39024390243886575,-0.7889908256877115,0.0,0.43859649122781375,0.11794871794865747,184.0,151.0,195.0,171.0,22.0,41.0,23.0,75.0,1.838660578386326,1.832402234635848,1
0.20467836257303956,0.6546762589923348,0.15730337078647266,0.5862068965513199,0.5768629493751173,-0.28348909657312044,-0.6666666666662964,3.726600982851098,0.5582524271841951,0.19999999999986667,167.0,136.0,150.0,206.0,91.0,24.0,30.0,115.0,1.686821705426095,0.7559055118107261,1
0.005319148936168798,0.33695652173894736,-0.04303797468353341,0.46428571428543797,1.0,-0.21153846153839376,-0.6414342629479517,0.0,0.6507936507933065,0.21844660194164153,255.0,187.0,206.0,189.0,126.0,61.0,45.0,123.0,1.8288508557454977,1.3153638814012627,1
-0.8373205741622789,-0.2187499999996582,-0.8418604651158875,-0.0740740740739369,-0.8382546549722971,0.19047619047573694,-0.7444933920701566,0.08798854103754472,1.4705882352854673,0.1464646464645725,65.0,192.0,198.0,17.0,63.0,39.0,29.0,25.0,3.2961373390550865,1.8795180722880245,1
-0.15624999999991862,0.5440414507769202,-0.1649484536081624,0.999999999999329,1.0,0.29565217391291493,-0.999999999999115,0.0,1.839506172837235,0.0,115.0,111.0,113.0,81.0,15.0,44.0,0.0,149.0,2.12440191387509,1.3968253968248425,1
0.05755395683451167,0.4426229508193093,0.061371841155212506,0.7777777777769921,0.8537284893819221,-0.2510638297871272,-0.8439716312050752,10.0,0.5986394557819057,0.08461538461531953,130.0,131.0,130.0,147.0,97.0,34.0,11.0,88.0,1.9443413729124406,1.075098814228824,1
-0.30747922437664615,0.40566037735829924,-0.3243243243242367,0.7325581395344579,1.0,0.08759124087588044,-0.8283582089549149,0.0,1.1919999999990465,0.09387755102036985,48.0,236.0,245.0,125.0,143.0,63.0,23.0,149.0,2.9271317829452825,1.20574162679397,1
-0.378698224851959,0.6855345911945374,-0.3333333333332275,0.7402597402592597,1.0,0.12133891213384045,-0.82608695652138,0.0,1.2761904761892608,0.0952380952380499,192.0,233.0,210.0,105.0,65.0,25.0,20.0,134.0,2.4429882044557742,0.8032128514053,1
-0.30722891566255806,0.4255319148933907,-0.29012345679003393,0.624242424242046,1.0,0.0763052208835035,-0.7416666666663577,0.0,1.1652173913033346,0.1483253588516037,221.0,217.0,209.0,115.0,112.0,54.0,31.0,134.0,2.2545454545451618,1.2203389830505027,1
-0.16107382550330165,0.14084507042243605,-0.2012779552715012,0.2755905511808854,1.0,-0.21359223300960506,-0.6068376068373476,0.0,0.6479999999994815,0.24468085106369966,227.0,173.0,188.0,125.0,114.0,61.0,46.0,81.0,1.982808022922352,1.5394321766556658,1
0.11221945137154309,-0.13043478260812855,0.2742857142856359,-0.25925925925829907,-1.0,-0.914163090128363,-0.7638888888883585,0.0,0.044843049327334156,0.13385826771643003,131.0,178.0,127.0,223.0,31.0,13.0,17.0,10.0,2.005633802816619,1.5522388059678325,1
0.028571428571421153,-0.9999999999975,-0.0099999999999975,-0.999999999997619,0.9801980198989877,-0.999999999999495,-0.6557377049177641,10.0,0.0,0.207920792079105,169.0,187.0,202.0,198.0,41.0,40.0,42.0,0.0,2.0188933873141672,2.644628099171368,1
0.283582089552133,0.10638297872329108,0.014749262536868805,0.08333333333324652,0.6992481195876433,-0.5357142857140466,-0.5829383886253162,5.649999961688781,0.30232558139517307,0.26347305389205783,231.0,96.0,167.0,172.0,79.0,42.0,44.0,52.0,1.2907563025207913,1.5627906976736918,1
0.5363636363633926,0.13907284768202713,0.31517509727614196,0.5357142857138074,0.25918667316871646,-0.32549019607830376,-0.54385964912233,1.6997354491952947,0.5088757396446694,0.2954545454542097,224.0,51.0,88.0,169.0,147.0,65.0,26.0,86.0,0.8242424242422578,1.432506887051947,1
0.1697247706421629,-0.9999999999980769,0.03448275862068266,-0.9999999999972973,1.0,-0.9999999999996079,-0.7309090909088252,0.0,0.0,0.15546218487388427,213.0,181.0,238.0,255.0,167.0,52.0,37.0,0.0,1.7445783132528017,1.5350553505529392,1
0.11409395973150534,0.5365853658533314,0.04402515723269056,0.7622377622372293,0.8907920574936657,-0.1369863013698161,-0.7988165680468646,10.0,0.7590361445778561,0.11184210526308433,203.0,132.0,152.0,166.0,124.0,38.0,17.0,126.0,1.6682464454973667,0.9325153374230268,1
-0.049382716049372555,0.737142857142436,-0.04149377593360135,0.5589743589740723,1.0,-0.20626631853780517,-0.7074829931970383,0.0,0.6580086580083732,0.17131474103578834,172.0,255.0,251.0,231.0,148.0,23.0,43.0,152.0,2.234392113909941,0.5317919075142972,1
-0.565836298932183,0.3260869565213847,-0.5595667870034081,-0.008130081300806398,-0.9713576674237286,0.0,-0.5539568345321748,0.014529242069204163,0.9999999999983606,0.28703703703690414,96.0,220.0,216.0,61.0,147.0,31.0,62.0,61.0,2.948073701842052,0.9185185185181783,1
-0.2274143302179977,0.12307692307682841,-0.1895424836600688,0.18699186991854716,-1.0,-0.25888324873083307,-0.5689655172411341,0.0,0.58870967741888,0.2747252747251238,113.0,197.0,182.0,124.0,42.0,57.0,50.0,73.0,2.49762282091878,1.991266375544982,1
-0.29846153846144663,0.7866666666663171,-0.3821138211381078,0.5461538461536362,1.0,0.2761904761903885,-0.6242038216558522,0.0,1.7631578947352955,0.23137254901951712,207.0,211.0,255.0,114.0,103.0,24.0,59.0,201.0,2.271870794077756,0.5454545454543905,1
-0.5596330275227647,0.51999999999974,-0.5596330275227647,0.8095238095233277,1.0,0.3571428571426977,-0.8819188191878665,0.0,2.111111111108179,0.06274509803919108,135.0,255.0,255.0,72.0,43.0,48.0,16.0,152.0,2.8451882845184313,1.319587628865526,1
-0.20283018867919744,0.34959349593467515,-0.1695331695331279,0.7849462365582958,1.0,-0.3412698412697059,-0.9193548387093068,0.0,0.491124260354739,0.042016806722671426,245.0,255.0,238.0,169.0,74.0,40.0,10.0,83.0,2.207792207791969,1.3502109704635654,1
-0.12030075187965403,0.00934579439251463,-0.13333333333328395,0.12499999999986978,-1.0,-0.36842105263136354,-0.5692307692304773,0.0,0.46153846153806705,0.27450980392138924,255.0,149.0,153.0,117.0,99.0,53.0,42.0,54.0,1.7791044776116747,1.637065637065005,1
-0.24999999999990533,0.5714285714282005,-0.2355212355211446,0.32967032967014853,1.0,0.09999999999995456,-0.4479638009047747,0.0,1.2222222222209875,0.3812499999997617,97.0,165.0,160.0,99.0,38.0,33.0,61.0,121.0,2.509505703421576,1.173333333332812,1
0.09090909090906509,-0.9999999999964286,0.259016393442538,0.0,-0.999999999613924,-0.9999999999994792,-0.999999999999115,0.0,0.0,0.0,226.0,160.0,113.0,192.0,28.0,28.0,0.0,0.0,1.7344173441732067,2.666666666663492,1
0.07760532150774332,0.10416666666655816,-0.024096385542163836,0.2183908045974501,1.0,-0.6418918918916751,-0.7647058823526766,0.0,0.2181069958846839,0.13333333333328104,238.0,208.0,255.0,243.0,87.0,43.0,34.0,53.0,1.855072463767909,1.5221238938046364,1
0.224489795918291,0.5833333333328472,0.025641025641018337,0.9191919191909907,0.9457236841103938,-0.30909090909079673,-0.9542857142851691,10.0,0.5277777777774846,0.023391812865483398,255.0,114.0,171.0,180.0,167.0,25.0,4.0,95.0,1.375565610859521,0.6410256410254356,1
0.19999999999992307,0.5180722891560023,0.15985130111518223,0.29896907216464025,0.3032074840632523,-0.4246575342463815,-0.537414965986029,1.8702948921397018,0.403846153845895,0.3008849557519461,218.0,104.0,113.0,156.0,120.0,20.0,34.0,63.0,1.4295532646045652,0.7174887892373465,1
0.12962962962958963,0.6952380952377643,0.05475504322764993,0.6792452830185476,0.8508037631257831,-0.013850415512461538,-0.6565656565653251,10.0,0.9726775956278838,0.2073170731706053,172.0,141.0,164.0,183.0,148.0,32.0,34.0,178.0,1.770800627943207,0.6564102564100881,1
0.17283950617278618,0.7396449704137635,0.05555555555554013,0.6333333333329815,0.8387096772975654,-0.1275964391691016,-0.674876847290308,10.0,0.7736842105259086,0.19411764705870935,255.0,134.0,170.0,190.0,159.0,22.0,33.0,147.0,1.5035063113602378,0.5028571428569992,1
-0.12320916905440596,0.8695652173906743,0.05517241379308443,0.5357142857139668,0.8132555229969639,-0.08510638297869323,-0.5568181818178655,9.709821410969944,0.8431372549014098,0.2846715328465076,139.0,196.0,137.0,153.0,99.0,9.0,39.0,129.0,2.292397660818378,0.2926829268291493,1
0.32278481012648014,0.71999999999952,0.5424354243540435,0.5925925925922269,0.04419024683523622,-0.23668639053247437,-0.3052631578944155,1.0924666160744685,0.6172248803824798,0.5322580645152706,119.0,107.0,62.0,209.0,164.0,21.0,33.0,129.0,1.579335793357642,0.5014925373132831,1
-0.13136729222516585,0.6428571428563775,-0.06896551724135949,0.1596638655460843,1.0,-0.4025974025972283,-0.5762711864404338,0.0,0.42592592592566303,0.26881720430093076,227.0,211.0,186.0,162.0,60.0,15.0,50.0,69.0,2.081381011097154,0.7547169811316009,1
-0.28990228013019875,0.4777777777775124,-0.3531157270028626,0.4777777777775124,1.0,0.09917355371896729,-0.6581818181815788,0.0,1.2201834862374126,0.20614035087710258,245.0,198.0,228.0,109.0,35.0,47.0,47.0,133.0,2.111999999999718,1.4351145038162463,1
-0.37716262975765497,0.1809523809522086,-0.3430656934305317,0.9999999999983871,1.0,-0.1842105263156683,-0.9999999999994565,0.0,0.6888888888881235,0.0,206.0,199.0,184.0,90.0,116.0,43.0,0.0,62.0,2.293948126800822,1.3030303030298096,1
0.005154639175256404,0.04444444444439506,-0.13333333333330372,0.4029850746262642,1.0,-0.6115702479336316,-0.8545454545451439,0.0,0.24102564102551743,0.07843137254898885,255.0,193.0,255.0,195.0,110.0,43.0,20.0,47.0,1.846889952152889,1.415637860081722,1
-0.06766917293230539,0.0,-0.18688524590157807,0.67999999999864,1.0,-0.49397590361416027,-0.9153439153434311,0.0,0.3387096774190817,0.044198895027599897,255.0,142.0,181.0,124.0,62.0,42.0,8.0,42.0,1.7134238310706313,1.787234042552241,1
-0.24653739612181538,-0.13684210526301385,-0.2138728323698804,0.49090909090819834,1.0,-0.5367231638415048,-0.8749999999996094,0.0,0.3014705882350725,0.06666666666663493,169.0,225.0,210.0,136.0,24.0,54.0,14.0,41.0,2.3841059602645847,2.497109826588152,1
-0.14666666666662756,-0.37837837837786703,-0.1304347826086602,0.09523809523786847,-1.0,-0.7486338797810117,-0.8325991189423645,0.0,0.14374999999991017,0.09134615384610993,255.0,215.0,208.0,160.0,97.0,51.0,19.0,23.0,2.0355029585796407,1.8378378378370102,1
0.0,0.5639097744356663,0.0,0.8738738738730866,0.999999999885567,-0.4206128133703564,-0.946564885495822,10.0,0.407843137254742,0.0274509803921461,255.0,255.0,255.0,255.0,54.0,29.0,7.0,104.0,1.999999999999804,1.0740740740735768,1
0.08808290155438132,0.5267857142854792,0.07969151670949108,0.9431818181812823,0.8441810651751716,-0.10236220472438258,-0.9456521739125296,10.0,0.8142857142853266,0.027932960893839145,215.0,176.0,179.0,210.0,104.0,53.0,5.0,171.0,1.8120978120975788,1.1128608923881593,1
-0.06166219839140438,0.45999999999954,-0.059139784946220665,0.32727272727242973,1.0,-0.4112903225804793,-0.6837606837603916,0.0,0.4171428571426188,0.1878172588831534,255.0,198.0,197.0,175.0,97.0,27.0,37.0,73.0,1.9176755447939566,0.9642857142852839,1
-0.063545150501651,0.7456140350873923,-0.031141868512099952,0.6652719665269183,1.0,0.1740412979350519,-0.5767195767192717,0.0,1.4214285714275563,0.26845637583874604,170.0,159.0,149.0,140.0,22.0,29.0,40.0,199.0,2.0254777070060466,0.8315412186376948,1
-0.04999999999998214,0.6373056994815351,-0.21533923303828456,0.4835680751171439,1.0,0.08591065292093268,-0.5785440613024604,0.0,1.187969924811137,0.26699029126200635,249.0,147.0,206.0,133.0,133.0,35.0,55.0,158.0,1.7396449704139436,0.7756232686978461,1
-0.22377622377614553,0.7931034482751783,-0.1956521739129726,0.41496598639427557,1.0,-0.03255813953486858,-0.5865384615381796,0.0,0.9369369369360928,0.2606060606059027,252.0,175.0,165.0,111.0,99.0,12.0,43.0,104.0,1.9635343618510568,0.42290748898659786,1
0.5223880597013366,0.5151515151512029,0.44067796610157045,0.4534883720927596,0.014326647562718238,-0.3421052631578047,-0.3561643835613999,1.0290697672080331,0.49019607843118035,0.4747474747469952,206.0,80.0,99.0,255.0,130.0,40.0,47.0,125.0,1.030595813204343,0.9552238805967298,1
0.10619469026546323,0.5147058823525628,0.3774104683194553,0.5968992248057389,0.22527617041325348,-0.4164305949007319,-0.6258992805750894,1.5815650988841756,0.4119999999998352,0.23008849557501762,255.0,202.0,113.0,250.0,30.0,33.0,26.0,103.0,1.777777777777582,1.3266331658284791,1
0.04268292682925528,0.2727272727269628,-0.028409090909082838,0.15463917525757254,1.0,-0.5066079295151954,-0.6306306306303466,0.0,0.3274853801167676,0.22651933701644944,243.0,157.0,181.0,171.0,121.0,32.0,41.0,56.0,1.7252747252744882,1.0622406638999742,1
-0.05421686746986319,0.4399999999997486,-0.09770114942525929,0.691275167784771,1.0,-0.10954063604236412,-0.7850467289715958,0.0,0.8025477707001258,0.12041884816747622,255.0,175.0,191.0,157.0,152.0,49.0,23.0,126.0,1.8372703412071079,1.0425531914890844,1
-0.09545454545452377,0.3403141361254763,-0.1233480176211182,0.43016759776512287,1.0,-0.21712538226293054,-0.6666666666664488,0.0,0.6432160804016869,0.19999999999992157,135.0,241.0,255.0,199.0,101.0,63.0,51.0,128.0,2.362745098038926,1.4197183098587551,1
-0.21850899742924976,0.09333333333327112,-0.16483516483511956,0.607843137254306,1.0,-0.2991452991451713,-0.827586206896195,0.0,0.5394736842101714,0.09433962264146493,142.0,237.0,212.0,152.0,74.0,68.0,20.0,82.0,2.4687499999996785,1.863013698629499,1
-0.2718204488777377,0.16504854368916014,-0.2718204488777377,0.06194690265481244,-1.0,-0.41747572815513717,-0.655844155843943,0.0,0.4109589041093076,0.20784313725482045,144.0,255.0,255.0,146.0,161.0,43.0,53.0,60.0,2.549999999999681,1.1205211726380715,1
0.01895734597155949,0.2727272727270956,-0.0023201856148486496,0.23270440251557695,1.0,-0.3738019169327879,-0.5595667870034081,0.0,0.4558139534881601,0.28240740740727666,251.0,207.0,216.0,215.0,154.0,56.0,61.0,98.0,1.8818181818179678,1.2307692307688927,1
0.01796407185628384,0.4626865671634885,0.01391650099403302,0.8148148148133059,0.9664149265825766,-0.6776315789471455,-0.9604743083000157,10.0,0.1921568627450227,0.020161290322572516,226.0,246.0,248.0,255.0,80.0,18.0,5.0,49.0,2.02261048304193,0.8727272727267439,1
0.09359605911327744,0.5274725274722377,0.06474820143883339,0.7055214723922053,0.8318817326446367,-0.22991689750686153,-0.7808219178078627,10.0,0.6261261261258442,0.12307692307685997,208.0,184.0,195.0,222.0,60.0,43.0,24.0,139.0,1.8446115288218239,1.2070175438592257,1
-0.15517241379305888,0.2727272727270956,-0.07836990595608828,0.3333333333331066,1.0,-0.19999999999991838,-0.5565610859725989,0.0,0.6666666666662132,0.284883720930067,232.0,201.0,172.0,147.0,79.0,56.0,49.0,98.0,2.0588988476309784,1.5501730103800866,1
-0.011152416356873179,0.22137404580135775,-0.06007067137807065,0.2499999999998047,1.0,-0.2488262910796954,-0.515151515151255,0.0,0.601503759398044,0.3199999999997867,87.0,136.0,150.0,133.0,69.0,51.0,48.0,80.0,2.211382113820689,1.62549800796748,1
0.10270270270267495,0.5351351351348459,0.017456359102240037,0.7530864197526216,0.9546907462401574,-0.17919075144503493,-0.8156682027646012,10.0,0.6960784313722078,0.10152284263954238,152.0,166.0,197.0,204.0,86.0,43.0,20.0,142.0,1.930232558139254,1.0955414012735365,1
-0.12027491408930575,0.6540540540537005,0.04489795918365515,0.8433734939753956,0.898909372649711,0.08896797153021745,-0.7999999999993846,10.0,1.1953124999990663,0.11111111111101614,223.0,163.0,117.0,128.0,52.0,32.0,13.0,153.0,1.926144756277411,0.9516728624531778,1
0.2967032967032152,0.3448275862066984,0.26881720430100303,0.7593984962400306,0.4771190438282339,-0.3371104815863068,-0.789473684210007,2.824962404962787,0.49576271186419674,0.11764705882344292,169.0,128.0,136.0,236.0,60.0,57.0,16.0,117.0,1.549167927382519,1.567010309277812,1
0.28717948717941355,0.12727272727249586,0.7191780821915346,-0.17333333333310222,-1.0,-0.7801418439713546,0.0352941176470173,0.0,0.12350597609556833,1.0731707317046995,255.0,139.0,41.0,251.0,83.0,24.0,44.0,31.0,1.4183673469385945,1.1851851851844537,1
0.131313131313065,0.35960591132987213,0.061611374407553744,0.5771428571425274,0.8070889509462997,0.1039999999999584,-0.4558823529408413,9.367472512267486,1.232142857141757,0.3737373737369962,162.0,86.0,99.0,112.0,123.0,65.0,37.0,138.0,1.5426008968606406,1.3299232736569488,1
0.06666666666664815,0.1367521367520783,0.02949061662197601,0.4378378378376012,0.8737906224872665,-0.1815384615384057,-0.5536480686692903,10.0,0.6927083333329725,0.2872928176793993,221.0,168.0,181.0,192.0,103.0,101.0,52.0,133.0,1.7943925233642464,1.8447488584470675,1
-0.16209476309222892,0.2081218274110619,-0.20567375886519962,0.375722543352384,1.0,-0.1707317073170137,-0.6504854368929934,0.0,0.7083333333329117,0.2117647058822699,222.0,233.0,255.0,168.0,114.0,78.0,54.0,119.0,2.1775700934576894,1.6041131105394335,1
-0.10389610389608141,0.2987012987011048,-0.10389610389608141,0.19760479041904336,1.0,-0.34853420195428386,-0.5838509316768373,0.0,0.4830917874393802,0.26274509803911267,211.0,255.0,255.0,207.0,86.0,54.0,67.0,100.0,2.1982758620687286,1.469387755101541,1
-0.20567375886519962,0.5639810426537611,-0.050847457627104284,0.48648648648626736,1.0,-0.009009009009006304,-0.5308641975306457,0.0,0.9821428571422726,0.30645161290306105,169.0,255.0,186.0,168.0,189.0,46.0,57.0,165.0,2.4085005903184875,0.8251121076231334,1
-0.07894736842101802,0.6627906976740333,-0.2015209125474519,0.40886699507369023,1.0,0.15322580645155112,-0.4495412844034635,0.0,1.3619047619034648,0.37974683544279764,48.0,123.0,158.0,105.0,113.0,29.0,60.0,143.0,2.4661654135332167,0.7388535031844781,1
0.164490861618756,-0.35087719298214837,0.23888888888882254,0.7209302325564629,0.5022210256569649,-0.7153846153843403,-0.9160839160832756,3.0178474838576306,0.16591928251113636,0.04379562043792424,112.0,160.0,137.0,223.0,173.0,77.0,6.0,37.0,1.9541984732821442,1.6923076923072276,1
-0.13768115942023998,0.3333333333331019,-0.19594594594587975,0.613445378150745,1.0,-0.10697674418599676,-0.769999999999615,0.0,0.8067226890749524,0.12994350282478534,129.0,157.0,177.0,119.0,130.0,48.0,23.0,96.0,2.2348754448394597,1.1925465838505613,1
-0.131474103585605,-0.14285714285703546,0.009259259259254972,0.04587155963298544,0.6640986120464418,-0.3132530120480041,-0.3459119496853171,4.954128386860135,0.522935779816034,0.48598130841076076,211.0,142.0,107.0,109.0,157.0,76.0,52.0,57.0,1.8807947019864435,1.661202185791896,1
0.2234432234431416,0.19999999999978946,0.20577617328512426,0.1752577319585822,-0.08009376829343652,-0.4910714285712094,-0.4666666666663556,0.8516910829640869,0.3413173652692567,0.3636363636360331,222.0,106.0,110.0,167.0,46.0,38.0,40.0,57.0,1.4109816971711462,1.6983240223454201,1
0.22991689750686153,0.35593220338952886,0.1562499999999593,0.6666666666659722,0.620253164481349,-0.47019867549653305,-0.8202247191006629,4.266666663932666,0.36036036036019803,0.09876543209870448,100.0,139.0,162.0,222.0,75.0,38.0,16.0,80.0,1.8533333333330244,1.3160173160167463,1
-0.2605042016805628,0.10112359550550436,-0.217777777777681,0.5555555555546737,1.0,-0.2846715328465076,-0.8145695364233017,0.0,0.556818181817549,0.10218978102182323,116.0,150.0,137.0,88.0,75.0,40.0,14.0,49.0,2.3809523809519084,1.5686274509796234,1
0.06532663316581273,0.4857142857135918,0.2434017595307204,0.13043478260855387,-0.30218281028787697,-0.6060606060603765,-0.5266272189345996,0.5358826608585098,0.24528301886780884,0.3100775193796046,106.0,186.0,129.0,212.0,30.0,18.0,40.0,52.0,2.156521739130122,1.2203389830498133,1
-0.05982905982904278,0.31818181818145663,-0.011976047904188032,0.18367346938756768,1.0,-0.4798206278024754,-0.6172248803824798,0.0,0.3515151515149385,0.23668639053240434,172.0,186.0,169.0,165.0,27.0,30.0,40.0,58.0,2.098730606487715,1.6551724137919621,1
0.09511568123390872,0.33333333333317905,0.2067988668554655,0.8227848101260616,0.5982864307024357,-0.1932773109243156,-0.818181818181287,3.978671751152533,0.6760563380278517,0.09999999999992858,211.0,176.0,140.0,213.0,1.0,72.0,14.0,144.0,1.8144329896904878,1.993079584774397,1
-0.09868421052628333,-0.023255813953470348,-0.16969696969691828,-0.1369863013697692,-0.1066594477880803,-0.36999999999981503,-0.39855072463753677,0.8072407049763657,0.4598540145982045,0.4300518134712798,138.0,167.0,193.0,137.0,37.0,66.0,83.0,63.0,2.19376026272542,2.2758620689645364,1
-0.047146401985099964,0.29090909090882644,-0.0835322195703858,0.32710280373801204,1.0,-0.4600760456272015,-0.7262357414445908,0.0,0.3697916666664741,0.1585903083699742,237.0,211.0,227.0,192.0,0.0,39.0,36.0,71.0,1.9835487661572286,2.093959731542219,1
-0.06471816283923493,0.16521739130420415,-0.06471816283923493,0.17543859649107418,1.0,-0.5395189003434573,-0.6887417218540766,0.0,0.29910714285700934,0.18431372549012381,255.0,255.0,255.0,224.0,110.0,48.0,47.0,67.0,2.0626895854396294,1.4065934065928913,1
-0.3444816053510554,0.5247524752473516,-0.34006734006722555,0.6618705035968843,1.0,0.4042553191488133,-0.6178861788615375,0.0,2.357142857140452,0.2361809045224944,123.0,201.0,199.0,98.0,160.0,72.0,47.0,231.0,2.5810593900477397,1.0766355140184902,1
-0.31623931623922613,0.6811594202893615,-0.359999999999904,0.5364238410592475,1.0,-0.0169491525423657,-0.7586206896549108,0.0,0.9666666666658611,0.1372549019607305,255.0,231.0,255.0,120.0,106.0,22.0,35.0,116.0,2.2078853046592344,0.6616541353380971,1
0.035211267605621405,0.15348837209295188,0.08888888888885597,0.4011299435025983,0.6372021520605285,-0.08487084870845577,-0.3977272727270468,4.512711859329102,0.8435374149654127,0.4308943089427391,157.0,137.0,123.0,147.0,106.0,91.0,53.0,124.0,1.8961937716259694,1.766990291261707,1
-0.05822784810125108,0.3492822966505506,0.002695417789756686,0.4611398963728181,0.9883776945960142,-0.1376146788990405,-0.5611814345989193,10.0,0.7580645161286248,0.28108108108092916,255.0,209.0,185.0,186.0,52.0,68.0,52.0,141.0,1.9464493597203787,1.6534954407289808,1
-0.47999999999976,0.22842639593897035,-0.3918128654968469,0.5921052631575052,1.0,0.39884393063560764,-0.5866666666662756,0.0,2.326923076918602,0.26050420168045335,211.0,148.0,119.0,52.0,84.0,76.0,31.0,121.0,2.1180679785327157,1.7030812324925202,1
0.36729222520097393,-0.1764705882350346,0.40883977900541196,0.018181818181785124,-0.9148435660056006,-0.8021201413424728,-0.5970149253726889,0.044471744460798344,0.1098039215685844,0.252336448597895,255.0,118.0,107.0,255.0,45.0,40.0,27.0,28.0,1.2654155495976855,2.0915032679724894,1
0.0700636942674936,0.5757575757569942,0.07692307692305227,0.5918367346932736,0.7699530515279186,-0.36585365853643664,-0.7560975609751488,7.6938775410129825,0.46428571428543797,0.13888888888879244,143.0,146.0,144.0,168.0,22.0,21.0,20.0,78.0,1.9369817578769588,1.1830985915484626,1
-0.2573839662446171,0.3563218390800502,-0.31249999999987793,0.026086956521716446,-1.0,-0.19727891156449168,-0.4999999999997768,0.0,0.6704545454537836,0.3333333333331349,107.0,149.0,168.0,88.0,102.0,28.0,56.0,59.0,2.4178498985796315,1.0322580645156534,1
-0.1509433962263795,0.5757575757567034,-0.09774436090223114,0.4246575342459936,1.0,-0.5517241379307967,-0.8249999999996563,0.0,0.28888888888872843,0.09589041095886033,214.0,244.0,219.0,180.0,8.0,14.0,21.0,52.0,2.2131519274373908,1.2727272727258265,1
-0.15646258503397814,-0.17307692307675665,-0.12470588235291184,0.162162162161943,1.0,-0.6244541484713431,-0.770370370370085,0.0,0.23118279569880046,0.12970711297065704,240.0,255.0,239.0,186.0,0.0,61.0,31.0,43.0,2.1794871794869466,2.957575757573965,1
-0.09207708779441283,0.2857142857137755,-0.016241299303940547,-0.27999999999972,0.8903508774934522,-0.7096774193545525,-0.5477031802118206,10.0,0.1698113207546369,0.292237442922241,246.0,255.0,219.0,212.0,1.0,20.0,64.0,36.0,2.107438016528708,2.0779220779193794,1
-0.531353135313356,0.15909090909072832,-0.5404530744334821,0.040816326530570594,-1.0,-0.16393442622937382,-0.6701754385962561,0.0,0.7183098591539179,0.1974789915965557,185.0,232.0,238.0,71.0,0.0,37.0,47.0,51.0,2.5777777777774196,2.3679999999981054,1
-0.18134715025902037,-0.99999999998,-0.1834625322996942,0.0,-1.0,-0.9999999999993672,-0.9999999999995633,-0.0,0.0,0.0,190.0,228.0,229.0,158.0,55.0,5.0,0.0,0.0,2.2686567164176283,0.6153846153836686,1
0.06702412868630911,0.02499999999998438,-0.08924485125856081,0.3015873015870622,1.0,-0.41637010676141767,-0.6879432624111036,0.0,0.41206030150733064,0.18487394957975425,255.0,174.0,238.0,199.0,144.0,78.0,44.0,82.0,1.7356608478800828,1.6335078534027139,1
-0.22699386503060523,0.39669421487586914,-0.1999999999999365,0.5943396226412291,1.0,0.14576271186435738,-0.629310344827315,0.0,1.3412698412687767,0.22751322751310715,224.0,200.0,189.0,126.0,118.0,73.0,43.0,169.0,2.1333333333330486,1.3487297921474946,1
-0.22815533980576988,0.202797202797061,-0.08882521489968802,0.6226415094333748,1.0,-0.2979591836733478,-0.8095238095234241,0.0,0.5408805031443139,0.10526315789468145,255.0,253.0,190.0,159.0,123.0,57.0,20.0,86.0,2.199999999999761,1.4117647058819158,1
-0.26368159203966984,-0.013888888888879245,-0.3392857142855628,-0.06578947368416725,-0.6751740140878498,-0.020689655172399526,-0.2987012987011694,0.19390581723162545,0.9594594594581629,0.53999999999964,167.0,127.0,150.0,74.0,58.0,73.0,81.0,71.0,2.052525252524838,2.1236363636355917,1
-0.18631178707217252,0.09243697478983828,-0.17692307692300888,0.007751937984490116,-1.0,-0.24418604651148595,-0.4101382488477373,0.0,0.607476635513451,0.41830065359449786,255.0,156.0,153.0,107.0,20.0,54.0,64.0,65.0,1.85163204747747,2.2383419689107575,1
-0.11036789297655172,0.2928176795578493,-0.0983050847457294,0.36046511627886024,1.0,-0.0639999999999744,-0.49308755760345946,0.0,0.8796992481196394,0.3395061728392966,127.0,166.0,162.0,133.0,40.0,64.0,55.0,117.0,2.243243243242864,1.796491228069545,1
0.09774436090223114,0.16417910447748943,0.060532687651317064,0.418181818181438,0.7471031817455722,-0.47474747474731493,-0.7168141592917182,6.9083636249464115,0.3561643835614812,0.1649484536081624,237.0,180.0,194.0,219.0,39.0,56.0,32.0,78.0,1.7647058823527249,1.9563318777284036,1
0.3212669683256465,0.3818181818174876,0.14960629921253954,0.15151515151492195,0.0063391442128649935,-0.5869565217388115,-0.5882352941172145,1.012759169975822,0.26027397260256147,0.2592592592590192,131.0,75.0,108.0,146.0,0.0,17.0,28.0,38.0,1.405152224824027,1.8888888888862654,1
0.09677419354835871,0.6850393700782007,0.02185792349726179,0.2662721893489549,0.848277409648315,-0.2721088435373224,-0.4854771784230351,10.0,0.572192513368678,0.3463687150836054,147.0,154.0,179.0,187.0,85.0,20.0,62.0,107.0,1.9190031152644984,0.6896551724134958,1
-0.0921985815602619,0.11111111111098765,-0.07246376811592453,0.9999999999979999,1.0,-0.5867768595038898,-0.9999999999995496,0.0,0.26041666666653107,0.0,108.0,231.0,222.0,192.0,91.0,40.0,0.0,50.0,2.4251968503933825,1.4479638009043223,1
-0.3662790697673354,-0.9999999999973683,-0.3550295857987115,-0.9999999999979592,0.4759825327855439,-0.9999999999990825,-0.6474820143882564,2.816666667455113,0.0,0.21397379912654413,102.0,235.0,229.0,109.0,14.0,38.0,49.0,0.0,2.760646108663324,3.3777777777740248,1
-0.36729222520097393,-0.15999999999967998,-0.36729222520097393,-0.10638297872317791,-0.5508188825832152,-0.6978417266182031,-0.8149466192167919,0.28964124871941327,0.17796610169476443,0.1019607843136855,225.0,255.0,255.0,118.0,4.0,29.0,26.0,21.0,2.3915592028133186,2.7951807228881984,1
-0.63366336633632,0.18421052631554707,-0.6318407960195862,0.36363636363581264,-1.0,0.09756097560963711,-0.7729729729725552,0.0,1.216216216212929,0.1280487804877268,82.0,165.0,164.0,37.0,76.0,31.0,21.0,45.0,2.939866369709813,1.3551912568298607,1
0.06265664160399433,0.09090909090897284,-0.034168564920265564,0.999999999997619,1.0,-0.6692913385824137,-0.9999999999995596,0.0,0.19811320754707637,0.0,255.0,187.0,227.0,212.0,18.0,35.0,0.0,42.0,1.7788347205705375,2.1538461538444973,1
-0.13839285714282626,0.39906103286366246,-0.12072892938493833,0.34841628959260257,1.0,-0.1286549707601963,-0.5471698113205826,0.0,0.7720207253882011,0.2926829268291493,186.0,255.0,246.0,193.0,90.0,64.0,72.0,149.0,2.2947131608546347,1.3950953678470313,1
0.0,0.4210526315787258,0.0,0.5428571428568327,0.9999999998157895,-0.30769230769222883,-0.7288135593217868,10.0,0.5294117647056747,0.1568627450979777,156.0,255.0,255.0,255.0,71.0,55.0,40.0,135.0,2.2149837133548083,1.3924050632906986,1
-0.3563829787233095,-0.039106145251374805,-0.3563829787233095,0.9999999999988372,1.0,-0.16908212560378305,-0.9999999999996079,0.0,0.7107438016523051,0.0,232.0,255.0,255.0,121.0,86.0,93.0,0.0,86.0,2.3638470451909193,2.0782122905022127,1
0.16619718309854473,0.1509433962262727,0.06426735218507346,0.033898305084717036,-0.30936529040860067,-0.5447761194027818,-0.5230125523010364,0.5274576262976086,0.2946859903380219,0.3131868131866411,209.0,148.0,182.0,207.0,106.0,45.0,57.0,61.0,1.662921348314373,1.4007782101161865,1
-0.11598746081501067,0.531249999999585,-0.15568862275444442,0.26451612903208743,1.0,-0.17991631799155652,-0.5439999999997824,0.0,0.695035460992415,0.29533678756461385,209.0,178.0,193.0,141.0,135.0,30.0,57.0,98.0,2.0169971671385243,0.8191126279860685,1
-0.11206896551719309,0.7499999999994141,-0.15226337448553406,0.40880503144628383,1.0,0.041860465116259606,-0.49732620320829024,0.0,1.0873786407756434,0.33571428571404593,138.0,129.0,140.0,103.0,64.0,16.0,47.0,112.0,2.0681362725446757,0.6153846153843195,1
-0.6293929712458053,0.6999999999995,-0.5827338129494307,0.3222222222220432,-1.0,0.34463276836138723,-0.565836298932183,0.0,2.051724137927497,0.27727272727260127,206.0,255.0,220.0,58.0,91.0,21.0,61.0,119.0,2.6356589147283414,0.6666666666664022,1
0.04977375565608608,0.016949152542344154,-0.0413223140495697,0.27659574468026255,1.0,-0.5890410958900075,-0.7622377622372293,0.0,0.25862068965494944,0.13492063492052783,201.0,105.0,126.0,116.0,0.0,29.0,17.0,30.0,1.5939278937378378,2.6363636363606404,1
0.3527851458885006,0.2950819672128729,0.41666666666655094,0.2639999999997888,-0.22428991181842287,-0.5269461077842734,-0.3907284768209333,0.6335999998476051,0.30980392156850595,0.43809523809482087,98.0,122.0,105.0,255.0,175.0,43.0,46.0,79.0,1.6348408710215017,1.0117647058820554,1
-0.20461095100858656,0.5652173913038563,-0.23966942148753728,0.8749999999990885,1.0,-0.21052631578938136,-0.9480519480515377,0.0,0.6521739130430058,0.026666666666654817,90.0,209.0,225.0,138.0,97.0,25.0,6.0,90.0,2.588235294117246,0.8438818565397284,1
-0.5986622073576593,0.36363636363581264,-0.5804195804193775,0.49999999999916667,-1.0,-0.1428571428570068,-0.8755186721988069,0.0,0.74999999999875,0.06637168141589984,49.0,239.0,226.0,60.0,34.0,21.0,15.0,45.0,3.2572402044287463,1.3884297520649682,1
0.29565217391291493,-0.46341463414521117,0.031141868512099952,-0.04347826086937619,1.0,-0.862499999999461,-0.8421052631573408,0.0,0.07382550335565516,0.0857142857142245,140.0,81.0,140.0,149.0,26.0,30.0,12.0,11.0,1.4368070953433623,2.4742268041211606,1
-0.16101694915247416,0.7341772151894088,-0.1784232365144488,0.8266666666661157,1.0,0.16101694915247416,-0.8322580645155921,0.0,1.383838383836986,0.09154929577458343,143.0,137.0,142.0,99.0,106.0,21.0,13.0,137.0,2.124031007751526,0.5894736842103195,1
0.2158273381294188,-0.34285714285665303,-0.07901907356946077,-0.13207547169786402,0.2513395032844071,-0.7604166666662706,-0.7368421052628348,1.671437868085209,0.1360946745561325,0.151515151515075,217.0,109.0,198.0,169.0,34.0,47.0,30.0,23.0,1.443708609271284,2.490066225163914,1
-0.1649484536081624,0.40506329113898415,-0.11956521739123938,0.6444444444439671,1.0,0.15624999999991862,-0.6220472440939984,0.0,1.3703703703686785,0.23300970873763785,181.0,113.0,103.0,81.0,78.0,47.0,24.0,111.0,1.852459016393063,1.328621908126739,1
-0.10629067245117,0.6146788990820049,-0.09251101321583866,0.9555555555544938,1.0,-0.4013605442175506,-0.9839999999996064,0.0,0.4271844660192101,0.008064516129029007,233.0,255.0,248.0,206.0,19.0,21.0,2.0,88.0,2.1496311907268546,1.1275167785227334,1
-0.45562130177501314,0.20512820512794214,-0.435582822085756,0.23684210526284624,-1.0,-0.3237410071940117,-0.7794676806080687,0.0,0.510869565216836,0.12393162393157098,175.0,246.0,234.0,92.0,0.0,31.0,29.0,47.0,2.5928853754937293,2.2752293577960776,1
-0.20853080568715437,0.44881889763744187,-0.11873350923479717,0.7358490566030794,1.0,-0.2895752895751778,-0.8761061946898778,0.0,0.5508982035924845,0.06603773584902546,232.0,255.0,212.0,167.0,143.0,35.0,14.0,92.0,2.2442244224419974,0.9180327868849449,1
-0.15384615384611905,0.5675675675671841,-0.15384615384611905,0.557046979865398,1.0,-0.234323432343157,-0.7708333333330657,0.0,0.6203208556146416,0.1294117647058316,223.0,255.0,255.0,187.0,223.0,32.0,33.0,116.0,2.217391304347585,0.6352357320097679,1
0.05952380952379181,0.27027027027008765,0.14469453376201136,0.9183673469378384,0.7277777777091529,-0.3088235294116512,-0.9416058394153711,6.346938771119328,0.5280898876401527,0.030075187969902203,107.0,158.0,133.0,178.0,32.0,54.0,4.0,94.0,2.103161397670199,1.8461538461530573,1
-0.25568181818174557,0.616161616161305,-0.29380053908347875,0.5384615384612796,1.0,0.09965635738828191,-0.6666666666664353,0.0,1.2213740458005944,0.1999999999999167,155.0,221.0,240.0,131.0,93.0,38.0,48.0,160.0,2.428571428571095,0.9240121580544304,1
-0.20948616600782236,-0.9636363636346116,0.07526881720426061,-0.9130434782568999,1.0,-0.9801980198010097,-0.5925925925920439,0.0,0.00999999999999,0.2558139534880746,227.0,153.0,86.0,100.0,0.0,54.0,22.0,1.0,1.9336492890992205,3.963302752289942,1
-0.03241895261844578,0.39215686274490585,0.14117647058819377,0.4791666666664171,0.5448439351155677,-0.15476190476185872,-0.48979591836709707,3.3940972198173003,0.7319587628862206,0.342465753424423,216.0,207.0,146.0,194.0,140.0,62.0,50.0,142.0,2.009708737863834,1.2216748768469898,1
0.37190082644617856,0.7024793388423947,0.5229357798163539,0.9999999999990291,0.31325301202732386,-0.41477272727260944,-0.9999999999987179,1.9122807013874323,0.4136546184737295,0.0,185.0,114.0,78.0,249.0,129.0,18.0,0.0,103.0,1.3776435045315139,0.5373134328356204,1
-0.11805555555551457,0.30864197530826093,-0.07299270072990037,0.6060606060596878,1.0,-0.4111111111108827,-0.8374999999994767,0.0,0.4173228346453407,0.0884353741495997,96.0,161.0,147.0,127.0,123.0,28.0,13.0,53.0,2.3633027522931442,0.9655172413788943,1
0.004149377593359274,0.8048780487795062,-0.17123287671227014,0.7831325301195384,1.0,-0.24102564102551743,-0.8999999999995001,0.0,0.6115702479333789,0.052631578947337644,198.0,120.0,171.0,121.0,97.0,8.0,9.0,74.0,1.7173524150265262,0.34224598930462985,1
-0.028340080971648446,0.7818181818174711,-0.17241379310338883,0.9999999999989796,1.0,-0.10091743119261426,-0.9999999999994118,0.0,0.8166666666659861,0.0,200.0,127.0,170.0,120.0,123.0,12.0,0.0,98.0,1.7700348432052664,0.39183673469371766,1
-0.049180327868839024,-0.04225352112670105,-0.1321695760598174,0.3333333333326797,1.0,-0.6730769230765995,-0.8606557377045654,0.0,0.19540229885046242,0.0748898678413767,167.0,192.0,227.0,174.0,3.0,37.0,17.0,34.0,2.1186206896548803,2.6666666666642644,1
-0.30044843049313885,0.49668874172152544,-0.2571428571427347,0.7795275590545043,1.0,0.1832460732983334,-0.8082191780816382,0.0,1.4487179487160913,0.10606060606052573,107.0,145.0,132.0,78.0,71.0,38.0,14.0,113.0,2.4421052631573805,1.1692307692303197,1
-0.8709677419350157,0.09677419354828304,-0.8562874251491879,0.8545454545439009,-1.0,0.6190476190466364,-0.9496855345905978,0.0,4.249999999964583,0.02580645161288658,137.0,174.0,155.0,12.0,40.0,42.0,4.0,51.0,2.8008048289732796,1.919999999998903,1
-0.28735632183897036,-0.9999999999967742,-0.37583892617437054,-0.99999999998,0.4536585366105304,-0.9999999999989247,-0.9523809523804989,2.6607142863699043,0.0,0.02439024390242713,107.0,168.0,205.0,93.0,0.0,31.0,5.0,0.0,2.5074626865666962,3.9999999999935483,1
0.02283105022830529,0.3575757575755409,0.19466666666661475,0.6350364963499014,0.5307558766308392,-0.3333333333332341,-0.7159090909086842,3.2621737809444524,0.4999999999997768,0.16556291390717515,173.0,214.0,151.0,224.0,91.0,53.0,25.0,112.0,2.0751515151512634,1.3721682847892,1
0.012106537530263414,0.9999999999993465,0.0,0.7999999999995294,0.999999999875,-0.15469613259664236,-0.849557522123518,10.0,0.7320574162675924,0.08133971291862137,255.0,204.0,209.0,209.0,98.0,0.0,17.0,153.0,1.8715596330273083,0.0,1
-0.2173913043477736,-0.02325581395346133,-0.16923076923072583,-0.05617977528083575,-0.5015337425541108,-0.5882352941173588,-0.6581818181815788,0.3319713995830068,0.25925925925909926,0.20614035087710258,137.0,252.0,228.0,162.0,17.0,44.0,47.0,42.0,2.5105853051055402,2.3945578231276228,1
-0.1778290993071183,0.4656488549614766,-0.1778290993071183,0.31506849315046914,1.0,-0.2992700729925915,-0.6721311475407633,0.0,0.5393258426963262,0.19607843137247213,121.0,255.0,255.0,178.0,0.0,35.0,50.0,96.0,2.5216316440046325,1.6867469879507913,1
-0.18208955223875162,-0.119999999999904,-0.14641744548282043,0.08910891089100088,-1.0,-0.42708333333311094,-0.5999999999997392,0.0,0.40145985401430556,0.24999999999986414,124.0,198.0,184.0,137.0,42.0,70.0,46.0,55.0,2.410958904109222,2.3628691983112393,1
-0.287671232876581,0.33333333333311116,-0.2160804020099417,0.5267175572515064,1.0,0.12359550561790811,-0.5921052631575052,0.0,1.2820512820496384,0.2561983471072263,155.0,141.0,121.0,78.0,9.0,50.0,31.0,100.0,2.1902912621354966,1.9138755980852087,1
0.4198473282441146,0.9337748344364678,0.5121951219510114,0.8598726114644205,0.2533967391118587,-0.12048192771080708,-0.6901408450694505,1.6787989077701186,0.7849462365587179,0.18333333333302776,135.0,76.0,60.0,186.0,85.0,5.0,11.0,146.0,1.2854122621561765,0.16597510373437097,1
-0.04693140794222132,0.5978835978832816,-0.0037735849056589536,0.7062146892651378,1.0,0.06713780918725543,-0.6729559748423442,0.0,1.1439393939385274,0.1954887218043643,59.0,145.0,133.0,132.0,85.0,38.0,26.0,151.0,2.4116424116419104,0.9743589743586621,1
-0.4925373134326888,0.8749999999994532,-0.49852507374616567,0.7045454545450542,1.0,0.2765957446807334,-0.8142857142854235,0.0,1.764705882350865,0.10236220472436916,130.0,250.0,254.0,85.0,97.0,10.0,26.0,150.0,2.797202797202406,0.29962546816468183,1
-0.045643153526952016,0.710344827585717,-0.19014084507035559,0.9076923076916096,1.0,0.03765690376567462,-0.9314285714280393,0.0,1.0782608695642797,0.035502958579860654,165.0,126.0,169.0,115.0,131.0,21.0,6.0,124.0,1.894736842104907,0.5656565656563752,1
0.01744186046511121,-0.07142857142844387,-0.08616187989553886,0.2380952380946712,1.0,-0.7412935323379397,-0.8571428571424745,0.0,0.14857142857134367,0.07692307692303994,104.0,169.0,208.0,175.0,124.0,30.0,16.0,26.0,2.191247974067716,1.1428571428565988,1
-0.007142857142854592,0.2470588235291211,0.0775193798449312,0.1648351648349837,0.36028119493011784,-0.4479166666664334,-0.5159235668786524,2.126373623629092,0.3812949640285027,0.3193277310921686,46.0,141.0,119.0,139.0,83.0,32.0,38.0,53.0,2.4154175588859923,1.27999999999936,1
0.03448275862067777,-0.18279569892453462,0.06007067137807065,-0.1363636363634814,1.0,-0.5957446808507469,-0.4535519125680582,0.0,0.2533333333331645,0.3759398496237775,137.0,140.0,133.0,150.0,61.0,55.0,50.0,38.0,1.9753086419749601,2.1052631578937295,1
-0.01845018450183821,-0.7142857142836734,-0.043165467625883754,-0.5999999999976,0.865771812214692,-0.927536231883386,-0.7575757575752985,10.0,0.03759398496237775,0.1379310344826635,154.0,138.0,145.0,133.0,7.0,30.0,20.0,5.0,1.9609236234454774,3.3333333333287034,1
0.3586005830902745,0.29577464788711566,0.37058823529400864,0.4045801526714469,0.04385101082652507,-0.4338461538460204,-0.46575342465721525,1.0917242212001095,0.3948497854075559,0.3644859813080706,241.0,110.0,107.0,233.0,107.0,50.0,39.0,92.0,1.268011527377339,1.3377926421400208,1
0.048484848484833795,0.5890410958896041,-0.09186351706034335,0.6111111111102623,1.0,-0.49783549783528236,-0.8738738738734803,0.0,0.3352601156067426,0.06730769230765996,255.0,157.0,208.0,173.0,128.0,15.0,14.0,58.0,1.6927223719674267,0.5555555555552983,1
-0.1443037974683179,0.42342342342304196,-0.10582010582007782,0.8160919540220505,1.0,-0.3629032258063053,-0.926267281105564,0.0,0.4674556213014986,0.038277511961704175,166.0,226.0,209.0,169.0,70.0,32.0,8.0,79.0,2.2973316391356673,1.2018779342717363,1
-0.08985507246374208,-0.5609756097547293,-0.015673981191217656,-0.5813953488358572,0.9474969476555359,-0.8915662650597039,-0.6530612244894628,10.0,0.0573248407642947,0.209876543209747,159.0,188.0,162.0,157.0,0.0,32.0,34.0,9.0,2.1734104046239633,3.5068493150636892,1
0.054054054054035794,0.3333333333331237,0.1304347826086484,0.38562091503242774,0.4944933919745528,-0.19083969465641573,-0.4371257485027323,2.9564270129830894,0.679487179486744,0.39166666666634026,255.0,140.0,120.0,156.0,57.0,53.0,47.0,106.0,1.620839363241444,1.576208178438076,1
-0.28688524590152176,-0.9999999999966668,-0.32558139534871106,-0.9999999999937501,0.50877192986077,-0.9999999999988506,-0.8288770053471504,3.0714285723539327,0.0,0.09356725146193359,217.0,157.0,171.0,87.0,0.0,30.0,16.0,0.0,2.0323624595465968,3.9999999999933333,1
-0.3173652694609828,0.9999999999988372,-0.271565495207581,0.71999999999928,1.0,-0.13999999999993,-0.8685446009385595,0.0,0.7543859649116189,0.0703517587939345,177.0,220.0,199.0,114.0,0.0,0.0,14.0,86.0,2.4076607387137607,0.0,1
-0.4163934426228143,0.467532467532164,-0.42207792207778505,0.48684210526283767,1.0,0.11881188118806,-0.6976744186043807,0.0,1.269662921346888,0.1780821917807406,127.0,216.0,219.0,89.0,0.0,41.0,39.0,113.0,2.666666666666255,1.6820512820504196,1
-0.3178807947018815,0.39459459459438134,-0.2945205479451046,0.7671232876707075,1.0,0.11206896551719309,-0.8349514563102743,0.0,1.2524271844648034,0.08994708994704236,195.0,199.0,189.0,103.0,68.0,56.0,17.0,129.0,2.2873563218387516,1.4498381877017963,1
-0.02247191011235324,0.6022727272723851,0.05454545454543802,0.5494505494502476,0.8193847170326747,-0.10476190476187151,-0.5837563451773687,10.0,0.8103448275857412,0.26282051282034435,202.0,182.0,156.0,174.0,98.0,35.0,41.0,141.0,1.9675675675673017,0.9061488673136227,1
0.017632241813597575,0.9322033898299819,0.05483028720625201,0.5475113122169468,0.8179428839062268,-0.0831099195710233,-0.5670995670993216,9.985563437938014,0.8465346534649275,0.27624309392249935,69.0,195.0,181.0,202.0,90.0,6.0,50.0,171.0,2.3600605143718063,0.17582417582411142,1
-0.021645021645012277,0.41666666666637736,-0.06995884773659673,0.7288135593214162,1.0,-0.051162790697650624,-0.7808219178076844,0.0,0.9026548672558383,0.12307692307682841,113.0,118.0,130.0,113.0,62.0,42.0,16.0,102.0,2.043290043289601,1.354838709676873,1
0.11058823529409163,-0.42424242424178144,0.13461538461535227,-0.48648648648582904,1.0,-0.8509803921565291,-0.531914893616795,0.0,0.08050847457623708,0.3055555555553858,255.0,189.0,180.0,236.0,43.0,47.0,55.0,19.0,1.7399309551206281,2.4102564102548656,1
0.27323943661964134,-0.16504854368916014,0.5066666666664978,0.7916666666650173,0.21951219510421102,-0.6802973977692639,-0.8734177215178818,1.562499999688877,0.19026548672557955,0.06756756756747626,255.0,129.0,74.0,226.0,57.0,60.0,5.0,43.0,1.3964817320701763,2.18181818181719,1
0.14285714285710435,0.4374999999997722,-0.016241299303940547,0.5953757225430085,1.0,-0.21142857142851101,-0.7244094488186125,0.0,0.6509433962261081,0.15981735159810054,255.0,159.0,219.0,212.0,129.0,54.0,35.0,138.0,1.6203821656048891,1.1519999999996928,1
-0.04862579281182904,0.2499999999998512,-0.06249999999998698,0.2650602409636958,1.0,-0.36363636363625346,-0.6139240506327172,0.0,0.4666666666664593,0.239215686274416,248.0,248.0,255.0,225.0,133.0,63.0,61.0,105.0,2.0474716202268266,1.3846153846150042,1
0.24694376528111323,0.8904109589028898,0.1778290993071183,0.7922077922067633,0.6333560076024359,-0.5740740740738969,-0.9139784946231646,4.454882777048199,0.27058823529401155,0.044943820224693856,145.0,154.0,178.0,255.0,54.0,4.0,8.0,69.0,1.7401129943500366,0.2442748091601189,1
-0.16058394160578082,-0.09859154929563578,-0.22033898305077276,-0.21951219512168352,-0.0018796992489879144,-0.564625850339752,-0.5652173913041021,0.9962476552355062,0.2782608695649754,0.27777777777762347,255.0,159.0,180.0,115.0,68.0,39.0,50.0,32.0,1.8488372093020566,1.7528089887630602,1
-0.4918032786883231,0.446153846153503,-0.46086956521719097,0.9789473684200222,1.0,0.20512820512807364,-0.9881656804727882,0.0,1.5161290322556191,0.00595238095237741,255.0,182.0,168.0,62.0,177.0,36.0,1.0,94.0,2.1380323054328723,0.83965014577235,1
-0.10280373831770898,-0.2571428571421224,-0.03999999999998,0.9999999999923077,1.0,-0.7614678899075583,-0.9999999999990384,0.0,0.1354166666665256,0.0,136.0,118.0,104.0,96.0,101.0,22.0,0.0,13.0,2.0170940170935863,1.1139240506322066,1
-0.24615384615378305,0.9999999999833333,-0.14285714285710122,0.9999999999833333,1.0,-0.9215686274503782,-0.9999999999994899,0.0,0.04081632653058448,0.0,255.0,243.0,196.0,147.0,116.0,0.0,0.0,6.0,2.1891891891889426,0.0,1
-0.448529411764541,-0.9999999999960001,-0.4402985074625223,-0.9999999999875,0.3886010362912628,-0.9999999999986666,-0.9203980099497909,2.2711864411662526,0.0,0.041450777202051065,184.0,197.0,193.0,75.0,19.0,25.0,8.0,0.0,2.413476263399324,2.89855072463348,1
-0.6967509025268243,-0.07826086956514934,-0.7171717171714758,-0.07017543859642968,-0.8217420662759619,0.11578947368408864,-0.6139240506327172,0.09785025946503653,1.2619047619017574,0.239215686274416,181.0,235.0,255.0,42.0,122.0,62.0,61.0,53.0,2.7128427128423214,1.658862876253626,1
0.0,0.29078014184376544,0.0,0.24657534246558455,0.9999999995944444,-0.4739884393062214,-0.6451612903223726,10.0,0.3568627450978993,0.21568627450971936,208.0,255.0,255.0,255.0,61.0,50.0,55.0,91.0,2.0966084275434635,1.5873015873009575,1
-0.07103825136610081,0.4867256637163834,-0.050279329608924506,0.8260869565208412,1.0,-0.33858267716522106,-0.918367346938307,0.0,0.4941176470585329,0.04255319148933907,156.0,196.0,188.0,170.0,65.0,29.0,8.0,84.0,2.183844011141757,1.120772946859362,1
-0.4638297872338452,0.33333333333311116,-0.3793103448273994,0.5873015873011211,1.0,0.2269938650305356,-0.6867469879513936,0.0,1.5873015872990677,0.18571428571415308,106.0,172.0,140.0,63.0,57.0,50.0,26.0,100.0,2.6822612085764748,1.5564202334624295,1
-0.05371900826445171,-0.9999999999978261,-0.04384133611690108,-0.9999999999984375,0.9160000000876439,-0.9999999999995633,-0.5923566878979005,10.0,0.0,0.2559999999998976,248.0,255.0,250.0,229.0,54.0,46.0,64.0,0.0,2.0668693009116446,2.520547945203753,1
0.14606741573030427,0.39568345323712545,0.24087591240870052,0.5396825396821113,0.38281134030993214,-0.44886363636350884,-0.6864864864861154,2.2405002395688602,0.3803921568625959,0.18589743589731675,255.0,190.0,156.0,255.0,122.0,42.0,29.0,97.0,1.707865168539134,1.108910891088743,1
-0.07418397626110558,0.6499999999997292,-0.11363636363633135,0.7368421052628348,1.0,0.11864406779657666,-0.7345132743359583,0.0,1.2692307692299558,0.15306122448971785,156.0,181.0,196.0,156.0,99.0,42.0,30.0,198.0,2.1483679525219364,0.8818897637792961,1
-0.01639344262294698,0.4909090909087934,0.021897810218972774,0.30158730158714203,0.8646131802484424,-0.2612612612611828,-0.5056179775279005,10.0,0.5857142857140069,0.3283582089550605,249.0,217.0,201.0,210.0,61.0,42.0,66.0,123.0,1.9440089585664115,1.2537313432831143,1
0.3841059602647735,-0.9999999999971428,0.2782874617736152,-0.9999999999857143,1.0,-0.9999999999995216,-0.8879999999992896,0.0,0.0,0.059322033898254814,82.0,93.0,118.0,209.0,56.0,35.0,7.0,0.0,1.559748427672629,2.2222222222204584,1
-0.3353846153845122,0.4189189189186359,-0.3032258064515151,0.5671641791040544,1.0,-0.014084507042246909,-0.7489177489174248,0.0,0.972222222221322,0.1435643564355725,255.0,217.0,202.0,108.0,0.0,43.0,29.0,105.0,2.1781681304890617,1.8010471204179053,1
0.19411764705876644,0.676855895196211,0.1906158357770702,0.8028169014080738,0.6162481289916301,-0.027848101265815734,-0.7358490566033108,4.211700972870991,0.9458128078813075,0.152173913043368,211.0,137.0,138.0,203.0,232.0,37.0,21.0,192.0,1.5930232558137218,0.5943775100400414,1
-0.18266253869963386,0.670329670329302,-0.053763440860195785,0.8424242424237319,1.0,0.07042253521124281,-0.8374999999994767,0.0,1.1515151515142792,0.0884353741495997,225.0,191.0,147.0,132.0,255.0,30.0,13.0,152.0,2.06765899864654,0.5139186295502112,1
-0.25925925925917925,0.8556701030923425,-0.2182410423452058,0.9672131147535699,1.0,0.19999999999993334,-0.9684210526310694,0.0,1.4999999999987499,0.016042780748654523,255.0,204.0,187.0,120.0,183.0,14.0,3.0,180.0,2.0842911877391974,0.28644501278765055,1
-0.37583892617437054,0.4102564102558843,-0.43636363636350417,0.9999999999981818,1.0,-0.25675675675658327,-0.9999999999995781,0.0,0.5913978494617297,0.0,142.0,205.0,237.0,93.0,96.0,23.0,0.0,55.0,2.5426356589143344,0.9340101522837899,1
-0.6769759450169496,0.4782608695648015,-0.684563758389032,0.06249999999996094,-1.0,0.2878787878785698,-0.5398773006133314,0.0,1.8085106382940244,0.298804780876375,88.0,244.0,251.0,47.0,59.0,30.0,75.0,85.0,3.133226324237057,1.1764705882347175,1
0.17511520737323155,0.3018867924525454,0.09207708779441283,0.25454545454522315,0.46871840938938375,-0.5740740740738969,-0.675889328062974,2.7644820265940315,0.27058823529401155,0.19339622641500312,187.0,179.0,212.0,255.0,66.0,37.0,41.0,69.0,1.7899999999997762,1.4162679425830544,1
-0.030732860520087297,0.3439999999997248,-0.08277404921698372,0.9310344827575505,1.0,-0.4186851211071216,-0.9755102040812346,0.0,0.40975609756077574,0.01239669421487091,249.0,218.0,242.0,205.0,99.0,41.0,3.0,84.0,1.9595505617975326,1.2377358490561368,1
-0.1270718232043848,0.44654088050286384,-0.006289308176098652,0.5753424657530306,1.0,-0.15750915750909983,-0.6753926701567144,0.0,0.7278481012653621,0.1937499999998789,146.0,204.0,160.0,158.0,196.0,44.0,31.0,115.0,2.292134831460352,0.8822055137842401,1
0.0,0.13475177304954983,0.0,0.22137404580135775,0.9999999995482758,-0.5223880597013366,-0.6666666666664488,10.0,0.3137254901959554,0.19999999999992157,255.0,255.0,255.0,255.0,52.0,61.0,51.0,80.0,1.999999999999804,1.9212598425189287,1
-0.036247334754789716,0.4444444444442387,0.13567839195976492,0.7727272727268337,0.7012823735711989,-0.18324607329838136,-0.7916666666662544,5.695286191086753,0.6902654867253584,0.11627906976737426,255.0,243.0,172.0,226.0,116.0,60.0,20.0,156.0,2.0103412616337115,1.224489795918055,1
-0.02362204724408519,0.5497835497833118,-0.04980842911875487,0.7635467980291806,1.0,0.18151815181512163,-0.7018633540368312,0.0,1.44354838709561,0.17518248175169696,97.0,130.0,137.0,124.0,90.0,52.0,24.0,179.0,2.162162162161713,1.1152815013401836,1
-0.36040609137037544,0.5882352941172145,-0.4638297872338452,0.2781065088755751,-1.0,0.2631578947366882,-0.4763948497852033,0.0,1.7142857142829933,0.3546511627904915,188.0,134.0,172.0,63.0,25.0,28.0,61.0,108.0,2.0655105973021066,1.1851851851845583,1
-0.0955882352940825,0.25252525252499747,-0.0646387832699374,0.1171171171170116,1.0,-0.3297297297295515,-0.48148148148122677,0.0,0.5040650406499967,0.34999999999975,155.0,149.0,140.0,123.0,24.0,37.0,49.0,62.0,2.069444444444085,1.849999999998844,1
0.0,-0.9104477611926709,-0.07027027027025128,-0.8378378378355734,0.8452380953308248,-0.965714285713734,-0.7068965517238333,10.0,0.01744186046510614,0.171717171717085,195.0,172.0,198.0,172.0,35.0,64.0,34.0,3.0,1.9353023909983211,3.0843373493957325,1
-0.2201257861634528,0.7575757575754707,-0.07462686567161395,0.6811594202896083,1.0,0.30337078651676874,-0.5319148936167384,0.0,1.870967741933975,0.3055555555553434,255.0,194.0,144.0,124.0,254.0,32.0,44.0,232.0,2.0234680573660984,0.4654545454544608,1
-0.36050156739800615,0.7346938775507705,-0.3061224489794877,0.6612377850160713,1.0,0.42857142857130853,-0.5737704918030435,0.0,2.499999999997549,0.2708333333331923,154.0,217.0,192.0,102.0,255.0,39.0,52.0,255.0,2.5159420289851426,0.530612244897869,1
-0.2423208191125453,0.8031496062988964,-0.15909090909084883,0.9489361702123622,1.0,0.3470588235293097,-0.924528301886211,0.0,2.0630630630612043,0.03921568627448418,206.0,182.0,153.0,111.0,227.0,25.0,6.0,229.0,2.1380323054328723,0.3952569169959693,1
0.02202643171805197,0.6687898089167715,-0.104247104247064,0.9999999999992367,1.0,0.060728744939246675,-0.9999999999993008,0.0,1.1293103448266126,0.0,168.0,111.0,143.0,116.0,181.0,26.0,0.0,131.0,1.7549407114621038,0.5714285714284144,1
-0.5042016806720571,0.24999999999895836,-0.49356223175944486,-0.09090909090881542,-0.6889185581959902,-0.594594594593791,-0.8124999999995769,0.18418972335699743,0.2542372881351623,0.10344827586200953,45.0,179.0,174.0,59.0,13.0,9.0,18.0,15.0,3.099567099566429,1.565217391300945,1
0.37466307277617933,-0.9069767441839373,0.44886363636350884,-0.799999999996,1.0,-0.9844357976649867,-0.686956521738533,0.0,0.007843137254898885,0.18556701030908704,202.0,116.0,97.0,255.0,131.0,41.0,18.0,2.0,1.3468795355585852,1.5255813953481276,1
-0.11842105263155298,-0.3461538461535133,-0.11842105263155298,0.15254237288109737,1.0,-0.710638297872038,-0.8214285714282781,0.0,0.16915422885563725,0.09803921568623607,207.0,255.0,255.0,201.0,56.0,70.0,25.0,34.0,2.22222222222198,2.4347826086945936,1
-0.2753623188404999,0.555555555555327,-0.31506849315059865,0.6950672645736794,1.0,0.2038216560508905,-0.7518248175179738,0.0,1.5119999999987903,0.14166666666660765,144.0,220.0,240.0,125.0,152.0,54.0,34.0,189.0,2.482369534555362,0.9621380846323024,1
0.040816326530603915,0.099999999999875,0.19999999999995294,0.0352941176470173,-0.6999999997027401,-0.705685618728861,-0.6113744075826487,0.17647058814689273,0.17254901960777547,0.24117647058809344,172.0,235.0,170.0,255.0,80.0,36.0,41.0,44.0,2.0958751393531663,1.4693877551012913,1
-0.30102040816318854,0.48066298342514885,-0.30102040816318854,0.887323943661347,1.0,-0.011070110701102927,-0.9391634980985023,0.0,0.978102189780308,0.03137254901959554,229.0,255.0,255.0,137.0,167.0,47.0,8.0,134.0,2.328767123287405,0.9518987341769742,1
-0.4739884393062214,-0.22758620689639478,-0.4739884393062214,0.11999999999988,-1.0,-0.23809523809507616,-0.705685618728861,0.0,0.6153846153839391,0.17254901960777547,105.0,255.0,255.0,91.0,25.0,89.0,44.0,56.0,2.889518413597324,2.749034749033688,1
-0.5467980295563809,0.4246575342462845,-0.611814345991303,0.5182481751821035,-1.0,0.3866666666664089,-0.705357142856828,0.0,2.2608695652124764,0.1727748691098572,156.0,157.0,191.0,46.0,93.0,42.0,33.0,104.0,2.434108527131311,1.1957295373661225,1
-0.15322580645155112,0.030303030302999693,-0.1286307053941375,0.1999999999997647,1.0,-0.34615384615362427,-0.5999999999996471,0.0,0.48571428571382314,0.2499999999998162,119.0,143.0,136.0,105.0,196.0,48.0,34.0,51.0,2.243137254901521,1.1195335276964666,1
0.5505617977524997,0.2463768115940244,0.2321428571427535,0.2463768115940244,0.02974580853880439,-0.2321428571427535,-0.2463768115940244,1.0613154956406274,0.6231884057966499,0.6046511627899945,157.0,40.0,86.0,138.0,63.0,52.0,52.0,86.0,0.8533333333331058,1.6442687747029074,1
-0.06709265175716707,0.6691729323305755,0.03914590747329568,0.9646017699110777,0.9220005019161698,0.20652173913037866,-0.9424460431647896,10.0,1.5205479452044381,0.029629629629607683,214.0,167.0,135.0,146.0,73.0,44.0,4.0,222.0,1.9250720461092325,0.9190600522190813,1
0.04444444444441976,0.6666666666664488,-0.040816326530591425,0.946564885495822,1.0,0.4613180515757991,-0.8715596330267233,0.0,2.7127659574439225,0.06862745098032487,107.0,86.0,102.0,94.0,255.0,51.0,7.0,255.0,1.8445040214472268,0.6666666666665577,1
-0.045092838196274514,0.7291666666664135,0.016949152542368093,0.9377431906611138,0.9644929537536258,0.16083916083912336,-0.912087912087411,10.0,1.3833333333325648,0.04597701149422646,228.0,197.0,174.0,180.0,253.0,39.0,8.0,249.0,1.965087281795266,0.5379310344826659,1
0.3350785340313259,0.5899581589955691,0.17241379310340865,0.9999999999994738,0.7058823528808945,-0.14606741573030427,-0.9999999999994446,5.799999996634281,0.7450980392153941,0.0,255.0,127.0,180.0,255.0,168.0,49.0,0.0,190.0,1.3298429319369987,0.859649122806829,1
-0.02453987730060597,0.014084507042233683,0.1041666666666305,0.9999999999972222,0.8113207546430876,-0.6307692307689073,-0.999999999999225,9.599999990760667,0.22641509433948026,0.0,207.0,167.0,129.0,159.0,22.0,35.0,0.0,36.0,1.9085714285711557,2.187499999998291,1
0.2977099236640464,0.4622641509431782,0.19718309859150301,0.6230366492143335,0.5191944618623345,-0.24390243902433076,-0.6521739130431632,3.159685862271021,0.6078431372546637,0.21052631578935058,255.0,138.0,171.0,255.0,119.0,57.0,36.0,155.0,1.4045801526715769,1.17525773195846,1
-0.09952606635068732,-0.2479999999998016,-0.14606741573030427,-0.22314049586758417,0.20875251514679605,-0.6033755274259058,-0.5501519756837234,1.5276541650627364,0.2473684210525014,0.2901960784312588,210.0,232.0,255.0,190.0,161.0,78.0,74.0,47.0,2.1481481481478992,1.7142857142852435,1
-0.4245810055864736,0.33684210526298064,-0.4245810055864736,0.5582822085886145,1.0,0.10434782608691116,-0.7525773195873703,0.0,1.233009708736667,0.14117647058817995,206.0,255.0,255.0,103.0,132.0,63.0,36.0,127.0,2.4908424908421867,1.3090909090905691,1
0.25520833333326687,-0.17499999999978125,0.3351800554015692,0.9999999999969696,0.49792531116499134,-0.7591240875909638,-0.9999999999991667,2.983471073481841,0.13692946058085606,0.0,75.0,143.0,120.0,241.0,107.0,47.0,0.0,33.0,1.9003322259133055,1.6068376068369203,1
-0.3207547169810312,0.43999999999978,-0.4049586776858389,0.6457142857139168,1.0,0.14285714285708617,-0.7832167832165094,0.0,1.3333333333320987,0.12156862745093272,255.0,210.0,255.0,108.0,139.0,56.0,31.0,144.0,2.1455938697315267,1.1341772151895864,1
-0.1920199501246404,-0.36082474226766925,-0.1755725190839248,-0.2439024390240928,0.16289391925718244,-0.6787564766835862,-0.6382978723401992,1.3891834578418518,0.19135802469123991,0.2207792207791252,136.0,239.0,231.0,162.0,144.0,66.0,51.0,31.0,2.463917525772878,1.7198697068398308,1
0.03361344537813714,0.615384615384142,-0.07865168539322898,0.9811320754707725,1.0,-0.07894736842101802,-0.9862068965510441,0.0,0.8536585365846718,0.006944444444439622,178.0,115.0,144.0,123.0,34.0,25.0,1.0,105.0,1.732580037664457,1.0582010582004984,1
-0.12499999999995888,0.6618357487919508,-0.08904109589038046,0.5779816513758816,1.0,0.12786885245897447,-0.5512195121948531,0.0,1.2932330827057947,0.289308176100447,87.0,171.0,159.0,133.0,183.0,35.0,46.0,172.0,2.4341637010671824,0.6588235294116097,1
0.21621621621614318,0.16666666666655094,0.03151862464182478,0.6470588235287774,0.9071038250028733,-0.3636363636362259,-0.807486631015611,10.0,0.46666666666640744,0.10650887573958195,246.0,116.0,169.0,180.0,38.0,60.0,18.0,84.0,1.4103343465043447,1.9834710743793458,1
0.018749999999994143,-0.05660377358479886,0.17689530685914193,0.9999999999960001,0.6993865030071288,-0.734042553191099,-0.9999999999991228,5.653061221273514,0.15337423312874027,0.0,162.0,157.0,114.0,163.0,45.0,28.0,0.0,25.0,1.965571205007517,1.7777777777763668,1
0.09657320872271136,0.7810218978099339,0.14657980456021286,0.671232876712099,0.6415320819817858,0.16190476190472336,-0.4636871508377298,4.579299844668822,1.3863636363628487,0.36641221374017835,176.0,145.0,131.0,176.0,190.0,30.0,48.0,244.0,1.8068535825542356,0.4858299595140717,1
0.20567375886519962,0.5859649122804962,0.003937007874014973,0.5640138408302547,0.986136096346,-0.060291060291047756,-0.6012658227846199,10.0,0.886274509803574,0.24901185770741147,255.0,168.0,253.0,255.0,145.0,59.0,63.0,226.0,1.5886524822693158,0.9652351738239335,1
0.2608695652173204,0.6963350785336669,0.08665105386414833,0.7142857142853364,0.7836257308962565,-0.17766497461924424,-0.756756756756416,8.243243233727664,0.6982758620686645,0.13846153846146747,255.0,136.0,195.0,232.0,153.0,29.0,27.0,162.0,1.4334650856388098,0.6219839142089485,1
-0.19163763066195413,-0.11904761904747732,-0.07569721115534833,-0.24489795918342358,0.5277707331088562,-0.5163398692807083,-0.37755102040797067,3.2352309387509526,0.31896551724110433,0.45185185185151716,230.0,171.0,135.0,116.0,80.0,47.0,61.0,37.0,1.9883720930229667,1.7819905213261698,1
-0.15736040609133062,0.5141242937850203,-0.13315926892946917,0.3814432989688756,1.0,-0.10666666666663112,-0.5667870036099038,0.0,0.8072289156621644,0.27649769585240713,255.0,228.0,217.0,166.0,55.0,43.0,60.0,134.0,2.0798175598629327,1.250909090908636,1
-0.05809128630704189,0.465346534653235,-0.05809128630704189,0.23333333333323614,1.0,-0.2106666666666105,-0.4697406340056283,0.0,0.6519823788543384,0.36078431372534875,212.0,255.0,255.0,227.0,138.0,54.0,92.0,148.0,2.1496311907268546,1.096446700507336,1
-0.37241379310331985,0.5854922279789713,-0.4399999999998646,0.5773195876285684,1.0,0.25409836065563357,-0.7018181818179267,0.0,1.6813186813168337,0.17521367521360035,248.0,199.0,234.0,91.0,68.0,40.0,41.0,153.0,2.1601085481679565,1.0631229235876867,1
0.09157509157505804,0.189189189189104,0.0955882352940825,0.6708860759489426,0.7505768062165276,-0.06049822064054787,-0.6510067114089592,7.018500479510625,0.8859060402678619,0.21138211382096636,121.0,124.0,123.0,149.0,89.0,90.0,26.0,132.0,1.9150579150575453,1.7955112219446894,1
-0.13074204946991846,0.2654867256635994,-0.3204419889501877,0.6342857142853519,1.0,0.07518796992478377,-0.763837638376102,0.0,1.162601626015315,0.13389121338906532,255.0,160.0,239.0,123.0,136.0,83.0,32.0,143.0,1.8338108882518862,1.4921348314603389,1
-0.11048158640223499,0.2676056338026285,-0.08454810495624357,0.32352941176446803,1.0,-0.27125506072863514,-0.6034482758618089,0.0,0.573248407642947,0.2473118279568563,194.0,196.0,186.0,157.0,116.0,52.0,46.0,90.0,2.1103633916551665,1.3419354838705349,1
0.31506849315057706,-0.9999999999950001,0.12941176470584428,-0.9999999999923077,1.0,-0.9999999999994792,-0.8385093167696656,0.0,0.0,0.0878378378377785,255.0,100.0,148.0,192.0,83.0,20.0,13.0,0.0,1.2364760432764703,1.3008130081290237,1
0.20289855072458868,0.5657142857139625,0.19138755980856667,0.7452229299358312,0.591318777797668,-0.2901554404144326,-0.7883597883593713,3.8937898068811436,0.5502008032126304,0.11834319526620217,230.0,165.0,169.0,249.0,51.0,38.0,20.0,137.0,1.631644004944174,1.1515151515147153,1
0.22815533980576988,-0.02777777777775849,0.11208791208788746,-0.05405405405401754,-1.0,-0.5665634674920846,-0.4428571428569847,0.0,0.27667984189712386,0.386138613861195,255.0,159.0,202.0,253.0,29.0,74.0,78.0,70.0,1.5399515738496925,2.3967611336022685,1
-0.4397394136806385,-0.10526315789459834,-0.4266666666665245,0.8378378378355734,1.0,-0.4333333333329722,-0.9723502304142985,0.0,0.3953488372088426,0.014018691588778496,126.0,221.0,214.0,86.0,175.0,42.0,3.0,34.0,2.7033639143726753,1.146757679180496,1
0.2977099236640464,0.5377777777775388,0.20853080568715437,0.9329608938542274,0.6346345649247074,-0.19158878504668422,-0.9306358381497511,4.473971557020178,0.6784313725487536,0.03592814371255334,227.0,138.0,167.0,255.0,200.0,52.0,6.0,173.0,1.4564643799470374,0.8721174004191043,1
-0.04294478527606484,0.34222222222207016,-0.04294478527606484,0.6149732620317567,1.0,-0.2155844155843596,-0.7525773195873703,0.0,0.6452991452988696,0.14117647058817995,141.0,255.0,255.0,234.0,162.0,74.0,36.0,151.0,2.3050847457624513,1.2841648590018906,1
0.3646408839777998,0.5999999999996364,0.35342465753414976,0.6499999999995938,0.295563139902125,-0.3034300791555928,-0.6164383561639614,1.839147286300681,0.5344129554653707,0.23728813559301926,187.0,115.0,118.0,247.0,114.0,33.0,28.0,132.0,1.38554216867449,0.846153846153575,1
0.0,0.5714285714281633,-0.021943573667704722,0.15183246073290482,1.0,-0.17293233082700266,-0.33606557377035406,0.0,0.7051282051277532,0.49693251533711846,168.0,156.0,163.0,156.0,90.0,30.0,81.0,110.0,1.9622641509430876,0.9230769230765681,1
-0.30102040816318854,0.4133333333327822,-0.28645833333325876,-0.036363636363603305,-0.7747139926132416,-0.4421052631576621,-0.6249999999997944,0.12694214880456256,0.3868613138683308,0.23076923076913736,255.0,255.0,247.0,137.0,0.0,22.0,57.0,53.0,2.2616407982259132,1.8144329896888511,1
-0.14364640883973934,0.907894736841508,-0.0662650602409439,0.4215686274507738,1.0,-0.033333333333322224,-0.49999999999978817,0.0,0.9354838709671385,0.333333333333145,204.0,207.0,177.0,155.0,121.0,7.0,59.0,145.0,2.1423027166879502,0.19999999999992857,1
-0.2655367231636918,0.5675675675670563,-0.37499999999981976,0.8510638297863287,1.0,0.14473684210516793,-0.9066666666660623,0.0,1.3384615384594793,0.04895104895101472,227.0,112.0,143.0,65.0,51.0,24.0,7.0,87.0,1.7364341085267951,1.0322580645155741,1
-0.034642032332555514,0.6503496503491956,-0.011820330969264346,0.47499999999970316,1.0,-0.2782874617736152,-0.6718749999997375,0.0,0.5645933014351366,0.19626168224289894,255.0,224.0,214.0,209.0,91.0,25.0,42.0,118.0,1.964912280701539,0.7722007722004741,1
-0.1356466876971181,0.6341463414630281,-0.15950920245393882,0.576470588234955,1.0,-0.011070110701102927,-0.6799999999996978,0.0,0.978102189780308,0.1904761904760897,242.0,180.0,189.0,137.0,28.0,30.0,36.0,134.0,1.948579161028153,1.0810810810805942,1
-0.2403100775192867,0.5316455696199167,-0.15517241379303656,0.7163120567370806,1.0,0.10502283105018036,-0.7402597402592597,0.0,1.2346938775497605,0.1492537313431722,171.0,160.0,134.0,98.0,184.0,37.0,20.0,121.0,2.173174872665166,0.7810026385222214,1
-0.13475177304959762,0.7385620915027853,-0.11272727272723174,0.6121212121208411,1.0,0.04313725490194387,-0.6540540540537005,0.0,1.090163934425336,0.20915032679724893,161.0,160.0,153.0,122.0,212.0,20.0,32.0,133.0,2.122719734659681,0.41558441558430764,1
0.2094240837695787,0.053435114503776006,0.2692307692306953,0.393939393938996,0.18804920911012923,-0.5399999999998201,-0.6319018404904099,1.4632034626589114,0.2987012987011694,0.22556390977426652,211.0,151.0,133.0,231.0,165.0,62.0,30.0,69.0,1.6236559139782762,1.3854748603348086,1
-0.003257328990226952,0.8235294117638985,-0.0642201834862189,0.03333333333331482,-1.0,-0.2439024390242911,-0.33333333333320564,0.0,0.6078431372545047,0.4999999999997127,224.0,154.0,174.0,153.0,74.0,9.0,87.0,93.0,1.7985401459851387,0.3891891891889788,1
0.07222222222220216,0.6324786324783622,0.07222222222220216,0.5591836734691595,0.771233614530369,-0.005208333333331977,-0.5113122171943388,7.742543160393146,0.9896373056989691,0.32335329341298,255.0,167.0,167.0,193.0,255.0,43.0,54.0,191.0,1.708439897697991,0.6466165413532619,1
0.5223880597013366,0.5132743362829587,0.5501519756837234,0.5833333333330633,0.02927374301409763,-0.19718309859150301,-0.24369747899139185,1.060313075313546,0.6705882352938547,0.6081081081072863,203.0,80.0,74.0,255.0,127.0,55.0,45.0,171.0,1.0355987055014504,1.0784313725487553,1
0.06231454005932869,0.5689655172411341,0.002801120448178487,0.4918032786883231,0.9886732891882788,0.008310249307476923,-0.48333333333313194,10.0,1.016759776535745,0.3483146067413774,147.0,158.0,178.0,179.0,91.0,50.0,62.0,182.0,1.9688473520246152,1.0723860589809457,1
0.2183908045976384,0.5641025641018409,0.37662337662325435,0.5443037974676654,0.1820778293264358,-0.5531135531133505,-0.6842105263151893,1.445220427375712,0.28773584905646804,0.18749999999980468,124.0,136.0,96.0,212.0,94.0,17.0,18.0,61.0,1.789473684210232,0.7195767195763388,1
-0.056603773584884304,0.7021276595739702,-0.0706319702601968,0.4371257485027323,1.0,-0.020408163265297794,-0.5078534031410954,0.0,0.959999999999232,0.32638888888866224,89.0,140.0,144.0,125.0,88.0,21.0,47.0,120.0,2.2672064777323344,0.6719999999997313,1
0.14803625377639032,-0.2631578947361496,0.5573770491800994,-0.5254237288126687,-1.0,-0.8627450980387928,-0.09090909090899908,0.0,0.07368421052627701,0.83333333333179,255.0,141.0,54.0,190.0,45.0,24.0,45.0,14.0,1.5515818431909831,1.7943925233628089,1
0.18749999999994674,0.8265895953752448,0.20461095100858656,0.8372093023250947,0.6072048889734674,-0.1389645776566379,-0.8157894736836739,4.091713067111396,0.7559808612436575,0.10144927536224534,255.0,143.0,138.0,209.0,133.0,15.0,14.0,158.0,1.5253333333331298,0.37383177570081816,1
0.12804878048776586,0.1764705882350865,0.19354838709671177,0.6949152542361103,0.5643076922437097,-0.5744680851061386,-0.8656716417903988,3.5903954783660237,0.2702702702701242,0.0719999999999424,255.0,143.0,125.0,185.0,66.0,35.0,9.0,50.0,1.5757575757573585,1.5053763440852124,1
-0.14018691588781773,0.24324324324313368,-0.05641025641024195,0.9999999999992755,1.0,-0.1428571428570985,-0.9999999999995146,0.0,0.7499999999995924,0.0,198.0,244.0,206.0,184.0,140.0,84.0,0.0,138.0,2.2436781609192824,1.5067264573987653,1
-0.06965174129351502,-0.0769230769229783,0.10324483775808165,0.9999999999972222,0.8128342245248324,-0.6771300448427457,-0.9999999999993422,9.685714276308932,0.1925133689838543,0.0,132.0,215.0,152.0,187.0,61.0,42.0,0.0,36.0,2.2963951935911484,1.8563535911591955,1
-0.19723183390996638,0.5904761904759094,-0.15018315018309517,0.45851528384259455,1.0,0.18021201413421195,-0.4337899543377015,0.0,1.439655172412552,0.3949044585984746,72.0,173.0,157.0,116.0,225.0,43.0,62.0,167.0,2.5917602996249824,0.7196652719663766,1
0.03664921465967627,0.573529411764495,0.06451612903224073,0.8290598290594748,0.8556001233229267,0.03883495145630125,-0.7938144329892816,10.0,1.080808080807535,0.11494252873556614,125.0,184.0,174.0,198.0,210.0,58.0,20.0,214.0,2.130246020260184,0.8592592592591001,1
0.31517509727614196,0.6338983050845309,0.3519999999998592,0.9673469387751155,0.4664026729011636,0.17560975609751814,-0.9058823529401107,2.7481447116496813,1.4260355029577363,0.04938271604932175,73.0,88.0,81.0,169.0,240.0,54.0,4.0,241.0,1.6842105263153866,0.7334465195244935,1
-0.5244755244753411,0.5081967213111978,-0.5142857142855306,0.7922077922072779,1.0,0.33980582524255354,-0.8596491228066405,0.0,2.029411764702898,0.07547169811317195,165.0,218.0,212.0,68.0,175.0,45.0,16.0,138.0,2.6068759342298047,0.8933002481387362,1
0.07142857142855642,0.7465753424654977,0.15384615384611905,0.5789473684208735,0.5801104971583771,0.0,-0.4666666666664837,3.763157892290476,0.9999999999996079,0.3636363636361692,211.0,221.0,187.0,255.0,62.0,37.0,68.0,255.0,1.9471365638764375,0.7570332480816478,1
0.17412935323378753,0.3475935828875147,0.16831683168312667,0.28571428571414,0.2585669781360747,-0.3038674033148332,-0.41176470588217995,1.6974789905876906,0.5338983050845195,0.41666666666641866,118.0,166.0,168.0,236.0,44.0,61.0,70.0,126.0,1.9358600583087555,1.6712328767117566,1
-0.06181818181815934,0.38219895287938105,-0.0685920577617081,0.7142857142852506,1.0,0.011494252873558816,-0.7411764705877993,0.0,1.0232558139526953,0.1486486486485482,118.0,146.0,148.0,129.0,32.0,59.0,22.0,132.0,2.1669758812611932,1.6737588652476334,1
-0.2692307692306657,0.15555555555538272,-0.24901185770741147,0.5999999999990769,1.0,-0.29251700680252213,-0.8479532163737732,0.0,0.5473684210520554,0.08227848101260615,151.0,165.0,158.0,95.0,128.0,38.0,13.0,52.0,2.2916666666662686,1.1874999999995361,1
0.07766990291258366,0.621951219511816,0.08292682926825223,0.9999999999992483,0.8468468467686097,0.09016393442619255,-0.9999999999989362,10.0,1.1981981981971188,0.0,144.0,95.0,94.0,111.0,132.0,31.0,0.0,133.0,1.707865168538942,0.7584097859324899,1
0.20652173913037866,0.2210526315787147,0.41401273885337136,0.468354430379154,0.061586257302489934,-0.5857142857140766,-0.6283185840702404,1.1312560854121518,0.2612612612611436,0.22826086956496927,247.0,146.0,92.0,222.0,44.0,37.0,21.0,58.0,1.5348226018394828,1.6818181818172264,1
0.24999999999993874,0.7160493827156075,0.2911392405062554,0.8410596026484497,0.4857100547474076,-0.2944162436547476,-0.8421052631573408,2.8888568950618425,0.5450980392154725,0.0857142857142245,255.0,153.0,140.0,255.0,51.0,23.0,12.0,139.0,1.4999999999998161,0.7796610169488222,1
0.0937499999999707,-0.20325203252015994,0.2068965517240666,-0.010101010100999898,-1.0,-0.5624999999997489,-0.3939393939391552,0.0,0.27999999999984004,0.4347826086952741,255.0,145.0,115.0,175.0,22.0,74.0,50.0,49.0,1.6111111111108873,2.703196347030729,1
0.07586206896549108,0.16017316017309086,0.1685393258426335,0.3886010362692287,0.3949843259478532,-0.07586206896549108,-0.3058823529409966,2.3056994804969055,0.8589743589738085,0.5315315315310527,255.0,134.0,111.0,156.0,124.0,97.0,59.0,134.0,1.578792341678707,1.7168141592916557,1
0.109243697478961,-0.45679012345622616,0.19637462235643616,-0.362318840579185,1.0,-0.7999999999996364,-0.4777777777775124,0.0,0.111111111111055,0.35338345864635085,129.0,159.0,133.0,198.0,168.0,59.0,47.0,22.0,1.972093023255508,1.532467532467035,1
0.16923076923068245,0.3741496598638183,0.10679611650480253,0.609561752987805,0.7018358530337986,0.27848101265813974,-0.3049645390068759,5.7077145908168125,1.7719298245598492,0.532608695651595,68.0,81.0,92.0,114.0,100.0,92.0,49.0,202.0,1.8837209302320106,1.5144032921807584,1
-0.11675126903550337,0.5078124999998017,-0.056910569105675636,0.7625570776252226,1.0,0.05177111716619843,-0.7647058823525952,0.0,1.1091954022982131,0.13333333333326497,149.0,220.0,195.0,174.0,184.0,63.0,26.0,193.0,2.3066841415462243,1.0019880715703773,1
-0.18894009216581156,0.6451612903223726,-0.20720720720711389,0.7647058823526766,1.0,0.48688046647216127,-0.595238095237741,0.0,2.89772727272398,0.25373134328339275,76.0,129.0,134.0,88.0,167.0,55.0,34.0,255.0,2.445497630331174,0.8270676691727767,1
0.0959752321981127,0.6587030716721302,0.03812316715541404,0.735714285714023,0.9014698317867027,0.15714285714281973,-0.6318407960195862,10.0,1.372881355931428,0.22560975609742343,169.0,146.0,164.0,177.0,130.0,50.0,37.0,243.0,1.8307210031345091,0.845665961944853,1
0.15646258503397814,-0.27999999999972,0.22596153846148415,0.161290322580385,-0.16700040043811937,-0.7525773195873703,-0.7219251336894535,0.7137954698272595,0.14117647058817995,0.16149068322971338,74.0,186.0,161.0,255.0,41.0,64.0,26.0,36.0,2.1226818830239482,2.497560975608538,1
-0.06395348837207443,0.4434782608691796,-0.08262108262105909,0.22058823529395546,1.0,-0.31967213114741,-0.5637860082302207,0.0,0.5155279503102388,0.27894736842090584,125.0,183.0,190.0,161.0,125.0,32.0,53.0,83.0,2.2453987730057903,0.9411764705878893,1
0.018749999999994143,0.32558139534845865,0.07236842105260778,0.4430379746829835,0.7191791887437404,-0.4818181818179628,-0.7300613496928037,6.12197927807105,0.3496932515335278,0.15602836879421558,102.0,157.0,141.0,163.0,107.0,29.0,22.0,57.0,2.1692573402414213,1.0450450450445743,1
-0.5496183206104772,0.35526315789450313,-0.597269624573175,0.9807692307682877,1.0,0.2716049382714373,-0.9914893617017058,0.0,1.7457627118614478,0.004273504273502447,238.0,203.0,234.0,59.0,178.0,49.0,1.0,103.0,2.310099573257139,1.0343007915564553,1
0.08284023668636603,0.7129186602867402,0.30249110320273936,0.8358974358970073,0.4685626342208582,-0.011049723756903026,-0.7192982456134042,2.763378581288137,0.9781420765021978,0.16326530612228238,208.0,155.0,98.0,183.0,99.0,30.0,16.0,179.0,1.7689015691866234,0.710059171597423,1
-0.05128205128203813,0.4642857142848852,0.06936416184969094,0.12328767123270783,0.27990135620439816,-0.6371681415926385,-0.6683937823830735,1.7773972577096373,0.22162162162150184,0.19875776397503184,175.0,205.0,161.0,185.0,110.0,15.0,32.0,41.0,2.129870129869853,0.6629834254139984,1
0.0037735849056589536,0.0,0.03501945525290466,0.6399999999987199,0.8962416415548715,-0.5287356321836042,-0.8646616541346883,10.0,0.30827067669149755,0.07258064516123179,79.0,132.0,124.0,133.0,38.0,41.0,9.0,41.0,2.218487394957517,2.0372670807440763,1
-0.18487394957975425,-0.7499999999984375,-0.27340823970027217,-0.6571428571409795,0.4123735051030823,-0.8834951456302101,-0.7085427135674832,2.403522505765497,0.06185567010302901,0.17058823529401732,213.0,141.0,170.0,97.0,0.0,42.0,29.0,6.0,1.9054054054050833,3.733333333329185,1
-0.31221719456999447,0.3422818791944012,-0.32444444444430026,0.21951219512181738,-1.0,0.1363636363635589,-0.39906103286366246,0.0,1.3157894736824791,0.42953020134199366,178.0,145.0,149.0,76.0,80.0,49.0,64.0,100.0,2.1323529411760784,1.410071942445536,1
0.1657754010694744,0.3463414634144652,0.2564841498558339,0.27777777777764917,0.03985615821840409,-0.22471910112353238,-0.2463768115940839,1.0830212230482157,0.6330275229354895,0.604651162790229,200.0,156.0,129.0,218.0,63.0,67.0,78.0,138.0,1.709589041095656,1.5999999999995225,1
0.17551020408156104,0.39062499999969486,-0.01369863013698161,0.4471544715443519,1.0,-0.23605150214582146,-0.6263736263732822,0.0,0.6180555555551264,0.22972972972957453,106.0,101.0,148.0,144.0,72.0,39.0,34.0,89.0,1.7876106194686312,1.305439330543387,1
-0.48648648648632214,0.22842639593897035,-0.5407854984892626,0.6241610738250845,1.0,0.22842639593897035,-0.8021201413424728,0.0,1.5921052631558,0.1098039215685844,218.0,220.0,255.0,76.0,204.0,76.0,28.0,121.0,2.3978201634874114,1.2746331236894604,1
0.3840579710143536,0.5278969957079279,0.3741007194243259,0.5614035087716837,0.20021586614153922,-0.03523035230351349,-0.2700729927005328,1.5006747634313984,0.9319371727743813,0.5747126436775003,215.0,85.0,87.0,191.0,152.0,55.0,50.0,178.0,1.1805555555553504,0.9999999999997727,1
0.20283018867919744,0.6101694915251652,0.2655086848634577,0.6033755274259058,0.38885140015761227,-0.14606741573030427,-0.5179487179484523,2.2725265183282017,0.7450980392153941,0.31756756756735305,216.0,169.0,148.0,255.0,89.0,46.0,47.0,190.0,1.6711990111246389,0.9919137466304604,1
0.3023255813951145,-0.07999999999994667,0.47368421052590026,0.37999999999962,-0.1097410604064412,-0.09803921568621043,0.016393442622923946,0.8022222220527656,0.8214285714275935,1.0333333333298889,114.0,45.0,30.0,84.0,191.0,81.0,31.0,69.0,1.2499999999995661,1.5355450236963186,1
-0.27999999999987557,0.5483870967739408,-0.15183246073290482,0.663366336633335,1.0,0.34939759036130547,-0.5277777777774113,0.0,2.0740740740715133,0.3090909090906281,223.0,144.0,110.0,81.0,102.0,49.0,34.0,168.0,1.945945945945617,1.0652173913040583,1
0.5454545454543802,0.5925925925922269,0.655844155843943,0.999999999999225,0.20784313724213438,-0.32812499999991457,-0.9999999999981132,1.5247524750143508,0.5058823529409782,0.0,75.0,75.0,53.0,255.0,100.0,33.0,0.0,129.0,1.2499999999997395,0.8949152542369848,1
-0.0624999999999721,0.42982456140332026,0.14130434782601017,0.5980392156859814,0.6177572786711459,0.21641791044768044,-0.31666666666640275,4.232277523400248,1.5523809523794738,0.518987341771495,245.0,119.0,79.0,105.0,169.0,65.0,41.0,163.0,1.6190476190473435,1.125541125540882,1
0.0733333333333089,0.4418604651159366,0.35294117647043993,0.5762711864401896,0.2403433476134184,-0.2677165354329655,-0.5098039215681276,1.6327683611186055,0.5776397515524363,0.324675324674903,126.0,139.0,77.0,161.0,99.0,36.0,25.0,93.0,1.9681415929200055,1.0909090909086778,1
0.07317073170729725,-0.14285714285695733,0.17857142857137542,0.5714285714272108,0.5238095237389266,-0.7142857142854051,-0.8775510204075664,3.1999999982013327,0.1666666666665825,0.06521739130430057,147.0,171.0,138.0,198.0,161.0,44.0,9.0,33.0,1.9912663755455615,1.2482269503541674,1
0.05949008498581884,-0.13103448275853033,0.2222222222221496,0.25999999999974,0.07834101380830441,-0.4959999999998016,-0.5256410256406887,1.1699999994727124,0.336898395721745,0.3109243697476379,165.0,166.0,119.0,187.0,26.0,82.0,37.0,63.0,1.9415204678359734,2.5928853754930463,1
-0.10691823899367707,0.08695652173894139,-0.10971786833852361,0.515151515149954,1.0,-0.7005988023947901,-0.9135135135130198,0.0,0.17605633802804505,0.045197740112968815,200.0,176.0,177.0,142.0,0.0,21.0,8.0,25.0,2.028818443803742,2.5074626865634215,1
-0.6020942408373812,0.16049382716029567,-0.618090452260996,0.362318840579185,-1.0,0.1058823529410519,-0.7595628415296396,0.0,1.236842105259903,0.1366459627328344,89.0,153.0,161.0,38.0,8.0,34.0,22.0,47.0,2.8267898383365297,2.21138211381934,1
0.0034843205574900753,0.466666666666321,0.07462686567161395,0.11864406779654314,0.2277486909815464,-0.18518518518510899,-0.22772277227711502,1.5898305063438987,0.6874999999995226,0.6290322580640089,172.0,143.0,124.0,144.0,60.0,36.0,78.0,99.0,1.9003322259133055,1.2467532467527072,1
0.27941176470577966,0.3593749999997193,0.10126582278477808,0.5675675675670563,0.697186700662874,-0.33333333333320564,-0.7108433734935478,5.604729724191784,0.4999999999997127,0.16901408450692323,190.0,98.0,142.0,174.0,53.0,41.0,24.0,87.0,1.3999999999997499,1.477477477476812,1
-0.014492753623184206,0.4666666666664723,-0.09333333333330844,0.5371179039298964,1.0,0.017341040462422734,-0.5891472868214771,0.0,1.0352941176464499,0.25853658536572754,221.0,175.0,205.0,170.0,138.0,64.0,53.0,176.0,1.8893387314437395,1.1583710407237198,1
-0.07594936708858356,0.2846715328465076,0.2320675105484253,0.33333333333308085,0.17910447758010045,-0.24786324786314196,-0.3481481481478903,1.4363636357442122,0.6027397260269844,0.48351648351595217,176.0,170.0,91.0,146.0,171.0,49.0,44.0,88.0,2.0543806646522573,1.098039215685967,1
-0.20661157024787696,0.21854304635747118,-0.1402985074626447,0.6727272727266611,1.0,-0.2203389830507541,-0.8277511961718528,0.0,0.6388888888884453,0.09424083769628575,170.0,219.0,191.0,144.0,134.0,59.0,18.0,92.0,2.3297872340422434,1.3720930232554152,1
-0.06508875739641119,0.45147679324875467,-0.14594594594586707,0.5779816513758816,1.0,0.370517928286705,-0.3947368421050035,0.0,2.1772151898706618,0.433962264150534,133.0,90.0,106.0,79.0,141.0,65.0,46.0,172.0,1.8367346938770825,1.1738148984195995,1
-0.034782608695637054,0.32323232323216,-0.0389610389610221,0.309999999999845,1.0,0.0826446280991394,-0.2698412698411271,0.0,1.180180180179117,0.5749999999995208,241.0,119.0,120.0,111.0,92.0,67.0,69.0,131.0,1.6135593220336246,1.501400560223669,1
0.290488431876532,-0.039999999999968,0.317585301837187,0.8461538461525444,0.4541984732429071,-0.6141479099676482,-0.9259259259252401,2.6643356634933295,0.2390438247011,0.038461538461508876,171.0,138.0,130.0,251.0,105.0,65.0,5.0,60.0,1.5816618911172518,1.762711864406182,1
-0.22772277227711502,0.5397489539746696,-0.1657754010694301,0.5793991416306526,1.0,0.4045801526716013,-0.37974683544279764,0.0,2.358974358971335,0.4495412844032573,196.0,124.0,109.0,78.0,80.0,55.0,49.0,184.0,1.9003831417620878,1.1764705882349795,1
0.11196911196906874,0.19760479041904336,0.05109489051093026,0.4705882352937717,0.8041152261832445,-0.1803278688523851,-0.5662650602406227,9.210084015584584,0.6944444444439622,0.27692307692286394,86.0,115.0,130.0,144.0,216.0,67.0,36.0,100.0,1.9999999999995652,1.1911111111108466,1
0.3742690058478438,0.14871794871787247,0.7602996254678801,0.32544378698205595,-0.4005143696562138,-0.3544668587895232,0.28089887640417877,0.4280467542503085,0.4765957446806483,1.7812499999944336,204.0,107.0,32.0,235.0,188.0,83.0,57.0,112.0,1.310872894333643,1.4248927038623551,1
0.02735562310029564,-0.30487804878030195,0.12666666666662446,-0.16176470588223402,1.0,-0.4955752212387188,-0.24761904761892972,0.0,0.3372781065086762,0.6030534351140435,203.0,160.0,131.0,169.0,29.0,107.0,79.0,57.0,1.8497109826586922,2.8533333333323823,1
0.18348623853202595,-0.9999999999972222,0.1780821917807406,-0.9999999999941177,1.0,-0.999999999999225,-0.682242990653568,0.0,0.0,0.188888888888679,139.0,89.0,90.0,129.0,42.0,36.0,17.0,0.0,1.5964125560534537,2.526315789471468,1
0.05223880597012977,-0.007518796992475551,0.036764705882339425,0.5172413793097503,0.8672768877152103,-0.3623188405795351,-0.7236842105258398,10.0,0.4680851063826468,0.16030534351132802,218.0,127.0,131.0,141.0,119.0,67.0,21.0,66.0,1.6574225122346398,1.680250783698533,1
-0.28267477203638824,0.2868217054261343,-0.16014234875439143,0.7113402061848336,1.0,-0.17412935323374423,-0.8418079096040443,0.0,0.7033898305078785,0.08588957055209455,120.0,211.0,163.0,118.0,149.0,46.0,14.0,83.0,2.55757575757537,1.135802469135452,1
-0.010452961672470226,-0.06542056074760241,-0.06885245901637087,0.1904761904759637,1.0,-0.4791666666664171,-0.6548223350250484,0.0,0.3521126760560901,0.20858895705508676,194.0,145.0,163.0,142.0,73.0,57.0,34.0,50.0,1.853035143769672,1.9240506329105806,1
-0.2201257861634528,0.6479999999994815,-0.19480519480513156,0.4109589041093076,1.0,-0.09251101321581828,-0.6211453744490656,0.0,0.8306451612896527,0.23369565217378604,105.0,194.0,184.0,124.0,47.0,22.0,43.0,103.0,2.5153970826576146,0.9072164948448932,1
-0.10588235294114533,0.6923076923072827,-0.13390313390309577,0.7023809523805343,1.0,-0.030508474576260845,-0.7767857142853676,0.0,0.9407894736835917,0.12562814070345446,187.0,188.0,199.0,152.0,157.0,26.0,25.0,143.0,2.103496503496209,0.5909090909089231,1
-0.31929824561392306,0.2834224598928966,-0.3721682847895236,0.7518248175176995,1.0,0.10599078341008941,-0.8515283842791042,0.0,1.2371134020605803,0.0801886792452452,150.0,188.0,212.0,97.0,117.0,67.0,17.0,120.0,2.4141252006416667,1.4447439353095837,1
-0.2654320987653502,0.3333333333331541,-0.310144927536142,0.7588652482264122,1.0,0.020576131687234333,-0.8600823045263951,0.0,1.0420168067218134,0.07522123893801982,137.0,205.0,226.0,119.0,103.0,62.0,17.0,124.0,2.4624624624620925,1.4131054131050105,1
-0.19580419580412736,0.5624999999996485,-0.18727915194339673,0.36612021857903493,1.0,0.04166666666664931,-0.4867256637165988,0.0,1.0869565217381851,0.3452380952378898,86.0,171.0,168.0,115.0,83.0,35.0,58.0,125.0,2.5193370165741213,1.0071942446039543,1
-0.0891089108910597,0.2760736196317325,-0.11821086261977054,0.8086956521732098,1.0,-0.14049586776853698,-0.8817204301070529,0.0,0.7536231884052511,0.06285714285710695,157.0,165.0,175.0,138.0,107.0,59.0,11.0,104.0,2.111999999999662,1.4346504559266156,1
-0.1315789473683345,0.229050279329481,-0.2747252747251238,0.43790849673174,1.0,0.24999999999985797,-0.4591194968550572,0.0,1.6666666666641414,0.37068965517209423,112.0,86.0,116.0,66.0,166.0,69.0,43.0,110.0,1.9657142857137242,1.3333333333330113,1
0.16107382550330165,0.6037735849054705,0.0812499999999746,0.7957746478870438,0.8147144433478287,0.19158878504668422,-0.6704545454541646,9.794149500404647,1.4739884393055065,0.19727891156449168,169.0,125.0,147.0,173.0,146.0,63.0,29.0,255.0,1.6891891891889037,0.9563567362427027,1
0.24369747899149427,0.45622119815647183,0.6174863387974768,0.31666666666653476,-0.3220239835864113,0.032679738562080826,0.4017094017090584,0.5128318583240947,1.0675675675668463,2.3428571428504488,255.0,90.0,35.0,148.0,104.0,59.0,82.0,158.0,1.2349914236704571,1.242105263157568,1
-0.1249999999998884,0.020689655172399526,-0.13274336283174093,-0.1190476190475482,-0.054393305460788625,0.20325203252015994,0.18987341772139882,0.8968253975012653,1.510204081629571,1.468749999997705,255.0,63.0,64.0,49.0,132.0,71.0,94.0,74.0,1.1720930232555413,1.632183908045508,1
0.11504424778755973,0.43902439024363477,0.18867924528292987,0.5526315789470049,0.49095780301474584,-0.0327868852458882,-0.4333333333329722,2.928947366868165,0.9365079365071932,0.3953488372088426,132.0,100.0,86.0,126.0,85.0,46.0,34.0,118.0,1.746724890829313,1.2474576271182212,1
-0.11380145278447608,0.3903743315505934,-0.10948905109486387,0.6249999999996094,1.0,-0.16932907348237403,-0.7674418604648189,0.0,0.7103825136608141,0.13157894736836334,228.0,230.0,228.0,183.0,165.0,57.0,30.0,130.0,2.112514351320079,1.1149144254276002,1
-0.011695906432745118,0.5771428571425274,0.13422818791941804,0.8278145695358757,0.7209517208767029,-0.10097719869703552,-0.816901408450129,6.167218538449766,0.816568047336795,0.1007751937983715,165.0,173.0,129.0,169.0,157.0,37.0,13.0,138.0,2.0352941176467594,0.8021680216799995,1
-0.24119241192405388,-0.024793388429731576,-0.24528301886785842,0.3409090909087035,1.0,-0.40703517587919247,-0.7769230769227782,0.0,0.42142857142827045,0.1255411255410712,178.0,229.0,231.0,140.0,116.0,62.0,29.0,59.0,2.360824742267737,1.658862876253626,1
-0.1354466858789235,0.21621621621592402,0.02739726027396322,0.9999999999977778,0.946666666574427,-0.5384615384612623,-0.9999999999992959,10.0,0.29999999999980004,0.0,137.0,197.0,142.0,150.0,186.0,29.0,0.0,45.0,2.31424375917734,0.8027681660896877,1
0.2977099236640464,0.47305389221528565,0.23188405797095848,0.5974025974022096,0.4407625964060598,-0.3492063492062568,-0.6736842105259613,2.576298700186622,0.48235294117628147,0.19496855345899688,246.0,138.0,159.0,255.0,73.0,44.0,31.0,123.0,1.420849420849238,1.2394366197178734,1
0.0332326283987815,0.33333333333307497,-0.1208226221079381,0.3983739837395135,1.0,-0.33073929961076626,-0.7098039215683491,0.0,0.502923976607893,0.169724770642124,239.0,160.0,218.0,171.0,88.0,43.0,37.0,86.0,1.7534246575340062,1.3230769230764143,1
-0.17241379310340865,0.33333333333318715,-0.11111111111108368,0.8881987577634235,1.0,-0.08433734939756496,-0.9230769230765287,0.0,0.8444444444439754,0.03999999999998222,104.0,255.0,225.0,180.0,207.0,76.0,9.0,152.0,2.5692695214102557,1.1898238747551488,1
-0.4782608695650788,0.45312499999964606,-0.4782608695650788,0.47619047619009824,-1.0,0.016393442622941862,-0.7708333333330657,0.0,1.0333333333321852,0.1294117647058316,69.0,255.0,255.0,90.0,106.0,35.0,33.0,93.0,3.0493273542596335,1.0408921933081632,1
-0.06918238993708517,0.4741379310342784,-0.146974063400534,0.6363636363633319,1.0,0.07210031347960122,-0.6793248945144813,0.0,1.1554054054046248,0.19095477386925078,111.0,170.0,199.0,148.0,104.0,61.0,38.0,171.0,2.270450751251708,1.2292191435765165,1
0.26451612903208743,0.6651982378851695,0.24050632911377184,0.5180722891564185,0.36590269396071085,0.31707317073159685,0.0,2.154090043492929,1.9285714285694606,0.9999999999983333,110.0,57.0,60.0,98.0,62.0,38.0,60.0,189.0,1.4161490683225417,0.9296636085624068,1
0.29655172413782876,0.634920634920383,0.16770186335398518,0.881278538812383,0.680257394624994,0.04568527918780566,-0.8231292517001204,5.2550312838604345,1.0957446808504812,0.09701492537306194,255.0,102.0,134.0,188.0,51.0,46.0,13.0,206.0,1.2612055641419997,1.0544412607446836,1
0.2990654205606079,0.6393442622945579,0.2752293577980389,0.48148148148112485,0.2725639873908818,-0.16317991631792336,-0.38596491228036317,1.7493827154132802,0.7194244604311372,0.4430379746829835,129.0,75.0,79.0,139.0,172.0,22.0,35.0,100.0,1.43540669856425,0.5569620253162795,1
0.4788732394364511,0.5526315789471261,0.21739130434776308,0.4628099173551807,0.3608029582142034,-0.08527131782943534,-0.349999999999825,2.1289256188551424,0.8428571428567415,0.48148148148112485,234.0,74.0,135.0,210.0,171.0,51.0,65.0,177.0,0.999999999999831,0.9066666666664652,1
-0.050847457627104284,0.47540983606537895,-0.034482758620679746,0.9047619047614262,1.0,0.034482758620679746,-0.9047619047614262,0.0,1.0714285714279337,0.049999999999972226,255.0,186.0,180.0,168.0,89.0,64.0,9.0,180.0,1.8716981132073116,1.2896725440802796,1
-0.15222482435593626,0.39459459459438134,-0.1697247706421629,0.5266272189345996,1.0,-0.16774193548381686,-0.7288135593217868,0.0,0.7127071823200483,0.1568627450979777,238.0,246.0,255.0,181.0,110.0,56.0,40.0,129.0,2.160263446761563,1.2763532763529128,1
0.14074074074068862,0.6213592233006693,0.2125984251967667,0.5829383886253162,0.46552209394651806,0.04049844236758863,-0.38888888888861883,2.741969456319307,1.0844155844148804,0.43999999999955997,237.0,116.0,100.0,154.0,186.0,39.0,44.0,167.0,1.4895666131618797,0.7238979118327787,1
-0.11940298507459716,0.0867579908675403,-0.17289719626164185,0.45121951219484685,1.0,-0.19594594594587975,-0.6959459459457109,0.0,0.6723163841804112,0.179282868525825,169.0,225.0,251.0,177.0,102.0,100.0,45.0,119.0,2.261306532663032,1.90023752969076,1
0.15738498789342437,0.6385542168672135,0.17733990147778883,0.8888888888884774,0.6673511293007999,-0.07900677200901152,-0.8659217877090135,5.012345676184854,0.8535564853552915,0.07185628742510668,183.0,174.0,167.0,239.0,149.0,45.0,12.0,204.0,1.8077922077919728,0.8126410835212613,1
0.27340823970027217,0.2867132867130862,0.30769230769218936,0.48387096774154525,0.22257053288704215,-0.2977099236640085,-0.4754098360651841,1.572580644649538,0.541176470587917,0.3555555555551605,142.0,97.0,90.0,170.0,83.0,51.0,32.0,92.0,1.533596837944361,1.4729241877251,1
-0.043478260869552615,-0.30120481927674553,-0.0883977900552242,0.3488372093015143,1.0,-0.7010309278346902,-0.8672985781986411,0.0,0.17575757575746925,0.07106598984767967,255.0,180.0,197.0,165.0,89.0,54.0,14.0,29.0,1.8461538461536093,1.9115044247779154,1
-0.01391650099403302,0.40893470790363956,0.07127429805614012,0.7672413793100141,0.829998889653397,-0.09492273730682231,-0.7768595041319104,10.0,0.8266129032254732,0.1255813953487788,200.0,255.0,215.0,248.0,231.0,86.0,27.0,205.0,2.1294363256782747,1.131578947368235,1
-0.24087591240870052,0.31192660550444407,-0.21012658227842781,0.733333333332889,1.0,-0.04347826086955068,-0.8314176245207543,0.0,0.9166666666660791,0.09205020920498241,146.0,255.0,239.0,156.0,131.0,75.0,22.0,143.0,2.512315270935651,1.415094339622308,1
-0.13265306122445597,0.3461538461536798,-0.08847184986592803,0.6091954022985006,1.0,-0.09677419354835588,-0.7130801687760705,0.0,0.8235294117642216,0.16748768472898154,154.0,222.0,203.0,170.0,197.0,68.0,34.0,140.0,2.312499999999699,1.150105708245,1
0.2928571428570383,0.6491228070169744,0.21476510067106888,0.6936936936930688,0.527188019908487,-0.31636363636352133,-0.7462686567158611,3.230011259755461,0.5193370165742988,0.1452991452990211,175.0,99.0,117.0,181.0,131.0,20.0,17.0,94.0,1.4296028880863845,0.6037735849054325,1
0.2487046632123708,0.679999999999456,0.2141057934508277,0.5441176470584235,0.4352435389526116,-0.3930635838149153,-0.6684491978606052,2.5413494797806697,0.4356846473027238,0.19871794871782136,231.0,145.0,156.0,241.0,91.0,20.0,31.0,105.0,1.5223097112858894,0.677966101694628,1
0.19230769230761835,0.9999999999992959,0.2204724409447951,0.9060402684557678,0.6085753154218009,-0.043771043771029035,-0.867924528301068,4.109539787204881,0.9161290322574736,0.07070707070699929,148.0,105.0,99.0,155.0,177.0,0.0,7.0,142.0,1.637426900584476,0.0,1
0.2401215805470395,0.5503875968990115,0.1590909090908639,0.5094339622639588,0.5240538806143284,-0.00990099009900745,-0.38967136150216447,3.202156332218723,0.9803921568622646,0.4391891891888925,104.0,125.0,148.0,204.0,155.0,58.0,65.0,200.0,1.7921146953401805,0.9851380042460753,1
-0.13475177304961353,0.4698795180720061,-0.01081081081080789,0.671232876711869,1.0,-0.19999999999993442,-0.7725118483408662,0.0,0.6666666666663024,0.1283422459892362,206.0,240.0,187.0,183.0,0.0,44.0,24.0,122.0,2.2094361334865122,1.6761904761896782,1
-0.2806122448978876,0.22962962962945954,-0.27692307692300594,0.20289855072449067,-1.0,-0.2589285714284558,-0.6381578947366322,0.0,0.5886524822690861,0.22088353413645748,200.0,251.0,249.0,141.0,108.0,52.0,55.0,83.0,2.381969157769587,1.4101694915249459,1
0.05357142857141263,0.7177419354835816,-0.03542234332424103,0.5661764705880271,1.0,0.09230769230766864,-0.5261044176704714,0.0,1.2033898305077948,0.3105263157893103,255.0,159.0,190.0,177.0,191.0,35.0,59.0,213.0,1.6959999999997737,0.5907172995779345,1
0.17567567567561634,0.18691588785037996,0.12258064516125078,0.22115384615373984,0.28677134082969186,-0.15614617940194148,-0.2534562211980399,1.8041497960987587,0.729885057470845,0.5955882352936798,208.0,122.0,136.0,174.0,0.0,87.0,81.0,127.0,1.559105431309655,2.3122923588032185,1
0.31884057971002944,0.3111111111109383,0.23809523809515712,0.6619718309854494,0.47093889711594117,-0.21333333333326224,-0.6470588235289361,2.780281688972115,0.6483516483512921,0.21428571428552295,80.0,94.0,112.0,182.0,77.0,62.0,24.0,118.0,1.6711111111107397,1.5548589341687917,1
0.19796954314710763,0.5692307692303314,0.09767441860460574,0.5692307692303314,0.7070815449582774,-0.07272727272723967,-0.5519999999995584,5.8278388218704595,0.8644067796602843,0.2886597938141354,130.0,79.0,97.0,118.0,165.0,28.0,28.0,102.0,1.5566502463050353,0.6934984520121692,1
-0.04347826086955171,0.26436781609165017,-0.04347826086955171,0.3253012048188852,1.0,-0.47368421052608917,-0.7142857142853499,0.0,0.3571428571426253,0.16666666666656746,149.0,168.0,168.0,154.0,192.0,32.0,28.0,55.0,2.1032863849761965,0.8231511254016646,1
-0.10320284697505225,0.5141955835960523,0.058823529411739996,0.6161616161614087,0.8257042252297968,0.3114754098359805,-0.32544378698205595,10.0,1.904761904760393,0.508928571428117,174.0,155.0,112.0,126.0,193.0,77.0,57.0,240.0,2.032786885245568,1.0494037478703493,1
0.20306513409953905,0.2734374999998932,0.1939163498098122,0.629999999999685,0.5292814619321176,0.018749999999994143,-0.48251748251714516,3.248823527736002,1.0382165605088929,0.3490566037732556,132.0,104.0,106.0,157.0,63.0,93.0,37.0,163.0,1.6740442655932246,1.8058252427180084,1
0.036414565826320335,0.3796296296294539,0.12804878048776586,0.7225433526007384,0.6989184932671174,-0.10778443113769229,-0.7125748502989746,5.642719511143648,0.8054054054049701,0.1678321678320505,141.0,172.0,143.0,185.0,182.0,67.0,24.0,149.0,2.0537313432832756,1.1526881720427629,1
-0.1986062717769343,0.0,-0.2459016393441817,0.763157894735838,1.0,-0.26373626373611886,-0.9095477386930103,0.0,0.5826086956516673,0.04736842105260665,166.0,172.0,190.0,115.0,106.0,67.0,9.0,67.0,2.2015999999996474,1.7459283387616464,1
-0.05135951661629869,0.8474576271179258,0.02614379084966466,0.602941176470145,0.9168831167373356,-0.18045112781948106,-0.6931818181814243,10.0,0.6942675159231247,0.18120805369115356,178.0,174.0,149.0,157.0,51.0,9.0,27.0,109.0,2.038067349926495,0.4044943820222447,1
0.19209039548017173,0.44855967078170844,0.044554455445533526,0.9447513812149477,0.9099278426549494,-0.09043927648576475,-0.94949494949447,10.0,0.8341232227484199,0.025906735751281915,255.0,143.0,193.0,211.0,99.0,67.0,5.0,176.0,1.5212765957444785,1.3105134474324425,1
0.27974276527322195,0.5351351351348459,0.4265232974908866,0.5106382978720688,0.08975506549607344,-0.16715542521989232,-0.26984126984105566,1.197210798932404,0.7135678391956214,0.5749999999992812,133.0,112.0,80.0,199.0,144.0,43.0,46.0,142.0,1.6115107913666165,0.9247311827954504,1
-0.10344827586204519,-0.9999999999971428,0.03448275862068051,-0.9999999999956523,1.0,-0.9999999999994872,-0.7756097560971826,0.0,0.0,0.12637362637355695,221.0,240.0,182.0,195.0,127.0,35.0,23.0,0.0,2.1428571428569034,1.4213197969535933,1
0.024271844660188283,0.5977011494249439,0.1253333333332999,0.5359116022096487,0.6209170713377654,-0.20571428571422695,-0.5922330097084504,4.275890439751616,0.6587677725115362,0.2560975609754536,145.0,201.0,164.0,211.0,68.0,35.0,42.0,139.0,2.121372031661989,1.0108303249093824,1
0.003095975232197184,0.8584070796456379,0.0836120401337513,0.8502202643168061,0.8209270770002054,0.12903225806448146,-0.7792207792202733,10.0,1.2962962962954963,0.12408759124078535,255.0,161.0,137.0,162.0,0.0,16.0,17.0,210.0,1.742895805141848,0.5289256198344922,1
0.3852813852812185,-0.999999999996154,0.4222222222220346,-0.9999999999988095,1.0,-0.999999999999375,0.12751677852340437,0.0,0.0,1.2923076923057042,255.0,71.0,65.0,160.0,55.0,26.0,84.0,0.0,1.0197486535007145,1.943925233643043,1
0.18274111675122265,0.16666666666638888,0.01746724890829313,-0.09090909090897284,1.0,-0.7388059701489781,-0.6853932584267096,0.0,0.15021459227461365,0.1866666666665837,180.0,161.0,225.0,233.0,90.0,25.0,42.0,35.0,1.752380952380714,1.14285714285649,1
0.008595988538679485,0.9509202453981896,0.06666666666664647,0.6825396825393214,0.8220338981953275,-0.050746268656701274,-0.6739130434778947,10.0,0.9034090909085777,0.19480519480506833,209.0,173.0,154.0,176.0,124.0,4.0,30.0,159.0,1.893296853624912,0.10996563573879384,1
-0.3662790697673354,0.8770949720665492,-0.29449838187692734,0.47368421052610804,1.0,0.21299638989161987,-0.5384615384613314,0.0,1.5412844036683107,0.29999999999985,191.0,235.0,200.0,109.0,108.0,11.0,60.0,168.0,2.4415584415581244,0.2953020134227197,1
-0.2576177285317846,0.6666666666664488,-0.21865889212821615,0.5269461077842734,1.0,0.3110539845757555,-0.4513888888887322,0.0,1.9029850746254457,0.37799043062182874,166.0,227.0,209.0,134.0,151.0,51.0,79.0,255.0,2.4084880636601578,0.8031496062990545,1
0.2745591939545908,0.26717557251888,0.2842639593907908,0.19424460431640703,-0.188124856863909,-0.5059523809522304,-0.43147208121805514,0.6833247685157213,0.3280632411065897,0.39716312056709424,255.0,144.0,141.0,253.0,61.0,48.0,56.0,83.0,1.4472361809043408,1.5999999999993335,1
0.3779069767440762,0.33779264214035526,0.6288659793812272,0.8018018018014407,0.12087769409692548,-0.08466819221966027,-0.42105263157839334,1.2749963075803115,0.8438818565397284,0.40740740740665293,192.0,107.0,54.0,237.0,97.0,99.0,22.0,200.0,1.3312597200620013,1.5999999999996768,1
0.07255520504729572,-0.0789473684210007,-0.07859078590783779,0.3999999999996,1.0,-0.4166666666664931,-0.7379912663752236,0.0,0.4117647058821108,0.15075376884414535,131.0,147.0,199.0,170.0,128.0,82.0,30.0,70.0,1.9764705882349618,1.8121546961320962,1
-0.15972222222216678,0.29032258064492716,-0.18791946308718527,0.99999999999875,1.0,-0.2039800995023861,-0.9999999999994351,0.0,0.661157024792842,0.0,161.0,167.0,177.0,121.0,144.0,44.0,0.0,80.0,2.1688311688308164,1.1282051282047667,1
0.21134020618551255,-0.06249999999996094,0.06334841628957844,0.3274336283182943,0.675786453356964,-0.5161290322578981,-0.6897959183670654,5.168773696009251,0.319148936170077,0.18357487922696447,218.0,153.0,207.0,235.0,21.0,85.0,38.0,75.0,1.612648221343661,2.556390977442648,1
0.263440860214983,0.4025974025971412,0.38643067846596274,0.6488549618315658,0.25348007653698107,-0.370262390670446,-0.637795275590049,1.6790979542293454,0.45957446808491087,0.2211538461536335,154.0,137.0,104.0,235.0,83.0,46.0,23.0,108.0,1.653092006032933,1.3003533568899999,1
0.0,0.6287425149696835,0.0,0.6287425149696835,0.9999999998409523,-0.3043478260868787,-0.7832167832165094,10.0,0.5333333333331242,0.12156862745093272,119.0,255.0,255.0,255.0,223.0,31.0,31.0,136.0,2.3076923076920464,0.5890736342041356,1
0.27499999999993124,0.5428571428563673,0.3110539845757555,0.03846153846150148,-0.7799151341475762,-0.6504854368929934,-0.4565217391301867,0.12364907815469399,0.2117647058822699,0.37313432835793053,123.0,145.0,134.0,255.0,84.0,16.0,50.0,54.0,1.7365269461075243,0.7529411764701454,1
-0.39751552795018713,-0.010989010988998913,-0.27067669172922154,0.9999999999977778,1.0,-0.3661971830983337,-0.9999999999994084,0.0,0.4639175257727176,0.0,151.0,225.0,169.0,97.0,92.0,46.0,0.0,45.0,2.5787965616042148,1.606986899562617,1
0.42971887550183546,0.2421052631576399,0.12302839116715363,0.16831683168300166,0.1554459690715306,-0.5021097046411384,-0.5359116022096487,1.368113733337414,0.33146067415711716,0.3021582733810776,234.0,71.0,139.0,178.0,74.0,36.0,42.0,59.0,1.0252707581225586,1.4048780487798025,1
0.06310679611648953,0.7804878048770969,-0.024498886414248442,0.4747474747469952,1.0,-0.4999999999998288,-0.7968749999996888,0.0,0.33333333333318116,0.11304347826082042,168.0,193.0,230.0,219.0,42.0,9.0,26.0,73.0,1.9974126778781374,0.5413533834582397,1
-0.43801652892543885,0.6994219653175149,-0.2527472527471139,0.7604790419157124,1.0,0.3674418604649454,-0.7014925373129094,0.0,2.161764705879174,0.17543859649107418,210.0,174.0,114.0,68.0,90.0,26.0,20.0,147.0,2.2236421725236064,0.7197231833907545,1
-0.23350253807100674,0.6725146198826477,-0.07645259938835583,0.6725146198826477,1.0,-0.027210884353732243,-0.7254901960780757,0.0,0.9470198675490418,0.15909090909081872,255.0,243.0,176.0,151.0,147.0,28.0,28.0,143.0,2.1793721973091724,0.6473988439304488,1
-0.2718446601940428,0.6049382716046894,-0.3589743589742056,0.48288973384012057,1.0,0.44444444444427983,-0.4008810572685459,0.0,2.599999999996533,0.42767295597457383,158.0,131.0,159.0,75.0,91.0,48.0,68.0,195.0,2.1171717171712894,1.0052356020939777,1
0.29824561403500055,0.25984251968483474,0.2832369942195713,0.758241758240925,0.45608685040721664,-0.47019867549653305,-0.8370370370364171,2.677057635293976,0.36036036036019803,0.0887096774192833,255.0,120.0,124.0,222.0,133.0,47.0,11.0,80.0,1.3389121338910266,1.224755700325334,1
0.48736462093845223,0.3846153846151874,0.35081967213103254,0.597633136094321,0.2602274586535069,-0.2082111436949536,-0.4887218045109108,1.7035337052043913,0.6553398058249247,0.34343434343399654,211.0,71.0,99.0,206.0,119.0,60.0,34.0,135.0,1.0161001788906947,1.283422459892705,1
0.44067796610157045,0.32799999999986884,0.43661971830973617,0.7113402061852004,0.23931191498030802,-0.21140142517809707,-0.5624999999995606,1.6291985363740693,0.6509803921566075,0.27999999999972,182.0,99.0,100.0,255.0,142.0,84.0,28.0,166.0,1.2472440944879926,1.4117647058820564,1
-0.052631578947352126,0.28404669260689336,-0.031645569620243154,0.6582914572861014,1.0,0.03773584905659191,-0.6548223350250484,0.0,1.0784313725483148,0.20858895705508676,99.0,170.0,163.0,153.0,203.0,92.0,34.0,165.0,2.2972972972969092,1.3333333333330917,1
0.14999999999995833,-0.7260273972592795,-0.007194244604314822,-0.7727272727263946,0.9815513628092744,-0.9078341013820702,-0.4583333333331742,10.0,0.04830917874393802,0.3714285714283946,199.0,153.0,210.0,207.0,72.0,63.0,78.0,10.0,1.719101123595264,2.423076923075758,1
0.25925925925919524,0.31818181818145663,0.13839285714282626,0.3809523809519274,0.4670487105114107,-0.6293929712458053,-0.7625570776252226,2.7526881700513086,0.22745098039206768,0.13471502590666595,216.0,150.0,193.0,255.0,69.0,30.0,26.0,58.0,1.556420233462833,1.2834224598923618,1
0.04294478527606484,0.5842293906807942,0.05154639175256669,0.8189300411519264,0.8815674041291348,-0.07142857142855642,-0.825396825396498,10.0,0.8666666666663269,0.09565217391300189,255.0,234.0,230.0,255.0,107.0,58.0,22.0,221.0,1.914110429447657,1.0450450450448097,1
0.3065015479875212,0.7931034482754064,0.19209039548017173,0.6956521739126654,0.5672385168148194,-0.14986376021794282,-0.6725146198826477,3.6214833740728323,0.739336492890645,0.1958041958040589,228.0,112.0,143.0,211.0,29.0,18.0,28.0,156.0,1.3514328808444416,0.6515837104069451,1
0.1690140845070026,-0.4020618556696886,0.19424460431650017,0.9999999999965518,0.6746987951233532,-0.7913669064745356,-0.9999999999994048,5.148148145481287,0.1164658634537685,0.0,255.0,177.0,168.0,249.0,73.0,68.0,0.0,29.0,1.650349650349458,2.2857142857133255,1
0.11284046692602613,0.006060606060602388,0.0,-0.005988023952092223,1.0,-0.2654867256635994,-0.25991189427301326,0.0,0.5804195804191746,0.5874125874121767,221.0,114.0,143.0,143.0,47.0,82.0,84.0,83.0,1.5405405405402801,2.231292517006044,1
0.2520775623268,0.29078014184376544,0.46753246753231575,0.5294117647054375,0.06206896551075862,-0.425867507886301,-0.4909090909086446,1.132352940933689,0.40265486725645905,0.3414634146337299,98.0,135.0,82.0,226.0,184.0,50.0,28.0,91.0,1.818181818181512,1.0666666666663822,1
-0.17391304347818526,0.5280898876398561,-0.18454935622309676,0.5280898876398561,1.0,-0.1656441717790395,-0.7358490566033108,0.0,0.715789473683457,0.152173913043368,237.0,135.0,138.0,95.0,119.0,21.0,21.0,68.0,1.794019933554519,0.7336244541481513,1
-0.03466666666665742,0.49707602339152224,-0.02949061662197601,0.38378378378357636,1.0,-0.17152103559865,-0.5421686746985774,0.0,0.7071823204415983,0.2968749999998454,255.0,194.0,192.0,181.0,112.0,43.0,57.0,128.0,1.8834951456308393,1.0552147239260568,1
-0.6226415094335707,0.35185185185152607,-0.6648044692733717,0.18699186991854716,-1.0,0.4174757281549345,-0.49748743718567967,0.0,2.4333333333252223,0.3355704697984325,98.0,129.0,149.0,30.0,72.0,35.0,50.0,73.0,2.673575129532986,1.3023255813947432,1
0.1439393939393394,0.5447154471540286,0.059649122806996614,0.4960629921255936,0.7853236550241542,-0.2276422764226717,-0.6144578313249311,8.316350148166341,0.6291390728472656,0.23880597014907554,247.0,113.0,134.0,151.0,103.0,28.0,32.0,95.0,1.4487179487177164,0.8818897637791804,1
-0.2691029900331332,0.6384180790956846,-0.2786885245900726,0.7682926829263609,1.0,0.1372549019607305,-0.8224299065416718,0.0,1.3181818181806197,0.09743589743584748,229.0,191.0,195.0,110.0,117.0,32.0,19.0,145.0,2.11927877947266,0.785276073619391,1
0.20853080568715437,0.31521739130417653,0.3821138211381078,0.22842639593897035,-0.25172367171770227,-0.3563829787233095,-0.19999999999989476,0.5977967381520866,0.4745098039213826,0.6666666666660819,206.0,167.0,114.0,255.0,16.0,63.0,76.0,121.0,1.6805031446538765,1.916349809885203,1
0.17509727626452332,0.48036253776420534,0.29059829059816644,0.48936170212751084,0.2548379575332506,0.23737373737367745,0.005988023952092223,1.6839799743894313,1.6225165562903163,1.012048192769865,122.0,106.0,83.0,151.0,202.0,86.0,84.0,245.0,1.7484536082470623,1.1114701130854423,1
0.27881040892182946,0.37974683544279764,0.18620689655165992,0.2528735632182455,0.15183246069829243,-0.224199288256148,-0.2896174863386396,1.358024690628403,0.6337209302321898,0.5508474576266518,125.0,97.0,118.0,172.0,178.0,49.0,65.0,109.0,1.5804480651727943,1.0181818181815538,1
0.32812499999991457,0.5822784810122897,0.30769230769222883,0.4450867052020549,0.18251624333059002,-0.3421052631578047,-0.475409836065314,1.4465317914369262,0.49019607843118035,0.3555555555552922,255.0,129.0,135.0,255.0,117.0,33.0,48.0,125.0,1.343749999999825,0.8571428571425789,1
0.13333333333330372,0.14492753623177906,0.38586956521728644,0.14492753623177906,-0.45392491459043,-0.5269461077842734,-0.3139534883719105,0.3755868543625887,0.30980392156850595,0.5221238938048477,255.0,195.0,113.0,255.0,95.0,59.0,59.0,79.0,1.7333333333331407,1.61643835616383,1
0.44444444444429015,0.19587628865959186,0.2163742690057847,0.9999999999982758,0.6442307691773873,-0.5639097744358783,-0.9999999999992538,4.621621619479066,0.2788461538460198,0.0,255.0,80.0,134.0,208.0,50.0,39.0,0.0,58.0,1.0272873194219858,1.677419354837808,1
0.21846153846147126,-0.9999999999970588,0.1061452513966184,-0.9999999999965518,1.0,-0.999999999999495,-0.6931216931213264,0.0,0.0,0.18124999999988672,255.0,127.0,160.0,198.0,73.0,34.0,29.0,0.0,1.4370579915132338,1.9290780141830293,1
-0.5311355311353366,-0.03614457831323124,-0.5205992509361347,-0.09604519774005874,-0.6884908380775239,0.11111111111103396,-0.3533333333332156,0.18448969641389323,1.249999999998047,0.4778325123150356,96.0,209.0,203.0,64.0,37.0,86.0,97.0,80.0,2.8927335640133403,2.3806228373694185,1
0.6153846153844003,0.44999999999981255,0.4999999999998377,0.5398230088493187,0.03829787233668359,-0.140740740740706,-0.1937984496122529,1.0796460174830587,0.7532467532464272,0.6753246753237983,190.0,55.0,77.0,231.0,150.0,66.0,52.0,174.0,0.8286252354047403,1.1578947368418513,1
-0.19028340080963957,0.6724137931028686,-0.1525423728812913,0.5038759689918575,1.0,-0.015228426395931357,-0.6190476190472506,0.0,0.96999999999903,0.23529411764688585,208.0,147.0,136.0,100.0,149.0,19.0,32.0,97.0,1.9534883720926985,0.5352112676054454,1
0.1741573033707376,0.3253012048188852,0.02450980392156262,-0.05982905982900869,1.0,-0.5833333333331124,-0.5249042145591859,0.0,0.2631578947367162,0.3115577889445671,255.0,147.0,199.0,209.0,102.0,28.0,62.0,55.0,1.5514511873348875,1.0516431924877692,1
-0.33870967741921826,0.12280701754375192,-0.41843971631190835,0.542168674698142,1.0,-0.12328767123279227,-0.8264840182644628,0.0,0.7804878048770969,0.09499999999995251,92.0,166.0,200.0,82.0,63.0,50.0,19.0,64.0,2.624505928853236,1.7621145374441578,1
-0.04322766570603942,0.7959183673463974,-0.14211886304905888,0.8082191780816382,1.0,-0.11409395973150534,-0.8808510638294125,0.0,0.7951807228910873,0.0633484162895641,165.0,181.0,221.0,166.0,87.0,15.0,14.0,132.0,2.089466089465788,0.48192771084318,1
-0.1697247706421629,0.5104166666664008,-0.1697247706421629,0.6111111111107717,1.0,-0.11042944785272686,-0.7586206896549108,0.0,0.801104972375248,0.1372549019607305,251.0,255.0,255.0,181.0,104.0,47.0,35.0,145.0,2.165605095541171,1.0962099125361235,1
-0.08035714285710699,-0.13978494623640883,-0.08035714285710699,-0.16666666666649305,0.3493975905026273,-0.4405594405591325,-0.36723163841787165,2.074074076653909,0.38834951456272976,0.4628099173549894,126.0,121.0,121.0,103.0,0.0,53.0,56.0,40.0,2.0552016985133643,2.904109589039107,1
0.3084745762710819,0.655844155843943,0.3736654804269133,0.6190476190474226,0.2471833389986758,0.13839285714282626,-0.18918918918906139,1.6566893419603301,1.3212435233153776,0.681818181817407,186.0,102.0,88.0,193.0,173.0,53.0,60.0,255.0,1.3996569468265179,0.7940074906365554,1
0.43258426966279984,0.6290909090906803,0.5178571428569888,0.5886524822692948,0.06398077142603091,-0.06471816283923493,-0.16546762589916156,1.1367082414043017,0.8784313725486752,0.7160493827151654,107.0,101.0,81.0,255.0,243.0,51.0,58.0,224.0,1.4326241134749231,0.7170474516694697,1
0.32812499999991457,0.521035598705333,0.43661971830973617,0.8287937743187437,0.30991771327125905,-0.040816326530603915,-0.6393442622945579,1.898205095586133,0.9215686274506191,0.21999999999977998,253.0,129.0,100.0,255.0,105.0,74.0,22.0,235.0,1.3472584856395107,1.2131147540981122,1
0.060291060291047756,0.5585585585583069,0.24694376528111323,0.71287128712836,0.4854346893488088,-0.19158878504668422,-0.6830601092892443,2.886775805123776,0.6784313725487536,0.18831168831156606,255.0,226.0,154.0,255.0,183.0,49.0,29.0,173.0,1.879417879417684,0.8634361233478275,1
0.5501519756837234,0.134328358208855,0.2977099236640464,0.4757281553393439,0.23016481407492312,-0.5407854984892626,-0.672727272726865,1.5979586750906831,0.29803921568615765,0.1956521739129017,255.0,74.0,138.0,255.0,126.0,58.0,27.0,76.0,0.8996960486320821,1.459119496854887,1
-0.13934426229502486,0.27058823529379933,-0.353846153846045,0.3499999999995625,-1.0,-0.3207547169809304,-0.7886178861785412,0.0,0.5142857142852245,0.11818181818176447,202.0,139.0,220.0,105.0,85.0,31.0,26.0,54.0,1.9008547008543757,1.2338308457705305,1
0.04568527918780566,0.13772455089812113,-0.06150341685647802,0.28378378378359204,1.0,-0.36877076411947884,-0.6293706293704093,0.0,0.46116504854346546,0.22746781115870068,182.0,188.0,233.0,206.0,92.0,72.0,53.0,95.0,1.9685863874342973,1.7401812688816496,1
0.5283018867922037,0.6140350877189392,0.38461538461522027,0.5248618784527487,0.15420560745961898,-0.07999999999997334,-0.252173913043259,1.364640883622923,0.8518518518513261,0.5972222222213928,212.0,50.0,72.0,162.0,109.0,33.0,43.0,138.0,0.8438818565399063,0.8434504792329574,1
0.2156862745097435,0.4576271186438093,0.30330330330321226,0.6024844720493153,0.330299411025539,-0.2543352601155334,-0.5675675675671841,1.9864091992706416,0.5944700460826754,0.27586206896527943,255.0,140.0,116.0,217.0,90.0,48.0,32.0,129.0,1.4893617021274614,1.2190476190472321,1
0.0365853658536511,0.3953488372089959,0.0,0.5652173913038563,0.9999999998230769,-0.4782608695650788,-0.8214285714282781,10.0,0.35294117647044987,0.09803921568623607,255.0,237.0,255.0,255.0,42.0,39.0,25.0,90.0,1.926829268292487,1.4857142857135783,1
0.37037037037019893,0.6760563380276929,0.16078431372542715,0.3999999999997647,0.42657342649727903,-0.10861423220969715,-0.3544303797466111,2.4878048765009995,0.8040540540535108,0.4766355140182461,223.0,68.0,107.0,148.0,125.0,23.0,51.0,119.0,1.0729783037473228,0.6344827586204709,1
-0.07317073170729158,0.6591928251118121,-0.08591065292093268,0.7703349282292965,1.0,0.16352201257856494,-0.7362637362633317,0.0,1.390977443607977,0.15189873417711908,168.0,154.0,158.0,133.0,102.0,38.0,24.0,185.0,2.022988505746794,0.8374655647380613,1
-0.03030303030302418,0.43010752688148923,-0.03030303030302418,0.602409638553854,1.0,-0.286863270777403,-0.7708333333330657,0.0,0.5541666666664358,0.1294117647058316,180.0,255.0,255.0,240.0,130.0,53.0,33.0,133.0,2.193548387096538,1.1490514905145939,1
0.015503875968986239,0.44067796610132143,0.10548523206746604,0.17241379310332938,0.24083769624828869,-0.21296296296286438,-0.27710843373477284,1.6344827570707625,0.6488549618315658,0.5660377358485226,106.0,127.0,106.0,131.0,61.0,33.0,60.0,85.0,2.0692464358447924,1.2452830188673372,1
-0.4156378600821335,0.5524475524473593,-0.4227642276421046,0.7411764705879447,1.0,0.5153583617745682,-0.6826923076919795,0.0,3.126760563375878,0.18857142857132084,182.0,172.0,175.0,71.0,189.0,64.0,33.0,222.0,2.3048576214401497,0.949907235621345,1
0.2962962962961591,0.7844827586203516,0.2669683257917344,0.7542372881352737,0.4771506889998867,0.19308357348697605,-0.47272727272684295,2.8251939087378664,1.4785714285703726,0.3580246913575827,118.0,76.0,81.0,140.0,203.0,25.0,29.0,207.0,1.482926829267931,0.4347826086955577,1
0.07103825136610081,0.4666666666664837,0.28524590163925073,0.723502304147132,0.43445569464263606,-0.023498694516965145,-0.5683453237405983,2.536416122845827,0.9540816326525745,0.27522935779791263,157.0,170.0,109.0,196.0,70.0,68.0,30.0,187.0,1.9624819624816792,1.3842239185747114,1
0.3776223776222456,0.6666666666664488,0.3873239436618355,0.9844357976649867,0.43528894745232233,0.12831858407076807,-0.9550561797742078,2.5416342405888384,1.2944162436541653,0.022988505747100013,130.0,89.0,87.0,197.0,197.0,51.0,2.0,255.0,1.4099009900987307,0.7364620938626829,1
0.3387096774192638,0.040540540540513155,0.20873786407761924,0.3050847457624533,0.18751000796962022,-0.5276073619630284,-0.5980392156859814,1.4615687813249376,0.3092369477910405,0.25153374233113407,255.0,123.0,163.0,249.0,54.0,71.0,41.0,77.0,1.311999999999825,2.0805860805853187,1
0.06896551724135949,0.22480620155021336,0.06590257879654272,0.3277310924366994,0.6651578173008936,-0.403773584905508,-0.6059113300489627,4.9729630907341065,0.4247311827954706,0.24539877300598445,251.0,162.0,163.0,186.0,56.0,50.0,40.0,79.0,1.7030223390273713,1.7021276595737438,1
-0.06393861892581486,0.27093596059099956,0.005494505494503985,0.49132947976850216,0.9778814803375911,-0.17307692307686762,-0.6088888888886183,10.0,0.7049180327865001,0.2430939226517994,191.0,208.0,181.0,183.0,94.0,74.0,44.0,129.0,2.106329113923784,1.595687331535958,1
-0.17408906882584047,0.5652173913041021,-0.21839080459761748,0.6363636363633471,1.0,0.276595744680753,-0.5979899497484432,0.0,1.764705882351211,0.25157232704386695,180.0,145.0,159.0,102.0,70.0,50.0,40.0,180.0,2.027972027971673,1.1428571428568164,1
0.10952380952378345,0.3986928104572558,0.010845986984813266,0.31288343558263015,0.9329935046036579,-0.37058823529400864,-0.6056338028166882,10.0,0.45922746781096174,0.2456140350876116,183.0,187.0,228.0,233.0,88.0,46.0,56.0,107.0,1.8936708860757097,1.2822299651563478,1
0.038560411311044075,0.43478260869533714,0.05208333333331977,0.3846153846151157,0.7614678897337955,-0.34219269102978667,-0.6106194690262785,7.384615370433682,0.4900990099007475,0.24175824175810895,236.0,187.0,182.0,202.0,80.0,39.0,44.0,99.0,1.8423645320194775,1.214007782100695,1
0.20952380952375965,0.7899543378991827,0.149321266968292,0.726872246695715,0.6591591590838686,-0.12888888888886024,-0.7168949771686225,4.867841406430608,0.7716535433067828,0.1648936170211889,176.0,166.0,188.0,254.0,142.0,23.0,31.0,196.0,1.7427821522307423,0.4791666666665419,1
0.02439024390243159,0.7205240174669343,0.10526315789470223,0.7828054298638992,0.7629391256850485,0.07945205479449878,-0.6999999999995625,7.436651576644669,1.1726190476183498,0.17647058823516437,168.0,160.0,136.0,168.0,53.0,32.0,24.0,197.0,1.9512195121948244,0.815286624203562,1
-0.25619834710736744,0.6363636363633609,-0.23295454545447927,0.5119999999997952,1.0,0.16666666666661523,-0.5611510791364889,0.0,1.3999999999989632,0.28110599078328063,169.0,228.0,217.0,135.0,114.0,42.0,61.0,189.0,2.399999999999684,0.8682170542633416,1
0.09134615384613189,0.49038461538437966,0.16112531969305344,0.7032967032963169,0.6272068146361998,-0.1884816753926208,-0.7172774869106193,4.364904933623213,0.6828193832596111,0.16463414634136303,197.0,189.0,164.0,227.0,131.0,53.0,27.0,155.0,1.885286783042159,1.0816326530609486,1
-0.17156862745093834,0.45631067961150285,-0.20283018867919744,0.7307692307689497,1.0,0.1421319796953954,-0.7586206896549108,0.0,1.3313609467447745,0.1372549019607305,196.0,239.0,255.0,169.0,187.0,84.0,35.0,225.0,2.2680901542108813,1.1586206896549727,1
0.22115384615373984,0.771929824561065,0.11894273127748065,0.8280542986421593,0.7488002019921564,0.227963525835797,-0.6806722689069911,6.961789838289643,1.5905511811011097,0.18999999999981,200.0,81.0,100.0,127.0,141.0,26.0,19.0,202.0,1.3251533742328578,0.5265822784808794,1
0.11671924290217138,0.3578947368419169,0.48739495798298854,0.6329113924046628,0.1298898594641843,-0.15686274509798795,-0.3555555555551605,1.2985595807023043,0.7288135593216222,0.4754098360647944,241.0,140.0,61.0,177.0,80.0,61.0,29.0,129.0,1.6045845272204005,1.4743202416913976,1
0.5062761506274033,0.5857142857140766,0.818181818181405,0.9733333333329008,0.08660351826312564,0.10447761194027252,-0.714285714282313,1.1896296294843025,1.2333333333326482,0.16666666666574076,61.0,59.0,18.0,180.0,126.0,58.0,3.0,222.0,1.3147632311974053,0.9999999999997845,1
0.145205479452015,0.18367346938756768,0.23303834808252713,0.14851485148500146,-0.22152480092206364,-0.5655430711608369,-0.502890173410114,0.637297906731974,0.27751196172235526,0.33076923076897635,168.0,156.0,130.0,209.0,108.0,40.0,43.0,58.0,1.811320754716718,1.3008130081295526,1
-0.16535433070861802,0.21818181818161983,-0.03636363636362534,0.1260504201679613,1.0,-0.407079646017519,-0.5336322869952764,0.0,0.42138364779847715,0.30409356725128417,194.0,222.0,171.0,159.0,78.0,43.0,52.0,67.0,2.228356336260699,1.4891774891768446,1
-0.32903225806441,-0.4666666666662222,-0.28767123287661384,-0.5044247787606155,0.27364554640711514,-0.5757575757571396,-0.3772893772892391,1.753476612492282,0.26923076923051037,0.4521276595742276,209.0,206.0,188.0,104.0,92.0,77.0,85.0,28.0,2.2731034482755486,2.2481751824809315,1
-0.10780669144977406,0.20245398772993717,-0.19732441471565307,0.24050632911377184,1.0,-0.10091743119261426,-0.49790794979058667,0.0,0.8166666666659861,0.3351955307260697,206.0,149.0,179.0,120.0,111.0,65.0,60.0,98.0,1.910256410256104,1.5339233038343558,1
-0.06987951807227231,0.12162162162153946,-0.10440835266818924,0.3279999999997376,1.0,-0.39855072463753677,-0.69999999999975,0.0,0.4300518134712798,0.17647058823521997,129.0,222.0,238.0,193.0,158.0,65.0,42.0,83.0,2.31853785900753,1.4016172506734768,1
-0.0027700831024923076,0.20958083832322782,0.01983002832860628,0.3377483443706373,0.8890870931406162,-0.28113879003548714,-0.5515695067262101,10.0,0.5611111111107995,0.28901734104029536,255.0,181.0,173.0,180.0,150.0,66.0,50.0,101.0,1.8168130489332726,1.3785900783286218,1
-0.23183391003452186,0.5406698564590715,-0.325227963525737,0.6345177664971399,1.0,0.18382352941169713,-0.7165354330705841,0.0,1.4504504504491438,0.16513761467882335,132.0,178.0,218.0,111.0,38.0,48.0,36.0,161.0,2.377295492487082,1.301694915253796,1
-0.3019390581716615,0.9354838709647243,-0.3133514986375168,-0.032258064516077004,-0.8133265516089049,-0.615384615384221,-0.7655677655674852,0.10294530157549198,0.23809523809504912,0.13278008298749677,167.0,235.0,241.0,126.0,18.0,1.0,32.0,30.0,2.4639580602880122,0.15999999999967998,1
-0.5249042145591859,0.6499999999995938,-0.5724137931032509,0.23364485981297495,-1.0,0.36082474226785527,-0.470967741935332,0.0,2.1290322580610823,0.35964912280685984,165.0,199.0,228.0,62.0,72.0,28.0,82.0,132.0,2.5471999999995925,0.8615384615381302,1
-0.1796116504853933,0.3642857142855842,-0.1243523316061854,0.660869565217104,1.0,0.06111111111109414,-0.6953124999997284,0.0,1.1301775147922308,0.17972350230406464,182.0,243.0,217.0,169.0,68.0,89.0,39.0,191.0,2.322580645161013,1.6292906178485975,1
-0.018087855297152948,0.29260450160762297,0.09826589595372882,0.7033898305081766,0.7548426519070327,0.028132992327358535,-0.6335078534028097,7.158025914947993,1.0578947368415486,0.22435897435883057,171.0,197.0,156.0,190.0,119.0,110.0,35.0,201.0,2.08741721854277,1.6296296296293278,1
-0.5904761904759094,0.6916996047428097,-0.47878787878758866,0.8448275862065324,1.0,0.6653696498051886,-0.7428571428566123,0.0,4.976744186034938,0.14754098360643644,188.0,167.0,122.0,43.0,91.0,39.0,18.0,214.0,2.3646017699110855,0.8146214099214584,1
-0.049056603773566396,0.5024875621888047,0.27918781725874153,0.7062146892651378,0.43335273569523114,0.09025270758119486,-0.4639175257727176,2.5295326133721994,1.1984126984117474,0.36619718309807575,255.0,139.0,71.0,126.0,120.0,50.0,26.0,151.0,1.6874051593320656,1.0781671159026744,1
0.474747474747235,0.394422310756815,0.3212669683256465,0.7766497461924992,0.4147698744391867,0.09034267912769772,-0.5463917525767563,2.4174590683830157,1.1986301369854806,0.2933333333329422,203.0,52.0,75.0,146.0,183.0,76.0,22.0,175.0,0.9183222958055368,1.1921568627448642,1
0.01809954751130812,-0.12230215827329331,0.11662531017366834,0.7183098591539179,0.7206362493901793,-0.5734265734263729,-0.8936170212761205,6.159124957252936,0.2711111111109906,0.05617977528086732,162.0,217.0,178.0,225.0,108.0,78.0,10.0,61.0,2.1144945188791575,1.9199999999994093,1
-0.1233480176211182,0.2954545454542097,-0.1233480176211182,0.6285714285705306,1.0,-0.5546874999997834,-0.9029850746265288,0.0,0.2864321608038762,0.05098039215684275,132.0,255.0,255.0,199.0,20.0,31.0,13.0,57.0,2.4256837098689146,1.7841726618692202,1
0.1999999999999403,0.3548387096771332,0.1452991452991039,0.3333333333330688,0.3928571427748487,-0.41052631578932963,-0.5624999999997071,2.2941176454787637,0.4179104477609861,0.27999999999981334,223.0,134.0,150.0,201.0,59.0,40.0,42.0,84.0,1.5491329479766547,1.434977578474693,1
0.14795918367343164,0.5999999999996757,0.41955835962131877,0.7011494252869535,0.2512618092177848,-0.20643431635383205,-0.5593220338978311,1.6711606598726207,0.6577777777774855,0.28260869565186675,208.0,167.0,92.0,225.0,83.0,37.0,26.0,148.0,1.7418513689697859,0.9704918032783704,1
0.04273504273503056,0.6994818652846118,0.1192660550458351,0.6820512820509324,0.7023250351401077,-0.05475504322764993,-0.6457142857139168,5.7187376677877015,0.8961748633874885,0.2152777777776283,124.0,168.0,144.0,183.0,93.0,29.0,31.0,164.0,2.0902021772936097,0.7365079365077027,1
-0.10731707317070553,0.3951219512193195,-0.14685314685311263,0.3684210526314027,1.0,-0.12269938650302985,-0.576923076922892,0.0,0.7814207650268955,0.2682926829267202,141.0,227.0,246.0,183.0,139.0,62.0,66.0,143.0,2.3341902313621676,1.2216748768469898,1
-0.5390334572488703,0.2812499999997803,-0.5782312925168102,0.5045871559628399,-1.0,0.13888888888879244,-0.791505791505486,0.0,1.322580645159157,0.11637931034477743,121.0,207.0,232.0,62.0,98.0,46.0,27.0,82.0,2.7738693467332034,1.352941176470091,1
0.05483028720625201,-0.9999999999857143,0.17441860465111209,-0.99999999995,1.0,-0.9999999999995051,-0.9722222222215472,0.0,0.0,0.014084507042243604,193.0,181.0,142.0,202.0,86.0,7.0,2.0,0.0,1.9128137384409625,0.55999999999944,1
-0.08860759493667147,0.270270270269905,-0.21167883211671107,-0.02083333333331163,-0.8207979074819657,-0.39354838709652035,-0.5441860465113748,0.09841954027631321,0.4351851851847822,0.29518072289138847,162.0,129.0,166.0,108.0,65.0,27.0,49.0,47.0,1.9545454545450842,1.3012048192763246,1
-0.053892215568846144,0.05202312138725317,-0.07058823529409688,0.21333333333319113,1.0,-0.26907630522077547,-0.5103734439831907,0.0,0.5759493670882431,0.32417582417564605,118.0,176.0,182.0,158.0,95.0,82.0,59.0,91.0,2.2420382165601525,1.8742857142851788,1
-0.056179775280877836,0.26368159203966984,0.10526315789469068,0.2512315270934723,0.40945454533966724,0.003952569169958912,-0.14606741573025503,2.386699505121669,1.0079365079357079,0.7450980392149558,140.0,141.0,102.0,126.0,113.0,74.0,76.0,127.0,2.058394160583566,1.5257731958758955,1
-0.14358974358970678,0.7905759162299526,-0.08493150684929181,0.5833333333330633,1.0,0.011834319526623718,-0.6296296296293705,0.0,1.0239520958077701,0.2272727272726125,193.0,223.0,198.0,167.0,121.0,20.0,45.0,171.0,2.2133995037218095,0.48192771084322833,1
-0.30645161290314343,0.3586956521737181,-0.16233766233760963,0.4619883040932971,1.0,-0.015748031496056792,-0.5911111111108485,0.0,0.9689922480612645,0.25698324022332014,195.0,243.0,179.0,129.0,105.0,59.0,46.0,125.0,2.3999999999997037,1.35632183908007,1
0.541528239202478,0.6535433070863569,0.27823691460047434,0.679999999999728,0.41927322902703124,-0.04977375565609734,-0.5321637426897473,2.4439603951609254,0.9051724137927133,0.3053435114501486,176.0,69.0,131.0,232.0,207.0,44.0,40.0,210.0,1.0109890109888258,0.697029702970159,1
-0.04303797468353341,0.044943820224693856,-0.03076923076922288,0.2317880794700452,1.0,-0.3404255319147729,-0.552123552123339,0.0,0.49206349206323174,0.2885572139302047,169.0,206.0,201.0,189.0,106.0,85.0,58.0,93.0,2.140259740259462,1.8428184281837825,1
-0.41666666666655094,-0.12643678160905006,-0.31147540983596345,0.9999999999973683,1.0,-0.4685314685311409,-0.9999999999995001,0.0,0.3619047619044172,0.0,134.0,255.0,200.0,105.0,52.0,49.0,0.0,38.0,2.7236315086778737,2.0851063829776146,1
0.1311953352769297,0.6374269005844226,0.06593406593404783,0.9444444444437886,0.8694864047477301,-0.16167664670653842,-0.954022988505199,10.0,0.7216494845357105,0.023529411764692042,193.0,149.0,170.0,194.0,0.0,31.0,4.0,140.0,1.7401459854012058,1.22772277227662,1
0.215017064846343,0.7236842105258398,0.20270270270263424,0.9999999999992367,0.6629213482593682,-0.15210355987050095,-0.9999999999991526,4.933333330897456,0.7359550561793619,0.0,191.0,115.0,118.0,178.0,0.0,21.0,0.0,131.0,1.535893155258508,0.9710982658953925,1
0.29518072289147734,0.30434782608669186,0.27596439169131276,0.9999999999986666,0.5674418604202932,-0.4827586206894887,-0.9999999999991803,3.62365591266165,0.34883720930216333,0.0,145.0,117.0,122.0,215.0,47.0,40.0,0.0,75.0,1.5757575757573103,1.5841584158408,1
0.08997429305910283,0.2957746478871851,0.026634382566579507,0.491891891891626,0.897268917995438,-0.21142857142851101,-0.6209677419352335,10.0,0.6509433962261081,0.23383084577102797,135.0,177.0,201.0,212.0,119.0,75.0,47.0,138.0,2.0199714693292408,1.474201474201112,1
-0.2711864406778895,0.3764705882350727,-0.29508196721303415,0.9338842975198893,1.0,-0.04878048780485822,-0.9668049792527109,0.0,0.9069767441853435,0.016877637130794567,132.0,225.0,237.0,129.0,83.0,53.0,4.0,117.0,2.5316455696198967,1.385620915032227,1
-0.0028653295128931618,0.8974358974347468,0.029585798816559296,0.9999999999986486,0.9425287355405805,-0.40322580645145034,-0.9999999999993903,10.0,0.4252873563215947,0.0,192.0,175.0,164.0,174.0,71.0,4.0,0.0,74.0,1.9553072625695591,0.20915032679724893,1
-0.12345679012341869,0.5081967213110589,-0.05016722408025078,0.7037037037030521,1.0,-0.21367521367512238,-0.815028901733633,0.0,0.6478873239432058,0.1019108280254128,151.0,182.0,157.0,142.0,106.0,30.0,16.0,92.0,2.216133942161002,0.9302325581391744,1
-0.062200956937784165,0.5307262569829437,-0.06443914081144048,0.5657142857139625,1.0,-0.17717717717712397,-0.7088122605361269,0.0,0.6989795918363781,0.1704035874438698,131.0,222.0,223.0,196.0,89.0,42.0,38.0,137.0,2.3035019455249928,1.0838709677415859,1
0.05333333333331556,0.5279503105586784,0.2539682539681532,0.7202797202792166,0.47863734756383414,-0.12455516014230443,-0.6491228070169744,2.8361013974838256,0.7784810126577352,0.21276595744658217,145.0,142.0,94.0,158.0,183.0,38.0,20.0,123.0,1.9352640545141506,0.795811518324399,1
-0.05714285714284082,0.7176470588231073,0.034482758620678844,0.871794871794313,0.9239024389224215,-0.06109324758840479,-0.8780487804872695,10.0,0.8848484848479486,0.06493506493502277,141.0,185.0,154.0,165.0,87.0,24.0,10.0,146.0,2.1893491124257114,0.68327402135207,1
-0.07878787878785491,0.2817679558009493,-0.03492063492062383,0.7709923664116253,1.0,-0.1343283582089051,-0.8314606741568363,0.0,0.7631578947363401,0.09202453987724417,165.0,178.0,163.0,152.0,165.0,65.0,15.0,116.0,2.115898959880815,1.2652068126517604,1
0.1620553359683154,0.5333333333331556,-0.0033898305084734274,0.7037037037034432,1.0,0.22015915119357557,-0.5744680851060775,0.0,1.5646258503390718,0.27027027027008765,99.0,106.0,148.0,147.0,201.0,70.0,40.0,230.0,1.8515283842790717,0.980735551663576,1
-0.08626198083064338,0.6533333333328978,-0.040268456375825414,0.3405405405403565,1.0,-0.07116104868911192,-0.4351851851849837,0.0,0.8671328671322608,0.39354838709652035,60.0,170.0,155.0,143.0,139.0,26.0,61.0,124.0,2.504604051564916,0.6603174603172507,1
-0.4655172413791766,0.5151515151509948,-0.452941176470455,0.562499999999414,1.0,-0.10714285714279337,-0.8432835820892376,0.0,0.8064516129023587,0.08502024291494534,105.0,255.0,247.0,93.0,60.0,24.0,21.0,75.0,2.8813559322029825,1.0491803278682792,1
0.0991501416430314,-0.1379310344825208,0.010416666666663955,0.9999999999960001,0.9793814432019644,-0.7716894977165426,-0.9999999999994738,10.0,0.1288659793813769,0.0,193.0,159.0,190.0,194.0,97.0,33.0,0.0,25.0,1.80425531914868,1.4042553191481892,1
0.08960573476699298,-0.47368421052382276,0.32173913043464275,0.99999999998,0.5131578946908111,-0.9363057324834801,-0.9999999999987179,3.1081081070812635,0.032894736842083626,0.0,180.0,127.0,78.0,152.0,135.0,14.0,0.0,5.0,1.733788395904141,0.6666666666662698,1
-0.1419141914190951,0.11392405063276718,-0.02985074626864558,0.5999999999989091,1.0,-0.49425287356293435,-0.8523489932880186,0.0,0.33846153846127813,0.07971014492747848,118.0,173.0,138.0,130.0,100.0,35.0,11.0,44.0,2.3299663299659374,1.3084112149526597,1
-0.07984790874521679,0.29824561403491334,-0.17966101694909165,0.40506329113898415,1.0,-0.04310344827584349,-0.574660633483903,0.0,0.9173553719000683,0.2701149425285804,126.0,142.0,174.0,121.0,68.0,60.0,47.0,111.0,2.1393596986813295,1.605351170568025,1
0.0807799442896711,0.3548387096770378,0.11494252873559915,0.29896907216464025,0.44460349259197174,-0.5097276264589456,-0.6382978723400861,2.6010309255702206,0.32474226804106976,0.22077922077907744,80.0,165.0,154.0,194.0,44.0,30.0,34.0,63.0,2.185430463575797,1.4371257485021336,1
0.24781341107864496,0.38775510204042063,0.2369942196531107,0.9999999999985294,0.6168224298563114,-0.5177304964537172,-0.9999999999992425,4.219512193336537,0.31775700934564594,0.0,159.0,129.0,132.0,214.0,2.0,30.0,0.0,68.0,1.6354992076067139,1.8461538461524263,1
0.08387096774190843,0.6904761904757796,0.12751677852344714,0.7861635220120843,0.7208722164968427,-0.08387096774190843,-0.7687074829926744,6.165177088840985,0.8452380952375922,0.1307692307691302,161.0,142.0,130.0,168.0,72.0,26.0,17.0,142.0,1.853181076671802,0.7819548872177512,1
-0.3510638297871407,0.5159235668786524,-0.27810650887565735,0.7499999999994486,1.0,-0.012448132780077822,-0.8540772532185176,0.0,0.9754098360647743,0.07870370370366728,108.0,254.0,216.0,122.0,107.0,38.0,17.0,119.0,2.7533875338749656,1.0066225165559581,1
0.2388451443568927,0.5041322314047504,0.4174174174172921,0.8762886597933628,0.3546951277603706,-0.12918660287078249,-0.7798165137607524,2.0993102420242473,0.7711864406776394,0.12371134020605802,143.0,145.0,97.0,236.0,157.0,60.0,12.0,182.0,1.7339312406574388,1.0457516339867003,1
-0.004115226337446866,0.2727272727270248,0.012552301255224874,0.18644067796594369,0.8738417672015869,-0.26701570680614295,-0.4216867469876978,10.0,0.5785123966937368,0.4067796610166044,223.0,122.0,118.0,121.0,83.0,40.0,48.0,70.0,1.659863945577949,1.3733905579393249,1
0.40462427745653046,0.5231316725976787,0.5627009646300442,0.6398467432947741,0.06415194852555305,-0.06345733041574105,-0.18260869565201512,1.137099069310714,0.8806584362136294,0.6911764705872189,191.0,103.0,68.0,243.0,207.0,67.0,47.0,214.0,1.2874999999997987,0.9657657657655917,1
0.24890829694312275,0.44578313252994145,0.19166666666658683,0.4229249011856036,0.3762795433226746,0.11455108359129582,-0.14117647058815225,2.2065647006875997,1.2587412587403786,0.752577319586853,82.0,86.0,97.0,143.0,87.0,69.0,73.0,180.0,1.7329974811078759,1.3629629629626265,1
-0.07590759075905086,0.807692307691531,-0.11671924290217138,0.7090909090902644,1.0,-0.1965811965811126,-0.8341968911912777,0.0,0.6714285714280919,0.09039548022593763,121.0,163.0,177.0,140.0,1.0,10.0,16.0,94.0,2.2214650766606097,0.6956521739124385,1
0.019999999999996,0.53999999999946,0.0,0.3873873873870384,0.9999999997418605,-0.5361445783130916,-0.7647058823526766,10.0,0.30196078431360707,0.13333333333328104,251.0,245.0,255.0,255.0,102.0,23.0,34.0,77.0,1.9678714859435775,0.8177777777774143,1
0.3297297297296406,0.4017094017092301,0.45562130177501314,0.6318407960195862,0.16204656197742062,-0.19999999999995122,-0.42635658914695634,1.386767461089679,0.6666666666663957,0.4021739130430411,255.0,124.0,92.0,246.0,215.0,70.0,37.0,164.0,1.3244325767688485,1.0789980732175184,1
0.18577075098806886,0.6806722689072771,0.2711864406778512,0.731601731601415,0.4591351429995021,0.14285714285710205,-0.4700854700850683,2.6977813842865537,1.3333333333324446,0.36046511627865063,185.0,103.0,86.0,150.0,169.0,38.0,31.0,200.0,1.5231053604433413,0.6831460674155768,1
0.0338983050847314,0.23999999999984,0.12962962962956961,0.9999999999989247,0.7704918032103566,-0.13488372093016984,-0.9999999999989362,7.71428570832997,0.7622950819665882,0.0,85.0,114.0,94.0,122.0,192.0,57.0,0.0,93.0,2.096551724137449,1.1428571428568564,1
-0.24590163934416154,0.06306306306300624,-0.36111111111098576,-0.024793388429731576,-0.8715050567398719,-0.21854304635747118,-0.5193798449610391,0.06865861413213982,0.6413043478253899,0.31632653061208355,208.0,152.0,196.0,92.0,74.0,52.0,62.0,59.0,2.0132450331122493,1.7552742616026349,1
-0.002597402597401923,0.44654088050286384,-0.08571428571426531,0.608391608391183,1.0,-0.2508143322474753,-0.7812499999996949,0.0,0.5989583333330214,0.1228070175438058,158.0,193.0,228.0,192.0,114.0,44.0,28.0,115.0,2.0978260869562364,1.1104100946368738,1
-0.26436781609187804,-0.518987341771495,-0.260115606936341,0.11764705882318338,-1.0,-0.7414965986389515,-0.8712446351927592,0.0,0.14843749999988404,0.06880733944950973,137.0,220.0,218.0,128.0,66.0,60.0,15.0,19.0,2.4964539007088655,2.3414634146330044,1
-0.6370656370653911,0.36507936507907535,-0.64393939393915,0.7731958762878627,1.0,0.29323308270654647,-0.9035087719294284,0.0,1.82978723403866,0.05069124423960798,104.0,212.0,217.0,47.0,26.0,40.0,11.0,86.0,2.9495652173907914,1.6666666666657988,1
-0.17341040462422735,0.4766355140182461,-0.04983388704317281,0.410714285713919,1.0,-0.28828828828815845,-0.6544502617797621,0.0,0.5524475524471661,0.20886075949353872,187.0,203.0,158.0,143.0,55.0,28.0,33.0,79.0,2.206521739130135,1.1789473684204321,1
0.14893617021272634,0.3999999999997647,0.24137931034475824,0.619047619047198,0.4389312976587519,-0.2895522388058837,-0.6499999999995938,2.5646258492766405,0.5509259259256709,0.21212121212105145,226.0,160.0,132.0,216.0,134.0,51.0,28.0,119.0,1.6797900262464986,1.1492957746475636,1
0.22222222222204585,0.06382978723399729,-0.04347826086953822,0.3761467889904806,1.0,-0.01315789473683345,-0.4237288135589629,0.0,0.974025974024709,0.4047619047614229,235.0,49.0,84.0,77.0,135.0,66.0,34.0,75.0,0.9560975609753766,1.5438596491223557,1
0.33096085409240894,0.5782312925168102,0.5714285714283314,0.705882352940917,0.10526315788652178,0.10739856801906746,-0.12087912087898804,1.235294117430947,1.2406417112292831,0.7843137254886582,176.0,94.0,51.0,187.0,120.0,62.0,40.0,232.0,1.3647912885659954,1.0420168067224702,1
0.01840490797545448,0.3249999999995937,-0.0320699708454717,-0.2089552238804411,0.7338869835143464,-0.5159817351595818,-0.37209302325566973,6.515603819499764,0.3192771084335426,0.4576271186438093,232.0,160.0,177.0,166.0,169.0,27.0,81.0,53.0,1.7827298050136793,0.7826086956518904,1
0.24290220820181613,0.37288135593188737,0.19393939393933518,0.5140186915883046,0.4521161692294302,-0.4172661870502096,-0.6729559748423442,2.6504088771363814,0.4111675126901466,0.1954887218043643,167.0,120.0,133.0,197.0,170.0,37.0,26.0,81.0,1.5894039735096706,0.9107692307689506,1
0.7647058823526766,0.6687116564413076,0.44886363636350884,0.7324840764326546,0.24008210027666516,-0.3043478260868787,-0.6440677966096237,1.6318632585248485,0.5333333333331242,0.21649484536060154,255.0,34.0,97.0,255.0,68.0,27.0,21.0,136.0,0.4705882352940362,0.8372093023252569,1
0.0813648293963041,0.6776315789471455,0.21533923303828456,0.36363636363626645,0.2561371004652684,0.10629067245117,-0.055555555555533515,1.6886674961025323,1.2378640776693022,0.8947368421045905,225.0,175.0,133.0,206.0,181.0,49.0,119.0,255.0,1.7925736235593095,0.7340823970036078,1
0.14917127071819083,0.6446700507610941,0.5757575757573576,0.39655172413776013,-0.18430951099665235,-0.12432432432429073,0.11111111111102293,0.6887477312777986,0.7788461538457795,1.2499999999977678,228.0,154.0,56.0,208.0,171.0,35.0,70.0,162.0,1.655913978494401,0.6947890818856837,1
0.14285714285710507,0.48288973384012057,0.24495677233422336,0.7410714285710978,0.5031444899152505,-0.05109489051093648,-0.6374999999996016,3.025315124814901,0.9027777777773599,0.22137404580135775,106.0,162.0,131.0,216.0,162.0,68.0,29.0,195.0,2.0061919504640855,1.1034482758618451,1
-0.10034602076121096,0.5169082125601367,-0.12162162162158054,0.5699999999997151,1.0,0.09407665505223203,-0.5885167464112017,0.0,1.2076923076913788,0.2590361445781572,183.0,159.0,166.0,130.0,69.0,50.0,43.0,157.0,2.0158478605385075,1.2269938650302985,1
0.0,0.3831775700932789,0.0,0.8853503184707737,0.9999999998870504,-0.2655086848634577,-0.9318181818178289,10.0,0.5803921568625175,0.03529411764704499,255.0,255.0,255.0,255.0,69.0,66.0,9.0,148.0,1.999999999999804,1.5128939828075896,1
-0.22850122850117235,0.4850299401194701,-0.19072164948448694,0.9224806201543237,1.0,-0.11743772241988704,-0.9576271186436621,0.0,0.7898089171969492,0.021645021645012277,130.0,250.0,231.0,157.0,108.0,43.0,5.0,124.0,2.541296060990782,1.081761006288968,1
-0.1563981042653658,0.362318840579185,-0.1359223300970544,0.28767123287631824,1.0,-0.5822222222219635,-0.7999999999996923,0.0,0.26404494382007637,0.11111111111106363,233.0,244.0,234.0,178.0,38.0,22.0,26.0,47.0,2.171301446050926,1.3643410852702604,1
0.07838479809974386,0.5692307692298935,0.3159420289854157,0.8545454545439009,0.4601530841563926,-0.6330935251796284,-0.9344262295074308,2.70475396077447,0.22466960352413012,0.033898305084717036,255.0,194.0,118.0,227.0,80.0,14.0,4.0,51.0,1.7839080459768064,0.7044025157228275,1
0.1478260869564789,0.3717948717946335,0.18208955223875162,0.6461538461533491,0.5602994177309142,-0.2983606557376071,-0.7124999999995547,3.5485498088944287,0.5404040404037675,0.1678832116787096,201.0,147.0,137.0,198.0,199.0,49.0,23.0,107.0,1.6969696969694519,0.9702970297027301,1
0.015228426395931357,0.3586956521737181,-0.16317991631792336,0.6666666666662223,1.0,0.11111111111106173,-0.6951219512190884,0.0,1.2499999999987499,0.1798561151077843,163.0,97.0,139.0,100.0,99.0,59.0,25.0,125.0,1.6980306345729326,1.380116959063924,1
0.24358974358966554,0.5428571428568844,0.34256055363309945,0.9999999999993828,0.4896907216129071,-0.08988764044941296,-0.9999999999989474,2.9191919183389596,0.8350515463913222,0.0,113.0,118.0,95.0,194.0,86.0,48.0,0.0,162.0,1.7384898710862358,1.1162790697671174,1
-0.0034129692832752857,0.6391752577316293,-0.05501618122975566,0.4859813084109879,1.0,0.04262295081965816,-0.49541284403647,0.0,1.089041095889665,0.3374233128832286,138.0,147.0,163.0,146.0,177.0,35.0,55.0,159.0,2.0346020761242154,0.6896551724136233,1
0.057268722466935124,0.705479452054553,-0.0361445783132385,0.8513011152413192,1.0,0.3495934959348646,-0.7315436241605829,0.0,2.074999999998271,0.1550387596898023,139.0,107.0,129.0,120.0,209.0,43.0,20.0,249.0,1.8097251585619853,0.6323529411763543,1
0.3567839195978107,0.43646408839754897,0.40624999999978845,0.5662650602406227,0.16453735964235242,-0.018867924528294767,-0.2258064516126604,1.3938832248653028,0.9629629629622497,0.631578947367313,129.0,64.0,57.0,135.0,31.0,51.0,36.0,130.0,1.3061224489792587,1.5513307984784976,1
-0.2957746478871851,0.7565217391301059,-0.23469387755090068,0.32894736842094446,1.0,0.45848375451246987,-0.0852017937219349,0.0,2.693333333329742,0.8429752066108736,132.0,138.0,121.0,75.0,123.0,28.0,102.0,202.0,2.2857142857138126,0.5879265091861974,1
0.15447154471538438,0.7777777777772977,0.3523809523807846,0.4048780487802903,0.0693251533650726,0.006993006993004548,-0.05426356589143081,1.1489782462131475,1.0140845070415394,0.8970588235280925,237.0,104.0,68.0,142.0,97.0,18.0,61.0,144.0,1.417376490630082,0.5198555956676824,1
0.44886363636350884,0.5487179487176673,0.4010989010987909,0.509999999999745,0.11952719815345668,-0.2561576354679172,-0.37974683544279764,1.271506848997776,0.5921568627448659,0.4495412844032573,151.0,97.0,109.0,255.0,89.0,44.0,49.0,151.0,1.2933333333331176,1.0731707317069898,1
0.10055865921784901,0.38383838383819,0.16224188790555685,0.7124999999995547,0.6290519748046894,-0.17964071856282046,-0.7212121212116842,4.391590906382643,0.6954314720808653,0.16197183098580145,144.0,161.0,142.0,197.0,161.0,61.0,23.0,137.0,1.9426847662138849,1.1619047619044853,1
-0.0955710955710733,0.2830188679243503,-0.13585746102446863,0.9999999999990196,1.0,-0.31081081081070583,-0.9999999999996079,0.0,0.5257731958760177,0.0,252.0,235.0,255.0,194.0,80.0,57.0,0.0,102.0,2.0524017467246667,1.54054054054002,1
-0.4238410596025087,0.6373056994815351,-0.43137254901946687,0.9999999999993672,1.0,0.2897959183672287,-0.9999999999995435,0.0,1.816091954020901,0.0,145.0,215.0,219.0,87.0,97.0,35.0,0.0,158.0,2.5981873111778553,0.8615384615381965,1
-0.03971119133572574,-0.46666666666614814,-0.12786885245897447,0.2972972972964938,1.0,-0.6942675159231247,-0.8594594594589949,0.0,0.18045112781941322,0.07558139534879327,236.0,144.0,172.0,133.0,110.0,66.0,13.0,24.0,1.7534246575339796,1.9849624060142914,1
0.18518518518509947,0.304347826086736,0.2864321608038762,0.714285714285034,0.4275466283645527,-0.17431192660542463,-0.6511627906969173,2.4937343349678573,0.7031249999994508,0.21126760563350525,88.0,88.0,71.0,128.0,114.0,48.0,15.0,90.0,1.7959183673464807,1.2799999999995735,1
0.16666666666660881,0.7696335078530002,0.03384615384614343,0.6568627450977172,0.901995894528082,0.0029673590504442236,-0.6354166666663358,10.0,1.0059523809517823,0.22292993630559052,135.0,120.0,157.0,168.0,147.0,22.0,35.0,169.0,1.7679558011046466,0.4888888888887531,1
-0.021276595744674383,0.6410256410250932,-0.12972972972969468,0.3913043478258034,1.0,-0.2529182879376448,-0.6653386454180616,0.0,0.5962732919250955,0.2009569377989469,199.0,168.0,209.0,161.0,79.0,21.0,42.0,96.0,1.9310344827583432,0.77419354838674,1
0.32124352331597894,0.3233082706764487,0.2561576354679172,0.6296296296290467,0.421627188417621,-0.48688046647216127,-0.7660818713445813,2.457977207015981,0.34509803921555093,0.13245033112574012,144.0,131.0,151.0,255.0,75.0,45.0,20.0,88.0,1.5854765506805468,1.4229249011852083,1
-0.14285714285710036,0.6279069767438941,-0.20661157024787696,0.7156862745094531,1.0,0.09717868338554948,-0.7661290322577556,0.0,1.215277777776934,0.13242009132414045,132.0,192.0,219.0,144.0,242.0,40.0,29.0,175.0,2.3272727272723746,0.6438631790743171,1
-0.2851063829786021,0.895910780668812,-0.35877862595406157,0.7114093959729156,1.0,0.5044247787609132,-0.6108597285065109,0.0,3.0357142857106716,0.24157303370772948,189.0,151.0,178.0,84.0,169.0,14.0,43.0,255.0,2.100869565217026,0.2477876106194142,1
0.19587628865959186,0.4252873563215947,-0.06451612903220603,0.49397590361416027,1.0,0.3626373626371634,-0.22222222222201646,0.0,2.1379310344790725,0.6363636363626721,95.0,39.0,66.0,58.0,62.0,50.0,42.0,124.0,1.350649350648766,1.3986013986009096,1
0.052631578947348635,0.5692307692304773,-0.027777777777768135,0.681318681318307,1.0,0.04436860068257872,-0.6723163841804112,0.0,1.0928571428563623,0.19594594594581358,207.0,126.0,148.0,140.0,107.0,42.0,29.0,153.0,1.682804674457148,0.9767441860462277,1
0.25991189427301326,0.1999999999998,0.48958333333307835,0.5789473684202908,0.08363263211081377,-0.40886699507369023,-0.5076923076915266,1.1825307948303099,0.4195804195801262,0.3265306122442316,142.0,84.0,49.0,143.0,85.0,40.0,16.0,60.0,1.483443708608944,1.4222222222215901,1
0.4498381877021198,0.6727272727266611,0.5033557046978177,0.4045801526714469,-0.10879133279490999,-0.4177215189872096,-0.30973451327406215,0.8037659031478628,0.4107142857141024,0.5270270270263148,96.0,85.0,74.0,224.0,74.0,18.0,39.0,92.0,1.3877551020405332,0.71287128712836,1
0.02884615384613998,0.5192307692305196,0.15675675675667203,0.9268292682921179,0.7106703977930181,0.19245283018860662,-0.8571428571418367,5.912531535336298,1.4766355140173115,0.0769230769229783,56.0,101.0,78.0,107.0,117.0,50.0,6.0,158.0,2.21369863013638,1.0666666666663822,1
-0.16504854368928032,-0.39622641509396583,-0.12911392405060024,0.23076923076878697,1.0,-0.6862745098035852,-0.8353909465017139,0.0,0.1860465116277988,0.08968609865466831,189.0,240.0,223.0,172.0,57.0,74.0,20.0,32.0,2.2829964328178023,2.497890295357596,1
-0.06122448979590052,0.375722543352384,0.0,0.9669421487595314,0.9999999998965812,-0.14999999999994643,-0.9754601226987881,10.0,0.7391304347821497,0.01242236024843949,201.0,182.0,161.0,161.0,51.0,54.0,2.0,119.0,2.005509641873002,1.553956834531815,1
0.09999999999995456,0.02777777777775849,0.012552301255224874,0.30973451327406215,0.9221047791256166,-0.24102564102551743,-0.5031847133754758,10.0,0.6115702479333789,0.3305084745759911,255.0,99.0,118.0,121.0,133.0,70.0,39.0,74.0,1.37979094076631,1.6138328530254715,1
0.11678832116784059,0.3999999999996667,0.05517241379308443,0.26315789473664425,0.6533637398174412,-0.29113924050620626,-0.47311827956963814,4.769736833458174,0.5490196078427785,0.3576642335763813,184.0,121.0,137.0,153.0,128.0,36.0,49.0,84.0,1.671848013816637,1.0140845070418965,1
0.21033210332095562,0.6063829787230818,0.003058103975534233,0.5811518324604288,0.989530804478722,-0.04126984126982817,-0.6059113300489627,10.0,0.9207317073165118,0.24539877300598445,176.0,107.0,163.0,164.0,152.0,37.0,40.0,151.0,1.5451263537903346,0.7851458885939562,1
0.09711286089236297,0.8545454545446777,0.1389645776566379,0.9999999999990196,0.7559808611774932,-0.344051446945227,-0.9999999999993672,7.196078426189099,0.48803827751172824,0.0,155.0,172.0,158.0,209.0,108.0,8.0,0.0,102.0,1.9435028248584825,0.2831858407078393,1
0.10059171597630161,0.07936507936501637,0.08454810495624357,0.6385542168667006,0.7661517535128224,-0.46456692913367537,-0.8255813953483573,7.5525550388375695,0.3655913978492658,0.0955414012738245,65.0,152.0,157.0,186.0,235.0,58.0,15.0,68.0,2.190990990990596,1.1073985680188287,1
-0.352517985611384,0.6350364963501333,-0.4098360655736361,0.6173285198553728,1.0,0.426751592356552,-0.604477611940073,0.0,2.4888888888861236,0.2465116279068621,146.0,188.0,215.0,90.0,208.0,50.0,53.0,224.0,2.4575163398688793,0.7518796992479789,1
-0.1274509803920944,0.8657718120799559,-0.2764227642275299,0.8533333333327645,1.0,0.2192982456139389,-0.8690476190471018,0.0,1.561797752807234,0.0700636942674713,127.0,115.0,157.0,89.0,123.0,10.0,11.0,139.0,2.0627802690578334,0.2836879432623108,1
0.326732673267165,0.3374999999997891,0.06772908366531166,0.5735294117642842,0.7887619916540012,-0.1120331950207004,-0.6027397260269844,8.467993067079181,0.7985074626859714,0.247863247863036,160.0,68.0,117.0,134.0,124.0,53.0,29.0,107.0,1.2651162790694732,1.2581602373883507,1
0.3957446808508954,0.17791411042933872,0.43231441048016056,0.5609756097556414,0.12953034525805898,-0.26153846153836097,-0.4130434782604206,1.2976102485291183,0.5853658536581797,0.4153846153839763,223.0,71.0,65.0,164.0,104.0,67.0,27.0,96.0,1.0737240075612335,1.6047904191611961,1
-0.9999999999985074,0.38571428571401023,-0.9999999999986666,0.3661971830983337,-1.0,0.999999999998969,-0.24999999999979167,0.0,10.0,0.5999999999992,74.0,67.0,75.0,0.0,124.0,43.0,45.0,97.0,2.576923076921838,1.1205211726380715,1
0.030612244897943567,0.3109243697476379,0.0412371134020406,0.4444444444440329,0.8301886790742864,-0.12849162011166007,-0.5121951219508031,10.0,0.7722772277220077,0.3225806451609435,150.0,95.0,93.0,101.0,100.0,41.0,30.0,78.0,1.723356009069904,1.2615384615379763,1
0.20979020979013643,0.15789473684201294,0.2581818181817243,0.47761194029815107,0.29822232053169306,-0.27205882352931177,-0.489051094890154,1.849905401847421,0.5722543352597849,0.3431372549016244,138.0,113.0,102.0,173.0,67.0,72.0,35.0,99.0,1.683426443202666,1.858064516128433,1
-0.15124153498867918,-0.999999999997619,-0.15124153498867918,-0.9999999999980392,0.7372549020244282,-0.9999999999994682,-0.6666666666664488,6.611940302867767,0.0,0.19999999999992157,206.0,255.0,255.0,188.0,68.0,42.0,51.0,0.0,2.256637168141343,2.2105263157880195,1
-0.2598425196849712,0.6571428571419183,-0.2144846796656784,0.5263157894729916,1.0,-0.4170854271354688,-0.847457627118285,0.0,0.4113475177302048,0.08256880733941167,190.0,240.0,218.0,141.0,82.0,12.0,18.0,58.0,2.3674475955607437,0.5853658536581797,1
0.4493670886074527,0.6145833333330133,0.2617079889806442,0.5897435897432873,0.385266301597259,-0.19270833333328316,-0.5402298850571609,2.253441294684972,0.676855895196211,0.2985074626863444,255.0,87.0,134.0,229.0,173.0,37.0,40.0,155.0,1.0577507598782587,0.7363184079600159,1
0.24074074074066645,0.6888888888885062,0.10743801652889602,0.4615384615382397,0.622346368605641,-0.13881019830024396,-0.4862385321098687,4.2958579841663465,0.7562189054722607,0.34567901234546566,173.0,123.0,162.0,201.0,157.0,28.0,56.0,152.0,1.5870967741932922,0.6136986301368181,1
0.1391585760517349,0.5317073170729114,0.1540983606556872,0.652631578947025,0.6179679143618398,-0.05705705705703992,-0.5925925925922269,4.235162371270966,0.8920454545449478,0.2558139534881738,215.0,133.0,129.0,176.0,111.0,48.0,33.0,157.0,1.6194824961945784,1.0549450549447652,1
0.05445544554454098,0.5801104972372486,0.2067988668554655,0.9999999999993008,0.6572769952505818,-0.19662921348309084,-0.9999999999992858,4.835616436015834,0.6713615023471027,0.0,128.0,191.0,140.0,213.0,188.0,38.0,0.0,143.0,2.113416320884908,0.7469287469285635,1
-0.09944751381212723,0.7737226277369439,0.03492063492062383,0.8620689655169111,0.922138149762947,0.19704433497532092,-0.7882352941171834,10.0,1.4907975460113554,0.11842105263150104,161.0,199.0,152.0,163.0,210.0,31.0,18.0,243.0,2.204986149584182,0.4815533980581589,1
-0.026431718061668188,0.6631578947364931,0.16622691292871605,0.7653631284911926,0.6431329113232825,-0.16622691292871605,-0.7653631284911926,4.6043273892656265,0.7149321266965091,0.13291139240497918,255.0,233.0,158.0,221.0,117.0,32.0,21.0,158.0,1.978768577494482,0.7551622418876829,1
-0.10231023102306855,0.21276595744658217,-0.14999999999995314,0.652173913042533,1.0,-0.4093264248702543,-0.8775510204077156,0.0,0.4191176470585154,0.06521739130431238,135.0,167.0,184.0,136.0,139.0,37.0,12.0,57.0,2.2082644628095522,1.0962962962958902,1
0.16709511568119098,0.3757961783437097,0.19473684210521192,0.49999999999965283,0.4393939393305193,-0.3552238805969089,-0.6190476190472916,2.5675675662479795,0.4757709251099226,0.23529411764690505,211.0,162.0,153.0,227.0,124.0,49.0,36.0,108.0,1.7007874015745799,1.187878787878428,1
0.2484848484847732,0.3529411764700692,0.38255033557034146,0.10843373493962839,-0.5583003951435057,-0.634920634920383,-0.42635658914695634,0.283449587750643,0.22330097087367803,0.4021739130430411,200.0,124.0,92.0,206.0,27.0,22.0,37.0,46.0,1.5168195718652113,1.5042735042722186,1
-0.5816993464048487,0.6226415094333748,-0.6097560975606039,0.45762711864368,-1.0,0.45762711864368,-0.6097560975606039,0.0,2.6874999999916014,0.2424242424240588,81.0,121.0,132.0,32.0,152.0,20.0,32.0,86.0,2.726760563379514,0.5755395683451168,1
-0.37883959044355675,0.6562499999994874,-0.28063241106708275,0.9999999999990565,1.0,0.07614213197965679,-0.9999999999993828,0.0,1.1648351648338848,0.0,170.0,202.0,162.0,91.0,112.0,22.0,0.0,106.0,2.430075187969559,0.6717557251905834,1
0.07450980392153941,0.08496732026138239,-0.05190311418683325,0.5370370370365398,1.0,-0.2454545454544339,-0.71751412429338,0.0,0.605839416057952,0.16447368421041814,148.0,118.0,152.0,137.0,95.0,70.0,25.0,83.0,1.8119001919382318,1.7610062893076224,1
-0.04461942257216677,0.4074074074070302,-0.10344827586204348,0.6170212765950882,1.0,-0.4108527131781354,-0.8512396694211359,0.0,0.41758241758218817,0.08035714285710699,255.0,199.0,224.0,182.0,144.0,32.0,18.0,76.0,1.9065868263470769,0.901408450703908,1
-0.6346153846151812,0.6190476190468821,-0.6346153846151812,0.9154929577451895,1.0,0.08799999999992959,-0.9767441860461331,0.0,1.1929824561382578,0.011764705882348328,198.0,255.0,255.0,57.0,105.0,16.0,3.0,68.0,2.666666666666318,0.6243902439021345,1
0.376923076922932,0.6872037914688687,0.09146341463411846,0.8445595854917904,0.8045701555153159,-0.002801120448178487,-0.8170731707312091,9.233851457950713,0.9944134078206736,0.10067114093952977,255.0,81.0,149.0,179.0,132.0,33.0,15.0,178.0,1.0872483221474685,0.7021276595742814,1
0.03797468354428778,0.6499999999995938,-0.10869565217387367,0.4585635359113489,1.0,0.03529411764704499,-0.51485148514826,0.0,1.0731707317064445,0.3202614379082874,98.0,114.0,153.0,123.0,91.0,28.0,49.0,132.0,2.0311804008904164,0.8028673835122571,1
-0.09722222222218847,0.5211267605630133,0.11111111111106363,0.7142857142851474,0.7307692306806098,-0.09243697478987713,-0.7049180327863074,6.42857142278336,0.8307692307685918,0.17307692307675665,223.0,158.0,104.0,130.0,89.0,34.0,18.0,108.0,1.8893871449922437,1.0264150943392354,1
-0.21554770318013586,0.5703124999997773,-0.12598425196845434,0.7631578947365074,1.0,0.288461538461446,-0.6823529411760693,0.0,1.8108108108091794,0.1888111888110568,151.0,172.0,143.0,111.0,102.0,55.0,27.0,201.0,2.2706270627058958,1.0653753026631803,1
-0.29752066115690184,0.7289719626164818,-0.22374429223734077,0.9999999999994595,1.0,0.37037037037023324,-0.9999999999992538,0.0,2.1764705882327333,0.0,114.0,157.0,134.0,85.0,140.0,29.0,0.0,185.0,2.4483430799215498,0.6057441253262126,1
-0.011583011583007112,0.602941176470145,0.1228070175438058,0.9999999999990825,0.7812499999303265,-0.08016877637127419,-0.999999999999,8.14285713622263,0.8515624999993348,0.0,177.0,131.0,100.0,128.0,44.0,27.0,0.0,109.0,1.8483245149908556,1.0434782608690611,1
0.015873015873012274,0.25153374233113407,0.14871794871791058,0.19298245614023804,0.1295418641009482,-0.37423312883424104,-0.4127659574466329,1.2976406524845543,0.4553571428569396,0.4156626506021593,127.0,217.0,166.0,224.0,121.0,61.0,69.0,102.0,2.211464968152584,1.4144927536227785,1
-0.0025706940874029383,0.056910569105644786,0.0807799442896711,0.2999999999997,0.5757132405215721,-0.4980694980693058,-0.6499999999996751,3.7137930988481767,0.3350515463915799,0.2121212121210836,133.0,195.0,165.0,194.0,48.0,58.0,35.0,65.0,2.1757322175729183,2.0262008733615606,1
0.01657458563534996,0.11999999999976,-0.15596330275222203,0.5999999999982857,1.0,-0.5333333333328889,-0.8947368421045905,0.0,0.3043478260866257,0.05555555555551146,143.0,89.0,126.0,92.0,6.0,22.0,7.0,28.0,1.72397094430951,2.2564102564073636,1
0.28619528619518986,0.5205479452051229,0.0760563380281476,0.5744680851059756,0.7661691541109903,-0.26490066225156794,-0.6907216494841801,7.553191479427425,0.5811518324604288,0.18292682926818116,211.0,106.0,164.0,191.0,109.0,35.0,30.0,111.0,1.3811074918564525,0.9655172413789774,1
0.05789473684209003,0.596059113300199,0.08943089430891886,0.8514285714280849,0.8098953188947094,-0.10743801652889602,-0.856353591159748,9.52051946987095,0.8059701492533304,0.07738095238090632,157.0,179.0,168.0,201.0,55.0,41.0,13.0,162.0,1.9999999999997204,1.096989966554817,1
-0.2272727272726412,0.5432098765428746,-0.28671328671318647,0.7730496453895227,1.0,0.10132158590303907,-0.8399999999995801,0.0,1.22549019607723,0.08695652173908318,135.0,162.0,184.0,102.0,27.0,37.0,16.0,125.0,2.310160427807075,1.3097345132737568,1
-0.22194513715705189,0.46058091286287944,-0.24087591240870052,0.9999999999994319,1.0,0.06024096385540354,-0.9999999999996079,0.0,1.128205128204405,0.0,174.0,245.0,255.0,156.0,110.0,65.0,0.0,176.0,2.390243902438733,1.2499999999996996,1
-0.2799999999999139,0.4742857142854433,-0.3275862068964576,0.999999999999225,1.0,0.04878048780485822,-0.9999999999995671,0.0,1.1025641025631603,0.0,251.0,208.0,231.0,117.0,58.0,46.0,0.0,129.0,2.122448979591566,1.3189964157701366,1
-0.09505703422049618,0.5714285714281633,-0.04032258064514503,0.9999999999990908,1.0,-0.039301310043650964,-0.999999999999225,0.0,0.9243697478983829,0.0,177.0,144.0,129.0,119.0,112.0,30.0,0.0,110.0,1.9726027397256896,0.8510638297869323,1
0.009584664536738152,0.07499999999990625,0.03606557377047998,0.023809523809495463,-0.2046936111318181,-0.5721393034823025,-0.5638297872337427,0.6601731583421104,0.27215189873400497,0.27891156462566064,170.0,155.0,147.0,158.0,115.0,37.0,41.0,43.0,1.943573667711294,1.2758620689649673,1
0.12396694214870911,0.7349397590352591,0.0583657587548411,0.398058252426798,0.7442476409558296,-0.30769230769215977,-0.5921052631575052,6.820064713230082,0.5294117647054931,0.2561983471072263,146.0,106.0,121.0,136.0,86.0,11.0,31.0,72.0,1.7165991902830533,0.4888888888886173,1
0.2698412698411271,0.5280898876398561,0.06666666666663704,0.47826086956469754,0.755319148797423,-0.27659574468070397,-0.6279069767436993,7.1739130327127825,0.5666666666661945,0.22857142857121088,93.0,69.0,105.0,120.0,78.0,21.0,24.0,68.0,1.5726495726491247,0.8936170212761205,1
0.16666666666659358,0.5428571428567551,0.11764705882347999,0.9999999999990741,0.7894736841397939,-0.10373443983398185,-0.9999999999990477,8.4999999927707,0.8120300751873595,0.0,71.0,95.0,105.0,133.0,186.0,32.0,0.0,108.0,1.9289340101517947,0.7150837988824819,1
0.03243243243242367,0.2368421052630021,0.12684365781707174,0.7247706422011699,0.7021100799987501,-0.34035087719286305,-0.8159509202448982,5.71388947703647,0.4921465968583811,0.10135135135128288,144.0,179.0,148.0,191.0,98.0,58.0,15.0,94.0,2.066378066377768,1.5064935064930174,1
0.2137203166226349,0.5119047619044572,0.32183908045967763,0.3229166666664985,0.0016713091918246171,-0.2885154061623842,-0.2896174863386396,1.0033482139737253,0.5521739130432383,0.5508474576266518,119.0,149.0,118.0,230.0,100.0,41.0,65.0,127.0,1.8423493044819408,1.0614886731388151,1
-0.23140495867759034,0.0,-0.3111111111109959,0.25333333333299557,-1.0,-0.3285714285711939,-0.7268292682923284,0.0,0.505376344085478,0.15819209039539087,179.0,149.0,177.0,93.0,180.0,47.0,28.0,47.0,2.0912280701750716,1.1713395638625634,1
-0.005988023952092223,0.024390243902409278,-0.20952380952370978,0.999999999997619,1.0,-0.3279999999997376,-0.9999999999992126,0.0,0.5060240963849325,0.0,234.0,84.0,127.0,83.0,61.0,40.0,0.0,42.0,1.3855670103089928,1.7486338797804653,1
0.4349442379180539,0.4901960784310522,0.24516129032250156,0.7812499999993897,0.5222942446945773,-0.2573289902279292,-0.7862595419841327,3.1866776302776567,0.5906735751292277,0.11965811965801738,158.0,76.0,117.0,193.0,163.0,39.0,14.0,114.0,1.2087475149102964,0.8788732394363722,1
0.18110236220465312,0.35999999999976,0.485148514851245,0.47826086956487085,-0.007149240392580926,-0.1904761904761149,-0.1818181818179752,0.985803016655495,0.6799999999995467,0.6923076923063609,185.0,104.0,52.0,150.0,84.0,48.0,36.0,102.0,1.5322283609573604,1.3617021276590917,1
-0.11888111888107732,0.0,-0.09025270758119486,0.17647058823425607,1.0,-0.8529411764699611,-0.9113924050627144,0.0,0.07936507936501637,0.04635761589400904,255.0,160.0,151.0,126.0,19.0,10.0,7.0,10.0,1.8259629101281274,1.6326530612211578,1
-0.38194444444431186,0.42723004694815625,-0.3732394366195869,0.7572254335255739,1.0,0.2614107883816343,-0.8055555555551827,0.0,1.7078651685374069,0.10769230769225248,161.0,199.0,195.0,89.0,44.0,61.0,21.0,152.0,2.4567901234564107,1.5345911949680708,1
-0.08363636363633323,0.2611464968151203,-0.06666666666664198,0.867924528301068,1.0,-0.11999999999994668,-0.9072847682113198,0.0,0.7857142857136621,0.048611111111077354,213.0,149.0,144.0,126.0,82.0,58.0,7.0,99.0,1.871271585557006,1.5622895622890363,1
0.13281249999994812,0.9142857142850613,0.3242009132418611,0.9999999999992538,0.5103448275475599,-0.03942652329747691,-0.9999999999986486,3.0845070413012095,0.9241379310338455,0.0,168.0,111.0,74.0,145.0,101.0,6.0,0.0,134.0,1.6598130841118393,0.19433198380558936,1
-0.11170212765954476,0.6777777777774013,-0.05113636363634911,0.935897435896836,1.0,-0.050314465408789213,-0.947368421052133,0.0,0.9041916167659257,0.02702702702701242,194.0,209.0,185.0,167.0,51.0,29.0,5.0,151.0,2.1463414634143585,0.8923076923073492,1
-0.1818181818181228,0.9999999999992367,-0.22699386503060523,0.746666666666169,1.0,0.019455252918280368,-0.8264840182644628,0.0,1.0396825396817144,0.09499999999995251,210.0,182.0,200.0,126.0,101.0,0.0,19.0,131.0,2.0799999999997025,0.0,1
0.0748898678413767,0.7956204379556238,0.13488372093016984,0.6965517241374507,0.6755401233754792,0.004081632653059559,-0.6173913043472892,5.164090364779089,1.008196721310649,0.23655913978469187,234.0,105.0,93.0,122.0,185.0,14.0,22.0,123.0,1.4840989399290663,0.3333333333332341,1
0.0719424460431396,0.7589285714282327,0.1161048689138142,0.7433628318580782,0.7298214491457191,0.13872832369938187,-0.6054421768703365,6.402512126943036,1.322147651005824,0.2457627118641985,197.0,129.0,118.0,149.0,181.0,27.0,29.0,197.0,1.7086092715228958,0.49999999999988426,1
0.15089514066492304,0.6741573033704078,0.38036809815939254,0.5935828877002174,0.21891737121735091,-0.20320855614967828,-0.45323741007161644,1.560548559189164,0.662222222221928,0.3762376237620037,238.0,166.0,101.0,225.0,101.0,29.0,38.0,149.0,1.6704402515721168,0.7532467532465087,1
-0.01960784313724941,0.9999999999992538,0.05421686746986319,0.8108108108102631,0.8746470919372403,-0.1326860841423519,-0.8362573099410315,10.0,0.7657142857138483,0.0891719745222362,155.0,182.0,157.0,175.0,186.0,0.0,14.0,134.0,2.097982708933415,0.0,1
-0.2910447761192944,0.746987951806779,-0.38906752411563056,0.7901234567896358,1.0,0.20833333333324655,-0.8540772532185176,0.0,1.5263157894720776,0.07870370370366728,161.0,173.0,216.0,95.0,211.0,21.0,17.0,145.0,2.2990033222587543,0.42211055276371306,1
-0.19108280254770985,0.4067796610166044,-0.1301369863013253,0.9999999999987952,1.0,-0.20952380952370978,-0.999999999999394,0.0,0.6535433070860995,0.0,177.0,187.0,165.0,127.0,54.0,35.0,0.0,83.0,2.2064896755158987,1.3526570048302644,1
0.3148148148146691,0.6560509554135949,0.39215686274490585,0.8309859154923727,0.3587717317384682,-0.04411764705880731,-0.6756756756747626,2.11901408396624,0.9154929577458343,0.19354838709646202,146.0,74.0,62.0,142.0,95.0,27.0,12.0,130.0,1.3577981651373032,0.7741935483868193,1
-0.20675105485223344,0.38775510204042063,-0.14932126696825823,0.9999999999985294,1.0,-0.16049382716039476,-0.9999999999992126,0.0,0.7234042553183794,0.0,209.0,143.0,127.0,94.0,109.0,30.0,0.0,68.0,1.942275042444492,1.0126582278476741,1
0.25110132158579246,-0.9999999999980769,0.07984790874521679,0.0,-0.9999999987476191,-0.9999999999992959,-0.9999999999991735,0.0,0.0,0.0,207.0,85.0,121.0,142.0,134.0,52.0,0.0,0.0,1.3102119460498438,1.7478991596631313,1
-0.08013937282227174,0.06422018348617961,-0.1020408163264959,0.468354430379154,1.0,-0.38947368421032136,-0.7704918032782675,0.0,0.43939393939360655,0.12962962962954963,218.0,155.0,162.0,132.0,36.0,51.0,21.0,58.0,1.878787878787594,2.0816326530601628,1
-0.13636363636360538,0.15862068965506304,-0.13242009132417068,0.4117647058820069,1.0,-0.38686131386847195,-0.7526501766781794,0.0,0.4421052631576621,0.1411290322580076,206.0,250.0,248.0,190.0,80.0,61.0,35.0,84.0,2.232142857142608,1.7062937062931098,1
0.16945107398563974,0.5036496350361288,0.34986225895307166,0.7913043478253988,0.38683404001790855,-0.408045977011377,-0.8153846153839882,2.2617596706976144,0.4204081632651345,0.1016949152541511,246.0,174.0,118.0,245.0,83.0,34.0,12.0,103.0,1.659117997616012,1.070866141731862,1
-0.28030303030292414,0.23655913978481907,-0.2549019607842138,0.9999999999991305,1.0,0.0952380952380499,-0.999999999999375,0.0,1.2105263157881994,0.0,103.0,169.0,160.0,95.0,127.0,71.0,0.0,115.0,2.5223880597010218,1.4791666666662815,1
-0.130952380952342,0.7962962962959277,-0.06410256410254356,0.9999999999994846,1.0,0.14117647058819377,-0.9999999999993977,0.0,1.3287671232867613,0.0,255.0,190.0,166.0,146.0,155.0,22.0,0.0,194.0,1.9462227912929646,0.4478371501271125,1
0.43502824858744776,0.6838235294115134,0.27318295739341525,0.9999999999995633,0.570866141687383,-0.0517598343685193,-0.9999999999993104,3.6605504573749523,0.9015748031492514,0.0,255.0,100.0,145.0,254.0,90.0,43.0,0.0,229.0,1.1283497884342555,0.849382716049173,1
0.2590529247910142,0.7647058823525323,0.05361305361304112,0.999999999999394,0.8982300884102868,-0.15601023017898824,-0.9999999999995075,10.0,0.7300884955748982,0.0,255.0,133.0,203.0,226.0,97.0,22.0,0.0,165.0,1.424364123159113,0.5751633986926226,1
0.2118959107805904,0.770491803278057,0.2255639097743513,0.687499999999463,0.5059186823942602,-0.20295202952022032,-0.674796747966931,3.0479166653141885,0.662576687116158,0.19417475728136488,179.0,106.0,103.0,163.0,94.0,14.0,20.0,108.0,1.5306859205773409,0.48695652173891874,1
0.07061503416854883,0.9999999999995652,0.05617977528088625,0.9327731092433056,0.8863853350258746,-0.0107526881720407,-0.926605504586731,10.0,0.9787234042549027,0.03809523809521995,160.0,204.0,210.0,235.0,234.0,0.0,8.0,230.0,2.032378580323533,0.0,1
-0.09793814432987166,0.583643122676363,-0.14634146341459844,0.9276018099543315,1.0,0.09793814432987166,-0.9341563786004387,0.0,1.2171428571421616,0.034042553191474874,218.0,213.0,235.0,175.0,163.0,56.0,8.0,213.0,2.0805860805858263,0.9180327868850578,1
0.13043478260865204,-0.008403361344530753,0.18181818181811826,0.42168674698744374,0.39745916508804635,-0.48245614035066564,-0.6595744680846387,2.319277107156149,0.3491124260352964,0.2051282051280298,147.0,130.0,117.0,169.0,104.0,60.0,24.0,59.0,1.805555555555242,1.6961130742043478,1
0.22491349480961076,0.5476190476187217,0.2040816326529918,0.645569620252756,0.5196108238973873,-0.15309446254066675,-0.6137931034478527,3.1632911376895674,0.7344632768357433,0.23931623931603477,186.0,112.0,117.0,177.0,165.0,38.0,28.0,130.0,1.5264054514477807,0.8194070080860325,1
0.27927927927915347,-0.05660377358485226,0.06766917293230539,0.9999999999979999,0.8732394365377362,-0.4791666666664171,-0.9999999999991935,10.0,0.3521126760560901,0.0,176.0,80.0,124.0,142.0,99.0,56.0,0.0,50.0,1.3389121338909333,1.716475095784783,1
0.2130177514792269,0.23214285714264987,0.24242424242416896,0.42268041237069826,0.27101925782645786,-0.4963503649633225,-0.6339869281041608,1.7435567003104415,0.33658536585349436,0.2239999999998208,201.0,133.0,125.0,205.0,46.0,43.0,28.0,69.0,1.5833333333330977,1.7114427860688004,1
-0.19506172839501357,0.4455445544550044,-0.18295739348366344,0.45999999999954,1.0,-0.3813559322032283,-0.7946768060833481,0.0,0.4478527607359216,0.11440677966096847,215.0,242.0,236.0,163.0,77.0,28.0,27.0,73.0,2.2459396751737533,1.0873786407761712,1
-0.21925133689833712,0.49206349206323174,-0.0700636942674936,0.6785714285710247,1.0,-0.017421602787450377,-0.7230769230765524,0.0,0.9657534246568729,0.16071428571419005,153.0,228.0,168.0,146.0,153.0,48.0,27.0,141.0,2.4158940397347792,0.9846153846151322,1
-0.23741007194236066,0.4351145038164618,-0.16862745098032603,0.4135338345861553,1.0,-0.05999999999997,-0.5851063829784122,0.0,0.886792452829352,0.2617449664427774,162.0,172.0,149.0,106.0,255.0,37.0,39.0,94.0,2.2483660130715277,0.6997635933804492,1
0.18749999999985353,0.3571428571426977,0.10948905109481061,0.5999999999996842,0.6913580245939666,0.33333333333318715,-0.23232323232299765,5.4799999949960485,1.9999999999973683,0.6229508196711099,154.0,52.0,61.0,76.0,39.0,72.0,38.0,152.0,1.2455089820355554,1.7194029850741137,1
-0.04347826086955171,0.38755980861225475,-0.04347826086955171,0.870967741934922,1.0,-0.03010033444815047,-0.8876404494377036,0.0,0.9415584415578302,0.0595238095237741,255.0,168.0,168.0,154.0,138.0,64.0,10.0,145.0,1.8040268456373416,1.2457420924571179,1
0.11111111111107254,0.2315270935959451,-0.10112359550558958,0.41242937853084044,1.0,-0.12280701754381657,-0.5806451612900885,0.0,0.7812499999995118,0.2653061224488443,193.0,128.0,196.0,160.0,93.0,78.0,52.0,125.0,1.681444991789543,1.6684491978605165,1
0.10129870129867499,0.11504424778750881,-0.023041474654372573,0.6363636363628099,1.0,-0.5418181818179848,-0.8813559322030164,0.0,0.29716981132061454,0.06306306306303466,163.0,173.0,222.0,212.0,150.0,50.0,14.0,63.0,1.91955617198309,1.277955271565087,1
0.0,0.5492957746475006,0.13793103448269917,0.6296296296291632,0.6405990015803431,-0.09090909090905334,-0.59999999999952,4.56481481150391,0.8333333333327021,0.24999999999975,173.0,132.0,100.0,132.0,76.0,32.0,25.0,110.0,1.8558875219680393,1.0239999999995903,1
0.002932551319647234,0.6055045871556856,-0.07065217391302428,0.8518518518514012,1.0,0.011560693641615155,-0.8672985781986411,0.0,1.0233918128648987,0.07106598984767967,220.0,170.0,197.0,171.0,115.0,43.0,14.0,175.0,1.860465116278815,0.9148936170210333,1
-0.12684365781707174,0.2746113989635883,0.03496503496502274,0.7956204379556238,0.9158062929083913,-0.09225092250919105,-0.8157894736836739,10.0,0.8310810810805196,0.10144927536224534,222.0,191.0,138.0,148.0,173.0,70.0,14.0,123.0,2.031914893616751,1.284403669724476,1
-0.07555555555552199,0.5365853658533314,-0.24087591240867123,0.6688741721849876,1.0,0.09565217391300189,-0.7435897435893624,0.0,1.2115384615372966,0.14705882352932528,156.0,121.0,170.0,104.0,100.0,38.0,25.0,126.0,1.9282868525892574,1.0066225165559581,1
-0.019305019305011852,0.5793991416306526,-0.0695970695970441,0.7692307692303995,1.0,0.1832797427652144,-0.7176470588231073,0.0,1.4488188976366545,0.16438356164372303,127.0,132.0,146.0,127.0,111.0,49.0,24.0,184.0,2.038610038609645,0.9974554707376597,1
0.14150943396219742,0.12941176470580623,-0.035856573705165,0.34265734265710307,1.0,-0.11520737327183632,-0.4689265536720515,0.0,0.7933884297514104,0.3615384615381835,110.0,91.0,130.0,121.0,72.0,74.0,47.0,96.0,1.7627118644063529,1.8734177215183945,1
-0.1904761904760771,0.3874999999997578,-0.24444444444430866,0.3454545454543361,1.0,0.24022346368701666,-0.34939759036123536,0.0,1.63235294117407,0.48214285714242666,127.0,100.0,112.0,68.0,179.0,49.0,54.0,111.0,2.0253164556956897,1.0103092783502552,1
-0.5369127516776722,0.38317757009309983,-0.5740740740738969,0.33333333333303306,-1.0,0.034965034965010515,-0.7465753424654977,0.0,1.0724637681143878,0.1450980392156294,144.0,229.0,255.0,69.0,96.0,33.0,37.0,74.0,2.7302533532037656,1.1186440677961362,1
0.013698630136980047,0.6923076923074503,-0.0864197530863842,0.7347670250893424,1.0,0.3711048158639175,-0.5621301775144604,0.0,2.180180180178216,0.280303030302818,138.0,108.0,132.0,111.0,202.0,44.0,37.0,242.0,1.8580645161286327,0.6616541353382215,1
-0.5970695970693783,0.9767441860461331,-0.6193771626295435,0.7171717171714758,1.0,0.6451612903223726,-0.6956521739127914,0.0,4.636363636355206,0.1794871794871028,102.0,218.0,234.0,55.0,193.0,3.0,42.0,255.0,2.9409780775711734,0.052863436123336376,1
-0.12230215827329331,0.17557251908383545,-0.3259668508285492,0.3628318584067585,1.0,0.11594202898542325,-0.5384615384611934,0.0,1.2622950819651437,0.29999999999975,127.0,78.0,120.0,61.0,48.0,54.0,36.0,77.0,1.8139534883715658,1.8540772532180885,1
-0.017964071856282047,0.33936651583695054,0.01547987616098592,0.3640552995390028,0.9184271856838712,-0.05128205128203485,-0.39473684210509,10.0,0.9024390243896937,0.4339622641506705,192.0,170.0,159.0,164.0,170.0,73.0,69.0,148.0,1.9540229885054663,1.2586206896549013,1
-0.1877133105801407,0.26388888888870565,-0.21452145214514373,0.13749999999991408,-1.0,-0.13333333333326985,-0.4545454545452749,0.0,0.7647058823522985,0.3749999999997962,126.0,174.0,184.0,119.0,107.0,53.0,69.0,91.0,2.3473861720063494,1.3947368421048045,1
-0.09395973154359263,0.45945945945921113,-0.0036900369003676423,0.7532467532462642,1.0,0.0,-0.7548387096769325,0.0,0.9999999999992594,0.13970588235283846,104.0,163.0,136.0,135.0,173.0,50.0,19.0,135.0,2.307964601769503,0.9803921568625048,1
0.049056603773566396,0.7009345794385973,0.3113207547168343,0.504132231404542,0.23644707904149354,-0.20869565217382233,-0.4174757281549345,1.619333833689143,0.6546762589923348,0.4109589041090261,181.0,126.0,73.0,139.0,135.0,16.0,30.0,91.0,1.762237762237454,0.49612403100755964,1
0.23860589812326044,0.5081967213110589,0.23860589812326044,0.5333333333328889,0.38180134285374845,-0.4303405572754086,-0.6705882352937232,2.2352059915713225,0.39826839826822585,0.19718309859141045,174.0,142.0,142.0,231.0,98.0,30.0,28.0,92.0,1.6487663280113716,0.959999999999616,1
0.32467532467524035,0.2278481012656786,0.8085106382975856,0.40579710144898135,-0.3316404265853472,-0.44886363636350884,0.2058823529408737,0.5019069412039454,0.3803921568625959,1.5185185185128944,248.0,130.0,27.0,255.0,114.0,61.0,41.0,97.0,1.3630406290954962,1.4654654654650254,1
0.017421602787450377,0.6410256410252302,-0.02666666666665778,0.7777777777772377,1.0,-0.06569343065691033,-0.8117647058818754,0.0,0.8767123287665228,0.10389610389603644,156.0,141.0,154.0,146.0,142.0,28.0,16.0,128.0,1.9315068493147376,0.6871165644169672,1
0.06474820143882563,0.37226277372235606,0.08029197080289041,0.6785714285708226,0.7883888697002003,-0.2231404958676764,-0.7499999999994792,8.45129869076853,0.6351351351347061,0.14285714285702947,127.0,130.0,126.0,148.0,105.0,43.0,18.0,94.0,1.9439252336444963,1.2070175438592257,1
0.23985239852389675,0.5673469387752786,0.19572953736647838,0.4826254826252963,0.42292890413047096,0.06666666666664815,-0.2555555555554136,2.465777464517603,1.1428571428564627,0.5929203539817761,215.0,103.0,113.0,168.0,63.0,53.0,67.0,192.0,1.3989813242782003,1.1745152354567383,1
0.1631205673758287,0.5466666666664237,0.12714776632298036,0.44398340248944235,0.5547510859366975,0.029585798816559296,-0.3092783505153045,3.4918694600772624,1.0609756097554508,0.5275590551176949,220.0,118.0,127.0,164.0,85.0,51.0,67.0,174.0,1.5225806451610446,1.1301939058168615,1
-0.22921914357676845,0.2631578947366882,-0.22137404580147038,0.4496644295298996,1.0,-0.17241379310338223,-0.708185053380531,0.0,0.7058823529407152,0.17083333333326217,172.0,244.0,240.0,153.0,132.0,63.0,41.0,108.0,2.400984009839803,1.3770491803274927,1
0.034782608695637054,0.6465517241376524,-0.11194029850742092,0.5403225806449434,1.0,0.23225806451605413,-0.44660194174735607,0.0,1.6050420168053738,0.38255033557021306,174.0,111.0,149.0,119.0,67.0,41.0,57.0,191.0,1.7242718446598593,0.9647058823526575,1
-0.20972644376893324,0.9326923076918593,-0.20489296636079363,0.8525345622115887,1.0,0.21450151057395334,-0.8497652582155636,0.0,1.546153846152657,0.0812182741116339,107.0,199.0,197.0,130.0,49.0,7.0,16.0,201.0,2.507086614172833,0.21212121212113177,1
-0.06666666666664889,0.12396694214865787,0.041666666666654265,0.49450549450495107,0.8445772842146966,-0.4403292181068147,-0.7499999999995924,10.0,0.3885714285712066,0.14285714285705414,160.0,200.0,161.0,175.0,55.0,53.0,23.0,68.0,2.1768707482990233,1.8515283842786676,1
-0.11898734177212178,0.7636363636360166,-0.114503816793864,0.5335968379444531,1.0,0.054347826086941754,-0.5755395683451168,0.0,1.1149425287349914,0.2694063926939409,213.0,221.0,219.0,174.0,119.0,26.0,59.0,194.0,2.1326899879370163,0.569863013698474,1
-0.054151624548716915,0.19708029197065907,-0.04379562043794022,0.7083333333325955,1.0,-0.23004694835669953,-0.8216560509548907,0.0,0.6259541984728046,0.09790209790202944,160.0,146.0,143.0,131.0,80.0,55.0,14.0,82.0,2.0034305317320746,1.6176470588229348,1
0.035598705501606605,0.6923076923073374,0.2549019607842138,0.8032786885241513,0.518226002381104,0.015384615384610651,-0.6814159292029368,3.1513240845135404,1.0312499999993556,0.18947368421032687,233.0,149.0,95.0,160.0,140.0,30.0,18.0,165.0,1.7250361794498226,0.6575342465751624,1
0.11167512690352496,0.33333333333303306,0.114503816793864,0.6086956521732514,0.6833409820071711,-0.49488054607491644,-0.8124999999995769,5.315942024338492,0.33789954337884115,0.10344827586200953,179.0,175.0,174.0,219.0,104.0,37.0,18.0,74.0,1.8716577540104449,1.1746031746027086,1
0.2703412073490104,0.1165644171778426,0.20698254364084614,0.46774193548349374,0.38646795821372215,-0.4534534534533173,-0.6562499999996583,2.2598134462446895,0.3760330578510843,0.20754716981119023,92.0,139.0,159.0,242.0,95.0,72.0,33.0,91.0,1.8169934640519905,1.7454545454540167,1
-0.008130081300810806,0.618320610686551,-0.0239999999999936,0.4722222222218943,1.0,-0.2664359861590774,-0.6695652173910133,0.0,0.5792349726772792,0.1979166666665636,206.0,186.0,192.0,183.0,79.0,25.0,38.0,106.0,1.955321944809204,0.8510638297868719,1
-0.1592356687897582,0.5100401606423655,-0.10810810810807159,0.5732217573219359,1.0,0.1749999999999453,-0.5255813953485928,0.0,1.4242424242413454,0.310975609755908,110.0,182.0,164.0,132.0,121.0,61.0,51.0,188.0,2.402640264026006,1.132250580046141,1
-0.08816120906798787,0.44385026737944183,-0.06701030927833325,0.6666666666662552,1.0,-0.1455696202531185,-0.7692307692304405,0.0,0.7458563535907482,0.13043478260863264,107.0,216.0,207.0,181.0,29.0,52.0,27.0,135.0,2.3999999999996664,1.5522388059695702,1
-0.39303482587045124,0.6111111111106868,-0.4162679425835329,0.5782312925166135,1.0,0.3107344632766606,-0.653631284915836,0.0,1.9016393442591777,0.20945945945931796,123.0,140.0,148.0,61.0,12.0,28.0,31.0,116.0,2.4137931034477558,1.2173913043471645,1
-0.5704697986573353,0.36708860759447204,-0.5114503816789989,0.07999999999992,-1.0,0.2558139534880746,-0.3655172413790583,0.0,1.6874999999947264,0.4646464646459953,183.0,117.0,99.0,32.0,77.0,25.0,46.0,54.0,2.084632516703322,1.1049723756899974,1
0.04294478527606484,0.5666666666663519,0.05371900826445171,0.6300578034678439,0.8428756068211715,-0.2878787878787152,-0.7547892720303622,10.0,0.5529411764703714,0.13973799126631453,175.0,234.0,229.0,255.0,43.0,39.0,32.0,141.0,2.0846325167035538,1.190839694656034,1
0.31271477663219494,0.2888888888886749,0.14371257485025637,0.73999999999926,0.6747526764378878,-0.3741007194243259,-0.8333333333327992,5.149166663080098,0.45549738219871444,0.09090909090902734,150.0,100.0,143.0,191.0,61.0,48.0,13.0,87.0,1.4787430683915934,1.5737704918026338,1
0.3556231003038433,0.28395061728360005,0.35151515151504503,0.6774193548376171,0.316739502153693,-0.6218181818179558,-0.8290598290591205,1.9271412675248765,0.2331838565021376,0.0934579439251463,197.0,106.0,107.0,223.0,73.0,29.0,10.0,52.0,1.3417721518985217,1.2677595628408374,1
-0.02890173410403789,0.4358974358970633,-0.04815864022661526,0.787234042552354,1.0,-0.3333333333332011,-0.8974358974354373,0.0,0.4999999999997024,0.05405405405402484,191.0,178.0,185.0,168.0,105.0,33.0,10.0,84.0,1.9916083916081129,1.0352941176466528,1
-0.17647058823523645,0.7260273972599425,-0.15436241610733076,0.90909090909045,1.0,0.1999999999999365,-0.9005524861873478,0.0,1.4999999999988094,0.05232558139531842,143.0,180.0,172.0,126.0,141.0,30.0,9.0,189.0,2.2893481717007487,0.6153846153844577,1
0.23297491039418175,0.19587628865959186,0.224199288256148,0.7058823529401383,0.5178933152713909,-0.495652173912828,-0.8319327731085446,3.148459382345678,0.3372093023253854,0.09174311926597088,143.0,107.0,109.0,172.0,94.0,39.0,10.0,58.0,1.6181474480148168,1.356521739129845,1
-0.04406779661015456,0.5338345864657641,0.15573770491796896,0.5572519083965213,0.5631417287493298,-0.1604938271604278,-0.560606060605636,3.5781438305657947,0.723404255318636,0.2815533980579791,205.0,154.0,103.0,141.0,76.0,31.0,29.0,102.0,1.8837920489293754,1.033333333332903,1
0.07608695652171846,0.5913978494617297,0.11864406779657666,0.5102040816321325,0.6226622661273804,-0.4558823529410089,-0.7333333333329259,4.3002915415618,0.373737373737185,0.15384615384605524,240.0,170.0,156.0,198.0,158.0,19.0,24.0,74.0,1.7480719794342225,0.5629629629627545,1
0.003344481605350052,0.4999999999995536,-0.18699186991864852,0.6153846153840237,1.0,-0.28205128205116153,-0.83263598326325,0.0,0.5599999999996267,0.09132420091320032,160.0,149.0,219.0,150.0,71.0,28.0,20.0,84.0,1.960526315789151,1.0616113744070799,1
-0.7748917748914395,0.4879999999996096,-0.7894736842102067,0.6173913043472892,-1.0,0.5630252100835604,-0.8189300411519264,0.0,3.5769230769093197,0.09954751131217215,137.0,205.0,221.0,26.0,86.0,32.0,22.0,93.0,2.862129144851158,1.0534979423863977,1
0.18562874251491449,0.5208333333330621,0.1681415929203044,0.4384236453199811,0.44559436531383856,-0.15116279069763047,-0.42424242424221,2.6074669416688474,0.737373737373365,0.4042553191486495,136.0,136.0,141.0,198.0,128.0,46.0,57.0,146.0,1.795379537953499,1.0054644808740423,1
0.04941176470587073,0.3684210526313366,0.020594965675052496,0.3774834437083593,0.8965280947953009,-0.3639143730885737,-0.6398467432947741,10.0,0.4663677130042752,0.21962616822419645,137.0,202.0,214.0,223.0,8.0,48.0,47.0,104.0,2.1151832460730216,1.8461538461529587,1
-0.9677419354833507,0.17431192660534467,-0.9685863874340479,0.5058823529405813,-1.0,0.9104477611926709,-0.7990430622005746,0.0,10.0,0.11170212765951507,156.0,183.0,188.0,3.0,57.0,45.0,21.0,64.0,2.788571428570897,1.7061611374399497,1
-0.4587155963300648,0.6923076923071598,-0.49999999999978817,0.5827338129492211,1.0,0.30177514792881555,-0.7184466019413989,0.0,1.864406779657857,0.16384180790951197,134.0,159.0,177.0,59.0,141.0,20.0,29.0,110.0,2.4892367906061668,0.5498281786939692,1
0.1302325581395046,0.5277777777770447,0.16267942583728165,0.7741935483858481,0.6527182865856196,-0.6308724832212649,-0.923076923076416,4.759013279800517,0.22633744855957766,0.039999999999977144,226.0,187.0,175.0,243.0,0.0,17.0,7.0,55.0,1.7746144721231583,1.5280898876387325,1
-0.16293929712454858,0.8478260869556001,-0.23615160349847344,0.666666666666013,1.0,-0.21296296296286438,-0.8515283842791042,0.0,0.6488549618315658,0.0801886792452452,102.0,182.0,212.0,131.0,105.0,7.0,17.0,85.0,2.4388609715238796,0.2745098039214341,1
0.5999999999997693,0.6086956521732514,0.5294117647056877,0.32142857142828446,-0.24444444441596155,-0.47517730496437055,-0.2549019607840638,0.6071428570278558,0.35576923076905975,0.5937499999990723,194.0,52.0,64.0,208.0,62.0,18.0,38.0,74.0,0.8221343873516161,0.8372093023250947,1
0.0,0.6891191709840989,-0.0991501416430314,0.64646464646432,1.0,0.012422360248443348,-0.6943231441045004,0.0,1.025157232703758,0.18041237113392763,117.0,159.0,194.0,159.0,147.0,30.0,35.0,163.0,2.141414141413781,0.6486486486484734,1
-0.36082474226785527,0.6999999999997084,-0.27906976744169826,0.8378378378374605,1.0,0.5338345864659647,-0.7187499999994386,0.0,3.290322580639854,0.16363636363621487,110.0,132.0,110.0,62.0,147.0,36.0,18.0,204.0,2.422018348623298,0.6808510638296263,1
-0.002785515320333486,0.5870967741931696,0.2877697841725584,0.7571428571423164,0.4491983868950026,-0.18543046357609755,-0.7068965517235285,2.6310714276561984,0.687150837988443,0.17171717171699827,188.0,180.0,99.0,179.0,127.0,32.0,17.0,123.0,1.9807427785416807,0.815286624203562,1
0.14163090128749287,0.35087719298214837,0.22018348623843112,0.6923076923069316,0.5174013920544325,-0.2666666666665397,-0.7171717171709927,3.1442307678007513,0.5789473684206173,0.1647058823527474,142.0,100.0,85.0,133.0,42.0,37.0,14.0,77.0,1.684210526315435,1.5336787564758894,1
-0.06791569086649464,0.8192090395475599,-0.059101654846321725,0.62626262626231,1.0,-0.10555555555552623,-0.7164750957851661,0.0,0.8090452261302468,0.1651785714284977,144.0,228.0,224.0,199.0,61.0,16.0,37.0,161.0,2.2828535669584125,0.5039370078738173,1
-0.2796208530804362,0.3932584269658503,-0.41538461538445565,0.7971014492742071,1.0,-0.10144927536224534,-0.9267015706801431,0.0,0.8157894736831371,0.03804347826084889,103.0,135.0,184.0,76.0,53.0,27.0,7.0,62.0,2.405345211580756,1.2781065088749834,1
-0.4031413612563335,0.6623376623372323,-0.40624999999978845,0.8962962962956325,1.0,0.38378378378357636,-0.9014084507035907,0.0,2.2456140350837797,0.05185185185181345,68.0,134.0,135.0,57.0,119.0,26.0,7.0,128.0,2.727735368956049,0.6956521739128109,1
-0.24092409240916143,0.5510204081628906,-0.31137724550888884,0.9999999999991228,1.0,-0.004366812227072329,-0.9999999999995435,0.0,0.9913043478252249,0.0,203.0,188.0,219.0,115.0,114.0,33.0,0.0,114.0,2.167146974063088,0.897959183673164,1
-0.32173913043464275,0.3379310344825256,-0.3759999999998496,0.6302521008398065,1.0,0.10857142857136654,-0.7731958762882613,0.0,1.243589743588149,0.1279069767441117,175.0,152.0,172.0,78.0,30.0,48.0,22.0,97.0,2.183123877917023,1.7219730941696314,1
-0.5728155339803045,0.02597402597400911,-0.5728155339803045,0.30578512396668944,-1.0,0.28455284552822396,-0.5882352941173588,0.0,1.795454545450465,0.25925925925909926,159.0,162.0,162.0,44.0,135.0,75.0,42.0,79.0,2.459203036052664,1.6483516483511955,1
-0.07506053268763316,0.24418604651148595,0.0268817204301003,0.6850393700782007,0.9244811796286827,-0.28187919463077793,-0.8009950248752234,10.0,0.5602094240834764,0.11049723756899973,84.0,222.0,181.0,191.0,110.0,65.0,20.0,107.0,2.4700973574405465,1.4985590778093665,1
-0.22009569377985166,-0.8518518518502743,-0.2068126520680762,0.999999999975,1.0,-0.9520958083826635,-0.9999999999995969,0.0,0.024539877300598444,0.0,123.0,255.0,248.0,163.0,65.0,50.0,0.0,4.0,2.5628140703514366,2.3668639053240437,1
-0.3067484662575746,0.41379310344791914,-0.38586956521728644,0.63999999999936,1.0,-0.15897435897427745,-0.8681318681315502,0.0,0.725663716813517,0.07058823529408997,179.0,213.0,255.0,113.0,176.0,34.0,18.0,82.0,2.3732590529244604,0.834355828220603,1
-0.4567164179103114,-0.8823529411738754,-0.38926174496631233,-0.8333333333298611,0.3632204940811111,-0.9569892473107989,-0.8078602620083809,2.140804598242913,0.021978021977997825,0.10628019323666364,195.0,244.0,207.0,91.0,68.0,32.0,22.0,2.0,2.5219638242890796,1.9104477611926043,1
0.027027027027014854,0.7971014492749773,-0.19148936170205977,0.9999999999994624,1.0,0.23999999999992,-0.9999999999994048,0.0,1.6315789473669897,0.0,185.0,108.0,168.0,114.0,135.0,21.0,0.0,186.0,1.6776699029122955,0.4628099173552444,1
-0.5130434782606466,0.6666666666662964,-0.49549549549527233,0.5873015873012766,1.0,0.456310679611429,-0.619512195121649,0.0,2.6785714285666455,0.23493975903600306,208.0,174.0,166.0,56.0,134.0,30.0,39.0,150.0,2.274509803921197,0.6976744186044483,1
-0.4037267080744088,0.4082840236683975,-0.35999999999988,0.6413793103443853,1.0,0.10697674418599676,-0.7739130434779244,0.0,1.239583333332042,0.1274509803920944,201.0,226.0,204.0,96.0,138.0,50.0,26.0,119.0,2.413885180239998,1.120448179271395,1
0.14498141263935133,0.5084745762707555,-0.04049844236758863,0.41269841269808516,1.0,-0.2674897119340463,-0.637254901960472,0.0,0.5779220779217027,0.22155688622741226,219.0,115.0,167.0,154.0,115.0,29.0,37.0,89.0,1.5257048092866456,0.885496183205769,1
-0.1356321839080148,0.752577319586853,-0.14739229024939968,0.2499999999998162,1.0,-0.3772893772892391,-0.6644736842103077,0.0,0.4521276595742276,0.20158102766790453,197.0,247.0,253.0,188.0,14.0,12.0,51.0,85.0,2.2480091012511663,0.7804878048774142,1
-0.39849624060135397,0.2549019607841471,-0.3162393162391811,0.6410256410250932,1.0,0.09090909090903926,-0.7599999999995658,0.0,1.1999999999985,0.1363636363635478,132.0,186.0,154.0,80.0,77.0,57.0,21.0,96.0,2.5479452054790155,1.5888501742154744,1
-0.3945578231291175,0.7234042553187642,-0.42765273311883356,0.9058823529406437,1.0,0.29083665338633835,-0.9304347826082912,0.0,1.8202247190990783,0.036036036036019806,131.0,205.0,222.0,89.0,98.0,26.0,8.0,162.0,2.60317460317419,0.666666666666453,1
-0.2900763358777519,0.5609756097554134,-0.3651877133104556,0.4883720930226879,1.0,-0.1847133757960607,-0.8018018018014407,0.0,0.6881720430100127,0.109999999999945,161.0,169.0,200.0,93.0,32.0,18.0,22.0,64.0,2.283783783783398,1.0909090909082646,1
-0.20930232558129802,0.5272727272717685,-0.2608695652172779,0.024390243902409278,-1.0,-0.3385826771650877,-0.5675675675672608,0.0,0.4941176470582422,0.275862068965327,140.0,130.0,145.0,85.0,41.0,13.0,40.0,42.0,2.1443298969067746,0.9541284403660971,1
0.2324324324323068,0.1702127659573563,0.14572864321600718,0.34146341463393814,0.40176100620679855,-0.017857142857134887,-0.22302158273365252,2.3431454988123877,0.964912280700908,0.6352941176463114,191.0,71.0,85.0,114.0,63.0,78.0,54.0,110.0,1.2706935123039664,1.896656534953831,1
-0.09389671361500143,0.4319526627216379,0.060439560439543835,0.3444444444442531,0.701447526967816,-0.22929936305725182,-0.48695652173891874,5.698989889559061,0.6269430051810223,0.3450292397658801,153.0,233.0,171.0,193.0,95.0,48.0,59.0,121.0,2.2955665024627714,1.2307692307688363,1
-0.053097345132731615,0.2888888888886749,0.02637889688248768,0.3919999999996864,0.8738994862180556,-0.42192691029886314,-0.6846473029042802,10.0,0.4065420560745764,0.18719211822650877,206.0,238.0,203.0,214.0,46.0,48.0,38.0,87.0,2.124999999999763,1.6768558951957744,1
0.008645533141207883,0.8032786885239317,-0.035812672176298674,0.34146341463393814,1.0,-0.2280701754385165,-0.553719008264234,0.0,0.6285714285710694,0.28723404255303875,104.0,172.0,188.0,175.0,10.0,12.0,54.0,110.0,2.2086677367572696,0.6666666666662038,1
-0.21428571428566326,-0.41176470588154557,-0.21428571428566326,-0.18918918918867786,-0.0622009569544429,-0.8333333333328704,-0.841155234656736,0.8828828832927189,0.09090909090903582,0.08627450980388773,234.0,255.0,255.0,165.0,43.0,36.0,22.0,15.0,2.2442244224419974,2.2153846153829115,1
-0.2953020134227197,0.5833333333329282,-0.4117647058822376,0.5944055944051788,1.0,0.04109589041094014,-0.7935943060495397,0.0,1.0857142857132518,0.11507936507931942,209.0,193.0,252.0,105.0,69.0,30.0,29.0,114.0,2.2057142857139707,0.9876543209872479,1
-0.7250859106526718,0.6601307189538169,-0.7288135593217868,0.43502824858732486,-1.0,0.5209580838320235,-0.6721311475407633,0.0,3.174999999992062,0.19607843137247213,255.0,251.0,255.0,40.0,125.0,26.0,50.0,127.0,2.5194479297361956,0.6842105263155644,1
-0.3563829787233095,0.19736842105250174,-0.3563829787233095,0.309352517985389,-1.0,-0.14150943396219742,-0.6831683168314577,0.0,0.7520661157018578,0.18823529411757325,217.0,255.0,255.0,121.0,72.0,61.0,48.0,91.0,2.4056603773582066,1.7122807017537853,1
0.06306306306304886,0.21999999999989,0.06306306306304886,0.47878787878758866,0.767230955118303,-0.3184357541898552,-0.657370517928025,7.59220778016583,0.5169491525421539,0.20673076923066985,252.0,208.0,208.0,236.0,116.0,78.0,43.0,122.0,1.8407079646015663,1.5837563451772632,1
-0.22009569377985166,0.28767123287631824,-0.22009569377985166,0.8076923076907544,1.0,-0.5523809523806894,-0.9615384615380917,0.0,0.28834355828203173,0.019607843137247213,255.0,255.0,255.0,163.0,8.0,26.0,5.0,47.0,2.1982758620687286,1.943925233643043,1
-0.2977099236640464,0.3452380952378898,-0.20916905444120082,0.6258992805750894,1.0,-0.09960159362545833,-0.7805907172992488,0.0,0.8188405797095516,0.12322274881510749,208.0,255.0,211.0,138.0,50.0,55.0,26.0,113.0,2.383177570093179,1.6117216117210214,1
-0.7528957528954623,0.15923566878970752,-0.7770034843202868,0.5294117647054375,-1.0,0.4796747967475775,-0.8021201413424728,0.0,2.8437499999911133,0.1098039215685844,143.0,227.0,255.0,32.0,39.0,66.0,28.0,91.0,2.887122416533722,2.01526717557175,1
-0.3215859030835588,-0.39999999999955554,-0.45964912280685627,0.8620689655142688,1.0,-0.4807692307687685,-0.9809523809519138,0.0,0.35064935064889524,0.009615384615379993,99.0,150.0,208.0,77.0,10.0,63.0,2.0,27.0,2.521008403360815,3.092024539875404,1
-0.41935483870954215,-0.2711864406777363,-0.4782608695650788,0.8297872340407877,1.0,-0.35338345864635085,-0.969111969111595,0.0,0.4777777777772469,0.01568627450979777,118.0,220.0,255.0,90.0,65.0,75.0,4.0,43.0,2.7160493827156302,2.325581395347936,1
-0.14285714285708617,-0.022556390977426653,-0.20879120879113233,0.38297872340384786,1.0,-0.24855491329465404,-0.7010309278346902,0.0,0.6018518518512945,0.17575757575746925,157.0,144.0,165.0,108.0,92.0,68.0,29.0,65.0,2.0831826401442886,1.8566552901017555,1
0.0582959641255344,0.3217391304345028,0.1512195121950482,0.49019607843089197,0.5284819563743336,-0.21649484536071317,-0.5398230088490797,3.241619226191247,0.6440677966096237,0.29885057471230014,208.0,105.0,87.0,118.0,51.0,39.0,26.0,76.0,1.567164179104185,1.5219512195114528,1
0.10240963855418603,0.043478260869527406,0.22818791946301067,0.9999999999983333,0.6284153004948793,-0.5061728395059646,-0.9999999999991305,4.3823529392501355,0.32786885245883723,0.0,174.0,149.0,115.0,183.0,60.0,55.0,0.0,60.0,1.8198473282439969,1.9130434782600378,1
0.0,-0.5348837209289886,0.0,0.0,0.0,-0.9245283018864436,-0.9245283018864436,0.0,0.03921568627449443,0.03921568627449443,136.0,255.0,255.0,255.0,128.0,33.0,10.0,10.0,2.264150943395975,1.2941176470581892,1
-0.32124352331597894,0.3267326732670032,-0.32124352331597894,0.9999999999985074,1.0,-0.32323232323216,-0.9999999999996079,0.0,0.5114503816789989,0.0,255.0,255.0,255.0,131.0,21.0,34.0,0.0,67.0,2.27678571428546,1.743589743588626,1
-0.47333333333317557,0.30337078651651306,-0.5077881619936113,0.6571428571419183,1.0,-0.15328467153273484,-0.9055118110232656,0.0,0.7341772151889441,0.04958677685948364,196.0,221.0,242.0,79.0,27.0,31.0,12.0,58.0,2.4658298465826407,1.6870748299308254,1
-0.2530712530711909,0.7826086956513232,-0.2530712530711909,0.9999999999987804,1.0,-0.2991452991451713,-0.9999999999996079,0.0,0.5394736842101714,0.0,255.0,255.0,255.0,152.0,4.0,10.0,0.0,82.0,2.2246455834239667,0.7547169811313634,1
-0.43258426966279984,0.24615384615365682,-0.43258426966279984,0.16546762589916156,-1.0,-0.10989010989004952,-0.6293929712458053,0.0,0.8019801980190079,0.22745098039206768,239.0,255.0,255.0,101.0,0.0,49.0,58.0,81.0,2.3999999999997175,2.189944134076989,1
-0.18329466357304333,-0.07692307692302314,-0.18329466357304333,0.023255813953470348,-1.0,-0.45454545454526674,-0.6037735849054705,0.0,0.37499999999978695,0.24705882352931488,181.0,255.0,255.0,176.0,39.0,77.0,63.0,66.0,2.3529411764703165,2.37837837837746,1
0.07975460122696941,-0.8260869565208412,0.1540983606556872,-0.40740740740589854,1.0,-0.9130434782603734,-0.7432432432427412,0.0,0.04545454545451963,0.14728682170531218,255.0,150.0,129.0,176.0,22.0,84.0,19.0,8.0,1.6415868673048368,3.39393939393768,1
-0.09511568123390872,-0.2432432432430241,-0.05121293800537703,0.21739130434751103,1.0,-0.6146788990822869,-0.756756756756416,0.0,0.23863636363622806,0.13846153846146747,155.0,213.0,195.0,176.0,36.0,69.0,27.0,42.0,2.2509907529719615,2.5555555555543727,1
-0.26315789473676066,0.009900990099000098,-0.3020527859236651,-0.037735849056568176,-0.7778863379590721,-0.3999999999997647,-0.6028880866423817,0.12493130614129785,0.42857142857106845,0.24774774774763617,94.0,204.0,222.0,119.0,102.0,50.0,55.0,51.0,2.628019323671074,1.5810276679835649,1
-0.03381642512076478,-0.32038834951425205,-0.10313901345289167,-0.1764705882350865,0.2622641510367494,-0.7021276595741693,-0.6621621621619385,1.710997444112537,0.1749999999999125,0.2032520325202426,220.0,214.0,246.0,200.0,12.0,68.0,50.0,35.0,2.0188679245280636,2.972677595626791,1
-0.33866666666657635,-0.3873873873870384,-0.2748538011695103,-0.41379310344791914,0.20175695464103013,-0.5696202531641965,-0.45333333333318226,1.5055025684118926,0.27419354838687565,0.3761467889906532,135.0,251.0,218.0,124.0,82.0,77.0,82.0,34.0,2.6386333771350015,2.2814814814806366,1
-0.055865921787693895,0.6923076923071598,0.08333333333330663,0.8644067796602843,0.8241430699576661,-0.21146953405010344,-0.8940397350987458,10.0,0.6508875739641119,0.05594405594401683,179.0,189.0,143.0,169.0,55.0,20.0,8.0,110.0,2.0826446280988864,0.7804878048776681,1
-0.25874125874116827,0.4961832061064915,-0.2535211267604741,0.6065573770486832,1.0,-0.03921568627449058,-0.762376237623385,0.0,0.9245283018859203,0.13483146067408155,85.0,180.0,178.0,106.0,94.0,33.0,24.0,98.0,2.613430127041268,1.0232558139530918,1
-0.15646258503397814,0.89999999999925,-0.023622047244088288,0.7674418604645215,1.0,-0.23999999999992,-0.857142857142449,0.0,0.6129032258061221,0.07692307692303749,163.0,255.0,195.0,186.0,58.0,6.0,15.0,114.0,2.3748544819554858,0.2608695652172495,1
0.1015118790496541,0.6069364161846204,0.0,0.7820512820507808,0.9999999998721312,-0.2944162436547476,-0.8749999999996784,10.0,0.5450980392154725,0.06666666666664052,134.0,208.0,255.0,255.0,207.0,34.0,17.0,139.0,2.067080745341358,0.6570048309177157,1
-0.359999999999904,0.31707317073132063,-0.31623931623922613,0.3333333333329218,1.0,-0.37931034482736825,-0.7906976744182982,0.0,0.449999999999625,0.1168831168830663,255.0,255.0,231.0,120.0,16.0,28.0,27.0,54.0,2.3050847457624513,1.7777777777763668,1
0.04787234042551918,-0.2325581395346133,0.03957783641159906,0.2222222222218107,0.6976483759929094,-0.7130434782605596,-0.7931034482754714,5.614814800619133,0.16751269035524494,0.115384615384552,255.0,179.0,182.0,197.0,50.0,53.0,21.0,33.0,1.7679012345676828,2.2433862433850567,1
-0.12582781456950864,-0.8536585365832837,-0.09382151029746137,0.9999999999666667,1.0,-0.9701492537308607,-0.9999999999995817,0.0,0.0151515151515075,0.0,255.0,255.0,239.0,198.0,25.0,38.0,0.0,3.0,2.118380062305076,2.9230769230741123,1
-0.21140142517809707,-0.11999999999952,-0.21140142517809707,-0.5111111111099753,0.414815897192769,-0.8757062146887709,-0.7647058823526766,2.4177278413386185,0.06626506024092395,0.13333333333328104,234.0,255.0,255.0,166.0,0.0,14.0,34.0,11.0,2.2417582417579953,2.871794871787508,1
-0.14606741573030427,-0.9999999999985294,-0.13242009132417068,-0.9999999999972222,0.7661290323251921,-0.9999999999994738,-0.7464788732391738,7.551724143614636,0.0,0.14516129032252212,147.0,255.0,248.0,190.0,101.0,68.0,36.0,0.0,2.4085005903184875,2.2953586497880614,1
0.0707070707070469,-0.7473684210518449,0.03921568627449699,-0.6470588235284602,1.0,-0.8596491228065148,-0.4482758620687447,0.0,0.07547169811316008,0.38095238095212186,227.0,138.0,147.0,159.0,147.0,83.0,56.0,12.0,1.6676737160118327,2.0430769230762946,1
-0.2338983050846665,-0.17171717171699827,-0.14068441064633436,-0.012048192771069822,-0.8422315542408239,-0.467532467532164,-0.5624999999997071,0.08563985678499719,0.3628318584067585,0.27999999999981334,150.0,182.0,150.0,113.0,89.0,58.0,42.0,41.0,2.3221690590107937,1.8861788617878512,1
-0.07894736842102666,0.3793103448272592,0.08108108108104978,0.5384615384610207,0.7382550334377547,-0.27272727272714875,-0.6643356643351999,6.641025632831222,0.5714285714281633,0.2016806722687381,199.0,164.0,119.0,140.0,127.0,36.0,24.0,80.0,1.967016491753828,1.032258064515759,1
-0.31972789115635386,0.058823529411707036,-0.3548387096773049,0.8305084745748635,1.0,-0.2987012987011048,-0.9534883720925799,0.0,0.53999999999946,0.023809523809512474,165.0,194.0,210.0,100.0,133.0,48.0,5.0,54.0,2.376722817763801,1.3568904593634783,1
-0.4752186588919898,-0.045045045045004464,-0.4721407624632047,0.3249999999995937,-1.0,-0.25874125874107784,-0.8057553956831635,0.0,0.5888888888882345,0.107569721115495,142.0,253.0,251.0,90.0,62.0,58.0,27.0,53.0,2.742547425473883,2.008658008657139,1
-0.2539682539681868,0.07692307692300296,-0.23577235772351335,0.7777777777765432,1.0,-0.43147208121805514,-0.9404255319144935,0.0,0.39716312056709424,0.03070175438595145,123.0,237.0,228.0,141.0,17.0,48.0,7.0,56.0,2.569105691056562,2.272189349111082,1
-0.19999999999995294,0.3804347826084889,-0.19999999999995294,0.7046979865767083,1.0,-0.14478114478109605,-0.841155234656736,0.0,0.7470588235289723,0.08627450980388773,167.0,255.0,255.0,170.0,0.0,57.0,22.0,127.0,2.4085005903184875,1.8921161825718291,1
