NDPI_Pre,NDPI_Post,NDBI_Pre,NDBI_Post,NORMALIZED_NDBI,NORMALIZED_VV,NORMALIZED_VH,RBR_NDBI,RBR_VV,RBR_VH,HH_Pre,HV_Pre,VH_Pre,VV_Pre,HH_Post,HV_Post,VH_Post,VV_Post,IRV_Pre,IRV_Post,Burn_Classification
0.5423728813554726,-0.284634760705218,0.309352517985389,-0.284634760705218,-1.0,0.21888412017157988,0.6831683168314577,0.0,1.5604395604378456,5.312499999988932,60.0,27.0,48.0,91.0,255.0,255.0,255.0,142.0,1.0536585365848519,2.249173098125441,0
0.2923076923075799,-0.7465753424654977,0.39419087136913106,-0.6967213114751243,1.0,-0.6390243902435908,0.4785714285712577,0.0,0.22023809523796417,2.8356164383522797,105.0,92.0,73.0,168.0,134.0,255.0,207.0,37.0,1.6105032822753589,2.9955947136559478,0
-0.2553191489360344,-0.27065527065519357,-0.19540229885046242,-0.0857142857142551,-0.3901869160265572,0.292929292929145,0.18749999999992678,0.43865546240945774,1.8285714285688164,1.4615384615370561,78.0,118.0,104.0,70.0,83.0,223.0,152.0,128.0,2.458333333332693,2.7153729071533155,0
0.16666666666638888,-0.15018315018309517,0.07692307692295858,-0.2587859424919301,1.0,0.5364238410592475,0.7356828193829359,0.0,3.3142857142762447,6.566666666644778,34.0,25.0,30.0,35.0,0.0,157.0,197.0,116.0,1.6806722689061506,2.92093023255746,0
0.06735751295333298,-0.6834532374095803,0.2484848484846979,-0.7953488372089325,1.0,-0.6479999999994815,0.513725490195877,0.0,0.21359223300950136,3.1129032258014306,41.0,90.0,62.0,103.0,57.0,117.0,193.0,22.0,2.2222222222215366,2.9904153354623033,0
-0.4810126582275437,-0.5197368421050922,-0.5232558139531842,-0.5548780487803187,0.029330527426244098,0.2807017543857187,0.32124352331597894,1.0604336045389973,1.780487804873706,1.9465648854946975,89.0,117.0,131.0,41.0,226.0,231.0,255.0,73.0,2.571428571427865,2.4283837056501407,0
-0.7631578947363401,0.0,-0.7615894039730057,0.0,-1.0,0.8681318681315502,0.3144329896906406,-0.0,10.0,1.9172932330812653,104.0,134.0,133.0,18.0,187.0,255.0,255.0,255.0,2.748717948717244,2.1428571428569176,0
-0.2528301886791499,0.08090614886728774,-0.22656249999991152,-0.04297994269339743,-0.6810896107501226,0.2556390977442648,0.07374631268434403,0.18970457473052546,1.6868686868669829,1.1592356687890706,75.0,166.0,157.0,99.0,8.0,142.0,182.0,167.0,2.624505928853236,2.474945533768524,0
-0.025641025641017424,-0.9999999999991597,-0.0925373134328082,-0.9999999999993712,0.8306010929721486,-0.9999999999993422,-0.07017543859647071,10.0,0.0,0.8688524590159187,84.0,160.0,183.0,152.0,130.0,119.0,159.0,0.0,2.3021582733808805,2.5869565217384274,0
0.0,0.3925233644857979,-0.13488372093016984,0.09963099630992633,-1.0,0.23140495867759034,0.0,0.0,1.602150537632686,0.9999999999991803,38.0,93.0,122.0,93.0,255.0,65.0,122.0,149.0,2.3470031545733923,0.973782771535398,0
-0.22950819672121742,-0.22891566265054725,-0.17543859649115112,-0.22891566265054725,0.13225300578293497,0.2598425196849371,0.3110539845757555,1.3048192778524386,1.7021276595726573,1.9029850746254457,52.0,150.0,134.0,94.0,68.0,255.0,255.0,160.0,2.6905829596406523,2.764227642276048,0
-0.2631578947367498,-0.36416184971087745,-0.23913043478252208,-0.3972602739724939,0.24847917645462228,0.023255813953477558,0.19718309859150301,1.661270237307562,1.0476190476180498,1.4912280701745666,184.0,180.0,171.0,105.0,93.0,236.0,255.0,110.0,2.2187981510011987,2.7970370370366227,0
0.07692307692304734,-0.029629629629618657,0.17154811715473994,-0.23167155425213148,1.0,-0.03321033210330878,0.35922330097075755,0.0,0.9357142857136175,2.1212121212099784,37.0,120.0,99.0,140.0,110.0,139.0,210.0,131.0,2.302158273380743,2.142581888246215,0
-0.16339869281035074,-0.08591065292093268,-0.17948717948706444,-0.13355048859930505,-0.14674493067639263,0.35025380710642123,0.30827067669161345,0.7440670083254424,2.078124999996753,1.8913043478240312,3.0,89.0,92.0,64.0,111.0,158.0,174.0,133.0,2.906122448978406,2.257142857142454,0
-0.09090909090902734,-0.165217391304276,-0.1719745222928841,0.037837837837817384,-1.0,0.1925465838508121,-0.01657458563534996,0.0,1.4769230769208046,0.9673913043467746,46.0,78.0,92.0,65.0,194.0,134.0,89.0,96.0,2.337078651684518,1.9211469534046735,0
-0.362318840579185,-0.0977443609022189,-0.38028169014030944,-0.2878338278930897,-0.1383710747105194,0.6901408450699366,0.6315789473681837,0.7568963624374858,5.4545454545206615,4.428571428562391,104.0,47.0,49.0,22.0,219.0,146.0,217.0,120.0,1.7090909090901323,1.8510301109347302,0
-0.8853503184707737,0.13953488372087616,-0.8636363636357095,-0.2519083969465008,-0.54836702959797,0.8846153846148176,0.333333333333243,0.29168340702467993,10.0,1.999999999998374,52.0,148.0,123.0,9.0,130.0,111.0,246.0,147.0,3.316526610643329,1.7795591182361163,0
-0.32460732984284696,-0.23849372384927262,-0.32812499999991457,-0.18018018018009901,-0.2910551094453281,-0.17272727272719424,-0.32124352331597894,0.5491205492877957,0.7054263565886005,0.513725490195877,96.0,253.0,255.0,129.0,75.0,148.0,131.0,91.0,2.768809849520825,2.562770562770008,0
-0.1409090909090589,-0.3485714285712294,-0.14864864864861518,-0.2597402597400911,0.27202406538656737,-0.5365853658534404,-0.44886363636350884,1.7473435667001282,0.30158730158714203,0.3803921568625959,106.0,251.0,255.0,189.0,78.0,118.0,97.0,57.0,2.5194479297361956,2.5444743935303116,0
-0.055350553505514634,-0.08888888888883952,-0.16339869281040412,0.3225806451610302,1.0,-0.21904761904751474,-0.6181818181815373,0.0,0.6406249999994996,0.23595505617964274,47.0,143.0,178.0,128.0,121.0,98.0,42.0,82.0,2.481561822125275,1.964912280701262,0
-0.2396166134184538,-0.2159999999999424,-0.19322033898298535,-0.2686567164178436,0.1633256654971206,0.10526315789469727,0.18329466357304333,1.3904163400755791,1.2352941176460208,1.4488636363628133,76.0,194.0,176.0,119.0,25.0,228.0,255.0,147.0,2.6620926243563185,2.904458598725652,0
-0.2816326530611096,-0.3563829787233095,-0.217777777777681,-0.3563829787233095,0.24140486684329818,0.15789473684202973,0.30102040816318854,1.6364524540734786,1.3749999999984375,1.8613138686117803,166.0,157.0,137.0,88.0,173.0,255.0,255.0,121.0,2.2112676056334135,2.5373134328355054,0
0.042145593869715656,-0.14909090909085487,0.11475409836060871,-0.12359550561793124,1.0,-0.07509881422921934,0.16279069767435553,0.0,0.8602941176464264,1.3888888888876028,119.0,125.0,108.0,136.0,160.0,158.0,150.0,117.0,1.980198019801588,2.131534569982777,0
-0.0710059171597423,0.21311475409829078,0.03630363036302432,-0.010695187165772542,-1.0,0.08187134502921584,0.12835820895518557,0.0,1.1783439490438354,1.294520547944319,137.0,181.0,146.0,157.0,207.0,120.0,189.0,185.0,2.2073170731703953,1.5189873417719115,0
-0.12903225806444676,0.38461538461525013,-0.2568807339448363,0.2815533980581613,1.0,0.4193548387095271,-0.10483870967737709,0.0,2.4444444444414266,0.8102189781015985,67.0,105.0,137.0,81.0,138.0,88.0,111.0,198.0,2.3463687150831434,1.3749999999997313,0
-0.05660377358485226,0.06976744186044194,-0.19999999999984,0.17948717948711376,-1.0,0.5260663507106512,0.19786096256673913,0.0,3.21999999999356,1.493333333331342,60.0,56.0,75.0,50.0,93.0,140.0,112.0,161.0,2.0180180180171092,2.0973782771531653,0
-0.5180722891563144,-0.06956521739127411,-0.5480225988697469,0.12041884816747622,-1.0,0.45578231292486004,-0.2398190045247784,0.0,2.6749999999933123,0.6131386861309394,140.0,126.0,137.0,40.0,42.0,123.0,84.0,107.0,2.3333333333327935,2.4911392405056985,0
-0.5044247787609132,0.14613180515755125,-0.48936170212751084,0.10803324099719999,-1.0,0.4084507042252083,-0.20689655172408697,0.0,2.3809523809495463,0.6571428571425889,87.0,255.0,245.0,84.0,90.0,149.0,161.0,200.0,2.9955947136559478,2.0272108843533965,0
-0.2925170068026216,0.19999999999994805,-0.25448028673826006,0.3050847457626257,1.0,0.37910447761182714,-0.17449664429524347,0.0,2.22115384615171,0.7028571428567413,46.0,190.0,175.0,104.0,98.0,154.0,123.0,231.0,2.8679245283013453,1.9340659340656303,0
0.011363636363629907,-0.13669064748191606,-0.05319148936167384,-0.2105263157893352,0.5966029726253379,-0.19463087248309086,-0.036649214659666675,3.957894744282449,0.674157303370029,0.9292929292919906,80.0,87.0,99.0,89.0,160.0,79.0,92.0,60.0,2.029154518949846,1.6719576719572298,0
0.04029304029302554,-0.2463768115941315,-0.05016722408025078,-0.32467532467524035,0.7323290847840315,-0.04411764705880731,0.2378640776698452,6.471861484762533,0.9154929577458343,1.6242038216550165,50.0,131.0,157.0,142.0,114.0,215.0,255.0,130.0,2.308370044052355,2.5519287833824107,0
-0.1880597014924812,-0.1888111888111448,-0.08108108108105369,-0.1888111888111448,0.3991596640134862,0.12258064516125078,0.22891566265054725,2.3286713315436005,1.2794117647049417,1.5937499999990041,126.0,199.0,160.0,136.0,255.0,255.0,255.0,174.0,2.4121212121208466,2.1725239616611103,0
-0.3839999999998464,-0.0034129692832752857,-0.3636363636362134,-0.09876543209873495,-0.5728155341044258,0.3094170403586057,0.03790087463555746,0.2716049383463247,1.8961038961014336,1.0787878787872252,209.0,173.0,165.0,77.0,95.0,147.0,178.0,146.0,2.1898734177211723,2.1981308411210843,0
-0.21019108280248083,0.14478114478109605,-0.03501945525290466,0.18055555555549288,1.0,0.1564625850339604,-0.059760956175275,0.0,1.3709677419343782,0.887218045112115,219.0,190.0,133.0,124.0,141.0,127.0,118.0,170.0,2.1023513139692804,1.798230088495257,0
-0.1143911439113969,0.43478260869546315,-0.20529801324496513,0.34146341463400753,1.0,0.15789473684204988,-0.3840304182508046,0.0,1.3749999999988542,0.44505494505470056,143.0,151.0,182.0,120.0,108.0,65.0,81.0,165.0,2.1380530973447542,1.290322580644841,0
-0.07216494845357105,-0.07112970711294095,-0.13043478260863264,-0.09016393442619255,-0.18255250412149004,0.10447761194024653,0.0639999999999744,0.6912568311311071,1.233333333331963,1.136752136751165,179.0,104.0,117.0,90.0,102.0,128.0,133.0,111.0,1.7442348008382087,2.1833688699355687,0
0.131313131313065,-0.262569832402088,0.009009009009004951,-0.31249999999983724,1.0,-0.2584269662919897,0.0677966101694628,0.0,0.5892857142851882,1.1454545454535041,168.0,86.0,110.0,112.0,132.0,113.0,126.0,66.0,1.522123893804973,2.1320754716976102,0
-0.7402597402587788,0.15217391304343691,-0.8019801980190079,0.10416666666663954,-1.0,0.9099099099095,0.3079847908744076,0.0,10.0,1.890109890107813,22.0,67.0,91.0,10.0,63.0,156.0,172.0,212.0,3.2289156626486575,2.126064735945123,0
0.05365853658533968,0.17605633802810702,0.05365853658533968,0.0879478827361277,0.2421454217321294,0.21454545454537655,0.1814345991560416,1.6390287206649896,1.5462962962948645,1.443298969070677,68.0,97.0,97.0,108.0,124.0,117.0,140.0,167.0,2.0972972972967305,1.7828571428568032,0
0.06722689075627428,-0.48148148148088704,0.13901345291473588,-0.33333333333280424,1.0,-0.7162162162157324,-0.3913043478258034,0.0,0.16535433070853123,0.43749999999954425,62.0,111.0,96.0,127.0,145.0,60.0,42.0,21.0,2.1605839416053136,1.6783216783210915,0
0.0029154518950428817,-0.12094395280232421,0.1025641025640697,-0.2279792746113399,1.0,-0.0716510903426568,0.2572944297081546,0.0,0.8662790697669382,1.6928571428559338,80.0,171.0,140.0,172.0,137.0,190.0,237.0,149.0,2.303030303029915,2.2822822822819395,0
-0.20283018867919744,-0.6571428571426224,-0.1377551020407812,-0.6831683168314577,0.6643898837803757,-0.5576036866356878,0.06694560669454666,4.959295933192669,0.28402366863888523,1.143497757847021,77.0,255.0,223.0,169.0,185.0,232.0,255.0,48.0,2.698412698412341,2.6628407460541372,0
-0.5081967213113088,0.296969696969517,-0.40711462450576796,-0.02283105022830008,-0.8937956512867267,0.17582417582407922,-0.22758620689647324,0.05608015251632069,1.4266666666647645,0.629213483145714,136.0,230.0,178.0,75.0,136.0,58.0,112.0,107.0,2.7421758569295465,1.2924791086347376,0
-0.5225806451611218,0.1894736842104266,-0.4196078431370904,0.046296296296274866,-1.0,0.2085561497325088,-0.274647887323847,0.0,1.5270270270249635,0.5690607734803487,125.0,236.0,181.0,74.0,105.0,77.0,103.0,113.0,2.8137108792842302,1.6559139784941785,0
-0.3563829787233095,0.5034482758617218,-0.3563829787233095,0.37974683544279764,1.0,-0.05217391304345558,-0.6776315789471455,0.0,0.9008264462802472,0.1921568627450227,85.0,255.0,255.0,121.0,27.0,36.0,49.0,109.0,2.8491620111727864,1.3846153846147191,0
-0.33953488372077234,-0.05434782608692699,-0.29702970297015,-0.07936507936503738,-0.5782881003624183,0.10126582278474604,-0.12446351931325131,0.267195767285714,1.2253521126743305,0.7786259541978789,67.0,144.0,131.0,71.0,2.0,97.0,102.0,87.0,2.7042253521120414,2.7420494699636957,0
0.2921810699587275,-0.9999999999995193,0.1586715867158086,-0.9999999999991526,1.0,-0.9999999999993632,0.017241379310337396,0.0,0.0,1.0350877192973376,100.0,86.0,114.0,157.0,155.0,208.0,118.0,0.0,1.60372960372923,2.9141856392289114,0
0.055555555555524695,-0.41444866920136336,-0.010416666666661242,-0.4076923076921509,0.950172480104609,-0.10465116279063684,0.30714285714274747,10.0,0.8105263157886204,1.886597938142385,45.0,85.0,97.0,95.0,164.0,186.0,183.0,77.0,2.1935483870960666,2.427406199020811,0
0.5189873417719877,-0.9008264462802472,0.3753581661890042,-0.8571428571418367,1.0,-0.9512195121947353,-0.1657754010694301,0.0,0.024999999999989586,0.7155963302745728,175.0,76.0,109.0,240.0,124.0,115.0,78.0,6.0,1.0723104056435497,2.5555555555548457,0
0.3404255319147729,-0.8352941176460761,0.3548387096772922,-0.8227848101255407,1.0,-0.9285714285709549,-0.11111111111104253,0.0,0.037037037037017446,0.7999999999991111,160.0,93.0,90.0,189.0,61.0,78.0,72.0,7.0,1.3906542056072166,2.785714285713042,0
-0.025641025641020162,-0.22058823529403657,0.01108647450110619,-0.2739726027396322,1.0,-0.36526946107773495,-0.09046454767723949,0.0,0.4649122807015505,0.8340807174884153,128.0,240.0,223.0,228.0,160.0,166.0,186.0,106.0,2.2966507177030744,2.220735785952806,0
-0.21656050955407116,-0.6826923076919795,-0.19344262295075626,-0.7391304347823165,0.58514215842408,-0.5769230769227072,0.09452736318405609,3.82092852076642,0.2682926829266111,1.2087912087905448,48.0,191.0,182.0,123.0,146.0,175.0,220.0,33.0,2.763110307413605,2.646502835538252,0
-0.10852713178290367,0.33609958506210125,-0.07258064516126106,0.7988826815637996,1.0,0.1666666666666063,-0.7615894039730057,0.0,1.3999999999987827,0.13533834586455992,69.0,143.0,133.0,115.0,149.0,80.0,18.0,161.0,2.4340425531909715,1.3617021276592849,0
-0.28735632183897036,-0.2554744525545581,-0.2439024390242911,-0.11304347826077127,-0.3666072490630972,-0.2916666666664641,-0.4101382488477373,0.46347826105937673,0.5483870967736039,0.41830065359449786,16.0,168.0,153.0,93.0,67.0,86.0,64.0,51.0,3.0202247191004448,2.37241379310263,0
-0.43478260869546315,-0.633027522935199,-0.4063926940637414,0.428571428569898,1.0,-0.5294117647052595,-0.9012345679006784,0.0,0.3076923076918343,0.05194805194801822,36.0,165.0,154.0,65.0,86.0,89.0,8.0,20.0,3.0626450116002175,2.507042253520244,0
-0.17948717948694937,-0.7071129707110012,-0.418181818181438,-0.48529411764670205,0.07428233205921095,0.044776119402918244,0.12849162011166007,1.1604859337815456,1.093749999996582,1.2948717948701347,17.0,46.0,78.0,32.0,56.0,204.0,101.0,35.0,2.6099290780123336,3.2705410821636733,0
-0.10067114093952977,-0.47266881028923713,-0.1125827814568791,-0.5030303030301506,0.634241752613239,0.10067114093952977,0.49397590361430904,4.468092695592426,1.2238805970130986,2.9523809523774376,7.0,82.0,84.0,67.0,80.0,229.0,248.0,82.0,2.7563025210072456,2.9548387096769426,0
-0.06818181818179236,-0.3636363636360331,0.05128205128202937,-0.7107438016525989,1.0,-0.5569620253161033,0.30188679245273525,0.0,0.28455284552822396,1.8648648648631847,41.0,141.0,111.0,123.0,170.0,75.0,207.0,35.0,2.5291479820622134,1.6901408450699464,0
-0.10204081632650086,-0.5098039215681276,-0.19582245430804288,-0.6478873239432058,0.535806128294181,-0.7206703910610499,-0.3236994219652244,3.308544602627065,0.16233766233755695,0.5109170305674625,103.0,189.0,229.0,154.0,160.0,77.0,117.0,25.0,2.3811023622043495,1.817109144542237,0
-0.16334661354575167,0.6853932584261961,-0.159999999999936,-0.06249999999996094,-0.4382022473880469,-0.1666666666665741,-0.2608695652172779,0.3906250002440528,0.714285714285034,0.5862068965513199,111.0,146.0,145.0,105.0,60.0,14.0,85.0,75.0,2.2992125984247442,0.6871165644167564,0
-0.36241610738242874,-0.6625514403289455,-0.318996415770495,-0.5773195876285684,0.2882054664953714,-0.39705882352911986,-0.09198813056377092,1.8097996067294577,0.43157894736796676,0.831521739129983,92.0,203.0,184.0,95.0,202.0,202.0,153.0,41.0,2.7386172006740743,2.4976816074184702,0
-0.2167300380227313,-0.1289198606271328,-0.09251101321581828,-0.24471299093648197,0.45133791157126113,0.09649122807013312,0.2484848484847732,2.6452309048882197,1.2135922330085305,1.6612903225793054,89.0,160.0,124.0,103.0,192.0,162.0,206.0,125.0,2.4999999999995115,2.02184087363463,0
-0.08710801393725189,-0.27756653992384883,-0.2084592145014476,-0.01554404145076915,-0.8612159332985398,-0.15929203539815961,-0.342281879194516,0.07456634380687374,0.725190839694103,0.489999999999755,96.0,156.0,200.0,131.0,73.0,168.0,98.0,95.0,2.3153988868270283,2.6666666666661376,0
-0.4855305466236381,-0.7832167832165094,-0.4952681388011056,-0.5230769230765208,0.027307820619144618,-0.44144144144104375,-0.4107142857141635,1.0561489468075753,0.3874999999995156,0.41772151898716553,87.0,231.0,237.0,80.0,76.0,255.0,99.0,31.0,2.9379968203492943,3.3063209076169677,0
-0.9999999999985074,-0.09482758620685568,-0.999999999998305,0.19318181818170843,-1.0,0.9999999999990477,0.09230769230762131,0.0,10.0,1.203389830506435,20.0,67.0,59.0,0.0,47.0,127.0,71.0,105.0,3.480519480517221,2.5024630541865758,0
0.38461538461501477,-0.34911242603539966,-0.033557046979843255,-0.3313069908813583,0.8160572517053277,0.20879120879109409,0.4797297297295677,9.872948357692488,1.5277777777756558,2.84415584415215,23.0,32.0,77.0,72.0,122.0,228.0,219.0,110.0,1.6100628930807486,2.6511627906972888,0
0.0206185567010203,-0.036764705882339425,0.11864406779654314,-0.3177083333332506,1.0,0.13913043478254822,0.5287009063442512,0.0,1.3232323232309866,3.243589743585585,50.0,95.0,78.0,99.0,119.0,141.0,253.0,131.0,2.2418879056040586,2.1203007518793004,0
0.18007662835242144,-0.23489932885890277,0.3811659192823403,-0.1492537313431722,-1.0,-0.4597156398102087,0.05479452054790768,0.0,0.37012987012962983,1.11594202898389,30.0,107.0,69.0,154.0,43.0,92.0,77.0,57.0,2.1507537688436806,2.5915492957737354,0
-0.18978102189774096,0.11450381679380574,-0.15909090909084883,-0.058064516128994804,-0.4652261987288581,-0.20652173913032257,-0.3021276595743395,0.3649769587546626,0.6576576576570652,0.5359477124179504,36.0,163.0,153.0,111.0,29.0,58.0,82.0,73.0,2.7568710359402204,2.1284403669715006,0
-0.8245614035073253,0.9999999999989899,-0.7777777777760494,0.559055118109796,-1.0,0.9038461538452848,-0.1764705882350346,0.0,10.0,0.69999999999825,41.0,52.0,40.0,5.0,9.0,0.0,28.0,99.0,2.7733333333314847,0.0,0
-0.1180124223602118,-0.4516129032256608,-0.08387096774190843,-0.40972222222208,0.6601615686188077,-0.25110132158579246,0.094339622641484,4.885149578474054,0.5985915492953532,1.2083333333326143,7.0,180.0,168.0,142.0,135.0,225.0,203.0,85.0,2.8290766208245914,2.6865671641787032,0
-0.19078947368414778,0.11111111111107683,-0.050193050193030816,-0.027027027027019722,-0.3000000003884473,0.18811881188112603,0.1656441717790903,0.5384615395343819,1.4634146341451517,1.3970588235283847,79.0,181.0,136.0,123.0,151.0,144.0,190.0,180.0,2.5673758865243674,1.8610662358639964,0
-0.18207282913160167,-0.5315315315313719,-0.2718204488777377,-0.44086021505360545,0.2371886523020235,-0.30357142857129304,-0.11842105263155298,1.621880241298874,0.5342465753420998,0.788235294117338,101.0,211.0,255.0,146.0,64.0,255.0,201.0,78.0,2.523168908818756,3.128834355827741,0
-0.5548780487803187,-0.4782608695650788,-0.5548780487803187,-0.4782608695650788,-0.07415960996354731,0.10429447852754338,0.0,0.8619206881629927,1.2328767123270783,0.9999999999996079,74.0,255.0,255.0,73.0,51.0,255.0,255.0,90.0,3.1050228310497556,3.13364055299491,0
-0.9999999999988506,-0.019157088122598025,-0.9999999999988636,-0.03396226415093058,-0.9343065694333793,0.9999999999992188,0.217777777777681,0.0339622641543654,10.0,1.5568181818164126,55.0,87.0,88.0,0.0,50.0,133.0,137.0,128.0,3.039301310042341,2.3963963963958568,0
0.21052631578928901,-0.27272727272716496,-0.09210526315783416,-0.4666666666665314,0.6703296704497366,0.14285714285705414,0.5059523809522304,5.066666672169482,1.333333333331401,3.048192771080665,60.0,45.0,83.0,69.0,88.0,161.0,253.0,92.0,1.6438356164376056,2.5657370517923175,0
0.09385113268605377,-0.4590163934422467,0.13804713804709157,-0.6206896551720571,1.0,-0.67326732673234,0.04832713754645044,0.0,0.1952662721892336,1.1015624999991396,88.0,140.0,128.0,169.0,107.0,89.0,141.0,33.0,2.0856610800740993,2.23899371069112,0
0.17241379310337396,0.08181818181814464,0.30769230769215977,0.13333333333326985,-0.3953488371196573,-0.06666666666664052,0.1165644171778426,0.433333333192502,0.8749999999993567,1.2638888888871334,24.0,96.0,72.0,136.0,112.0,101.0,91.0,119.0,2.181818181817562,1.8660508083136569,0
0.018633540372659234,0.10112359550550436,0.2519083969463726,-0.029702970297000295,-1.0,-0.2519083969463726,0.029702970297000295,0.0,0.5975609756090273,1.0612244897937526,26.0,79.0,49.0,82.0,66.0,40.0,52.0,49.0,2.375939849623167,1.6410256410247996,0
0.6842105263139889,-0.9999999999916667,0.9393939393910927,0.0,-0.9999999998935484,-0.9999999999968749,-0.9999999999,0.0,0.0,0.0,18.0,6.0,1.0,32.0,0.0,12.0,0.0,0.0,0.7741935483858481,3.9999999999833338,0
0.07042253521123455,-0.028169014084497124,0.022421524663667078,-0.21142857142851101,1.0,0.09523809523805744,0.32087227414320224,0.0,1.2105263157884119,1.9449541284385825,0.0,99.0,109.0,114.0,90.0,146.0,212.0,138.0,2.5384615384607248,2.246153846153414,0
-0.22222222222213406,0.08717948717946483,-0.2461538461537515,0.04950495049503725,-1.0,0.36774193548375234,0.08474576271184046,0.0,2.1632653061202416,1.1851851851844537,47.0,154.0,162.0,98.0,110.0,178.0,192.0,212.0,2.7196467991163975,2.1002949852504273,0
-0.12499999999996604,-0.1567164179103893,-0.22596153846148415,-0.38586956521728644,0.2613597540570522,-0.17518248175176088,0.0,1.707678076611374,0.7018633540368312,0.9999999999996079,121.0,207.0,255.0,161.0,157.0,155.0,255.0,113.0,2.3793103448272444,2.13793103448239,0
-0.4782608695650788,-0.5375722543349494,-0.4782608695650788,-0.7288135593217868,0.20757020758738018,-0.3846153846150888,0.0,1.5238828970828078,0.4444444444439506,0.9999999999996079,105.0,255.0,255.0,90.0,16.0,133.0,255.0,40.0,2.893617021276185,3.3043478260859303,0
-0.5231788079466735,-0.3300492610835813,-0.5999999999996667,-0.29166666666651475,-0.3457943925621299,0.30769230769201183,-0.07462686567161395,0.4861111111921465,1.888888888883642,0.8611111111105132,66.0,115.0,144.0,36.0,123.0,135.0,124.0,68.0,2.771084337348563,2.3427331887196656,0
0.34177215189830157,-0.403773584905508,-0.00934579439251463,-0.3471074380163855,0.9475622971239288,0.19696969696954778,0.5023041474652064,10.0,1.4905660377330365,3.0185185185129284,59.0,26.0,54.0,53.0,122.0,186.0,163.0,79.0,1.2682926829260561,2.596858638743002,0
0.08185053380780005,-0.7449664429525202,0.009966777408634563,-0.6666666666660819,1.0,-0.777777777777323,-0.22131147540974538,0.0,0.12499999999991777,0.6375838926170219,72.0,129.0,149.0,152.0,61.0,130.0,95.0,19.0,2.1410788381738297,3.058823529410865,0
-0.27692307692286394,-0.07096774193543809,-0.2479999999998016,-0.02040816326529224,-0.8479318737952132,0.21008403361326883,-0.01960784313724209,0.08229098094168413,1.5319148936137619,0.9615384615372288,60.0,83.0,78.0,47.0,92.0,83.0,75.0,72.0,2.4322344322335416,2.0121212121206025,0
-0.365853658535693,-0.09589041095877275,0.0,0.885714285711755,0.9999999998870968,0.434782608694707,-0.7333333333284444,10.0,2.5384615384420117,0.1538461538449704,32.0,28.0,13.0,13.0,107.0,40.0,2.0,33.0,2.217821782176022,1.4545454545447936,0
0.0810810810809715,-0.9999999999941177,0.2698412698408415,0.0,-0.9999999996294118,-0.9999999999975,-0.9999999999956523,0.0,0.0,0.0,47.0,34.0,23.0,40.0,18.0,17.0,0.0,0.0,1.7548387096762874,2.6153846153795857,0
0.46153846153810657,0.5135135135132822,0.24183006535931909,0.11258278145691637,-0.3646800194377546,0.27756653992384883,0.3958333333331272,0.46554501502153034,1.7684210526297175,2.3103448275822234,28.0,35.0,58.0,95.0,123.0,54.0,134.0,168.0,1.4507772020717873,1.0827067669170218,0
-0.18260869565209453,0.04712041884814287,-0.20675105485223344,-0.33333333333322224,0.2343750000434379,0.03092783505153045,0.16618075801744428,1.6122448987391267,1.0638297872329108,1.3986013986004207,62.0,136.0,143.0,94.0,48.0,91.0,200.0,100.0,2.5420560747657612,2.2060606060599377,0
-0.24894514767921988,-0.5148936170210575,-0.2614107883816343,-0.4093264248702543,0.22052695688903798,-0.2191780821916307,-0.05555555555553627,1.5658360068493469,0.6404494382015276,0.8947368421046746,104.0,148.0,152.0,89.0,59.0,178.0,136.0,57.0,2.4212678936600365,3.016949152541734,0
-0.5789473684208735,-0.9999999999994924,-0.5709779179808925,-0.9999999999993244,0.2730923694951286,-0.9999999999985294,-0.2544080604533364,1.751381215775716,0.0,0.594377510039922,134.0,255.0,249.0,68.0,128.0,197.0,148.0,0.0,2.86516853932544,3.019157088122027,0
0.00307692307692213,-0.4558823529410089,-0.07122507122505094,-0.31162790697659926,0.6279246851978768,-0.37552742616017915,-0.14285714285709944,4.375255820095559,0.4539877300610712,0.7499999999996011,57.0,162.0,188.0,163.0,193.0,198.0,141.0,74.0,2.3823529411760322,2.389140271492852,0
-0.5064935064932873,-0.25560538116580467,-0.5511811023619877,-0.40501792114680824,-0.15285853429771964,0.18571428571415308,-0.0025445292620858667,0.7348182284999585,1.4561403508746382,0.9949238578675154,75.0,174.0,197.0,57.0,90.0,140.0,196.0,83.0,2.899999999999396,2.472406181014907,0
-0.33333333333319787,-0.48333333333293055,-0.33603238866383156,-0.6124999999996172,0.29146881505490346,-0.45132743362791916,-0.12244897959179508,1.8227409643974508,0.37804878048734386,0.781818181817708,51.0,164.0,165.0,82.0,70.0,89.0,129.0,31.0,2.845986984815001,2.55197132616396,0
-0.6860465116275082,-0.9999999999983871,-0.6842105263153894,-0.9999999999958334,0.1875000000094049,-0.9999999999962964,-0.7142857142852892,1.461538461746836,0.0,0.16666666666655094,107.0,145.0,144.0,27.0,102.0,62.0,24.0,0.0,2.7358490566031284,2.1946902654857547,0
0.012048192771069822,0.9999999999950001,0.5849056603762549,-0.1999999999996,-1.0,-0.354838709676847,0.46341463414521117,0.0,0.4761904761893424,2.727272727247934,79.0,41.0,11.0,42.0,84.0,0.0,30.0,20.0,1.6157635467972338,0.0,0
0.12280701754364419,-0.09090909090826446,0.9999999999968749,-0.49999999999750006,-1.0,-0.7297297297277574,0.9999999999933333,0.0,0.15624999999951172,10.0,43.0,25.0,0.0,32.0,0.0,6.0,15.0,5.0,1.59999999999872,2.823529411748097,0
0.1999999999998261,0.48066298342514885,0.42268041237069826,0.4644808743166861,0.04711709422911923,0.32019704433481766,0.27272727272691855,1.0988937755635544,1.9420289855044317,1.74999999999375,97.0,46.0,28.0,69.0,83.0,47.0,49.0,134.0,1.426356589146734,1.209003215433695,0
-0.15942028985495696,-0.052631578947322254,-0.0719999999999424,-0.19999999999985188,0.47058823546715106,-0.03571428571425383,0.09459459459453069,2.777777781635967,0.9310344827570154,1.2089552238787926,72.0,80.0,67.0,58.0,66.0,60.0,81.0,54.0,2.206896551723377,1.9999999999991667,0
-0.24999999999986414,-0.029585798816550542,-0.28124999999985356,-0.399267399267253,0.17342304460083222,0.08609271523173107,0.21656050955407116,1.4196174201223917,1.1884057970997268,1.5528455284540221,65.0,115.0,123.0,69.0,44.0,87.0,191.0,82.0,2.5274725274718333,2.3199999999992267,0
-0.16622691292871605,-0.9999999999994446,-0.012499999999996094,-0.9999999999995306,0.9753086420716316,-0.9999999999993672,0.13599999999996373,10.0,0.0,1.3148148148140033,56.0,221.0,162.0,158.0,225.0,180.0,213.0,0.0,2.695121951219101,2.4615384615380407,0
0.3467048710600726,-0.7756097560971826,0.17206982543636606,-0.7688442211051413,1.0,-0.8217054263562708,0.029239766081862798,0.0,0.09787234042549027,1.0602409638547832,31.0,114.0,166.0,235.0,207.0,182.0,176.0,23.0,1.8461538461534726,2.451178451178038,0
-0.8345323741004192,-0.846153846153123,-0.8345323741004192,-0.8741258741252629,0.023172275712990496,-0.4374999999986328,-0.3110539845757555,1.0474439355001268,0.39130434782438567,0.5254901960782253,95.0,255.0,255.0,23.0,35.0,108.0,134.0,9.0,3.2484076433115843,3.323076923075645,0
-0.5757575757573266,0.15723270440241685,-0.5399061032861315,0.10843373493969373,-1.0,0.3049645390068759,-0.3781512605040428,0.0,1.8775510204043315,0.45121951219484685,47.0,182.0,164.0,49.0,33.0,67.0,74.0,92.0,3.16521739130366,2.0694980694972704,0
-0.6043956043952724,0.03124999999997559,-0.5636363636360221,0.16814159292020517,-1.0,0.29411764705853516,-0.4659090909088262,0.0,1.8333333333282407,0.3643410852710354,82.0,146.0,129.0,36.0,142.0,62.0,47.0,66.0,2.8487804878041834,1.493975903614008,0
-0.9999999999982456,0.5483870967724246,-0.999999999997561,0.9999999999958334,1.0,0.9999999999958334,-0.999999999997561,0.0,10.0,0.0,53.0,57.0,41.0,0.0,32.0,7.0,0.0,24.0,2.7305389221540537,0.7999999999988571,0
0.25925925925829907,-0.9999999999970588,0.09677419354807493,0.0,-0.9999999989666667,-0.9999999999941177,-0.9999999999928572,0.0,0.0,0.0,28.0,10.0,14.0,17.0,0.0,34.0,0.0,0.0,1.2307692307673372,3.9999999999941176,0
0.7142857142851474,-0.15151515151499848,0.8782608695644537,0.47368421052548476,-0.29925524710081336,-0.4399999999997067,0.36363636363471075,0.5393434079631254,0.3888888888885288,2.1428571428265304,149.0,18.0,7.0,108.0,78.0,57.0,15.0,42.0,0.49146757679164116,1.948717948717116,0
0.552238805969325,0.33333333333304843,0.46478873239371155,0.3928571428567921,-0.0838709677319003,0.19999999999984616,0.2830188679239943,0.8452380950566768,1.4999999999971154,1.7894736842011083,70.0,15.0,19.0,52.0,110.0,39.0,34.0,78.0,0.789473684210007,1.1729323308266268,0
-0.5744680851059756,0.35570469798633847,-0.5555555555551441,0.13483146067408155,-1.0,0.5419847328240138,-0.15384615384606934,0.0,3.3666666666554446,0.733333333332635,25.0,111.0,105.0,30.0,105.0,48.0,77.0,101.0,3.2057761732840415,1.271523178807526,0
-0.23560209424071435,0.14705882352930363,-0.09876543209870448,-0.30357142857129304,0.5090410960169953,0.03311258278143503,0.2425531914892585,3.0736607173983206,1.0684931506834678,1.640449438200404,52.0,118.0,89.0,73.0,117.0,58.0,146.0,78.0,2.614958448752738,1.4919614147905171,0
-0.3111111111109959,-0.06787330316739011,-0.3007518796991351,-0.19844357976645977,-0.20494637523885806,0.05102040816323928,-0.058103975535150426,0.6598249029431185,1.1075268817192392,0.8901734104041098,96.0,177.0,173.0,93.0,121.0,118.0,154.0,103.0,2.6077348066293538,2.052173913043032,0
-0.8717948717944993,-0.4634146341459647,-0.8712446351927592,-0.48437499999962164,-0.2853821419949953,0.37499999999921874,-0.39297124600626426,0.5559575123788871,2.1999999999853332,0.43577981651356157,93.0,219.0,218.0,15.0,55.0,90.0,95.0,33.0,3.208791208790621,2.6865671641781024,0
-0.6428571428567602,0.4408602150532894,-0.6491228070171643,0.3267326732670032,-1.0,0.3814432989686789,-0.611428571428222,0.0,2.233333333325889,0.24113475177287866,75.0,138.0,141.0,30.0,99.0,26.0,34.0,67.0,2.89763779527483,0.9541284403665349,0
-0.07317073170725759,0.5546558704451195,-0.1798561151077843,0.46564885496165437,1.0,0.5421686746985774,-0.0789473684210007,0.0,3.3684210526256693,0.8536585365843248,81.0,66.0,82.0,57.0,139.0,55.0,70.0,192.0,1.9555555555548314,0.9977324263036287,0
-0.4246575342459936,0.20634920634904258,-0.468354430379154,0.9999999999986842,1.0,0.567010309277766,-0.9999999999982758,0.0,3.6190476190303857,0.0,39.0,52.0,58.0,21.0,36.0,50.0,0.0,76.0,2.5365853658521123,1.8867924528292987,0
-0.13846153846132545,-0.15662650602390768,-0.11111111111093475,0.8421052631556787,1.0,0.11111111111093475,-0.8421052631556787,0.0,1.2499999999955358,0.08571428571404081,10.0,37.0,35.0,28.0,2.0,48.0,3.0,35.0,2.642857142854783,2.8872180451106115,0
0.9038461538452848,-0.37499999999966516,0.25316455696186513,-0.12499999999984375,-1.0,-0.47761194029815107,-0.13461538461525518,0.0,0.35353535353499643,0.7627118644054869,111.0,5.0,59.0,99.0,168.0,77.0,45.0,35.0,0.1818181818180992,1.725490196077948,0
0.8928571428555484,0.5168539325839794,0.27710843373460586,0.560693641618173,0.3384871155043479,0.4361702127657255,0.1176470588233564,2.0233727059813233,2.5471698113159484,1.2666666666624444,54.0,3.0,30.0,53.0,92.0,43.0,38.0,135.0,0.2123893805307855,1.099041533545975,0
-0.32584269662884735,-0.10067114093952977,-0.3103448275858502,0.1452991452990211,-1.0,0.3814432989686789,-0.06542056074760241,0.0,2.233333333325889,0.8771929824546014,29.0,59.0,57.0,30.0,39.0,82.0,50.0,67.0,2.66666666666516,2.42962962962873,0
-0.49999999999916667,-0.28333333333309724,-0.6103896103888177,0.4333333333326111,-1.0,0.4827586206888228,-0.5696202531638359,0.0,2.8666666666475558,0.2741935483866545,15.0,45.0,62.0,15.0,31.0,77.0,17.0,43.0,2.9999999999974998,2.7017543859637274,0
-0.2700729927005328,-0.030769230769207102,-0.1452991452990211,-0.038167938931268575,-0.5839260316126952,0.11504424778750881,0.007407407407401921,0.262685226943274,1.25999999999748,1.0149253731328136,29.0,87.0,67.0,50.0,22.0,67.0,68.0,63.0,2.750988142291403,2.4474885844737684,0
-0.9999999999993789,0.0606060606060147,-0.9999999999993334,0.19658119658102857,-1.0,0.9999999999985714,-0.5228426395936433,0.0,10.0,0.31333333333312446,50.0,161.0,150.0,0.0,72.0,62.0,47.0,70.0,3.4623655913969187,1.8646616541346375,0
-0.02222222222220988,0.890109890108912,-0.06878306878303239,0.9999999999988372,1.0,-0.011494252873556614,-0.9999999999990099,0.0,0.9772727272716167,0.0,153.0,92.0,101.0,88.0,154.0,5.0,0.0,86.0,1.7317647058819454,0.159999999999936,0
0.6133333333329245,0.8104265402839761,0.3444444444442531,0.705357142856828,0.34379134375864373,0.22435897435890245,-0.28260869565186675,2.047811059313532,1.5785123966929102,0.559322033897357,158.0,29.0,59.0,121.0,101.0,20.0,33.0,191.0,0.6884272997030598,0.48192771084322833,0
0.35643564356418,0.44144144144104375,0.5930232558136087,0.5686274509798347,-0.021000981352660434,-0.2626728110597868,-0.22807017543819635,0.9588619760009413,0.5839416058389899,0.6285714285696327,44.0,65.0,35.0,137.0,36.0,31.0,22.0,80.0,1.6720257234721312,1.3932584269655095,0
-0.023255813953477558,0.8305084745748635,0.4189189189186359,0.9999999999981481,0.40952380949445827,-0.3207547169809304,-0.9999999999976744,2.387096773620917,0.5142857142852245,0.0,64.0,110.0,43.0,105.0,0.0,5.0,0.0,54.0,2.2622107969145855,0.6249999999990234,0
-0.9999999999977273,0.5102040816323928,-0.9999999999958334,0.32735426008953933,-1.0,0.9999999999993244,0.5151515151509948,0.0,10.0,3.1249999999869793,0.0,44.0,24.0,0.0,131.0,48.0,75.0,148.0,3.9999999999954543,1.023999999999727,0
-0.09523809523786847,0.51999999999974,-0.3090909090903471,0.4205607476633549,1.0,0.777777777777323,0.2653061224487089,0.0,7.999999999957896,1.7222222222174381,31.0,23.0,36.0,19.0,123.0,48.0,62.0,152.0,1.9166666666646701,1.0350404312665673,0
0.4509803921564206,-0.731343283580998,0.39622641509396583,-0.689655172412604,1.0,-0.7831325301195384,0.20987654320961743,0.0,0.12162162162145726,1.5312499999952147,40.0,28.0,32.0,74.0,56.0,58.0,49.0,9.0,1.3176470588227545,2.563535911600794,0
0.5312499999991699,-0.9999999999973683,0.30666666666625775,-0.9999999999980769,1.0,-0.9999999999979592,0.333333333332906,0.0,0.0,1.999999999992308,35.0,15.0,26.0,49.0,39.0,38.0,52.0,0.0,1.052631578946445,2.6434782608672664,0
0.9999999999965518,-0.3030303030298439,0.5675675675660335,-0.3030303030298439,-1.0,-0.11538461538439349,0.6862745098025759,0.0,0.7931034482731273,5.374999999932813,22.0,0.0,8.0,29.0,19.0,43.0,43.0,23.0,0.0,2.687499999997901,0
-0.8461538461525444,0.15675675675667203,-0.8888888888879012,0.5970149253726889,-1.0,0.9107142857134726,-0.5178571428566805,0.0,10.0,0.3176470588231557,4.0,60.0,85.0,5.0,160.0,78.0,27.0,107.0,3.7209302325552556,1.4751773049641903,0
0.43396226415012457,0.5454545454541323,-0.20833333333311632,0.9999999999990196,1.0,0.45714285714253067,-0.9999999999982758,0.0,2.6842105263087257,0.0,104.0,15.0,58.0,38.0,99.0,30.0,0.0,102.0,0.6976744186042456,0.9195402298847052,0
0.3872832369939958,0.5231788079466735,0.2972972972971366,0.9999999999991305,0.5416666666247969,-0.0212765957446718,-0.9999999999984616,3.363636362503852,0.9583333333325347,0.0,152.0,53.0,65.0,120.0,27.0,36.0,0.0,115.0,1.121693121692825,1.3457943925227356,0
-0.07462686567160466,0.9999999999857143,0.17721518987330556,0.399999999996,0.3859649122098492,-0.85999999999914,-0.9117647058810121,2.257142855848041,0.07526881720422014,0.046153846153775144,51.0,108.0,65.0,93.0,0.0,0.0,3.0,7.0,2.3999999999993333,0.0,0
-0.05084745762708992,-0.9999999999,0.4237288135589629,0.0,-0.999999999764,-0.9999999999988095,-0.9999999999970588,0.0,0.0,0.0,26.0,93.0,34.0,84.0,45.0,1.0,0.0,0.0,2.5135135135126645,0.17021276595708465,0
-0.09374999999985352,0.3043478260868095,-0.36956521739090265,0.25581395348825314,-1.0,0.64634146341424,0.11888111888103575,0.0,4.655172413777051,1.2698412698392543,16.0,35.0,63.0,29.0,115.0,72.0,80.0,135.0,2.434782608693535,1.4619289340097812,0
-0.8309859154917874,0.24210526315776734,-0.7966101694901753,0.3641618497107722,-1.0,0.9032258064508845,0.01851851851850137,0.0,10.0,1.0377358490546458,33.0,65.0,53.0,6.0,191.0,72.0,55.0,118.0,3.0769230769212563,1.2715231788076664,0
0.2786885245899355,0.12195121951209598,0.4311926605500631,0.6829268292674598,0.2259489857196846,-0.061224489795876726,-0.4090909090899793,1.5838090292118703,0.8846153846142505,0.4193548387083247,85.0,44.0,31.0,78.0,166.0,54.0,13.0,69.0,1.4023904382464534,1.259475218658525,0
0.999999999997561,0.10416666666655816,0.6399999999987199,0.6825396825385991,0.03216514642120183,0.1276595744679493,0.05263157894709142,1.0664682538020585,1.2926829268261153,1.1111111110987655,26.0,0.0,9.0,41.0,154.0,43.0,10.0,53.0,0.0,1.1740614334466983,0
0.19999999999966667,-0.26213592232984256,0.9999999999972222,-0.08433734939748874,-1.0,0.027027027026990502,0.9999999999977778,0.0,1.0555555555526235,10.0,14.0,24.0,0.0,36.0,56.0,65.0,45.0,38.0,1.9591836734673886,2.321428571427535,0
-0.44117647058758647,0.39215686274490585,-0.5529411764699377,0.434343434343215,-1.0,0.7639751552790286,-0.08196721311468691,0.0,7.473684210486981,0.8484848484835629,42.0,49.0,66.0,19.0,181.0,62.0,56.0,142.0,2.465408805029896,1.1096196868006467,0
0.8999999999985,0.6142857142852756,0.19999999999978946,0.999999999999115,0.6666666666111577,0.3294117647056886,-0.9999999999973683,4.999999997500838,1.982456140347399,0.0,68.0,3.0,38.0,57.0,124.0,27.0,0.0,113.0,0.18320610687008917,0.7422680412368584,0
-0.17777777777767903,0.35211267605584207,-0.24489795918354854,0.9999999999979167,1.0,-0.21311475409818598,-0.9999999999991803,0.0,0.648648648647772,0.0,108.0,106.0,122.0,74.0,0.0,23.0,0.0,48.0,2.152284263958845,1.957446808508556,0
0.32642487046615215,0.0,0.43016759776512287,0.0,-0.9999999997675324,-0.9999999999992188,-0.9999999999980392,0.0,0.0,0.0,146.0,65.0,51.0,128.0,0.0,0.0,0.0,0.0,1.2871287128709685,0.0,0
0.015384615384591715,0.8275862068951249,0.08196721311461973,0.9999999999981132,0.8484848484063933,0.2325581395346133,-0.9999999999964286,10.0,1.6060606060557392,0.0,37.0,32.0,28.0,33.0,32.0,5.0,0.0,53.0,1.9104477611926043,0.42105263157850414,0
0.807228915661678,0.0526315789473338,0.3157894736839335,-0.11111111111104939,-1.0,0.03225806451610822,0.43884892086299365,0.0,1.0666666666652445,2.5641025640959896,24.0,8.0,39.0,75.0,106.0,72.0,100.0,80.0,0.5565217391299508,1.7454545454540167,0
-0.2424242424238751,0.05673758865246215,-0.2424242424238751,0.2900432900431645,1.0,0.71264367816051,0.3333333333330623,0.0,5.95999999997616,1.999999999995122,6.0,41.0,41.0,25.0,172.0,133.0,82.0,149.0,2.902654867254068,1.8126064735942395,0
0.5135135135128196,0.24401913875586412,0.435897435896877,0.6560509554135949,0.20161531556664977,0.39784946236537755,0.10204081632632236,1.5050580738407813,2.321428571424426,1.2272727272671489,51.0,18.0,22.0,56.0,94.0,79.0,27.0,130.0,1.006993006992303,1.6544502617796717,0
0.9999999999952381,0.42528735632167614,0.1666666666662037,0.7302325581391953,0.6283491788416186,0.7971014492749773,0.31818181818109503,4.381395346218505,8.857142857100682,1.9333333333204445,11.0,0.0,15.0,21.0,252.0,75.0,29.0,186.0,0.0,1.0204081632651325,0
0.5312499999991699,0.3631840796018094,0.9999999999979592,0.5054945054942278,-0.3284671532621884,0.47311827956963814,0.9999999999977778,0.50549450544471,2.795918367341233,10.0,44.0,15.0,0.0,49.0,156.0,64.0,45.0,137.0,0.9756097560967678,1.2161520190020865,0
0.8181818181793388,0.319148936170077,0.15384615384585798,0.3963963963962179,0.44080604526053246,0.6756756756753105,0.5056179775275218,2.576576574905596,5.166666666649445,3.0454545454407027,30.0,3.0,22.0,30.0,125.0,80.0,67.0,155.0,0.36363636363581264,1.454545454545124,0
0.9999999999980769,0.49038461538437966,0.7931034482744946,0.7919075144504094,-0.000754527162357136,0.49758454106256156,0.4999999999979167,0.9984920833132974,2.9807692307634985,2.99999999995,46.0,0.0,6.0,52.0,127.0,53.0,18.0,155.0,0.0,1.0927835051543575,0
0.0634920634920131,0.9999999999969696,-0.06944444444439622,0.8333333333310184,1.0,-0.33999999999966,-0.9249999999988437,0.0,0.49253731343210067,0.03896103896098836,93.0,59.0,77.0,67.0,36.0,0.0,3.0,33.0,1.6978417266180943,0.0,0
0.7614678899075583,-0.13207547169786402,0.7297297297290724,0.9999999999956523,0.15624999998928543,-0.613445378150745,-0.9999999999933333,1.3703703701778553,0.23958333333308376,0.0,64.0,13.0,15.0,96.0,45.0,30.0,0.0,23.0,0.559139784945936,1.8749999999985354,0
0.8064516129006244,-0.5555555555540124,0.9999999999964286,0.14285714285612244,-0.7499999999351562,-0.5555555555540124,0.9999999999833333,0.14285714284234693,0.28571428571326535,10.0,14.0,3.0,0.0,28.0,39.0,28.0,6.0,8.0,0.49999999999895833,2.174757281551287,0
0.06542056074760241,-0.39130434782584395,0.39024390243854845,-0.19008264462794208,-1.0,-0.07547169811313635,0.48453608247372726,0.0,0.8596491228055093,2.87999999998848,20.0,50.0,25.0,57.0,229.0,112.0,72.0,49.0,2.259887005648441,1.7848605577685688,0
0.2325581395346133,-0.6055045871556856,-0.02752293577979126,-0.5865384615381796,0.9103577073742626,-0.10416666666655816,0.4932126696830348,10.0,0.8113207547154503,2.94642857142331,31.0,33.0,56.0,53.0,166.0,175.0,165.0,43.0,1.7599999999988267,2.5044722719136843,0
0.9999999999990196,-0.29032258064502753,0.4265734265731283,-0.09941520467830445,-1.0,-0.13966480446919574,0.39259259259230184,0.0,0.7549019607835736,2.292682926823676,36.0,0.0,41.0,102.0,65.0,140.0,94.0,77.0,0.0,2.6540284360183284,0
0.9999999999968749,0.49999999999985295,0.20754716981092916,0.48255813953474347,0.3985058018822041,0.7770034843202868,0.6181818181812562,2.32505285300608,7.968749999975097,4.238095238075057,12.0,0.0,21.0,32.0,207.0,85.0,89.0,255.0,0.0,1.0759493670884372,0
0.6756756756750669,0.41747572815520473,0.9999999999989247,0.6976744186043807,-0.17808219176999923,0.4038461538460244,0.9999999999974358,0.6976744185353635,2.3548387096748873,10.0,40.0,18.0,0.0,93.0,122.0,90.0,39.0,219.0,0.8520710059166556,1.3819577735122106,0
0.6666666666662038,-0.05511811023617707,0.678321678321204,-0.13669064748191606,-1.0,-0.3333333333331482,0.549019607842599,0.0,0.49999999999958333,3.4347826086807185,83.0,24.0,23.0,120.0,138.0,67.0,79.0,60.0,0.7649402390435199,1.614457831324815,0
-0.11538461538450444,-0.1818181818180441,-0.11538461538450444,-0.052631578947322254,-0.37349397612587465,0.07999999999992,0.016949152542358518,0.4561403512725531,1.1739130434757088,1.034482758618906,28.0,58.0,58.0,46.0,184.0,78.0,60.0,54.0,2.4421052631566096,1.5837563451772632,0
0.557377049179871,-0.13131313131299868,0.3286713286710989,0.9999999999976744,0.5052631578561035,-0.37681159420262555,-0.9999999999979167,3.0425531905587,0.45263157894689193,0.0,78.0,27.0,48.0,95.0,121.0,56.0,0.0,43.0,0.9515418502198452,1.6231884057965134,0
0.5714285714244898,0.5061728395055479,0.999999999990909,0.5641025641018409,-0.27868852456874493,0.69444444444348,0.9999999999941177,0.5641025640505589,5.545454545404132,10.0,6.0,3.0,0.0,11.0,0.0,20.0,17.0,61.0,1.0434782608650284,1.5841584158400157,0
0.0,-0.9999999999975,0.0,-0.9999999999954546,1.0,0.0,0.9999999999954546,0.0,0.0,10.0,0.0,0.0,0.0,0.0,49.0,40.0,22.0,0.0,0.0,2.4806201550368367,0
-0.5999999999982857,-0.06896551724134958,-0.575757575755831,0.009345794392518997,-1.0,0.8782608695644537,0.606060606060147,0.0,10.0,4.076923076907397,5.0,28.0,26.0,7.0,217.0,124.0,106.0,108.0,3.2941176470539792,1.7312390924953347,0
-0.4084507042247768,-0.0917030567685189,-0.39999999999942853,-0.2517985611509886,-0.22737306846704813,0.6639999999994688,0.560538116591677,0.629496403035745,4.95238095235737,3.551020408156018,14.0,50.0,49.0,21.0,129.0,125.0,174.0,104.0,2.9629629629607686,2.0703933747407723,0
0.19999999999977777,-0.9847328244267293,0.09090909090899908,-0.9857142857135818,1.0,-0.9636363636346116,0.5108695652171137,0.0,0.018518518518484225,3.0888888888820247,17.0,36.0,45.0,54.0,237.0,130.0,139.0,1.0,2.013986013984606,2.088353413654199,0
0.2421052631576399,0.1359223300970214,-0.008403361344530753,0.09859154929572837,1.0,0.32954545454526735,0.23076923076908284,0.0,1.9830508474542659,1.5999999999973333,52.0,36.0,60.0,59.0,108.0,89.0,96.0,117.0,1.573770491802419,1.7667493796521672,0
0.721739130434155,0.12857142857133674,0.7068965517235285,-0.08670520231208861,-1.0,-0.11235955056173463,0.6936936936930688,0.0,0.7979797979789919,5.529411764673357,51.0,16.0,17.0,99.0,79.0,61.0,94.0,79.0,0.7032967032963169,1.7428571428565205,0
0.5416666666661024,0.06481481481478481,0.9999999999986486,0.24999999999986414,-0.5999999999517415,0.21693121693110218,0.9999999999985507,0.24999999997520198,1.5540540540519538,10.0,70.0,22.0,0.0,74.0,255.0,101.0,69.0,115.0,0.9361702127654595,1.4125874125871656,0
0.4558823529408413,-0.5681818181814954,0.7068965517235285,-0.23999999999976,-1.0,-0.4452554744522298,0.5696202531638359,0.0,0.3838383838379961,3.647058823507959,112.0,37.0,17.0,99.0,242.0,138.0,62.0,38.0,1.0385964912277057,1.9856115107910097,0
0.28205128205104096,-0.6447368421048391,0.9999999999986666,-0.27999999999962666,-1.0,-0.4705882352936563,0.9999999999979167,0.0,0.35999999999952,10.0,90.0,42.0,0.0,75.0,146.0,125.0,48.0,27.0,1.349397590360904,2.364066193852869,0
0.91489361701933,-0.9999999999966668,0.9999999999977778,-0.9999999999952381,-1.0,-0.9999999999977778,0.9999999999952381,0.0,0.0,10.0,32.0,2.0,0.0,45.0,33.0,30.0,21.0,0.0,0.197530864197287,2.580645161287548,0
0.0,-0.225806451612539,0.0,-0.07692307692292899,1.0,0.9999999999958334,0.9999999999964286,0.0,10.0,10.0,0.0,0.0,0.0,0.0,63.0,38.0,28.0,24.0,0.0,1.8650306748454817,0
0.2340425531909914,0.15723270440241685,0.487179487178238,-0.11538461538455992,-1.0,0.5206611570243631,0.8412698412691736,0.0,3.172413793092509,10.0,40.0,18.0,10.0,29.0,181.0,67.0,116.0,92.0,1.3714285714272654,1.3169533169529934,0
0.07826086956514934,0.14062499999989014,0.10714285714276148,-0.1560693641617595,1.0,0.08148148148142113,0.33333333333311116,0.0,1.1774193548368106,1.9999999999959999,63.0,53.0,50.0,62.0,191.0,55.0,100.0,73.0,1.835497835497041,1.1764705882349795,0
0.3027522935777039,0.2544378698223347,0.32710280373801204,0.08163265306118285,-0.6005599625220885,0.19774011299423858,0.42857142857108843,0.24956268213955451,1.4929577464767705,2.4999999999930553,27.0,38.0,36.0,71.0,140.0,63.0,90.0,106.0,1.7471264367806052,1.354838709677055,0
0.6300578034678439,-0.38356164383535374,0.3623188405795351,-0.15887850467274872,-1.0,-0.5161290322577871,-0.03124999999997559,0.0,0.31914893616998646,0.939393939392516,139.0,32.0,66.0,141.0,18.0,101.0,62.0,45.0,0.7441860465114116,3.0490566037724345,0
-0.2413793103444114,0.33658536585349436,-0.4823529411759031,0.2511415525113009,-1.0,0.7232704402511175,0.13103448275853033,0.0,6.227272727244422,1.3015873015852355,31.0,36.0,63.0,22.0,104.0,68.0,82.0,137.0,2.303999999998157,1.4429708222807844,0
-0.15384615384585798,0.3650793650792492,0.9999999999954546,0.3650793650792492,-0.4651162790340383,0.8143459915608379,0.999999999999,0.36507936504440075,9.772727272682852,10.0,41.0,30.0,0.0,22.0,238.0,100.0,100.0,215.0,1.9512195121935356,1.2251148545174233,0
-0.06666666666659259,0.14728682170536928,0.1506849315066429,0.14728682170536928,-0.011404133994256108,0.5578947368418117,0.5602836879428651,0.9774489070337553,3.5238095238011335,3.5483870967627476,90.0,48.0,31.0,42.0,103.0,110.0,110.0,148.0,1.6842105263150509,1.8683651804666948,0
0.252747252746975,-0.1234567901233806,0.9999999999982456,-0.22826086956509334,-1.0,0.10937499999991457,0.999999999999115,0.0,1.245614035085534,10.0,125.0,34.0,0.0,57.0,81.0,91.0,113.0,71.0,1.0879999999995649,2.1796407185622217,0
0.4444444444439506,0.807228915661678,0.6455696202523473,0.3888888888885288,-0.24813052342928704,0.07142857142852041,0.40425531914807605,0.6023965140681125,1.1538461538443787,2.3571428571260205,90.0,25.0,14.0,65.0,77.0,8.0,33.0,75.0,0.9756097560970851,0.3809523809521542,0
0.9130434782568999,0.4308943089427391,0.9999999999954546,0.6448598130835095,-0.2159090908942434,0.5999999999994545,0.999999999994737,0.6448598130219547,3.9999999999818185,10.0,16.0,1.0,0.0,22.0,1.0,35.0,19.0,88.0,0.1999999999995,1.7610062893070686,0
0.5696202531643166,0.3176470588233426,0.3777777777776379,0.14871794871787247,-0.4350649349823587,-0.2483221476509234,-0.005988023952092223,0.39366515826677917,0.6021505376340849,0.9880952380940617,176.0,51.0,84.0,186.0,163.0,58.0,83.0,112.0,0.8793103448273967,1.1867007672631236,0
-0.055555555555524695,0.46118721461166157,0.307692307692071,0.5763546798026717,0.3039005571882098,0.3061224489794669,-0.0227272727272469,1.8731527087513493,1.8823529411742561,0.9555555555534321,153.0,95.0,45.0,85.0,176.0,59.0,43.0,160.0,1.7757009345790244,1.039647577092282,0
0.31707317073151403,-0.28571428571405894,0.6488549618315658,0.0,-0.9999999998458824,-0.41176470588208386,0.3235294117642301,0.0,0.4166666666662809,1.9565217391219283,152.0,56.0,23.0,108.0,173.0,81.0,45.0,45.0,1.2043010752684935,1.705263157894288,0
0.3589743589742056,-0.38235294117628316,0.2091254752850916,-0.2499999999998512,1.0,-0.43243243243223767,0.004784688995213022,0.0,0.39622641509409046,1.0096153846144138,152.0,75.0,104.0,159.0,100.0,141.0,105.0,63.0,1.301518438177592,2.5348314606735878,0
0.30693069306900306,0.1538461538460881,0.14782608695639318,0.64634146341424,0.6277206568845839,0.3432835820893815,-0.25641025640992765,4.372309896612981,2.045454545451446,0.5918367346926697,104.0,35.0,49.0,66.0,68.0,99.0,29.0,135.0,1.1666666666661807,1.9750623441391584,0
0.05882352941171527,0.25471698113195534,0.6363636363628099,0.18749999999991632,-0.5448275861404661,0.35714285714267496,0.733333333332635,0.29464285709680726,2.11111111110776,6.499999999953571,107.0,56.0,14.0,63.0,72.0,79.0,91.0,133.0,1.5886524822689403,1.7410468319554433,0
-0.5294117647051038,0.38550724637669986,-0.5076923076915266,0.48447204968929053,-1.0,0.8745098039212257,0.25757575757556245,0.0,10.0,1.6938775510169513,66.0,52.0,49.0,16.0,168.0,106.0,83.0,239.0,2.236559139783744,1.3699515347332196,0
0.5249999999993438,-0.08791208791203961,0.7681159420278723,0.1369863013697692,-0.6973020398437977,0.1527777777776717,0.7746478873228526,0.1783406564773061,1.3606557377026873,7.874999999901562,92.0,19.0,8.0,61.0,103.0,99.0,63.0,83.0,0.7958115183241907,2.062499999999463,0
-0.11111111111093475,0.21259842519668298,-0.3411764705878339,0.9999999999987013,1.0,0.4666666666662222,-0.9999999999982456,0.0,2.749999999990179,0.0,91.0,35.0,57.0,28.0,99.0,50.0,0.0,77.0,1.4814814814806978,1.4492753623183154,0
0.6969696969689929,-0.3761467889904806,0.5999999999994285,0.11475409836046761,-0.678899082474009,-0.4237288135589629,0.12499999999973958,0.19125683056908538,0.4047619047614229,1.2857142857081634,50.0,15.0,21.0,84.0,46.0,75.0,27.0,34.0,0.7317073170727246,2.608695652172779,0
0.17829457364334175,0.131313131313065,0.23076923076913736,0.10344827586201802,-0.3809523808384351,-0.15151515151509412,-0.02150537634407446,0.44827586187467333,0.7368421052626732,0.9578947368410969,120.0,106.0,95.0,152.0,209.0,86.0,91.0,112.0,1.7520661157021173,1.3955375253546864,0
-0.03488372093021228,0.259786476868235,0.27692307692286394,0.48739495798298854,0.2753721244566903,0.3615384615383225,0.1296296296295096,1.7600373476376876,2.1325301204793585,1.2978723404227703,89.0,89.0,47.0,83.0,251.0,104.0,61.0,177.0,2.034285714285133,1.3081761006287251,0
0.3736654804269133,-0.2669683257917344,0.3084745762710819,-0.03571428571426446,-1.0,-0.4087591240874421,-0.07936507936503738,0.0,0.419689119170767,0.852941176469752,203.0,88.0,102.0,193.0,204.0,140.0,87.0,81.0,1.2307692307690155,1.9823008849554011,0
0.06382978723401539,-0.167235494880489,0.12107623318380221,0.00826446280991394,-0.8722063030505762,-0.012145748987849335,0.10091743119261426,0.06825834092923978,0.9759999999992192,1.224489795917118,144.0,110.0,98.0,125.0,235.0,171.0,120.0,122.0,1.7995910020446217,1.9570815450640975,0
0.37588652482242846,0.2180451127818729,0.3197278911562451,0.4399999999998045,0.15830945556666984,0.2509652509651541,0.11504424778750881,1.3761702123358628,1.6701030927817833,1.25999999999748,174.0,44.0,50.0,97.0,146.0,104.0,63.0,162.0,0.9805013927573871,1.6124031007748811,0
0.2694063926939409,0.3950617283948179,0.5191256830598256,0.24175824175810895,-0.36453318596740264,-0.10317460317456224,0.22123893805290157,0.46570271824458687,0.812949640287185,1.568181818178254,255.0,80.0,44.0,139.0,110.0,49.0,69.0,113.0,1.1552346570395027,1.2211838006226725,0
0.3374999999997891,0.4219653179189532,0.40789473684183697,0.39772727272715974,-0.012620638454074386,0.39376770538232475,0.40397350993350734,0.9750733135443053,2.2990654205585987,2.3555555555503207,254.0,53.0,45.0,107.0,78.0,100.0,106.0,246.0,0.907922912205373,1.526717557251617,0
0.4264705882349806,0.0639999999999744,0.2516129032256441,0.18749999999991632,-0.14600550960852585,0.15652173913036674,0.22147651006696548,0.7451923073962897,1.3711340206171432,1.568965517238674,123.0,39.0,58.0,97.0,56.0,117.0,91.0,133.0,1.0469798657714608,2.2127659574462855,0
0.6202531645565695,0.004524886877826007,0.21904761904751474,0.5524475524471661,0.43214778999914355,-0.07112970711294095,-0.43859649122768546,2.522043173065157,0.8671874999993225,0.39024390243854845,55.0,30.0,82.0,128.0,127.0,110.0,32.0,111.0,0.9876543209872479,1.9213973799122444,0
0.9999999999984127,-0.10429447852754338,0.384615384614962,0.1774193548385666,-0.3686534215678351,0.07352941176465182,0.2911392405059606,0.46129032246084456,1.1587301587283194,1.8214285714220664,54.0,0.0,28.0,63.0,128.0,90.0,51.0,73.0,0.0,1.8897637795270632,0
-0.09933774834430509,0.31221719456999447,0.08799999999992959,0.2608695652172779,0.4955134594792404,0.3615023474176707,0.19718309859141045,2.964426874102772,2.132352941173335,1.4912280701728224,64.0,83.0,57.0,68.0,255.0,76.0,85.0,145.0,2.2281879194623397,1.1014492753621192,0
0.6216216216210616,0.634854771783969,0.4173228346453407,0.3447098976108039,-0.09528847508954554,0.37282229965143804,0.4436090225560575,0.8260029620021948,2.188888888886457,2.594594594587582,98.0,21.0,37.0,90.0,255.0,44.0,96.0,197.0,0.7304347826083781,0.6518518518517311,0
0.5635179153092628,-0.14893617021270258,0.41176470588223185,0.020408163265295712,-0.9055555553460395,-0.41176470588223185,-0.020408163265295712,0.049562682203696085,0.4166666666664931,0.95999999999904,223.0,67.0,100.0,240.0,183.0,135.0,96.0,100.0,0.8978224455609886,1.9529837251352706,0
0.18309859154920982,-0.02666666666665778,0.22330097087367803,0.11877394636010775,-0.3055676380141492,0.07352941176467885,0.17948717948708745,0.5319007160703677,1.1587301587292391,1.437499999998203,128.0,87.0,80.0,126.0,247.0,154.0,115.0,146.0,1.6261682242986855,1.7574893009983226,0
-0.06666666666662964,0.08035714285710699,-0.09677419354833508,0.26701570680614295,1.0,0.18048780487796076,-0.1860465116277988,0.0,1.4404761904744756,0.6862745098032488,113.0,96.0,102.0,84.0,222.0,103.0,70.0,121.0,1.9742930591254566,1.5009107468121126,0
0.32520325203238815,0.28124999999985356,0.49541284403647,0.49999999999969513,0.004608294930337096,-0.13986013986009097,-0.1458333333331814,1.009259259055386,0.7546012269934022,0.74545454545319,255.0,83.0,55.0,163.0,168.0,69.0,41.0,123.0,1.1369863013696682,1.286713286712987,0
0.09433962264147977,0.4475138121544489,0.42622950819654665,0.23004694835669953,-0.29893280164323066,-0.14098360655733083,0.0789473684210007,0.539725532556619,0.7528735632179582,1.171428571426898,255.0,144.0,70.0,174.0,56.0,50.0,82.0,131.0,1.6066945606692318,1.3937282229960302,0
0.47286821705389703,-0.3885350318468863,0.11764705882346022,-0.21951219512177275,1.0,-0.3286713286710989,0.0,0.0,0.505263157894205,0.9999999999986666,129.0,34.0,75.0,95.0,22.0,109.0,75.0,48.0,0.9315068493147495,3.0277777777767265,0
0.8333333333327021,0.2995391705067744,0.5512820512816979,0.4029850746266652,-0.1554040505150264,0.07633587786256629,0.2631578947365651,0.7309961817487968,1.165289256197384,1.7142857142808163,33.0,11.0,35.0,121.0,67.0,76.0,60.0,141.0,0.49999999999971595,1.6888888888884197,0
0.9999999999928572,0.37588652482256174,0.9999999999928572,0.37588652482256174,-0.4536082473870163,0.8653846153841994,0.9999999999988636,0.37588652478765805,10.0,10.0,28.0,0.0,0.0,14.0,119.0,88.0,88.0,194.0,0.0,1.4396728016356974,0
-0.6530612244891295,0.23214285714278807,-0.626373626372938,0.6299212598422718,1.0,0.8482142857139071,-0.22314049586758417,0.0,10.0,0.6351351351342768,47.0,81.0,74.0,17.0,137.0,129.0,47.0,207.0,2.867256637166873,1.7142857142854293,0
0.2549019607841888,0.6249999999997703,0.17972350230406464,0.5034013605440465,0.47381946668301517,0.26647564469906404,-0.09876543209870448,2.8009767994186467,1.7265624999986513,0.820224719100202,112.0,76.0,89.0,128.0,255.0,51.0,73.0,221.0,1.5510204081628698,0.7058823529410543,0
0.3669724770640519,-0.19266055045862723,0.50505050505025,-0.016759776536303488,-1.0,-0.2573839662446171,0.2999999999997857,0.0,0.5906040268452413,1.857142857139067,213.0,69.0,49.0,149.0,77.0,130.0,91.0,88.0,1.1039999999997792,2.447058823528836,0
0.3903743315505934,-0.05928853754938369,0.4857142857140082,0.14975845410620786,-0.5286707210288514,-0.044176706827291495,0.3233082706764487,0.3083262289788899,0.9153846153839114,1.9555555555512099,130.0,57.0,45.0,130.0,95.0,134.0,88.0,119.0,1.2192513368980697,2.2240663900410325,0
0.5154639175255076,0.16751269035524494,0.24576271186430265,0.3068181818180075,0.11049146041911055,-0.12213740458010607,-0.18666666666654225,1.2484326013727145,0.7823129251695359,0.6853932584261961,138.0,47.0,89.0,147.0,130.0,82.0,61.0,115.0,0.9920844327174164,1.6039119804397057,0
0.3448275862067479,0.46666666666644446,0.3565217391302798,0.46666666666644446,0.1338028168851339,-0.006451612903223726,-0.13846153846143197,1.3089430890636975,0.9871794871788544,0.7567567567557341,255.0,76.0,74.0,156.0,190.0,56.0,56.0,154.0,1.0799289520424369,0.9824561403506618,0
0.007957559681695502,0.2583333333332257,0.2258064516128304,0.5408163265303364,0.41090596817302927,-0.11436950146624213,-0.4545454545451791,2.3950437307173145,0.794736842104845,0.37499999999968747,255.0,187.0,120.0,190.0,81.0,89.0,45.0,151.0,1.8266178266176034,1.736585365853235,0
0.30769230769171596,-0.8809523809513322,0.9999999999970588,-0.8780487804867341,-1.0,-0.7435897435878369,0.9999999999987013,0.0,0.14705882352897923,10.0,48.0,18.0,0.0,34.0,24.0,79.0,77.0,5.0,1.2203389830498133,3.3796791443832195,0
0.2941176470584775,0.3028571428569698,0.3924050632906425,0.4615384615381657,0.08095781070918795,0.3491124260352964,0.2727272727268595,1.176178659750627,2.072727272723504,1.7499999999927085,0.0,30.0,24.0,55.0,0.0,61.0,42.0,114.0,2.086956521737316,2.0677966101686156,0
-0.649122807016405,0.4736842105260665,-0.33333333333222226,0.16666666666659724,-1.0,0.8666666666660889,0.6666666666661111,0.0,10.0,4.999999999975,4.0,47.0,20.0,10.0,35.0,50.0,100.0,140.0,3.4814814814782578,1.4545454545449257,0
-0.07142857142850766,0.2840909090908284,-0.07964601769904456,0.337278106508776,1.0,0.6258992805753144,0.2947976878611013,0.0,4.346153846145488,1.8360655737674818,54.0,60.0,61.0,52.0,165.0,126.0,112.0,226.0,2.123893805308795,1.567651632970207,0
-0.19277108433723328,0.6199999999997934,-0.11842105263150104,0.6418918918916751,1.0,0.5677419354836879,-0.2318840579708465,0.0,3.6268656716363776,0.6235294117639723,102.0,99.0,85.0,67.0,137.0,57.0,53.0,243.0,2.1580381471383765,0.9230769230767363,0
0.47368421052595966,-0.1304347826086484,0.8666666666658412,-0.05882352941174164,-1.0,0.10091743119261426,0.9014084507035907,0.0,1.224489795917118,10.0,113.0,35.0,7.0,98.0,131.0,156.0,135.0,120.0,0.9964412811384354,2.216696269981844,0
0.25925925925909926,-0.32835820895497886,0.15254237288126976,-0.3877551020405526,1.0,-0.3877551020405526,0.15254237288126976,0.0,0.44117647058780274,1.3599999999981867,90.0,60.0,75.0,102.0,187.0,89.0,102.0,45.0,1.5384615384610454,1.736585365853235,0
0.13986013986009097,0.30434782608669186,0.12413793103443996,-0.006622516556287005,-1.0,-0.3697478991595085,-0.2512315270934723,0.0,0.4601226993862208,0.5984251968499225,163.0,123.0,127.0,163.0,45.0,40.0,76.0,75.0,1.7202797202794193,1.5999999999992,0
0.11821086261977054,0.5333333333331358,0.21951219512187475,0.562264150943184,0.4384271249733399,0.08376963350783148,-0.3176470588233426,2.56142557535297,1.182857142856467,0.5178571428566805,237.0,138.0,112.0,175.0,121.0,63.0,58.0,207.0,1.6046511627904643,1.1101321585900639,0
0.16167664670653842,-0.030927835051535766,0.2933333333332356,0.28181818181805374,-0.020021074812174945,-0.15820895522383338,-0.14594594594586707,0.9607438013252497,0.7268041237109656,0.7452830188672214,202.0,140.0,106.0,194.0,15.0,150.0,79.0,141.0,1.6568047337275655,2.631578947367844,0
0.49253731343210067,-0.2999999999997857,0.3333333333328889,-0.029702970297000295,-1.0,-0.010101010100999898,0.35064935064889524,0.0,0.97999999999804,2.07999999999168,55.0,17.0,25.0,50.0,64.0,91.0,52.0,49.0,0.9784172661863465,2.467796610168655,0
0.2758620689650416,-0.9999999999983871,0.6086956521725898,-0.9999999999981132,1.0,-0.9999999999972973,0.709677419353694,0.0,0.0,5.888888888823457,45.0,21.0,9.0,37.0,135.0,62.0,53.0,0.0,1.3548387096763268,1.9150579150571758,0
-0.3907284768209333,-0.5438596491218528,-0.07070707070699929,-0.3333333333324786,0.6500000001604264,-0.559322033897357,-0.34177215189830157,4.7142857209457345,0.28260869565155955,0.49056603773492347,48.0,105.0,53.0,46.0,30.0,44.0,26.0,13.0,2.7631578947359334,2.687022900761308,0
0.32203389830453893,0.4054054054052685,0.026315789473649584,0.3550488599347378,0.8619914585288754,0.6842105263155125,0.4558823529408413,10.0,5.333333333319658,2.675675675668444,42.0,20.0,37.0,39.0,189.0,88.0,99.0,208.0,1.322314049585684,1.2286212914483021,0
0.1506849315066429,0.4260869565215539,-0.02325581395346133,0.5045871559630714,1.0,0.5922330097084504,0.10204081632642649,0.0,3.9047619047526076,1.227272727269938,77.0,31.0,44.0,42.0,160.0,66.0,54.0,164.0,1.3701657458555967,1.1578947368418513,0
-0.99999999995,-0.08833922261480978,-0.99999999995,-0.15131578947363444,-0.737142857195543,0.999999999999225,0.9774011299429507,0.15131578949633182,10.0,10.0,50.0,2.0,2.0,0.0,86.0,154.0,175.0,129.0,0.2962962962957476,2.355640535372398,0
0.03030303030300735,-0.2799999999998982,0.014925373134317221,0.13142857142849634,0.7960372954934156,0.18562874251485892,0.07042253521121802,8.80571422671754,1.4558823529390355,1.1515151515134068,105.0,64.0,66.0,68.0,255.0,176.0,76.0,99.0,1.7009966777402987,1.994334277620114,0
0.0955414012738245,-0.0457516339868982,-0.07526881720426061,0.3904761904758186,1.0,-0.08176100628925675,-0.5151515151511249,0.0,0.8488372093013385,0.31999999999968,115.0,71.0,100.0,86.0,127.0,80.0,32.0,73.0,1.6559766763843569,1.777777777777284,0
0.09482758620685568,0.18235294117641695,0.15981735159810054,0.534351145037964,0.5395430579187867,0.2256097560974922,-0.2026143790848349,3.343511448289847,1.5826771653530844,0.6630434782601489,158.0,105.0,92.0,127.0,35.0,139.0,61.0,201.0,1.6969696969693542,2.1634241245131975,0
0.07042253521121802,-0.02419354838708702,0.05555555555551698,0.03418803418801958,-0.23809523782980604,0.22842639593897035,0.2486187845302494,0.6153846142770873,1.5921052631558,1.6617647058799092,85.0,66.0,68.0,76.0,0.0,127.0,113.0,121.0,1.802047781569351,2.709333333332611,0
0.25301204819246625,-0.4183006535946346,0.40540540540485753,0.1337579617833543,-0.5038314175308075,0.2624113475175444,0.5111111111105432,0.3299363056513355,1.71153846153517,3.0909090908950416,97.0,31.0,22.0,52.0,118.0,217.0,68.0,89.0,1.1753554502364099,2.708268330732807,0
0.9999999999988372,-0.01315789473683345,0.3437499999997315,0.013513513513504384,-0.9243498815379521,-0.0683229813664172,0.2695652173910699,0.039312039300607234,0.8720930232547999,1.7380952380910997,100.0,0.0,42.0,86.0,137.0,77.0,73.0,75.0,0.0,1.6830601092891577,0
0.25862068965494944,-0.5652173913035287,0.4174757281549345,-0.5081967213106423,1.0,-0.6590909090901601,0.21052631578919667,0.0,0.20547945205451304,1.5333333333282224,95.0,43.0,30.0,73.0,0.0,54.0,46.0,15.0,1.3543307086608842,3.512195121948364,0
0.4366197183092442,0.15833333333326738,0.37837837837786703,0.4111675126901466,0.04152910512113872,0.46315789473659835,0.4320987654315653,1.0866569975382394,2.7254901960730873,2.5217391304238186,90.0,20.0,23.0,51.0,124.0,101.0,58.0,139.0,0.8839779005519979,1.737634408601777,0
0.2812499999995605,0.1784232365144488,0.4642857142848852,0.26222222222210567,-0.27812977929253796,0.5519125683057093,0.6938775510197002,0.564786324665436,3.463414634137894,5.5333333332964445,29.0,23.0,15.0,41.0,57.0,99.0,83.0,142.0,1.5862068965503566,1.9949622166241827,0
-0.9999999999964286,-0.09859154929572837,-0.9999999999833333,-0.2440944881888803,-0.6075949367525664,0.9999999999989583,0.9268292682921179,0.244094488217358,10.0,10.0,32.0,28.0,6.0,0.0,173.0,117.0,158.0,96.0,2.545454545451653,1.8608349900592722,0
-0.3402061855666596,0.09239130434780099,-0.1466666666664711,0.06914893617019438,-1.0,0.7253218884117059,0.6055045871556856,0.0,6.28124999998037,4.069767441851001,67.0,65.0,43.0,32.0,255.0,167.0,175.0,201.0,2.270742358077611,1.691139240506115,0
0.6393442622945579,0.10679611650480253,0.886792452829352,0.28813559322017623,-0.5095264016984639,0.06542056074763299,0.8260869565205419,0.32491886040344,1.13999999999886,10.0,94.0,22.0,6.0,100.0,119.0,92.0,63.0,114.0,0.739495798319017,1.7649880095919028,0
-0.31372549019577084,-0.33073929961076626,0.014492753623167402,-0.19626168224289894,1.0,0.4214876033054368,0.5802469135798888,0.0,2.4571428571358367,3.764705882341868,129.0,67.0,34.0,35.0,98.0,171.0,128.0,86.0,1.798657718120202,2.6007604562732696,0
-0.603960396039006,0.09322033898301135,-0.5348837209296106,0.22857142857131973,-1.0,0.7315436241605829,0.10204081632646121,0.0,6.44999999996775,1.2272727272708677,64.0,81.0,66.0,20.0,76.0,107.0,81.0,129.0,2.634146341462344,2.04295942720715,0
-0.0681818181817407,-0.0454545454545307,0.138888888888696,-0.15759312320912391,1.0,0.5638297872337427,0.7339055793988267,0.0,3.5853658536497917,6.516129032237045,50.0,47.0,31.0,41.0,174.0,161.0,202.0,147.0,2.032432432431334,2.003110419906376,0
0.3982300884952228,-0.054151624548716915,0.4766355140182461,0.2906403940885268,-0.24240969635605386,0.24761904761892972,0.43999999999955997,0.6097749443328793,1.6582278480991668,2.571428571419388,109.0,34.0,28.0,79.0,89.0,146.0,72.0,131.0,1.062499999999585,2.281249999999554,0
0.2463768115940244,-0.225806451612539,0.48275862068923897,-0.30434782608651545,-1.0,-0.5636363636358512,0.19999999999973334,0.0,0.27906976744153594,1.499999999995,104.0,52.0,30.0,86.0,44.0,38.0,45.0,24.0,1.4149659863940767,2.111111111109645,0
0.35537190082615255,0.28749999999982034,0.5471698113202386,0.05641025641022748,-0.8130811156074425,0.11351351351345217,0.5862068965512188,0.10309460652408536,1.2560975609740779,3.8333333333173614,132.0,39.0,24.0,82.0,57.0,57.0,92.0,103.0,1.0684931506845656,1.6642335766417284,0
-0.34615384615318046,-0.24409448818878418,-0.30612244897896707,-0.2888888888886749,-0.028963414638364462,0.4769230769223432,0.46218487394919144,0.9437037040132074,2.823529411748097,2.7187499999915037,43.0,35.0,32.0,17.0,125.0,79.0,87.0,48.0,2.1538461538444973,1.90936555891181,0
-0.5999999999985,0.02347417840374485,-0.6734693877537276,0.1912568306009884,-1.0,0.8632478632471254,0.2869565217388809,0.0,10.0,1.8048780487760856,28.0,32.0,41.0,8.0,175.0,104.0,74.0,109.0,2.55999999999744,1.691056910568762,0
-0.2289156626503266,0.02109704641349321,-0.5076923076919172,0.0614035087719029,-1.0,0.5816993464048487,0.04390243902436883,0.0,3.7812499999881832,1.0918367346927633,64.0,51.0,98.0,32.0,156.0,116.0,107.0,121.0,2.06060606060502,1.82318271119807,0
0.2972972972971366,0.026178010471190484,0.8897637795268585,0.13953488372084913,-0.7288738657893062,-0.10091743119261426,0.8271604938261393,0.15682239142097476,0.8166666666659861,10.0,76.0,65.0,7.0,120.0,173.0,93.0,74.0,98.0,1.595092024539388,1.6280087527348737,0
0.26923076923051037,-0.026022304832704082,0.4347826086951796,-0.13815789473679665,-1.0,0.3299492385785127,0.7386934673363122,0.0,1.9848484848454775,6.653846153820562,59.0,38.0,26.0,66.0,90.0,138.0,173.0,131.0,1.5124378109445213,2.221327967806394,0
0.15584415584405467,0.15302491103197402,0.4239999999996608,0.15714285714280102,-0.45919370690212724,0.29083665338633835,0.5324675324671867,0.37061994600439796,1.8202247190990783,3.2777777777686725,64.0,65.0,36.0,89.0,185.0,119.0,118.0,162.0,1.8374558303880433,1.6273504273501491,0
0.8199999999991799,0.5261324041810014,0.38931297709893947,0.15263157894732826,-0.43672622128476973,0.41290322580631844,0.6019900497509443,0.39205366347018356,2.406593406590762,4.024999999989937,105.0,9.0,40.0,91.0,159.0,68.0,161.0,219.0,0.3364485981306839,1.0583657587546578,0
0.3109243697476379,-0.2875536480685461,0.7931034482749504,-0.2654867256635994,-1.0,0.031055900621098725,0.8815789473678411,0.0,1.0641025641011999,10.0,62.0,41.0,9.0,78.0,66.0,150.0,143.0,83.0,1.477477477476812,2.6726057906452847,0
0.005917159763310109,-0.05263157894731302,0.307692307692071,0.4754098360647944,0.21417069240379788,-0.307692307692071,-0.4754098360647944,1.5450819667096187,0.5294117647052595,0.3555555555547654,53.0,84.0,45.0,85.0,25.0,50.0,16.0,45.0,2.1960784313718316,2.3529411764692045,0
0.23999999999976,-0.1156462585033227,0.5308641975302087,0.08333333333326388,-0.7286432159616746,0.023622047244075888,0.48648648648582904,0.15697674415653948,1.0483870967725026,2.894736842090028,57.0,38.0,19.0,62.0,53.0,82.0,55.0,65.0,1.5589743589735596,2.326241134750948,0
-0.3333333333324074,0.09547738693462539,-0.3684210526306094,0.5034482758617218,1.0,0.8016528925613209,0.161290322580385,0.0,9.083333333257638,1.3846153846100593,15.0,24.0,26.0,12.0,87.0,90.0,36.0,109.0,2.559999999996587,1.9148936170207673,0
-0.2558139534877772,-0.02923976608185425,-0.2380952380946712,0.12162162162153946,-1.0,0.6767676767669931,0.4285714285709576,0.0,5.187499999967579,2.4999999999903846,42.0,27.0,26.0,16.0,33.0,88.0,65.0,83.0,1.9285714285697066,2.4109589041087633,0
0.5333333333315556,-0.05389221556883001,-0.35211267605584207,-0.09714285714280164,-0.56753851678674,0.549019607842599,0.3333333333331019,0.2758857143642968,3.4347826086807185,1.9999999999958333,26.0,7.0,48.0,23.0,194.0,88.0,96.0,79.0,0.888888888887478,1.5679287305119003,0
0.3073593073591743,0.28723404255303875,0.5978835978832816,0.14691943127955123,-0.605481112301693,-0.11029411764701828,0.40624999999968264,0.24573250006376574,0.8013245033107277,2.368421052625346,88.0,80.0,38.0,151.0,16.0,67.0,90.0,121.0,1.6040100250622547,1.9778597785970562,0
0.5083333333331216,0.16853932584260195,0.5670995670993216,-0.22962962962954458,-1.0,-0.2701754385963964,0.5370370370367884,0.0,0.5745856353587986,3.31999999999336,117.0,59.0,50.0,181.0,74.0,74.0,166.0,104.0,1.134615384615112,1.8159509202448418,0
0.22988505747113228,0.22772277227711502,0.380645161290077,-0.13588850174211295,-1.0,0.07359307359304174,0.5450236966822062,0.0,1.1588785046718142,3.3958333333262587,56.0,67.0,48.0,107.0,168.0,78.0,163.0,124.0,1.8047138047131972,1.392857142856832,0
0.71999999999856,0.3589743589742056,0.03614457831320946,0.445454545454343,0.8498976573173759,0.57425742574229,0.20792079207900205,10.0,3.6976744185960517,1.5249999999961874,30.0,7.0,40.0,43.0,77.0,75.0,61.0,159.0,0.6436781609188004,1.5544041450773176,0
-0.3504273504270509,-0.16546762589916156,-0.09523809523798185,-0.40816326530591424,0.6216216217453148,0.20833333333311632,0.4999999999997283,4.285714290217202,1.5263157894696675,2.999999999993478,108.0,79.0,46.0,38.0,98.0,81.0,138.0,58.0,2.0789473684203688,2.037735849055963,0
-0.5370370370365398,-0.9999999999983333,-0.4117647058818685,-0.999999999996154,0.4166666666950775,-0.9999999999960001,-0.3953488372088426,2.4285714291547413,0.0,0.4333333333326111,88.0,83.0,60.0,25.0,34.0,60.0,26.0,0.0,2.3799283154113335,3.1168831168810933,0
0.2916666666664641,-0.34640522875794355,0.49999999999959677,-0.21874999999982914,-1.0,-0.30069930069909045,0.4311926605500631,0.0,0.5376344086015724,2.5161290322499483,138.0,51.0,31.0,93.0,126.0,103.0,78.0,50.0,1.2252252252248574,2.1570680628266605,0
0.6507936507931342,0.25925925925906723,0.2530120481926187,-0.044943820224693856,-1.0,-0.10052910052904734,0.19999999999987098,0.0,0.8173076923069065,1.4999999999975806,0.0,22.0,62.0,104.0,40.0,50.0,93.0,85.0,1.1891891891883857,1.7777777777769876,0
0.3757961783437097,-0.05454545454542149,0.4399999999997067,0.09090909090902734,-0.657534246451501,-0.16129032258055845,0.21495327102783648,0.20661157020096996,0.7222222222215535,1.5476190476153628,100.0,49.0,42.0,108.0,153.0,87.0,65.0,78.0,1.2810457516335683,1.7185185185180942,0
-0.642857142854847,0.6054421768705424,-0.47368421052382276,0.5838926174494685,1.0,0.9585062240659924,0.63157894736759,0.0,10.0,4.428571428539796,41.0,23.0,14.0,5.0,190.0,58.0,62.0,236.0,1.999999999997826,0.8560885608854508,0
0.2984293193715715,0.24615384615365682,0.11711711711706436,0.14084507042243605,0.09198229214326273,-0.2097560975608733,-0.23270440251557695,1.2026002156575832,0.6532258064510861,0.6224489795912016,121.0,67.0,98.0,124.0,33.0,49.0,61.0,81.0,1.4142480211078063,1.8490566037727127,0
0.4188034188032995,-0.6046511627899945,0.4910179640717093,-0.5903614457824212,1.0,-0.8721804511274917,-0.1258278145694531,0.0,0.06827309236945049,0.7764705882343806,255.0,102.0,85.0,249.0,110.0,69.0,66.0,17.0,1.152542372881193,2.0830188679237422,0
0.4318181818176911,0.5238095238091081,0.5365853658530042,0.037837837837817384,-0.868257975520097,0.20754716981119023,0.648148148147548,0.07051597050287678,1.523809523807105,4.684210526291136,51.0,25.0,19.0,63.0,134.0,30.0,89.0,96.0,1.2195121951212078,0.8275862068962664,0
0.0,-0.08333333333328373,0.09090909090892561,-0.04938271604935224,-1.0,0.4392523364481876,0.5454545454540496,0.0,2.566666666658111,3.3999999999864,38.0,30.0,25.0,30.0,55.0,91.0,85.0,77.0,1.8749999999985354,2.3184713375788797,0
-0.3719008264459736,-0.8235294117634948,-0.2830188679242613,-0.8333333333321759,0.4929577465228626,-0.7272727272710744,-0.014925373134317221,2.9444444454835033,0.15789473684168975,0.9705882352926903,161.0,83.0,68.0,38.0,56.0,62.0,66.0,6.0,1.8191780821912824,2.666666666665233,0
0.17880794701974914,0.0,0.19463087248309086,-0.08641975308631306,-1.0,-0.41269841269808516,-0.15384615384600592,0.0,0.4157303370781846,0.733333333332111,117.0,62.0,60.0,89.0,30.0,37.0,44.0,37.0,1.5030303030298475,2.0992907801403553,0
0.19999999999986667,0.32142857142845666,0.9148936170203033,0.3805970149252311,-0.4124279935945476,0.34545454545441984,0.9080459770104505,0.41600138836162065,2.0555555555532714,10.0,165.0,60.0,4.0,90.0,207.0,95.0,83.0,185.0,1.2799999999996587,1.305841924398401,0
0.19999999999987503,-0.14782608695639318,0.10982658959531225,0.10112359550550436,-0.04125615761618302,-0.32413793103425925,-0.31623931623904594,0.9207569477122775,0.5104166666661349,0.5194805194798449,5.0,64.0,77.0,96.0,53.0,66.0,40.0,49.0,2.2358078602610325,2.2564102564092923,0
0.3764705882350727,0.1481481481480933,0.6834532374095803,0.4351851851849837,-0.22193771212200203,0.13970588235288983,0.469879518071723,0.6367446392832158,1.3247863247851925,2.7727272727146697,95.0,53.0,22.0,117.0,81.0,115.0,61.0,155.0,1.333333333332914,1.974248927038203,0
-0.3770491803272507,0.49999999999985295,0.8999999999955001,0.7770034843202868,-0.07334302928897089,0.8613138686128243,0.9393939393910927,0.8633372047087089,10.0,10.0,53.0,42.0,1.0,19.0,142.0,85.0,32.0,255.0,2.1538461538447735,1.1992945326276543,0
0.23333333333323614,0.15337423312874027,0.30973451327419926,0.5039999999995968,0.23873325210204024,-0.2231404958676764,-0.4311926605500631,1.627199999474065,0.6351351351347061,0.3974358974353879,124.0,92.0,78.0,148.0,173.0,69.0,31.0,94.0,1.6140350877189444,1.3629629629626265,0
0.42857142857120184,0.2692307692305967,0.9148936170206278,0.3469387755099681,-0.45010323465117263,-0.1538461538460881,0.7777777777763374,0.3792121499348318,0.7333333333327902,7.999999999866667,234.0,54.0,6.0,135.0,182.0,57.0,48.0,99.0,0.9056603773583007,1.1544303797465432,0
0.9999999999981818,0.3697478991595085,0.5277777777770447,0.5825242718443775,0.049307748356466445,0.49541284403647,0.4333333333326111,1.103730199076489,2.9636363636309753,2.529411764691004,58.0,0.0,17.0,55.0,110.0,75.0,43.0,163.0,0.0,1.4184397163117215,0
-0.2758620689650416,-0.3858267716532395,-0.2631578947363804,-0.4620689655169227,0.2742742743125857,0.2999999999995,0.49295774647852614,1.7558620696346146,1.8571428571340138,2.9444444444362654,12.0,37.0,36.0,21.0,43.0,88.0,106.0,39.0,2.7663551401843303,2.7286821705415782,0
0.4141414141409958,0.0956521739129603,0.7283950617274958,0.34042553191453145,-0.3629884492163944,-0.05263157894732885,0.4761904761893424,0.467363865785177,0.8999999999987143,2.8181818181561984,123.0,29.0,11.0,70.0,85.0,52.0,31.0,63.0,0.9243027888442533,1.650793650792996,0
0.2923076923074675,0.1379310344825208,0.44827586206857906,-0.08333333333321759,-1.0,-0.4358974358970633,0.09859154929563578,0.0,0.39285714285667517,1.2187499999961913,85.0,46.0,32.0,84.0,71.0,25.0,39.0,33.0,1.4099616858232147,1.2987012987004556,0
0.014925373134317221,0.2508591065291234,0.2252252252250223,0.2727272727271774,0.09539473682322105,0.4559999999998176,0.41496598639427557,1.210909090372115,2.676470588231358,2.4186046511571657,100.0,66.0,43.0,68.0,241.0,109.0,104.0,182.0,1.7599999999994134,1.3603744149763868,0
0.1698113207546102,-0.7925925925920055,0.20779220779207289,-0.5999999999991429,1.0,-0.7383177570086558,-0.04273504273500621,0.0,0.15053763440844029,0.9180327868837409,65.0,66.0,61.0,93.0,74.0,121.0,56.0,14.0,1.820689655171786,2.9333333333324445,0
0.03571428571426446,-0.15428571428562612,0.31818181818157715,-0.13450292397652955,-1.0,-0.08074534161485669,0.3661971830983337,0.0,0.8505747126427005,2.1555555555507655,39.0,81.0,45.0,87.0,135.0,101.0,97.0,74.0,2.249999999999219,1.9659367396588892,0
0.11111111111097394,0.1895424836600688,0.6666666666654321,0.473684210526124,-0.16923076921522617,0.603524229074624,0.7567567567557341,0.7105263156839229,4.044444444435457,7.222222222141975,72.0,36.0,9.0,45.0,240.0,124.0,65.0,182.0,1.5238095238087177,1.480597014925152,0
0.5566037735846432,0.3711340206183654,0.6097560975606782,0.5739644970410805,-0.030236527673674043,-0.10738255033553444,-0.05263157894729917,0.9413017749934578,0.8060606060601176,0.8999999999977499,189.0,47.0,40.0,165.0,160.0,61.0,36.0,133.0,0.839285714285527,1.175903614457548,0
0.6683937823830735,0.7333333333330279,0.7790055248614481,0.5639097744358783,-0.16017074980238924,0.12737127371270263,0.48717948717886256,0.7238841784386386,1.291925465837707,2.8999999999855004,118.0,32.0,20.0,161.0,134.0,32.0,58.0,208.0,0.7463556851309777,0.630541871921027,0
0.9779005524856477,0.0526315789473338,0.6126126126123367,0.12676056338019243,-0.6571134373575681,-0.38223938223923465,0.1809523809522086,0.2069179784251604,0.4469273743014263,1.4418604651129259,66.0,2.0,43.0,179.0,191.0,72.0,62.0,80.0,0.064257028112424,1.3879518072285812,0
-0.06666666666657778,-0.04761904761900983,0.12903225806430801,-0.25465838509300953,1.0,0.2631578947365651,0.5781249999995484,0.0,1.7142857142808163,3.7407407407268862,59.0,40.0,27.0,35.0,140.0,66.0,101.0,60.0,1.8390804597690582,1.5903614457826536,0
0.9999999999933333,0.41666666666637736,0.4285714285693878,0.6190476190471277,0.1818181818027449,0.743589743589108,0.599999999998,1.444444444113139,6.799999999954666,3.9999999999333333,50.0,0.0,6.0,15.0,183.0,42.0,24.0,102.0,0.0,0.9105691056908102,0
0.3529411764700692,-0.20754716981092916,0.9999999999978261,0.1351351351347699,-0.7619047618377526,-0.37313432835765203,0.9999999999937501,0.13513513512155018,0.4565217391294423,10.0,62.0,22.0,0.0,46.0,125.0,32.0,16.0,21.0,1.1578947368413435,1.2190476190470385,0
0.18461538461524263,0.5957446808507469,-0.07228915662646249,0.3392857142855628,1.0,0.3215859030835588,-0.09202453987724417,0.0,1.948051948049418,0.8314606741563692,71.0,53.0,89.0,77.0,116.0,38.0,74.0,150.0,1.66929133858202,0.888888888888629,0
0.3249999999997969,-0.3975903614453041,0.5820895522383717,-0.6551724137926517,1.0,-0.618320610686551,0.6216216216212017,0.0,0.23584905660355107,4.28571428569898,66.0,54.0,28.0,106.0,33.0,58.0,120.0,25.0,1.5428571428565918,2.6666666666651344,0
0.0,-0.0681818181817407,0.14285714285702947,-0.3880597014922478,1.0,-0.27433628318559794,0.26530612244879914,0.0,0.5694444444436535,1.7222222222190329,55.0,72.0,54.0,72.0,94.0,47.0,93.0,41.0,2.125461254611762,1.6419213973791957,0
0.0873786407766142,0.14909090909085487,0.4545454545448642,0.12455516014230443,-0.5698324021359189,0.4766355140184689,0.7083333333328415,0.2740213522531409,2.821428571423533,5.857142857114966,101.0,47.0,21.0,56.0,188.0,117.0,123.0,158.0,1.4980079681268934,1.6137931034479975,0
0.7560975609746877,0.08786610878657412,0.19008264462794208,0.2935323383083117,0.21390919907172232,0.287128712871145,0.18333333333318055,1.5442353442021661,1.8055555555530478,1.4489795918337776,207.0,10.0,49.0,72.0,125.0,109.0,71.0,130.0,0.26755852842800415,1.8435517970397794,0
0.862499999999461,0.2452830188677703,0.49748743718567967,0.5468749999995728,0.047289677463192424,-0.20161290322572517,-0.2658227848097901,1.0992739896777184,0.6644295302008965,0.57999999999884,136.0,11.0,50.0,149.0,117.0,60.0,29.0,99.0,0.2866449511399718,1.4285714285710034,0
0.9215686274500768,0.380645161290077,0.4626865671638339,0.12631578947361774,-0.5710856227357233,0.04390243902436883,0.3949579831929454,0.2730050933196635,1.0918367346927633,2.305555555549151,65.0,4.0,36.0,98.0,113.0,48.0,83.0,107.0,0.18713450292386719,1.215189873417337,0
0.6612903225801119,0.2661290322579572,0.9999999999990291,0.2610441767067225,-0.5859872610998414,0.20769230769222782,0.999999999998913,0.26104417668087154,1.5242718446587142,10.0,82.0,21.0,0.0,103.0,174.0,91.0,92.0,157.0,0.7400881057265463,1.4191033138398792,0
0.3027522935777039,0.5699999999997151,0.47916666666616753,0.6702127659570903,0.1662167373556283,0.37719298245597493,0.10714285714266582,1.3987049025765246,2.211267605630688,1.2399999999950402,61.0,38.0,25.0,71.0,236.0,43.0,31.0,157.0,1.461538461537759,0.7181628392482843,0
-0.3333333333320988,0.2089552238804411,0.9999999999888889,0.17391304347813485,-0.703703703641137,0.7999999999991111,0.9999999999982456,0.17391304346267591,8.9999999999,10.0,11.0,18.0,0.0,9.0,168.0,53.0,57.0,81.0,2.5714285714239793,1.1943661971827622,0
0.3584905660375104,0.6091954022985006,0.13684210526308588,0.5135135135132359,0.5791776027105898,0.1290322580644641,-0.29133858267693596,3.752598749856415,1.296296296295096,0.5487804878042087,64.0,51.0,82.0,108.0,117.0,34.0,45.0,140.0,1.4890510948899676,0.8369230769228194,0
0.17910447761180665,-0.8666666666608889,0.1703703703702442,-0.9591836734674302,1.0,-0.9749999999987812,-0.07692307692300296,0.0,0.012658227848085242,0.8571428571413265,78.0,55.0,56.0,79.0,49.0,14.0,48.0,1.0,1.64794007490575,1.435897435895595,0
0.23076923076909422,0.023041474654367265,0.2606060606059027,0.4230769230766519,0.23764064094715434,0.03255813953486858,-0.1509433962262727,1.623434704207051,1.067307692306666,0.7377049180315776,112.0,65.0,61.0,104.0,138.0,106.0,45.0,111.0,1.5028901734099702,1.8394793926243298,0
-0.4455445544550044,-0.34999999999978126,-0.45631067961120747,-0.5458515283840412,0.08934766055575805,0.299999999999625,0.4047619047617442,1.1962278177857866,1.8571428571362245,2.359999999996853,116.0,73.0,75.0,28.0,90.0,108.0,177.0,52.0,2.0137931034475813,2.4134078212283763,0
0.3495145631066265,-0.09090909090905334,0.2579185520360824,-0.10569105691052615,-1.0,-0.1164658634537685,0.247706422018235,0.0,0.7913669064742509,1.658536585363831,255.0,67.0,82.0,139.0,216.0,132.0,136.0,110.0,1.0151515151513228,1.7898305084742727,0
0.0,-0.890909090908281,0.28571428571408164,-0.8124999999987305,1.0,-0.8749999999990885,0.07407407407400549,0.0,0.06666666666659259,1.15999999999768,188.0,90.0,50.0,90.0,106.0,104.0,58.0,6.0,1.5720524017463817,2.5999999999991874,0
0.43884892086299365,-0.16901408450692323,0.1363636363635589,-0.04065040650403199,-1.0,-0.25786163521996364,-0.0857142857142245,0.0,0.58999999999941,0.8421052631567867,108.0,39.0,76.0,100.0,127.0,83.0,64.0,59.0,1.0909090909087096,1.8863636363631004,0
0.725190839694103,0.1440329218106403,0.8677685950406051,0.1680672268906857,-0.6754944685903926,0.10317460317456224,0.8504672897188313,0.19367747096615506,1.2300884955741327,10.0,95.0,18.0,8.0,113.0,249.0,104.0,99.0,139.0,0.5901639344259877,1.3959731543621818,0
0.19018404907963793,0.36929460580897544,0.44776119402951664,0.4932126696830348,0.048302590966089146,0.2595419847327254,0.20430107526859753,1.1015082953802626,1.7010309278332978,1.5135135135094229,116.0,66.0,37.0,97.0,196.0,76.0,56.0,165.0,1.530434782608252,1.185185185184954,0
-0.3157894736833795,0.2984293193715715,0.9999999999923077,0.4674556213014986,-0.3629032257786387,0.8102189781015985,0.9999999999977778,0.46745562125834883,9.538461538388166,10.0,37.0,25.0,0.0,13.0,162.0,67.0,45.0,124.0,1.999999999998,1.2761904761901723,0
0.6710526315785059,0.5879396984921669,0.3655913978492658,0.49763033175331867,0.15296062339573602,0.10877192982452324,-0.05357142857138074,1.36116531883602,1.2440944881879967,0.8983050847442401,119.0,25.0,59.0,127.0,81.0,41.0,53.0,158.0,0.6756756756754474,1.0218068535822362,0
0.7234042553183794,0.20958083832322782,0.09459459459453069,0.4962962962959287,0.6798238182823568,0.10989010989004952,-0.3267326732670032,5.246560841014141,1.2469135802453741,0.5074626865664068,89.0,13.0,67.0,81.0,95.0,66.0,34.0,101.0,0.5306122448976885,1.609756097560485,0
0.5675675675672608,0.6370370370368011,0.6111111111107717,0.5189003436424334,-0.0816016218882639,0.207650273223987,0.33333333333301585,0.8491096530945993,1.5241379310334318,1.9999999999942857,122.0,40.0,35.0,145.0,255.0,49.0,70.0,221.0,0.9221902017288409,0.6829268292681736,0
0.17391304347819786,0.1629955947135846,0.1368421052631099,0.039370078740141985,-0.5531514578234499,-0.1020408163264959,-0.004081632653059559,0.2877044213524314,0.814814814814312,0.9918699186983806,230.0,114.0,123.0,162.0,147.0,95.0,122.0,132.0,1.4709677419352465,1.6204690831553048,0
0.15909090909087295,0.476470588235154,0.36363636363626645,0.40616246498588066,0.05524313595047528,-0.007905138339919387,-0.0577777777777521,1.11694677840431,0.9843137254898101,0.8907563025202598,255.0,185.0,119.0,255.0,255.0,89.0,106.0,251.0,1.6818181818179907,1.0409356725144676,0
0.15018315018309517,-0.12643678160912275,0.3083333333332049,0.020134228187905952,-0.8774050738006763,-0.3476394849783916,-0.06410256410252302,0.06530019950719239,0.4840764331207108,0.879518072288097,129.0,116.0,83.0,157.0,155.0,98.0,73.0,76.0,1.7915057915054455,1.836065573770062,0
0.9191919191909907,0.13901345291473588,0.2751677852347147,0.3229166666664985,0.07983635299666166,0.14414414414407922,0.09243697478983828,1.1735264223379271,1.3368421052617507,1.2037037037014746,105.0,4.0,54.0,95.0,203.0,96.0,65.0,127.0,0.15384615384607989,1.47126436781581,0
0.11888111888103575,0.5144927536230021,-0.05882352941173011,0.4513888888887322,1.0,0.446366782006766,-0.06508875739641119,0.0,2.6124999999967344,0.8777777777768024,45.0,63.0,90.0,80.0,132.0,67.0,79.0,209.0,2.00796812748924,1.1284210526313414,0
0.28395061728360005,0.4503816793891411,0.14285714285698586,0.5019762845847818,0.5569176881800761,0.5702479338840619,0.23529411764682814,3.5138339896376505,3.653846153839127,1.6153846153804734,21.0,29.0,39.0,52.0,197.0,72.0,63.0,190.0,1.770992366410862,1.0847457627116601,0
0.7460317460305619,0.543103448275628,0.8333333333319444,0.5042016806720571,-0.2460732984103363,0.5299145299143034,0.8437499999986816,0.6050420167348719,3.254545454539537,10.0,83.0,8.0,5.0,55.0,255.0,53.0,59.0,179.0,0.41558441558414577,0.7851851851850398,0
0.7187499999994386,0.5384615384613205,0.8333333333326389,0.7592592592589078,-0.04651162790387145,0.2666666666665778,0.44444444444320985,0.9111111110021153,1.727272727271157,2.599999999974,79.0,18.0,10.0,110.0,119.0,57.0,26.0,190.0,0.6399999999997156,1.0780141843969082,0
0.7657657657654209,0.15306122448971785,0.31986531986521216,0.2914285714284049,-0.04651894749345143,-0.2686084142393953,-0.23926380368083483,0.9110977440758504,0.5765306122446039,0.6138613861380061,153.0,26.0,101.0,196.0,114.0,83.0,62.0,113.0,0.5187032418951325,1.6895674300250154,0
0.5958188153308028,0.45299145299132393,0.36716417910436805,0.6943521594682078,0.3082269847800814,0.05371900826445171,-0.3947368421050035,1.8911217346224916,1.113537117903444,0.433962264150534,198.0,58.0,106.0,229.0,182.0,96.0,46.0,255.0,0.8545119705339126,1.2209856915737327,0
0.44886363636350884,-0.05472636815917676,0.41274238227135385,0.03825136612019768,-0.8303685303925482,-0.45714285714272657,-0.09278350515459136,0.09267612863120522,0.37254901960769704,0.8301886792444998,255.0,97.0,106.0,255.0,127.0,106.0,88.0,95.0,1.1022727272725705,1.9539170506907941,0
0.3972602739724939,0.5987460815045145,0.3492063492062568,0.6451612903223726,0.29763130790001097,0.0,-0.38202247190989774,1.8475073308491332,0.9999999999996079,0.4471544715443519,205.0,110.0,123.0,255.0,174.0,64.0,55.0,255.0,1.294117647058633,0.919210053859799,0
0.3707165109033113,0.40566037735829924,0.2571428571427837,0.40566037735829924,0.224074827131619,-0.19241192411918906,-0.34715025906717767,1.5775681335581158,0.6772727272724195,0.48461538461501186,137.0,101.0,130.0,220.0,149.0,63.0,63.0,149.0,1.4454382826473262,1.1886792452827386,0
-0.030769230769207102,0.18656716417903488,0.5749999999992812,0.17343173431727918,-0.536546283670139,0.43243243243223767,0.736434108526561,0.3016204074562329,2.5238095238055176,6.588235294078894,27.0,67.0,17.0,63.0,175.0,109.0,112.0,159.0,2.3928571428560748,1.57971014492725,0
0.3224043715845233,0.41052631578925763,0.15789473684202973,0.47252747252721294,0.49908256872814644,0.05098039215684275,-0.29411764705860727,2.99267399077842,1.1074380165280104,0.5454545454539256,74.0,62.0,88.0,121.0,84.0,56.0,48.0,134.0,1.5548589341687917,1.3575757575753462,0
0.7119999999994304,0.6831683168314577,0.4459459459456447,0.5501519756837234,0.10461424270132218,0.40883977900541196,0.2869565217388809,1.2336741270149651,2.3831775700912305,1.8048780487760856,84.0,18.0,41.0,107.0,183.0,48.0,74.0,255.0,0.6343612334798968,0.7191011235953709,0
0.22012578616338357,0.6139240506327172,0.39568345323712545,0.5987460815045145,0.20420011790953713,0.44886363636350884,0.20754716981112495,1.5131946419664357,2.628865979378733,1.5238095238058955,108.0,62.0,42.0,97.0,255.0,61.0,64.0,255.0,1.5075987841940708,0.772151898734055,0
0.17557251908383545,0.05202312138725317,0.07692307692302314,0.5964912280696522,0.7715430860577368,0.08333333333328373,-0.48314606741518745,7.754385954830199,1.1818181818166469,0.3484848484843205,72.0,54.0,66.0,77.0,123.0,82.0,23.0,91.0,1.680933852139424,1.7354497354492764,0
0.43564356435622,0.13494809688576645,0.22881355932193695,0.4909090909088678,0.36416184966037185,0.06148867313913868,-0.23809523809507616,2.1454545445168365,1.1310344827578407,0.6153846153839391,87.0,57.0,91.0,145.0,208.0,125.0,56.0,164.0,1.3179190751441279,1.6077170418003845,0
0.25925925925916327,0.3920454545453432,0.312741312741192,0.48936170212751084,0.22019664069360265,0.1807228915662215,-0.02890173410402954,1.564749145809225,1.4411764705873877,0.9438202247180406,107.0,100.0,89.0,170.0,255.0,107.0,84.0,245.0,1.6771488469598161,1.1988795518205604,0
0.105058365758714,-0.390070921985539,0.39215686274490585,-0.4556962025313572,1.0,-0.5351351351348459,0.29943502824841844,0.0,0.30281690140823747,1.8548387096744277,94.0,115.0,62.0,142.0,229.0,98.0,115.0,43.0,1.974248927038203,1.6752136752133173,0
0.3450704225350898,0.5338345864657641,0.31724137931023544,0.5338345864657641,0.2544933893563691,-0.3037542662115004,-0.5230769230765208,1.6827394568078862,0.5340314136122859,0.31313131313099685,160.0,93.0,99.0,191.0,67.0,31.0,31.0,102.0,1.3854748603349374,1.073593073592609,0
0.41274238227135385,-0.7142857142849294,0.1888111888111448,-0.434782608694707,1.0,-0.9029850746265288,-0.681159420289526,0.0,0.05098039215684275,0.18965517241368413,225.0,106.0,174.0,255.0,121.0,78.0,33.0,13.0,1.2254335260113836,2.1517241379302927,0
0.31468531468520466,0.3212669683256465,0.36727272727259375,0.05797101449273262,-0.7273515923435181,-0.12574850299397433,0.19815668202755846,0.15784187110065956,0.776595744680438,1.4942528735615008,89.0,98.0,87.0,188.0,87.0,75.0,130.0,146.0,1.6575052854119117,1.566579634464343,0
0.2812499999997803,0.48663101604252057,0.43859649122768546,0.6646706586822367,0.2049133498196861,0.2579185520360824,-0.06666666666655556,1.5154491014513065,1.695121951217445,0.8749999999972656,69.0,46.0,32.0,82.0,189.0,48.0,28.0,139.0,1.514403292180447,0.905660377358277,0
0.9999999999985294,0.5619834710741479,0.699999999999125,0.47656249999981387,-0.18990703849606114,0.4708171206223849,0.6962025316446884,0.6808035713318988,2.779411764701795,5.583333333286806,49.0,0.0,12.0,68.0,161.0,53.0,67.0,189.0,0.0,0.9298245614033049,0
0.04065040650403199,0.4201954397392768,0.12280701754375192,0.6899224806198877,0.6977911645729025,0.5460992907799482,-0.11111111111098765,5.617940194763691,3.4062499999946776,0.7999999999984,65.0,59.0,50.0,64.0,164.0,89.0,40.0,218.0,1.9109311740882953,1.2714285714283442,0
0.29896907216479435,0.12437810945267444,0.3770491803276628,0.6376811594198278,0.25684851320335683,-0.05439330543930779,-0.39024390243854845,1.6912413354049642,0.8968253968246851,0.4385964912273007,77.0,68.0,57.0,126.0,158.0,88.0,25.0,113.0,1.6047197640113262,1.5749440715880145,0
-0.1811023622045818,0.11111111111107254,-0.21804511278179095,0.41592920353963897,1.0,0.5094339622639107,-0.10204081632646121,0.0,3.0769230769171596,0.8148148148138089,56.0,75.0,81.0,52.0,93.0,128.0,66.0,160.0,2.325581395347936,2.0117878192530427,0
0.1596638655460843,0.34201954397383,-0.041666666666637736,0.5785440613024604,1.0,0.49818181818163704,-0.1538461538460355,0.0,2.9855072463724848,0.7333333333323555,74.0,50.0,75.0,69.0,207.0,101.0,55.0,206.0,1.6460905349787465,1.3138211382111684,0
-0.05072463768114104,0.3839662447255764,-0.015037593984956753,0.21933085501850583,1.0,0.1118644067796231,-0.12499999999994792,0.0,1.2519083969456093,0.7777777777772017,211.0,145.0,135.0,131.0,169.0,73.0,105.0,164.0,1.835443037974393,1.2192066805842967,0
-0.055276381909519966,0.13333333333324446,0.005347593582884841,0.8681318681309141,0.9877556511248005,-0.05027932960891046,-0.8787878787869912,10.0,0.9042553191479742,0.06451612903218869,98.0,105.0,93.0,94.0,117.0,65.0,6.0,85.0,2.0895522388054504,1.5662650602404922,0
0.5304347826084651,0.3020134228185893,0.28467153284661145,0.15476190476181265,-0.2956298199842437,-0.2893772893771834,-0.15976331360937293,0.5436507934596937,0.5511363636360506,0.7244897959176281,147.0,54.0,98.0,176.0,255.0,52.0,71.0,97.0,1.0023201856146167,0.912280701754186,0
0.412698412698249,-0.021276595744658216,0.14469453376201136,-0.23966942148740522,1.0,-0.5892857142854513,-0.2788461538460198,0.0,0.2584269662919897,0.5639097744356663,117.0,74.0,133.0,178.0,88.0,48.0,75.0,46.0,1.3363431151238518,1.6695652173905786,0
0.24210526315776734,0.44578313252994145,0.26881720430093076,0.7142857142853742,0.4531249999539332,0.20805369127509798,-0.38775510204042063,2.6571428561545636,1.5254237288122665,0.44117647058758647,136.0,72.0,68.0,118.0,142.0,69.0,30.0,180.0,1.447236180904159,1.199999999999739,0
0.12499999999960937,0.43083003952552146,0.9999999999944446,0.5146443514642198,-0.3204419889268152,0.8190954773865231,0.9999999999982758,0.5146443514156145,10.0,10.0,57.0,14.0,0.0,18.0,202.0,72.0,58.0,181.0,1.0873786407756434,1.0929791271345173,0
0.6226415094333748,0.29846153846144663,0.33333333333307497,0.507142857142676,0.2067988668311192,0.4208754208752792,0.23214285714264987,1.5214285709727788,2.4534883720901703,1.604651162786966,69.0,20.0,43.0,86.0,211.0,114.0,69.0,211.0,0.8205128205123998,1.403076923076707,0
0.48251748251714516,0.3894736842103897,0.5939849624055685,0.4452554744523923,-0.14311364595139656,0.3026315789472689,0.4757281553393439,0.749607317623328,1.8679245283001247,2.81481481480439,20.0,37.0,27.0,106.0,179.0,87.0,76.0,198.0,1.4799999999992601,1.2631578947366127,0
0.3581395348835544,-0.07999999999996,0.6976744186042456,-0.046632124352307444,-1.0,-0.2268907563024257,0.5905511811018972,0.0,0.6301369863009383,3.884615384600444,76.0,69.0,26.0,146.0,115.0,108.0,101.0,92.0,1.5333333333329076,2.042553191488879,0
0.30864197530826093,0.24696356275293646,0.10416666666655816,0.162264150943335,0.21805842423242894,0.48792270531377396,0.4415584415581549,1.5577358475622123,2.905660377353008,2.581395348831206,21.0,28.0,43.0,53.0,212.0,93.0,111.0,154.0,1.7230769230755978,1.3478260869562775,0
-0.1420118343194846,0.4017094017092301,0.058394160583920295,0.4449339207046498,0.7679678015467614,0.06148867313913868,-0.343749999999821,7.6194933790215265,1.1310344827578407,0.48837209302287726,244.0,193.0,129.0,145.0,105.0,70.0,63.0,164.0,1.9922580645158718,1.369193154033895,0
-0.056451612903203045,0.5317073170729114,0.23809523809511213,0.5317073170729114,0.3814121906565663,0.14598540145980074,-0.19999999999983334,2.2331707307694777,1.341880341879195,0.6666666666657407,179.0,131.0,72.0,117.0,140.0,48.0,48.0,157.0,1.8781362007165092,0.9770992366409728,0
0.28571428571412877,0.34680134680123004,0.07834101382484869,0.785714285713935,0.818666666571922,0.26182965299676286,-0.6129032258059574,10.0,1.7094017094002483,0.23999999999976,93.0,65.0,100.0,117.0,202.0,97.0,24.0,200.0,1.5294117647054326,1.3020134228185734,0
-0.018181818181807165,0.19205298013232316,-0.2499999999998843,0.3953488372089959,1.0,0.052631578947337644,-0.5517241379307174,0.0,1.1111111111097394,0.2888888888886749,60.0,84.0,135.0,81.0,69.0,61.0,39.0,90.0,2.1747572815526945,1.7366548042698446,0
0.09547738693462539,0.0,0.2044198895026495,0.30693069306900306,0.20047068887800132,-0.24571428571414533,-0.3457943925230413,1.5014717680633407,0.6055045871554078,0.4861111111104359,64.0,90.0,72.0,109.0,115.0,66.0,35.0,66.0,2.039660056656646,1.6869009584659147,0
0.18367346938738024,0.4228855721390931,0.9999999999965518,0.31192660550444407,-0.5244755244344634,0.6627906976740333,0.9999999999986666,0.31192660547432705,4.931034482741618,10.0,43.0,20.0,0.0,29.0,150.0,58.0,75.0,143.0,1.428571428570153,1.1344743276280844,0
0.5111111111105432,0.4223602484470738,0.5813953488365332,0.40923076923064333,-0.17379370122445698,0.5420875420873595,0.6842105263151893,0.7038769229564582,3.367647058818577,5.333333333303704,33.0,22.0,18.0,68.0,181.0,93.0,96.0,229.0,1.213793103447439,1.248322147650797,0
0.32786885245874764,0.11180124223599013,0.3064516129029787,0.3560606060604712,0.07488011802653466,0.376923076922932,0.3281249999997437,1.1618819772928077,2.209876543207148,1.9767441860419144,20.0,41.0,43.0,81.0,166.0,143.0,85.0,179.0,1.792349726774977,1.812995245641551,0
0.5826771653541013,0.3980582524269913,0.9999999999995025,0.23605150214582146,-0.6180555555055319,-0.16521739130429994,0.9999999999988763,0.23605150212233378,0.7164179104474048,10.0,90.0,53.0,0.0,201.0,202.0,62.0,89.0,144.0,1.0680100755664816,1.0553191489359457,0
0.19277108433723328,0.26829268292674746,0.30263157894716936,0.4857142857141123,0.23223652834455097,0.3550488599347378,0.1519999999998784,1.604968943569524,2.101010101007979,1.3584905660351727,79.0,67.0,53.0,99.0,241.0,120.0,72.0,208.0,1.7179487179481674,1.3933236574743986,0
-0.08695652173909263,-0.07575757575751838,0.15384615384606934,0.06086956521733837,-0.43302180665204054,-0.2650602409636958,-0.17557251908383545,0.3956521736557428,0.5809523809518277,0.7012987012977905,92.0,125.0,77.0,105.0,140.0,71.0,54.0,61.0,2.2371364653238843,1.6559766763843569,0
0.13846153846146747,0.2421874999999054,0.24022346368701666,0.6649214659682383,0.46920442055180833,0.17777777777771195,-0.35999999999964,2.767928892065935,1.432432432431142,0.4705882352934256,43.0,84.0,68.0,111.0,142.0,97.0,32.0,159.0,2.0869565217384825,1.567676767676451,0
0.36882129277552517,0.5644444444441936,0.5859030837001824,0.22222222222214508,-0.4500302846202286,-0.01123595505617662,0.40880503144628383,0.3792815371115749,0.9777777777772346,2.382978723399185,55.0,83.0,47.0,180.0,203.0,49.0,112.0,176.0,1.6558603491267692,0.8218029350103099,0
0.010309278350504835,0.2666666666665397,0.02083333333331163,0.3711340206183654,0.893698629909036,0.461538461538208,0.1296296296295096,10.0,2.714285714280175,1.2978723404227703,41.0,48.0,47.0,49.0,179.0,77.0,61.0,133.0,2.0645161290311482,1.3218884120168837,0
-0.24409448818878418,-0.418181818181438,-0.058823529411707036,-0.2558139534880746,0.6260869567206704,-0.19999999999975,0.0,4.348837216694555,0.6666666666652777,0.9999999999981481,58.0,79.0,54.0,48.0,91.0,78.0,54.0,32.0,2.393939393938487,2.236559139784145,0
0.7570093457936851,-0.09316770186329618,0.8431372549011341,0.10606060606052573,-0.7765258215143913,-0.1257485029939367,0.7611940298496102,0.12579281182443192,0.7765957446800249,7.374999999907812,104.0,13.0,8.0,94.0,143.0,88.0,59.0,73.0,0.464285714285507,1.7959183673464807,0
0.28735632183875015,0.49794238683107084,0.17894736842086426,0.39999999999984615,0.38181818175251675,0.52941176470566,0.33333333333304843,2.235294116399417,3.249999999994196,1.9999999999948717,0.0,31.0,39.0,56.0,138.0,61.0,78.0,182.0,2.101694915252456,1.1040723981897955,0
0.41249999999974224,0.30303030303018824,0.467532467532164,0.35433070866127786,-0.1377379619092072,0.2070175438595765,0.3333333333330623,0.7578740155861244,1.5221238938039627,1.999999999995122,70.0,47.0,41.0,113.0,143.0,92.0,82.0,172.0,1.3574007220211706,1.4749498997993036,0
0.90849673202555,0.30769230769222883,0.5449735449732567,0.6139240506327172,0.059496633624006624,0.2718204488777377,0.17307692307675665,1.1265208305665406,1.7465753424645574,1.4186046511594916,122.0,7.0,43.0,146.0,19.0,135.0,61.0,255.0,0.19858156028361754,1.9852941176466936,0
0.040462427745641356,-0.048192771084322836,0.16129032258054113,0.12857142857138265,-0.11287758342673479,0.27419354838698623,0.30481283422443595,0.797142856648858,1.7555555555536049,1.8769230769201892,210.0,83.0,65.0,90.0,168.0,174.0,122.0,158.0,1.4248927038623551,2.0652818991094857,0
-0.22727272727255513,-0.008403361344534285,0.05154639175252418,0.1859296482411126,0.5658813261144203,0.39644970414177727,0.2755905511808854,3.607035168883655,2.313725490191542,1.7608695652135633,159.0,81.0,46.0,51.0,180.0,120.0,81.0,118.0,1.7419354838704995,1.78438661710004,0
-0.04255319148933907,0.08880308880305451,-0.13875598086117763,0.35576923076905975,1.0,0.2207792207791252,-0.279569892472968,0.0,1.5666666666649258,0.5630252100835604,130.0,98.0,119.0,90.0,146.0,118.0,67.0,141.0,1.8846153846149316,1.8049713193113182,0
-0.1311475409835528,0.2419354838708702,-0.03196347031962011,0.2887029288701721,1.0,0.18461538461531363,-0.14141414141407,0.0,1.4528301886778747,0.7522123893798652,67.0,138.0,113.0,106.0,157.0,94.0,85.0,154.0,2.4587973273936616,1.5070140280558102,0
0.3504273504270509,0.4360655737703488,0.504761904761424,0.3904761904760665,-0.12765957445351295,0.4697986577179632,0.5737704918028084,0.7735849055076112,2.772151898730668,3.6923076922934914,68.0,38.0,26.0,79.0,140.0,86.0,96.0,219.0,1.3632286995509584,1.295668549905594,0
0.2765957446805568,-0.1450381679388206,0.3953488372088426,-0.263157894736669,-1.0,-0.03448275862065993,0.5737704918028084,0.0,0.9333333333317777,3.6923076922934914,106.0,34.0,26.0,60.0,104.0,75.0,96.0,56.0,1.1623931623926658,1.9354838709671176,0
0.47368421052548476,0.03623188405795789,0.999999999997619,0.3240740740739241,-0.5104895104502469,0.5459459459456508,0.9999999999986301,0.3240740740422883,3.4047619047537983,10.0,59.0,15.0,0.0,42.0,148.0,133.0,73.0,143.0,0.9160305343504459,1.9102333931773947,0
0.19999999999955556,-0.04132231404957539,0.636363636361708,0.49356223175944486,-0.12638121545714853,0.7313432835817257,0.8153846153833609,0.7755977926453125,6.444444444420577,9.833333333169444,12.0,18.0,6.0,27.0,255.0,189.0,59.0,174.0,1.91999999999744,1.8736059479551581,0
-0.05050505050499949,0.0857142857142551,-0.16814159292020517,0.42723004694815625,1.0,0.5276381909545088,-0.03937007874012648,0.0,3.2340425531846084,0.9242424242410239,79.0,52.0,66.0,47.0,36.0,128.0,61.0,152.0,1.8086956521731268,2.306306306305787,0
0.009009009009000892,-0.010909090909086943,-0.2056737588651024,-0.0903010033444514,-0.38980605879479097,0.4166666666664497,0.3145161290321313,0.4390497061299061,2.428571428567092,1.9176470588212733,99.0,55.0,85.0,56.0,222.0,139.0,163.0,136.0,1.6603773584899395,1.7484276729556998,0
-0.08982035928138335,-0.3999999999998667,-0.24378109452724192,-0.3233082706765702,0.14023746704325857,0.08433734939753956,0.16943521594678757,1.326223723115919,1.1842105263142313,1.4079999999988735,104.0,91.0,125.0,76.0,196.0,210.0,176.0,90.0,2.0110497237563507,2.3796033994330905,0
0.20472440944873832,0.2569169960473293,-0.02236421725238902,0.2979591836733478,1.0,0.019230769230763067,-0.30081300812995904,0.0,1.0392156862738307,0.5374999999996641,176.0,101.0,160.0,153.0,145.0,94.0,86.0,159.0,1.521657250470523,1.528455284552535,0
-0.330543933054255,-0.04761904761902495,-0.45578231292501503,-0.06103286384973661,-0.7638116427136329,0.11111111111104939,-0.30886850152895756,0.13390792519228029,1.2499999999984375,0.5280373831773234,216.0,159.0,214.0,80.0,166.0,110.0,113.0,100.0,2.071661237784679,1.8106995884769936,0
0.23428571428558043,-0.06849315068490024,0.018867924528292987,0.14606741573025503,0.7712082257534794,-0.028571428571414967,-0.15555555555546915,7.741572992676831,0.9444444444435699,0.7307692307685281,46.0,67.0,104.0,108.0,62.0,117.0,76.0,102.0,1.861111111110465,2.3517587939692586,0
0.7674418604645215,0.4814814814812834,0.4615384615381657,0.34328358208942417,-0.14693295290600605,0.224489795918291,0.3538461538458817,0.7437810943664098,1.5789473684196675,2.0952380952331064,102.0,15.0,42.0,114.0,97.0,63.0,88.0,180.0,0.4878048780485822,1.2506203473942306,0
0.9999999999987013,0.23308270676674206,0.8780487804867341,0.23308270676674206,-0.5804588215353254,0.03144654088048337,0.8214285714271046,0.26545530489888086,1.064935064933682,10.0,104.0,0.0,5.0,77.0,37.0,51.0,51.0,82.0,0.0,1.846153846153011,0
0.7727272727263946,0.05466237942120429,0.4999999999995192,0.4017094017092301,-0.10900473932414023,0.35537190082629944,0.4583333333328559,0.803418803258549,2.102564102561407,2.6923076922973372,111.0,10.0,26.0,78.0,54.0,147.0,70.0,164.0,0.38277511961704175,2.296874999999551,0
0.5636363636353389,0.12149532710277536,0.07499999999990625,0.2307692307691716,0.5094339620979115,0.696113074204701,0.6042780748659871,3.07692307282357,5.581395348824229,4.054054054043097,53.0,12.0,37.0,43.0,212.0,188.0,150.0,240.0,0.7999999999993334,1.8164251207727273,0
-0.005586592178767829,-0.41666666666631946,0.08536585365848454,-0.6067415730333671,1.0,-0.4354838709673907,0.31192660550444407,0.0,0.3932584269658503,1.9066666666641243,71.0,90.0,75.0,89.0,92.0,85.0,143.0,35.0,2.117647058822907,2.289562289561519,0
-0.9999999999972222,-0.12727272727266942,-0.9999999999984616,-0.13901345291473588,-0.7559055118771549,0.9999999999989583,0.3229166666664985,0.1390134529288511,10.0,1.953846153843148,77.0,36.0,65.0,0.0,163.0,124.0,127.0,96.0,1.9328859060389714,1.9566074950686476,0
0.4181818181816661,0.14136125654446563,0.26213592233001226,-0.024608501118562727,-1.0,0.0556900726392117,0.3352769679299314,0.0,1.1179487179481447,2.0087719298227995,92.0,80.0,114.0,195.0,159.0,164.0,229.0,218.0,1.431767337807286,1.8609929078011545,0
0.4740484429064104,0.44483985765108724,0.1269841269840934,0.2415902140672044,0.31094429070976976,-0.02403846153845576,-0.14186851211067755,1.902522934281501,0.9530516431920408,0.7515151515146961,145.0,76.0,165.0,213.0,236.0,78.0,124.0,203.0,1.1921568627448642,1.048739495798143,0
-0.31147540983581024,0.060150375939827014,-0.3488372093020552,0.22608695652164085,-1.0,0.5409836065570814,0.011363636363629907,0.0,3.3571428571348636,1.0229885057459505,81.0,80.0,87.0,42.0,55.0,125.0,89.0,141.0,2.2614840989391305,2.2421524663672106,0
0.5319148936164554,-0.34090909090889726,0.0746268656715861,-0.1888111888110568,1.0,-0.10769230769222486,0.15646258503390717,0.0,0.8055555555544367,1.3709677419332726,23.0,22.0,62.0,72.0,209.0,118.0,85.0,58.0,1.2661870503588015,1.8767395626238814,0
0.7657657657650758,-0.22147651006696548,0.5555555555551146,0.5890410958896041,0.029255319146092414,-0.2564102564100921,-0.3023255813946457,1.0602739724112795,0.5918367346932736,0.5357142857123725,93.0,13.0,28.0,98.0,177.0,91.0,15.0,58.0,0.47926267281083906,1.7458033573137302,0
0.5652173913018904,-0.605839416057952,0.09090909090881542,0.018867924528266286,-0.6562499994018718,0.19999999999955556,0.26829268292617486,0.20754716958325622,1.4999999999916669,1.7333333333217777,38.0,5.0,15.0,18.0,108.0,110.0,26.0,27.0,0.6060606060596878,2.4788732394359214,0
0.18421052631554707,0.30044843049313885,-0.05263157894731302,0.20331950207460445,1.0,0.5263157894734073,0.31506849315046914,0.0,3.2222222222150614,1.91999999999616,75.0,31.0,50.0,45.0,92.0,78.0,96.0,145.0,1.362637362636614,1.5877862595415808,0
0.35593220338962944,0.21387283236981858,0.3872832369939958,-0.10256410256405873,-1.0,-0.06666666666663704,0.41758241758218817,0.0,0.8749999999992708,2.4339622641463508,65.0,57.0,53.0,120.0,255.0,68.0,129.0,105.0,1.5250836120396238,1.096774193548166,0
-0.262499999999836,0.47058823529391997,-0.25786163521996364,0.22377622377614553,-1.0,0.4957264957262839,0.05213270142177624,0.0,2.966101694910227,1.1099999999988899,76.0,101.0,100.0,59.0,125.0,63.0,111.0,175.0,2.3976261127589327,1.1830985915490182,0
0.233766233766082,0.009523809523800454,0.15853658536575702,-0.288590604026652,1.0,-0.28378378378359204,0.16363636363626446,0.0,0.557894736841518,1.3913043478240705,42.0,59.0,69.0,95.0,152.0,52.0,96.0,53.0,1.850980392156137,1.346278317151668,0
0.5799373040750533,0.2662721893490337,0.3124999999999186,0.10594315245475298,-0.49363180227492903,-0.0815450643776649,0.13442622950815264,0.339018087746812,0.8492063492060122,1.3106060606050678,185.0,67.0,132.0,252.0,110.0,124.0,173.0,214.0,0.9387040280208513,1.7342657342654308,0
0.5555555555553626,0.13567839195976492,0.3333333333332341,0.3907692307691105,0.07932011330348832,0.0044444444444434565,-0.061611374407553744,1.1723076919559883,1.008928571428121,0.8839285714277821,150.0,64.0,112.0,224.0,255.0,172.0,99.0,226.0,1.0199203187248964,1.6678787878785857,0
0.5233644859810639,-0.6543209876539171,0.4488888888886894,-0.645569620252756,1.0,-0.7068062827221431,0.3541666666664822,0.0,0.1717791411041891,2.0967741935450053,51.0,51.0,62.0,163.0,201.0,134.0,130.0,28.0,1.2911392405059205,2.1569416498989624,0
0.8933333333321422,0.30566037735837526,0.07575757575751838,0.2958801498126233,0.5923041684161026,0.4180327868850746,0.21290322580631427,3.9056179723741704,2.436619718306427,1.5409836065548508,78.0,4.0,61.0,71.0,247.0,92.0,94.0,173.0,0.2038216560508256,1.218543046357414,0
0.5813953488365332,-0.2878787878786788,0.4020618556696886,0.15337423312874027,-0.447734001285655,0.16049382716039476,0.40816326530570596,0.38146924640520236,1.3823529411744377,2.3793103448193818,103.0,18.0,29.0,68.0,120.0,170.0,69.0,94.0,0.6956521739127075,2.454873646208943,0
-0.9999999999857143,-0.5111111111109219,0.0,-0.2941176470586663,1.0,0.9999999999984848,0.9999999999991735,0.0,10.0,10.0,50.0,7.0,0.0,0.0,181.0,204.0,121.0,66.0,0.8749999999986328,2.491603053434734,0
0.5172413793098989,0.06948640483381587,0.3968253968250819,0.41035856573688834,0.016765904103416662,0.3358490566036469,0.32142857142828446,1.0341035853971852,2.0113636363613505,1.9473684210475068,50.0,28.0,38.0,88.0,199.0,154.0,74.0,177.0,1.1546391752571368,1.8011695906430114,0
0.446153846153503,-0.12529550827420205,0.4135338345861553,0.2091503267973173,-0.3282298160626377,0.32616487455185444,0.5124999999996798,0.5057635174061356,1.968085106380885,3.1025641025561472,43.0,36.0,39.0,94.0,255.0,238.0,121.0,185.0,1.3779904306213504,2.0786026200871093,0
-0.6344086021498555,0.36102236421713707,-0.6091954022981504,0.6771653543304421,1.0,0.8521739130431077,-0.2612612612610259,0.0,10.0,0.585714285713449,94.0,76.0,70.0,17.0,101.0,100.0,41.0,213.0,2.311787072242467,1.5564202334627322,0
0.09090909090903582,0.1615384615383994,0.19205298013232316,0.5175879396982324,0.4587319451614565,0.2531120331949157,-0.11926605504576214,2.695026857027239,1.6777777777759135,0.7868852459003494,28.0,75.0,61.0,90.0,255.0,109.0,48.0,151.0,2.2388059701484186,1.3974358974356733,0
0.4814814814811843,0.1948051948051105,0.16504854368924027,0.026022304832704082,-0.7276161688673692,0.06976744186043808,0.20737327188930538,0.15766455271446334,1.1499999999990416,1.5232558139517172,131.0,42.0,86.0,120.0,154.0,93.0,131.0,138.0,1.0029850746265663,1.55648535564821,0
0.2639405204459985,0.20158102766790453,0.1888111888111228,0.08185053380780005,-0.39518205207907947,-0.05590062111799506,0.05306122448977427,0.4335046788266808,0.8941176470582977,1.1120689655162828,130.0,99.0,116.0,170.0,179.0,101.0,129.0,152.0,1.5903614457828132,1.5159474671666948,0
0.12280701754378784,0.561461794019747,0.18518518518507088,0.3905325443785827,0.3566806242244443,0.4199395770391481,0.21893491124247402,2.1088757385068555,2.4479166666641166,1.560606060603696,22.0,75.0,66.0,96.0,135.0,66.0,103.0,235.0,2.2388059701484186,1.0517928286850495,0
0.5683453237405983,0.20261437908490113,0.47297297297265345,0.33818181818169524,-0.1661719270406092,0.25597269624564645,0.3999999999996923,0.715012986862036,1.6880733944938642,2.3333333333273503,46.0,30.0,39.0,109.0,91.0,122.0,91.0,184.0,1.1162790697669227,1.8805394990362463,0
0.30120481927674553,-0.7801418439713546,0.8947368421036934,-0.712962962962633,-1.0,-0.27058823529379933,0.9680851063824638,0.0,0.5740740740730109,10.0,55.0,29.0,3.0,54.0,163.0,251.0,185.0,31.0,1.3892215568853958,2.885057471263953,0
0.34265734265710307,-0.2584856396866166,0.40145985401430556,-0.22615803814707736,-1.0,0.19327731092428854,0.6917293233080106,0.0,1.4791666666651258,5.487804878035395,74.0,47.0,41.0,96.0,88.0,241.0,225.0,142.0,1.4242424242418847,2.7078651685389454,0
-0.10891089108900108,-0.014423076923073456,0.19999999999973334,0.0677083333333157,-0.49416342393951784,0.639999999999744,0.7129186602867402,0.3385416664977591,4.555555555545432,5.966666666646778,90.0,56.0,30.0,45.0,255.0,211.0,179.0,205.0,1.8137651821855005,1.9138321995462682,0
-0.2864321608038762,-0.1697247706421629,-0.2680412371132639,-0.1697247706421629,-0.22458679923016678,0.4365079365077633,0.3492063492062568,0.6332039522477064,2.5492957746442966,2.0731707317056314,79.0,128.0,123.0,71.0,223.0,255.0,255.0,181.0,2.522167487684108,2.2319474835883772,0
-0.5294117647052595,0.005813953488370403,-0.595959595958994,0.14569536423836235,-1.0,0.7927461139892266,0.24038461538449982,0.0,8.649999999956751,1.6329113924029963,102.0,65.0,79.0,20.0,76.0,171.0,129.0,173.0,2.063492063491245,2.3147208121823493,0
-0.11666666666656944,0.06694560669454666,-0.045045045045004464,0.3043478260868787,1.0,0.655844155843943,0.4020618556698959,0.0,4.811320754707903,2.344827586202854,43.0,67.0,58.0,53.0,255.0,223.0,136.0,255.0,2.3304347826076826,1.8661087866106834,0
-0.08196721311468691,0.22352941176464014,-0.19424460431640703,0.46996466431078804,1.0,0.5757575757573576,-0.05063291139237302,0.0,3.7142857142790815,0.9036144578302366,93.0,66.0,83.0,56.0,178.0,132.0,75.0,208.0,1.8790035587181926,1.6246153846151346,0
0.05128205128202937,-0.019867549668867595,0.1770334928228818,0.33936651583695054,0.31435519027957004,0.09225092250919105,-0.08176100628925675,1.9169622099970833,1.203252032519347,0.8488372093013385,105.0,111.0,86.0,123.0,164.0,154.0,73.0,148.0,1.9733333333328948,1.9870967741932277,0
0.22352941176457441,-0.3478260869563957,0.41496598639427557,0.304347826086736,-0.15378289471548467,-0.07216494845357105,0.05494505494499456,0.7334283676065446,0.8653846153837833,1.116279069764846,74.0,66.0,43.0,104.0,255.0,186.0,48.0,90.0,1.7032258064510635,2.0753138075310913,0
0.9999999999993903,-0.012820512820508712,0.8426966292130098,0.05479452054792644,-0.8778940146509151,-0.03144654088049326,0.8157894736836739,0.06502283104252653,0.93902439024333,9.857142857072448,71.0,0.0,14.0,164.0,255.0,158.0,138.0,154.0,0.0,1.7434482758618284,0
0.09374999999985352,-0.19428571428565877,0.3725490196071126,-0.2842639593907908,-1.0,0.6022727272723851,0.8810408921929811,0.0,4.028571428559919,10.0,0.0,29.0,16.0,35.0,191.0,209.0,253.0,141.0,2.494623655911296,2.229333333333036,0
0.022222222222205764,-0.049562682215728994,0.1896551724136296,-0.22009569377985166,1.0,0.40517241379292884,0.6887417218540766,0.0,2.3623188405762865,5.4255319148820735,51.0,66.0,47.0,69.0,181.0,180.0,255.0,163.0,2.095238095237264,2.045454545454255,0
-0.2812499999997803,-0.05714285714284082,-0.04166666666662326,-0.16666666666662458,0.6000000002882526,0.5639810426537611,0.6441281138787743,4.000000009603157,3.5869565217313326,4.6199999999907595,56.0,82.0,50.0,46.0,255.0,185.0,231.0,165.0,2.4661654135329076,1.8734177215187502,0
-0.34982332155464674,-0.3828996282526458,-0.35664335664323193,-0.5088757396448199,0.17588564327702869,-0.05142857142854204,0.13585746102446863,1.4268476625419337,0.9021739130424976,1.3144329896900442,123.0,191.0,194.0,92.0,177.0,186.0,255.0,83.0,2.559463986599236,2.3544303797464625,0
-0.5371900826441841,-0.18139534883712494,-0.5294117647054375,-0.35766423357651184,-0.19361084222876052,0.5172413793098989,0.34296028880854046,0.6755879968838122,3.1428571428459184,2.0439560439537976,33.0,93.0,91.0,28.0,122.0,127.0,186.0,88.0,3.012145748986635,2.189655172413321,0
0.18181818181809,0.14349775784750146,0.3448275862066984,0.09207708779441283,-0.5785026194381991,0.3709677419353842,0.5762081784384475,0.26702355452651383,2.179487179485317,3.71929824560751,67.0,81.0,57.0,117.0,255.0,191.0,212.0,255.0,1.8728323699416554,1.7130044843047405,0
-0.19865319865313177,0.0,-0.17361111111105085,0.0967741935483425,-1.0,0.0,-0.2659176029961551,0.0,0.9999999999991597,0.5798816568043906,126.0,178.0,169.0,119.0,189.0,119.0,98.0,119.0,2.369384359400604,1.743589743589424,0
0.02531645569619452,0.014084507042250215,0.1249999999999566,0.20334261838434448,0.23860021201644172,0.14285714285710507,0.06319702602228135,1.626740945773928,1.3333333333325104,1.1349206349197343,86.0,154.0,126.0,162.0,254.0,210.0,143.0,216.0,2.2158273381290976,1.8876404494379901,0
0.8688524590159187,0.09947643979054988,0.6056338028166172,0.1570247933883865,-0.5882173381401476,0.10236220472438258,0.5692307692304773,0.2592734960172054,1.2280701754378784,3.6428571428484693,99.0,12.0,42.0,171.0,183.0,172.0,153.0,210.0,0.3265306122447869,1.8670284938939121,0
0.7547169811313634,0.3421052631578047,0.9999999999989247,0.21718377088300306,-0.6431372548488774,0.4655172413791766,0.9999999999993903,0.21718377086151824,2.741935483868019,10.0,45.0,13.0,0.0,93.0,230.0,125.0,164.0,255.0,0.6341463414630281,1.3605442176868896,0
-0.1538461538459566,-0.08626198083064338,0.34693877550949603,-0.13595166163137887,-1.0,0.624999999999645,0.8431372549015476,0.0,4.333333333320202,10.0,76.0,45.0,16.0,33.0,189.0,170.0,188.0,143.0,1.8090452261297443,2.0238095238092226,0
0.06779661016943407,-0.14285714285709541,0.28571428571399415,-0.20370370370364085,-1.0,0.343749999999821,0.695652173912741,0.0,2.047619047615797,5.571428571412652,25.0,55.0,35.0,63.0,128.0,172.0,195.0,129.0,2.2222222222211,2.2895174708814823,0
-0.10666666666659556,-0.9999999999992959,0.038759689922450574,-0.9999999999995098,1.0,-0.9999999999985074,0.5338345864659647,0.0,0.0,3.290322580639854,72.0,83.0,62.0,67.0,167.0,142.0,204.0,0.0,2.177049180327155,2.518847006651326,0
-0.19259259259252126,-0.01840490797545448,-0.10655737704913666,-0.13279132791324316,0.10960556849133753,0.18959107806684403,0.2151162790697049,1.2461955400481453,1.4678899082555341,1.5481481481470014,103.0,161.0,135.0,109.0,159.0,166.0,209.0,160.0,2.41198501872614,2.0399385560672747,0
-0.36206896551708534,-0.37499999999981976,-0.27804878048766923,-0.30481283422443595,0.04591836735479349,-0.06474820143880235,-0.03557312252963021,1.096256684886195,0.8783783783771913,0.9312977099229532,52.0,158.0,131.0,74.0,248.0,143.0,122.0,65.0,2.8597285067866833,1.9098497495823188,0
0.31818181818167357,0.303116147308696,0.3302752293576467,0.22994652406410965,-0.17908748573727198,0.22666666666660623,0.32718894009201516,0.6962269754280714,1.5862068965506304,1.9726027397233252,77.0,75.0,73.0,145.0,255.0,123.0,144.0,230.0,1.612903225806018,1.3461012311899663,0
0.14733542319744597,0.26349206349197984,0.27526132404171594,0.358361774743905,0.1311512330411269,0.04188481675391574,-0.050505050505025004,1.3018965735971157,1.087431693988477,0.9038461538452848,168.0,136.0,104.0,183.0,199.0,116.0,94.0,199.0,1.746388443017376,1.473015873015639,0
0.11009174311921556,0.19999999999995294,0.35955056179755085,0.16438356164379808,-0.3725029376490882,0.3563829787233095,0.5249999999997813,0.45719178069491373,2.1074380165271838,3.210526315783841,108.0,97.0,57.0,121.0,171.0,170.0,183.0,255.0,1.8345153664298264,1.7754569190598204,0
0.6959064327481311,0.011673151750968221,0.7682926829263609,-0.040590405904044065,-1.0,-0.05454545454543471,0.7624999999995234,0.0,0.8965517241373128,7.42105263153989,111.0,26.0,19.0,145.0,134.0,127.0,141.0,130.0,0.6753246753244561,1.9613899613895827,0
-0.33333333333309695,0.18207282913160167,-0.29323308270654647,0.3065015479875212,1.0,0.6356589147284358,0.131313131313065,0.0,4.489361702118107,1.3023255813938346,62.0,94.0,86.0,47.0,154.0,146.0,112.0,211.0,2.5319865319856794,1.777777777777507,0
0.24475524475507363,-0.11934156378595913,0.0,-0.21897810218970112,1.0,0.0918367346938307,0.304687499999881,0.0,1.202247191009885,1.876404494379914,76.0,54.0,89.0,89.0,91.0,136.0,167.0,107.0,1.5824175824170028,2.3148936170207843,0
-0.26923076923051037,-0.3734939759033895,-0.32142857142828446,-0.5458515283840412,0.2587664089493085,0.15555555555538272,0.41035856573688834,1.6982047555024191,1.3684210526279779,2.3918918918886596,43.0,66.0,74.0,38.0,88.0,114.0,177.0,52.0,2.478873239435456,2.478260869564544,0
-0.637795275590049,-0.5740740740738083,-0.6406249999994996,-0.4742857142854433,-0.14919516298276755,0.33333333333285026,0.10256410256405873,0.740348432171471,1.9999999999913045,1.2285714285702585,49.0,104.0,105.0,23.0,246.0,170.0,129.0,46.0,2.97142857142751,2.1518987341768745,0
0.01960784313724529,0.15189873417716712,0.20231213872820678,0.04297994269339743,-0.6495611070949965,0.2727272727271774,0.4152542372879597,0.21244371663676503,1.7499999999983173,2.420289855068956,21.0,100.0,69.0,104.0,255.0,134.0,167.0,182.0,2.461538461537704,1.520567375886309,0
-0.5353535353533552,-0.3265306122447869,-0.5353535353533552,-0.2079999999999168,-0.44037395374988564,0.1785714285713223,-0.20316622691287517,0.38852830195934196,1.4347826086935727,0.6622807017540955,97.0,228.0,228.0,69.0,255.0,195.0,151.0,99.0,2.9324758842439014,2.096774193548105,0
0.4916666666664618,-0.035369774919602776,0.30656934306558153,0.16731517509721117,-0.29385675750467743,-0.08814589665650817,0.05940594059403,0.5457661662106976,0.8379888268151744,1.1263157894724987,112.0,61.0,95.0,179.0,248.0,161.0,107.0,150.0,1.181598062953709,1.7888888888886403,0
0.2515337423312112,0.2921348314605921,0.22891566265053348,0.5436241610736431,0.4073686413539952,0.059907834101368684,-0.3061224489794357,2.3747792289165943,1.1274509803916042,0.531249999999585,150.0,122.0,128.0,204.0,99.0,126.0,68.0,230.0,1.6321070234110981,1.7349397590358457,0
0.13103448275853033,0.09792284866465938,0.42608695652136863,0.039325842696618166,-0.8310066126060734,0.38576779026202784,0.6764705882349625,0.09229534508272703,2.2560975609728584,5.181818181802479,82.0,63.0,33.0,82.0,12.0,152.0,171.0,185.0,1.7379310344821595,2.42714570858235,0
0.27638190954759984,0.17408906882584047,0.5393939393936126,-0.09657320872271136,-1.0,0.06617647058821097,0.6448598130838108,0.0,1.1417322834636678,4.631578947356233,105.0,72.0,38.0,127.0,163.0,102.0,176.0,145.0,1.5319148936166138,1.5937499999996887,0
-0.18072289156619248,0.24723247232463202,-0.08108108108104456,0.015015015015010506,-1.0,0.24723247232463202,0.15492957746473418,0.0,1.6568627450964148,1.3666666666655278,48.0,147.0,120.0,102.0,88.0,102.0,164.0,169.0,2.6486486486480523,1.770065075921525,0
0.20300751879683987,-0.22875816993449102,0.0457516339868982,-0.20270270270256577,1.0,-0.1510791366905388,0.09876543209870448,0.0,0.7374999999990781,1.2191780821901106,41.0,53.0,73.0,80.0,95.0,94.0,89.0,59.0,1.8678414096908071,2.1988304093560824,0
-0.4848484848477502,-0.9655172413784779,-0.65999999999934,-0.9565217391293951,0.18343195267402718,-0.7894736842063713,0.040462427745641356,1.4492753625383017,0.11764705882283738,1.084337349396284,11.0,49.0,83.0,17.0,53.0,114.0,90.0,2.0,3.111111111108642,3.222614840988261,0
-0.3913043478255198,-0.18139534883712494,-0.15999999999967998,-0.34082397003732556,0.3610529465280784,0.6146788990820049,0.7211538461534995,2.130149814068889,4.190476190456236,6.172413793082164,0.0,48.0,29.0,21.0,154.0,127.0,179.0,88.0,3.2820512820484766,2.0483870967737805,0
-0.515151515149954,0.38586956521728644,-0.5675675675660335,0.41274238227135385,-1.0,0.9391634980985023,0.570370370369948,0.0,10.0,3.6551724137804995,0.0,25.0,29.0,8.0,244.0,113.0,106.0,255.0,3.4482758620630203,1.2468965517239659,0
-0.14606741573029605,-0.24923076923069257,-0.21243523316056673,-0.17845117845111838,-0.08694099796925898,-0.10948905109485056,-0.14425427872857108,0.8400262794460311,0.8026315789468405,0.7478632478629283,132.0,204.0,234.0,152.0,222.0,203.0,175.0,122.0,2.3583815028898325,2.1653333333330447,0
0.3410852713176973,-0.33893557422959697,0.2183098591548527,-0.2484076433120228,1.0,-0.18900343642605189,0.2768729641692909,0.0,0.6820809248550971,1.765765765764175,166.0,85.0,111.0,173.0,255.0,239.0,196.0,118.0,1.335952848722724,2.2467685076378086,0
0.28919860627167626,0.14857142857138614,0.10447761194026732,0.4006968641113587,0.5863701872423626,0.0414507772020618,-0.2711864406778512,3.8352414099675616,1.0864864864858992,0.5733333333329511,132.0,102.0,150.0,185.0,111.0,149.0,86.0,201.0,1.5662188099805054,1.9540983606554172,0
0.18128654970749633,-0.64646464646432,0.4225352112673081,-0.6391752577316293,1.0,-0.48529411764670205,0.589999999999705,0.0,0.34653465346500345,3.878048780478346,67.0,70.0,41.0,101.0,99.0,163.0,159.0,35.0,1.818181818181228,2.834782608695036,0
0.23611111111094715,0.054878048780471075,0.41269841269808516,0.054878048780471075,-0.765265990314394,0.3206106870227784,0.6145833333330133,0.13297373355133413,1.943820224716917,4.189189189177867,68.0,55.0,37.0,89.0,242.0,155.0,155.0,173.0,1.64794007490575,1.710344827585971,0
-0.3707165109033113,0.17098445595850492,-0.293706293706191,0.26610644257695626,-1.0,0.3822629969417791,-0.17088607594931302,0.0,2.2376237623740223,0.7081081081077254,66.0,220.0,185.0,101.0,160.0,160.0,131.0,226.0,2.8995057660621253,1.813031161472831,0
0.0044444444444424695,-0.38075313807515454,0.11330049261078164,0.04225352112673081,-0.4567350576904084,-0.2085561497325088,-0.13924050632902582,0.3729332513547841,0.6548672566365886,0.755555555554716,71.0,112.0,90.0,113.0,156.0,165.0,68.0,74.0,2.196078431372011,2.357142857142436,0
0.023809523809495463,-0.7483443708604316,-0.23214285714264987,-0.7483443708604316,0.526474490465068,-0.38709677419292404,0.3134328358207396,3.2236372912518427,0.44186046511525146,1.913043478258097,59.0,41.0,69.0,43.0,134.0,132.0,132.0,19.0,1.7826086956512053,2.532374100718817,0
0.0,0.3504273504272007,0.0,0.21072796934857826,0.9999999995254545,0.9999999999993672,0.9999999999990291,10.0,10.0,10.0,0.0,0.0,0.0,0.0,67.0,76.0,103.0,158.0,0.0,1.6127320954902884,0
-0.9999999999916667,0.5112540192924402,-0.9999999999833333,0.3905325443785827,-1.0,0.9999999999995746,0.8899082568799175,0.0,10.0,10.0,10.0,12.0,6.0,0.0,195.0,76.0,103.0,235.0,2.823529411756401,1.0446735395187208,0
0.06909090909088397,-0.3245614035086296,0.0034129692832752857,-0.40310077519364224,1.0,-0.3124999999998605,0.10703363914369816,0.0,0.5238095238091676,1.2397260273964112,100.0,128.0,146.0,147.0,138.0,151.0,181.0,77.0,2.035785288269973,2.336557059960863,0
0.37037037037019893,0.0874200426439046,0.1428571428570877,0.06249999999998698,-0.39130434763546346,0.2655086848634577,0.3392857142856133,0.4374999996938278,1.7229729729718088,2.0270270270252007,136.0,68.0,111.0,148.0,255.0,214.0,225.0,255.0,1.2952380952377869,1.8251599147119588,0
0.39090909090891324,0.17060367454063763,0.31896551724124184,0.24233983286901328,-0.13651336895956168,0.18617021276590795,0.26511627906964413,0.7597681244325499,1.4575163398683286,1.721518987339593,79.0,67.0,79.0,153.0,210.0,158.0,136.0,223.0,1.4644808743165398,1.687583444592565,0
0.23502304147454608,-0.16279069767436452,0.41798941798919687,-0.15719063545145245,-1.0,-0.030769230769218937,0.5175438596488958,0.0,0.940298507461985,3.1454545454488265,75.0,83.0,55.0,134.0,154.0,175.0,173.0,126.0,1.7706666666661945,2.2222222222218693,0
-0.12230215827329331,-0.5031055900617993,-0.12230215827329331,-0.6566523605147396,0.6859838275814031,-0.20792079207900205,0.42435424354227885,5.369098716837938,0.6557377049169578,2.474358974355802,59.0,78.0,78.0,61.0,255.0,121.0,193.0,40.0,2.2608695652165722,1.8026070763497573,0
-0.49006622516540066,0.35838150289006987,-0.49342105263141667,0.16915422885567932,-1.0,0.5064102564100941,-0.1522842639593522,0.0,3.0519480519440885,0.7356828193829359,68.0,225.0,227.0,77.0,171.0,111.0,167.0,235.0,3.025210084033105,1.414012738853278,0
-0.439613526569836,-0.37704918032771434,-0.4111675126901466,-0.27272727272714226,-0.2024291498271563,0.134328358208855,-0.022058823529403655,0.6632996634610037,1.3103448275839475,0.9568345323734124,97.0,149.0,139.0,58.0,255.0,168.0,133.0,76.0,2.631346578365865,2.014992503747824,0
-0.3793103448262783,0.12582781456950864,-0.6785714285702168,0.317829457364259,-1.0,0.9318181818178289,0.4748603351952655,0.0,10.0,2.8085106382918967,36.0,20.0,47.0,9.0,255.0,198.0,132.0,255.0,1.8823529411742561,1.748344370860734,0
0.9999999999984127,0.0030030030030021014,0.5365853658530042,0.3201581027666719,-0.25261618090857796,0.4521739130432817,0.6380952380946304,0.5966582823183297,2.650793650789443,4.526315789449862,58.0,0.0,19.0,63.0,197.0,166.0,86.0,167.0,0.0,1.90804597701122,0
-0.2682926829265021,0.15436241610733076,-0.21052631578919667,0.27407407407397255,1.0,0.702970297029355,0.36111111111086036,0.0,5.7333333333142225,2.1304347826040644,65.0,52.0,46.0,30.0,208.0,126.0,98.0,172.0,2.090452261305482,1.594936708860507,0
0.13307984790869465,-0.11976047904188032,0.12878787878783002,0.13513513513508296,0.0240496508830484,-0.006756756756754474,-0.013215859030831183,1.049284577881597,0.9865771812073917,0.9739130434774139,28.0,114.0,115.0,149.0,199.0,187.0,112.0,147.0,2.251851851851296,2.0777777777774893,0
0.1478873239436099,0.20963855421681696,0.13588850174211295,0.30051813471494804,0.3772390682956753,0.2125603864733786,0.04247104247102607,2.211505246147434,1.5398773006125523,1.0887096774184768,110.0,121.0,124.0,163.0,255.0,164.0,135.0,251.0,1.8796116504850717,1.5731414868103628,0
0.15172413793098216,0.35365853658525803,0.29961089494151766,0.36615384615373353,0.0999496475177567,0.1413881748071616,0.06735751295333298,1.2220979016901068,1.3293413173644735,1.1444444444431727,118.0,123.0,90.0,167.0,255.0,106.0,103.0,222.0,1.8531073446324193,1.230769230769052,0
0.05102040816323928,0.43661971830973617,0.09574468085101291,0.2530712530711909,0.45103034831592126,0.4245810055864736,0.282700421940809,2.6431886404287357,2.475728155337402,1.7882352941155433,83.0,93.0,85.0,103.0,185.0,100.0,152.0,255.0,1.9999999999994624,1.2499999999998046,0
-0.2283464566927336,0.3052631578946565,-0.2096774193546696,0.3971830985914374,1.0,0.6700336700334445,0.17582417582407922,0.0,5.061224489785589,1.4266666666647645,40.0,78.0,75.0,49.0,90.0,132.0,107.0,248.0,2.546938775509165,1.7541528239199742,0
-0.7639751552790286,0.44475920679874087,-0.7579617834390078,0.32124352331597894,-1.0,0.8613138686128243,-0.026022304832704082,0.0,10.0,0.9492753623181528,28.0,142.0,138.0,19.0,167.0,98.0,131.0,255.0,3.4320241691832534,1.2686084142392768,0
-0.7407407407402835,0.5088757396448199,-0.7307692307687624,0.21718377088300306,-1.0,0.8478260869562146,0.09698996655515152,0.0,10.0,1.214814814813915,35.0,141.0,135.0,21.0,88.0,83.0,164.0,255.0,3.3372781065078887,1.304518664046895,0
-0.9607843137236063,0.17241379310340865,-0.9555555555534321,0.11842105263155298,-1.0,0.9921874999996124,0.6408163265303507,0.0,10.0,4.5681818181714355,64.0,50.0,44.0,1.0,255.0,180.0,201.0,255.0,2.4242424242409553,1.6551724137929131,0
0.02040816326529224,0.12820512820509533,0.26050420168045335,0.09181141439203677,-0.47881155289417066,0.49152542372864694,0.6123348017618448,0.3524373647892759,2.933333333329422,4.159090909081456,70.0,72.0,44.0,75.0,242.0,170.0,183.0,220.0,1.993079584774397,1.6957605985035291,0
-0.6619718309849831,0.4206128133703564,-0.6190476190466364,0.2944162436547476,-1.0,0.910112359550221,0.46315789473659835,0.0,10.0,2.7254901960730873,66.0,59.0,51.0,12.0,240.0,104.0,139.0,255.0,2.408163265304894,1.1834992887622782,0
0.10077519379841056,-0.4049586776858389,0.131474103585605,-0.3271028037382159,1.0,-0.1359999999999456,0.322981366459527,0.0,0.7605633802811546,1.9541284403651797,15.0,116.0,109.0,142.0,248.0,255.0,213.0,108.0,2.3856041131099266,2.3556581986140466,0
0.023041474654367265,-0.01577287066245559,-0.06722689075627428,0.1263537906136728,1.0,0.1685393258426335,-0.02419354838708702,0.0,1.4054054054041392,0.9527559055110608,50.0,106.0,127.0,111.0,156.0,161.0,121.0,156.0,2.273458445039605,2.0315457413246008,0
-0.3333333333331482,0.0,-0.27272727272710745,0.4010989010987909,1.0,0.6190476190474226,0.018691588785037995,0.0,4.249999999992917,1.0380952380942494,46.0,120.0,105.0,60.0,255.0,255.0,109.0,255.0,2.7745664739876377,1.999999999999804,0
0.5308641975305366,0.20567375886519962,0.45882352941149485,0.5044247787609132,0.047341115429732204,0.3456464379946318,0.2923076923074675,1.0993873380861037,2.0564516129015673,1.8260869565177693,93.0,38.0,46.0,124.0,204.0,168.0,84.0,255.0,1.037542662115687,1.6905660377356364,0
-0.2631578947365651,-0.005494505494503985,0.044776119402918244,0.04322766570603942,-0.017595307897292706,0.6759259259256131,0.676767676767335,0.9654178652802214,5.171428571413796,5.187499999983789,54.0,60.0,32.0,35.0,178.0,183.0,166.0,181.0,2.2966507177022506,2.0193103448273075,0
-0.9999999999985714,0.45714285714272657,-0.999999999998305,0.41274238227135385,-1.0,0.9999999999996079,0.2848484848483122,0.0,10.0,1.7966101694884802,34.0,70.0,59.0,0.0,255.0,95.0,106.0,255.0,3.2183908045958516,1.0857142857141306,0
-0.6455696202523473,0.4627831715208858,-0.6705882352933287,0.5374149659862117,-1.0,0.8833333333329654,-0.021582733812934116,0.0,10.0,0.9577464788718905,0.0,65.0,71.0,14.0,65.0,83.0,68.0,226.0,3.611111111108604,1.4529540481397258,0
-0.012048192771069822,0.3421052631578047,0.10810810810796201,0.15384615384611905,0.174603174537066,0.7229729729727288,0.6999999999996819,1.4230769217621784,6.219512195106781,5.666666666649495,58.0,42.0,33.0,41.0,255.0,125.0,187.0,255.0,1.8360655737694886,1.3157894736840374,0
-0.3982300884952228,0.08928571428568771,0.03030303030298439,-0.01876675603216655,-1.0,0.6866359447001444,0.7117117117113911,0.0,5.38235294116064,5.937499999981445,45.0,79.0,32.0,34.0,178.0,153.0,190.0,183.0,2.6666666666655416,1.8350824587703394,0
-0.580645161289386,0.39664804469262666,-0.6338028169005158,0.43266475644686747,-1.0,0.9011406844103038,0.2611464968151203,0.0,10.0,1.706896551721195,64.0,49.0,58.0,13.0,225.0,108.0,99.0,250.0,2.2399999999987203,1.2503617945005425,0
-0.06666666666663493,0.19034852546911787,-0.02487562189053489,-0.06918238993709241,0.47105788473246524,0.38749999999987894,0.4245810055864736,2.78113208665265,2.265306122446668,2.475728155337402,81.0,112.0,103.0,98.0,219.0,151.0,255.0,222.0,2.223325062034188,1.6258411843873988,0
0.006666666666664445,-0.5829383886253162,-0.03514376996803989,-0.5577889447233378,0.8814578145101695,-0.5487179487176673,-0.02208201892743783,10.0,0.2913907284766282,0.9567901234561996,77.0,149.0,162.0,151.0,24.0,167.0,155.0,44.0,2.2661596958170596,3.323383084576288,0
0.16062176165794786,0.0,0.0,0.0,0.0,0.38964577656665134,0.38964577656665134,0.0,2.2767857142836814,2.2767857142836814,65.0,81.0,112.0,112.0,255.0,255.0,255.0,255.0,1.9115044247781974,1.999999999999804,0
0.5555555555553428,0.030487804878039485,0.5037037037035171,-0.08648648648646312,-1.0,-0.09139784946234103,0.4999999999998135,0.0,0.8325123152705259,2.9999999999955222,63.0,58.0,67.0,203.0,210.0,159.0,201.0,169.0,1.2146596858635563,1.824964131993999,0
0.21546961325954947,0.3266666666665578,0.14583333333325738,0.04188481675391574,-0.5537478207392035,0.28802588996754436,0.3811320754715543,0.28721017183005626,1.8090909090892644,2.231707317070449,56.0,71.0,82.0,110.0,178.0,101.0,183.0,199.0,1.8441558441552455,1.395509499136201,0
-0.9999999999972973,0.2530712530711909,-0.9999999999984127,0.3527851458885006,-1.0,0.9999999999996079,0.3189189189187466,0.0,10.0,1.9365079365048625,18.0,37.0,63.0,0.0,221.0,152.0,122.0,255.0,3.217391304344329,1.558974358974159,0
-0.597484276729184,-0.06849315068490805,-0.6049382716045649,0.2035398230087595,-1.0,0.6190476190472506,-0.1818181818180992,0.0,4.249999999986718,0.6923076923071598,53.0,127.0,130.0,32.0,105.0,156.0,90.0,136.0,2.9970501474917413,2.256781193489646,0
-0.4702702702700161,0.36389684813743156,-0.44943820224693853,0.3446327683614846,-1.0,0.6585365853656242,-0.05306122448977427,0.0,4.857142857132945,0.8992248062008534,69.0,136.0,129.0,49.0,255.0,111.0,116.0,238.0,2.7897435897428746,1.2419580419578682,0
-0.2881355932198506,-0.11934156378595913,-0.32258064516077,-0.21611721611713697,-0.19763105947894807,0.6718749999994752,0.6038647342992253,0.6699633701718939,5.0952380952138325,4.048780487795002,40.0,38.0,41.0,21.0,201.0,136.0,166.0,107.0,2.2189781021881614,1.8758620689651937,0
-0.6216216216210616,-0.06276150627612437,-0.6999999999995,-0.07438016528922546,-0.8078975454618001,0.6842105263152751,0.044176706827291495,0.10625737899986332,5.333333333307937,1.092436974788998,48.0,90.0,119.0,21.0,211.0,127.0,130.0,112.0,2.8915662650590797,1.7608318890811505,0
-0.3951219512193195,0.17619047619043424,-0.30337078651668353,0.4277456647397608,1.0,0.5987055016179292,-0.07906976744182369,0.0,3.98387096773551,0.8534482758613332,138.0,143.0,116.0,62.0,208.0,173.0,99.0,247.0,2.353909465020092,1.7278401997500963,0
-0.031111111111097284,-0.21115537848597166,-0.14843749999994202,-0.2556390977442648,0.2653001890466193,-0.048076923076899966,0.06369426751590329,1.722200238595939,0.9082568807331117,1.1360544217679347,155.0,116.0,147.0,109.0,122.0,152.0,167.0,99.0,1.8709677419351067,2.3161904761900347,0
0.49999999999947914,0.12087912087909432,0.4257425742570042,0.0,-0.9999999997651162,0.5596330275227647,0.7957746478870438,0.0,3.541666666661748,8.793103448245542,39.0,24.0,29.0,72.0,255.0,200.0,255.0,255.0,1.2075471698105613,1.758241758241565,0
0.2624113475175444,-0.14121037463972877,0.2898550724635581,-0.050955414012722626,-1.0,0.25210084033602853,0.5420560747661018,0.0,1.6741573033689054,3.367346938768638,10.0,52.0,49.0,89.0,255.0,198.0,165.0,149.0,2.049261083742833,1.9799999999997524,0
-0.45999999999954,0.4724637681158051,-0.49056603773538626,0.4072022160663692,-1.0,0.8078291814943744,0.15053763440852122,0.0,9.407407407372565,1.354430379745121,82.0,73.0,79.0,27.0,191.0,91.0,107.0,254.0,2.2901960784304745,1.1610845295053969,0
-0.7062146892651378,0.10462287104620326,-0.7319587628862206,0.1321695760598174,-1.0,0.7944664031617413,0.017543859649117678,0.0,8.730769230735651,1.0357142857136692,74.0,151.0,168.0,26.0,181.0,184.0,174.0,227.0,3.004975124377362,1.8969072164946008,0
-0.5067264573988759,0.1906158357770702,-0.49541284403647,0.10027100270999993,-1.0,0.5736434108524908,0.00911854103343188,0.0,3.69090909090238,1.0184049079748354,27.0,168.0,163.0,55.0,119.0,138.0,166.0,203.0,3.2153110047839197,1.8461538461535374,0
-0.54545454545427,0.053658536585352766,-0.5813953488369389,0.3457943925232568,-1.0,0.6551724137928524,-0.23636363636355043,0.0,4.799999999989333,0.6176470588231662,38.0,153.0,170.0,45.0,123.0,194.0,105.0,216.0,3.1465295629811965,2.1348005502060334,0
-0.8636363636353822,0.04878048780486318,-0.8636363636353822,0.05198776758408196,-1.0,0.9325842696623975,0.30801687763700086,0.0,10.0,1.8902439024367192,101.0,82.0,82.0,6.0,178.0,156.0,155.0,172.0,2.4206642066411734,1.8851963746220717,0
-0.7912087912083565,0.4054054054052837,-0.7624999999995234,0.27173913043470876,-1.0,0.8498023715411661,-0.0254545454545362,0.0,10.0,0.950354609928404,42.0,163.0,141.0,19.0,169.0,99.0,134.0,234.0,3.369509043926778,1.3178036605655044,0
-0.3957446808508954,0.1810584958216766,-0.18857142857132084,0.12765957446805115,-1.0,0.49823321554752714,0.22388059701484184,0.0,2.985915492953541,1.5769230769215605,174.0,164.0,104.0,71.0,137.0,147.0,164.0,212.0,2.2897033158809266,1.8289269051319084,0
-0.3378378378376096,0.5133531157268506,-0.26315789473664425,0.24390243902433076,-1.0,0.6776315789471455,0.2970711297069887,0.0,5.20408163264244,1.8452380952358984,111.0,99.0,84.0,49.0,145.0,82.0,155.0,255.0,2.212290502792678,1.1631205673756801,0
-0.9999999999968749,0.18329466357304333,-0.9999999999978723,0.11597374179428535,-1.0,0.9999999999996079,0.6224899598391075,0.0,10.0,4.297872340416387,34.0,32.0,47.0,0.0,255.0,176.0,202.0,255.0,2.612244897956518,1.6334106728536388,0
-0.07865168539317005,-0.3333333333332188,-0.3050847457624533,-0.3263888888887756,0.033737185466915905,0.40579710144898135,0.4253731343281995,1.0698302472647823,2.3658536585308148,2.480519480516259,36.0,48.0,77.0,41.0,255.0,194.0,191.0,97.0,2.2196531791894687,2.097297297297014,0
-0.11764705882341407,0.41246290801174706,-0.12621359223288717,0.2970027247955594,1.0,0.6819787985863315,0.37967914438482375,0.0,5.2888888888771355,2.224137931030648,67.0,57.0,58.0,45.0,192.0,99.0,129.0,238.0,2.017699115043355,1.2611464968150856,0
-0.31271477663219494,-0.21967213114746897,-0.3730407523509803,-0.21452145214514373,-0.2697915199783097,0.0867579908675403,-0.08684863523571046,0.5750617080056031,1.18999999999881,0.8401826484014429,93.0,191.0,219.0,100.0,247.0,186.0,184.0,119.0,2.657391304347364,2.0162601626013528,0
0.46919431279598617,0.2926208651398747,0.40909090909072315,0.28934010152276923,-0.17145688798328235,0.24205378973099217,0.36585365853640694,0.7072758035497566,1.6387096774182976,2.1538461538428404,75.0,56.0,65.0,155.0,68.0,139.0,140.0,254.0,1.3099415204674534,1.8533333333330244,0
-0.053497942386809265,-0.37391304347809834,-0.16363636363630413,-0.4857142857141123,0.4960000000763865,-0.22994652406404817,0.1304347826086602,2.968253970067921,0.6260869565211947,1.2999999999991876,25.0,128.0,160.0,115.0,183.0,158.0,208.0,72.0,2.585858585857933,2.2136602451835,0
-0.23265306122439486,0.008130081300809704,-0.08737864077665662,-0.08487084870845577,-0.01455906822802812,0.13761467889901946,0.13513513513508296,0.9712997141088414,1.3191489361688093,1.312499999998828,111.0,151.0,112.0,94.0,168.0,122.0,147.0,124.0,2.3826429980271433,1.82089552238772,0
-0.3639846743293625,-0.17647058823522924,-0.39416058394146203,0.02283105022830008,-1.0,0.14871794871787247,-0.28187919463077793,0.0,1.3493975903598199,0.5602094240834764,16.0,178.0,191.0,83.0,214.0,160.0,107.0,112.0,3.1296703296696418,1.9814241486065043,0
-0.11920529801320556,0.15175097276258687,-0.10135135135131712,0.0033898305084734274,-1.0,0.05338078291813047,-0.051612903225789805,0.0,1.1127819548863815,0.9018404907969928,142.0,169.0,163.0,133.0,151.0,109.0,147.0,148.0,2.205546492658694,1.6866537717598284,0
-0.7956204379556238,-0.07608695652169778,-0.7985611510785623,-0.011627906976737426,-0.9712958183955652,0.7171717171709927,-0.1792452830187834,0.014561072702433005,6.071428571385204,0.6959999999994432,80.0,123.0,125.0,14.0,143.0,99.0,87.0,85.0,2.8941176470579726,1.8591549295770284,0
0.039215686274471355,0.0,0.15217391304331285,0.18055555555551375,0.08529945551017855,0.655844155843943,0.6388888888885932,1.1865079357292463,4.811320754707903,4.538461538449901,57.0,49.0,39.0,53.0,255.0,255.0,177.0,255.0,1.8846153846144786,1.999999999999804,0
-0.1744186046510614,-0.40883977900541196,-0.1647058823528443,-0.2721088435373224,0.24587761090286916,0.20224719101112235,0.30769230769220013,1.652089408194912,1.5070422535190042,1.8888888888869808,26.0,101.0,99.0,71.0,255.0,255.0,187.0,107.0,2.702341137122842,2.3394495412841354,0
-0.7567567567557341,0.11242603550292532,-0.66037735848932,0.352517985611384,-1.0,0.9086294416239044,0.3432835820892961,0.0,10.0,2.0454545454498967,79.0,65.0,44.0,9.0,143.0,150.0,90.0,188.0,2.3853211009163373,1.9017432646589696,0
-0.279569892472968,-0.13913043478254822,-0.38532110091725447,-0.2666666666665679,-0.18198874299222295,0.19277108433723328,0.06211180124221674,0.6920634922431601,1.477611940296302,1.132450331125078,77.0,119.0,151.0,67.0,75.0,131.0,171.0,99.0,2.4921465968579866,2.403669724770091,0
-0.3015873015870622,-0.009966777408634563,-0.4093959731540877,0.034722222222210164,-1.0,0.5440414507769202,0.13934426229502486,0.0,3.3863636363559397,1.323809523808263,3.0,82.0,105.0,44.0,95.0,152.0,139.0,149.0,3.1090047393350195,2.218978102189376,0
-0.06382978723401539,-0.34931506849303107,-0.1999999999999273,-0.28838951310850625,0.18098159512907608,-0.07317073170728139,0.020771513353109564,1.4419475662640293,0.8636363636355785,1.0424242424236108,51.0,125.0,165.0,110.0,255.0,197.0,172.0,95.0,2.4330900243303084,2.1182795698921884,0
0.24463519313294224,-0.09090909090905913,0.2663755458514121,0.02362204724408519,-0.8370879769463414,-0.05454545454543471,0.19230769230759986,0.08867948880110016,0.8965517241373128,1.4761904761887188,163.0,88.0,84.0,145.0,255.0,156.0,124.0,130.0,1.4545454545451542,1.7905308464846785,0
-0.11297071129702387,-0.3333333333332099,-0.17509727626452332,-0.37062937062924106,0.35829676911234154,-0.08163265306118285,0.12968299711811826,2.1167055179144745,0.8490566037727839,1.298013245032253,41.0,133.0,151.0,106.0,113.0,180.0,196.0,90.0,2.5762711864400543,2.5577264653636664,0
-0.0858895705521209,0.07999999999997334,-0.15099715099710798,0.26070038910495696,1.0,0.04180064308680328,-0.360269360269239,0.0,1.0872483221469214,0.4702970297027375,180.0,177.0,202.0,149.0,118.0,138.0,95.0,162.0,2.073206442166607,1.9856115107910097,0
-0.37499999999976563,-0.05439330543930779,-0.4818652849738436,0.129999999999935,-1.0,0.3865030674844255,-0.24347826086945937,0.0,2.25999999999548,0.608391608391183,105.0,110.0,143.0,50.0,66.0,126.0,87.0,113.0,2.346666666666041,2.338747099767439,0
0.29059829059816644,-0.2530712530711909,0.4731707317070863,-0.2530712530711909,-1.0,0.0033003300330022114,0.6504854368929934,0.0,1.0066225165556248,4.722222222213477,131.0,83.0,54.0,151.0,255.0,255.0,255.0,152.0,1.4821428571425264,2.2246455834239667,0
0.13636363636353308,-0.3773584905659191,0.041666666666637736,-0.44067796610157045,1.0,0.13793103448267935,0.5740740740738969,0.0,1.31999999999824,3.6956521739076873,57.0,57.0,69.0,75.0,206.0,219.0,255.0,99.0,1.8536585365846123,2.3580080753698036,0
-0.28491620111715926,-0.12121212121206,-0.34020618556683496,-0.12121212121206,-0.4746106974623676,0.15231788079460112,-0.07883817427382621,0.3562901745767241,1.359374999997876,0.8538461538454971,128.0,115.0,130.0,64.0,195.0,111.0,111.0,87.0,2.180094786729341,1.7619047619044124,0
-0.03225806451611417,-0.39047619047600457,-0.16666666666660054,-0.24260355029571445,0.18554216871993956,-0.24260355029571445,-0.16666666666660054,1.455621302648237,0.609523809523229,0.7142857142852285,87.0,112.0,147.0,105.0,52.0,146.0,105.0,64.0,2.1538461538456364,2.862745098038514,0
-0.9999999999991597,-0.40092165898599036,-0.9999999999989796,-0.48412698412679206,-0.3475935829108472,0.9999999999984616,0.3122807017542764,0.48412698417569877,10.0,1.9081632653041753,39.0,119.0,98.0,0.0,255.0,152.0,187.0,65.0,3.4368231046919,1.9487179487176363,0
0.28089887640417877,0.10364145658260403,-0.049999999999958335,0.07065217391302428,1.0,0.5511811023619877,0.46153846153826433,0.0,3.4561403508711295,2.714285714281406,45.0,32.0,63.0,57.0,255.0,160.0,171.0,197.0,1.5421686746978662,1.6580310880826867,0
0.23741007194227526,-0.24731182795690063,0.1315789473683345,-0.23636363636355043,1.0,0.09947643979052384,0.4406779661015082,0.0,1.2209302325567197,2.575757575753673,118.0,53.0,66.0,86.0,226.0,174.0,170.0,105.0,1.3677419354834297,2.0500736377022015,0
-0.05617977528086732,-0.4469453376204351,-0.04545454545451963,-0.4247491638794566,0.8066602006242312,0.011764705882346021,0.3967213114752798,9.344481625911214,1.023809523808305,2.3152173913018315,131.0,94.0,92.0,84.0,16.0,225.0,213.0,86.0,1.8660049627786934,3.2608695652168005,0
