NDPI_Pre,NDPI_Post,NDBI_Pre,NDBI_Post,NORMALIZED_NDBI,NORMALIZED_VV,NORMALIZED_VH,RBR_NDBI,RBR_VV,RBR_VH,HH_Pre,HV_Pre,VH_Pre,VV_Pre,HH_Post,HV_Post,VH_Post,VV_Post,IRV_Pre,IRV_Post,Burn_Classification
-0.2378640776698452,0.49523809523785944,-0.2378640776698452,0.652631578947025,1.0,0.0,-0.7708333333330657,0.0,0.9999999999993632,0.1294117647058316,216.0,255.0,255.0,157.0,248.0,53.0,33.0,157.0,2.310305775764178,0.8297455968687222,1
-0.11782477341386169,0.3435114503815483,-0.08176100628928247,0.4852320675103438,1.0,0.09316770186332511,-0.4763948497852033,0.0,1.205479452053969,0.3546511627904915,161.0,185.0,172.0,146.0,73.0,86.0,61.0,176.0,2.1861152141798836,1.6342042755340538,1
-0.10024449877748161,0.3203883495144076,-0.14617169373546493,0.36683417085408704,1.0,-0.14999999999995314,-0.5935483870965828,0.0,0.7391304347822071,0.25506072874483604,34.0,225.0,247.0,184.0,104.0,70.0,63.0,136.0,2.6946107784427102,1.473684210525928,1
-0.2563380281689419,0.5028248587567781,-0.24355300859591877,0.32999999999983504,1.0,0.0037735849056589536,-0.528169014084321,0.0,1.0075757575749944,0.3087557603685213,96.0,223.0,217.0,132.0,254.0,44.0,67.0,133.0,2.64688427299664,0.7410526315787914,1
-0.15646258503397814,0.5633187772923305,-0.15646258503397814,0.43199999999982724,1.0,-0.019178082191775567,-0.5644171779139373,0.0,0.9623655913973321,0.2784313725489104,193.0,255.0,255.0,186.0,122.0,50.0,71.0,179.0,2.2947131608546347,0.9975062344137163,1
-0.30379746835433424,0.62626262626231,-0.259259259259172,0.34728033472788816,1.0,0.18819188191874975,-0.41132075471682594,0.0,1.4636363636350331,0.4171122994650176,174.0,206.0,187.0,110.0,134.0,37.0,78.0,161.0,2.367816091953683,0.8021680216799995,1
-0.2911392405062554,0.4809160305339841,-0.2911392405062554,0.18292682926818116,-1.0,-0.1814345991560416,-0.5838509316768373,0.0,0.692857142856648,0.26274509803911267,242.0,255.0,255.0,140.0,83.0,34.0,67.0,97.0,2.286995515694811,1.096774193547945,1
-0.1860465116278637,0.4328358208948764,-0.1860465116278637,0.8823529411747405,1.0,-0.5695067264571437,-0.9767441860461331,0.0,0.2742857142855576,0.011764705882348328,192.0,255.0,255.0,175.0,3.0,19.0,3.0,48.0,2.3261117445835433,1.7078651685374069,1
-0.16438356164379808,-0.008264462809910524,-0.16438356164379808,-0.09774436090218215,-0.25422396866304486,-0.5061728395059646,-0.5548780487803187,0.5946115291834659,0.32786885245883723,0.2862745098038093,221.0,255.0,255.0,183.0,105.0,61.0,73.0,60.0,2.2319474835883772,1.7003484320551567,1
-0.10465116279066726,0.495652173912828,-0.1468144044320923,0.5779816513758816,1.0,0.05521472392636343,-0.6363636363633849,0.0,1.1168831168823918,0.22222222222211488,197.0,190.0,207.0,154.0,206.0,58.0,46.0,172.0,2.0793433652527935,0.9392712550605387,1
-0.10543130990411967,0.30516431924868304,-0.09967845659160783,0.6449704142008018,1.0,-0.003584229390679719,-0.7014925373130839,0.0,0.9928571428564338,0.17543859649112548,195.0,173.0,171.0,140.0,91.0,74.0,30.0,139.0,2.032305433186192,1.566137566137152,1
0.027295285359794717,0.2606060606059027,-0.004807692307691152,0.6507936507931342,1.0,-0.33118971061082597,-0.8095238095234591,0.0,0.5024154589369554,0.10526315789468649,144.0,196.0,209.0,207.0,119.0,61.0,22.0,104.0,2.1103633916551665,1.4144927536227785,1
-0.21718377088300306,0.6244897959181125,-0.21718377088300306,0.834101382488095,1.0,0.09641873278234259,-0.8681318681315502,0.0,1.2134146341456016,0.07058823529408997,182.0,255.0,255.0,164.0,147.0,46.0,18.0,199.0,2.383177570093179,0.8401826484016347,1
-0.5340501792112782,0.326732673267165,-0.4537815126048514,0.33999999999983,-1.0,0.34673366834153435,-0.4476987447696872,0.0,2.06153846153529,0.3815028901731899,145.0,214.0,173.0,65.0,30.0,68.0,66.0,134.0,2.6833855799368833,1.813333333332729,1
-0.32911392405052875,0.44680851063798105,-0.32484076433110676,0.35999999999976,1.0,-0.019230769230759986,-0.6249999999997559,0.0,0.9622641509424884,0.23076923076911984,182.0,210.0,208.0,106.0,23.0,39.0,48.0,102.0,2.372881355931868,1.5369458128071247,1
-0.16094986807383616,0.43169398907080236,-0.12876712328763595,0.6582278481008492,1.0,-0.09655172413789774,-0.7682403433473098,0.0,0.8238993710686643,0.13106796116498493,125.0,220.0,206.0,159.0,37.0,52.0,27.0,131.0,2.4309392265190013,1.52941176470532,1
-0.3950617283949398,0.4169491525422316,-0.44475920679874087,0.6076923076920739,1.0,0.3615635179151917,-0.6666666666664488,0.0,2.132653061222314,0.19999999999992157,191.0,226.0,255.0,98.0,95.0,86.0,51.0,209.0,2.4399460188930577,1.4453781512602006,1
-0.36901408450693834,0.19753086419740895,-0.3725490196077388,0.39568345323712545,1.0,-0.07177033492819533,-0.7073170731704853,0.0,0.8660714285706553,0.17142857142850146,71.0,243.0,245.0,112.0,53.0,65.0,42.0,97.0,2.9058295964121217,1.857142857142194,1
-0.20567375886519962,0.5361445783130916,-0.20567375886519962,0.6666666666664488,1.0,0.20567375886519962,-0.6666666666664488,0.0,1.5178571428562395,0.19999999999992157,231.0,255.0,255.0,168.0,135.0,77.0,51.0,255.0,2.2442244224419974,1.1323529411762623,1
0.0,0.7188755020077434,0.0,0.7907949790791671,0.9999999998735449,-0.0874200426439046,-0.8214285714282781,10.0,0.8392156862741807,0.09803921568623607,169.0,255.0,255.0,255.0,216.0,35.0,25.0,214.0,2.184154175588631,0.559999999999888,1
-0.23952095808376064,0.8818897637791804,-0.26162790697666816,0.8037735849053571,1.0,0.30601092896166504,-0.7860082304523515,0.0,1.8818897637780456,0.11981566820270977,224.0,207.0,217.0,127.0,136.0,15.0,26.0,239.0,2.164705882352658,0.29629629629622317,1
0.0879629629629426,0.1058823529411142,0.10588235294115156,-0.07843137254898117,-1.0,-0.4285714285712983,-0.2666666666665778,0.0,0.3999999999998298,0.578947368420748,208.0,197.0,190.0,235.0,0.0,76.0,110.0,94.0,1.8829151732375289,2.47154471544615,1
-0.2561576354679172,0.5942028985504376,-0.2561576354679172,0.22222222222213991,-1.0,0.044303797468340414,-0.41666666666655094,0.0,1.0927152317873559,0.4117647058821915,193.0,255.0,255.0,151.0,86.0,42.0,105.0,165.0,2.3887587822011254,1.0029850746265663,1
-0.09006928406464433,0.49315068493133796,-0.11261261261258725,0.4437086092713763,1.0,0.050602409638542026,-0.4924471299092168,0.0,1.106598984771012,0.34008097165978135,216.0,236.0,247.0,197.0,245.0,74.0,84.0,218.0,2.133333333333092,0.9689034369883848,1
-0.11597374179428535,0.3725490196076605,-0.06912442396311771,0.5300546448084535,1.0,-0.18128654970754934,-0.6872727272724773,0.0,0.69306930693035,0.18534482758612703,149.0,255.0,232.0,202.0,122.0,64.0,43.0,140.0,2.3693379790938014,1.3128205128201762,1
0.2108433734939124,0.439613526569836,0.24074074074066645,0.4536585365851446,0.3066215688382914,-0.14857142857138614,-0.37430167597744457,1.8844277665714968,0.7412935323379397,0.4552845528451583,60.0,131.0,123.0,201.0,107.0,58.0,56.0,149.0,2.0038240917778194,1.247311827956654,1
0.0,0.3821138211379007,0.0,0.5454545454540496,0.9999999998166667,-0.49999999999985295,-0.8214285714282781,10.0,0.33333333333320264,0.09803921568623607,192.0,255.0,255.0,255.0,14.0,38.0,25.0,85.0,2.1316614420060467,1.7371428571418646,1
-0.22596153846148415,-0.1948051948049418,-0.22596153846148415,0.23999999999952,1.0,-0.6770833333329808,-0.8613138686128243,0.0,0.1925465838508121,0.07450980392153941,198.0,255.0,255.0,161.0,48.0,46.0,19.0,31.0,2.347525891829419,2.1520467836244728,1
-0.19289340101517946,0.7350993377478576,-0.23188405797095848,0.41621621621599125,1.0,-0.09655172413789774,-0.6504854368929934,0.0,0.8238993710686643,0.2117647058822699,142.0,235.0,255.0,159.0,111.0,20.0,54.0,131.0,2.438391699091772,0.5673758865246216,1
0.02608695652173157,0.576086956521426,0.008547008547006112,0.559139784945936,0.9698882951181187,-0.09937888198754678,-0.618604651162503,10.0,0.8192090395475599,0.23563218390791058,140.0,168.0,174.0,177.0,31.0,39.0,41.0,145.0,2.0581929555892713,1.2283464566924298,1
-0.49122807017529496,0.30964467005060425,-0.4836795252224084,0.37234042553171687,-1.0,0.19444444444435444,-0.6181229773460784,0.0,1.4827586206879508,0.23599999999990562,185.0,255.0,250.0,87.0,219.0,68.0,59.0,129.0,2.608695652173579,1.123966942148528,1
-0.24999999999993874,0.2469135802467612,-0.24999999999993874,0.6422764227637054,1.0,-0.20472440944873832,-0.841155234656736,0.0,0.6601307189538169,0.08627450980388773,149.0,255.0,255.0,153.0,219.0,61.0,22.0,101.0,2.512315270935651,1.1040723981897955,1
-0.26237623762369744,0.7045454545450542,-0.26237623762369744,0.5957446808507469,1.0,0.003344481605350052,-0.740614334470737,0.0,1.0067114093952976,0.14901960784307883,142.0,255.0,255.0,149.0,173.0,26.0,38.0,150.0,2.546816479400431,0.5546666666665188,1
-0.6621004566207023,0.07563025210077678,-0.6725663716811183,-0.07246376811588953,-0.8054742641811528,0.26732673267300266,-0.43726235741428243,0.10774218155679773,1.7297297297250547,0.3915343915341844,148.0,182.0,189.0,37.0,98.0,55.0,74.0,64.0,2.652094717668005,1.6176470588229348,1
-0.4697406340056283,0.5619047619042268,-0.4697406340056283,0.41379310344791914,-1.0,-0.05747126436778307,-0.7647058823526766,0.0,0.8913043478251181,0.13333333333328104,188.0,255.0,255.0,92.0,83.0,23.0,34.0,82.0,2.5822784810123314,0.8720379146915299,1
-0.3351648351647431,0.10948905109481061,-0.30659025787956834,0.3818181818178347,1.0,-0.22842639593897035,-0.740458015266893,0.0,0.6280991735531999,0.14912280701747846,113.0,243.0,228.0,121.0,54.0,61.0,34.0,76.0,2.699999999999625,1.9365079365071682,1
-0.5241379310343021,0.12663755458509754,-0.5673981191220792,0.30303030303015,-1.0,0.30303030303015,-0.5673981191220792,0.0,1.8695652173885948,0.2759999999998896,156.0,221.0,250.0,69.0,130.0,100.0,69.0,129.0,2.6506746626682682,1.742919389977834,1
-0.18518518518513244,0.27804878048766923,-0.2777777777777076,0.3505154639173451,1.0,-0.04379562043794022,-0.6012658227846199,0.0,0.9160839160832756,0.24901185770741147,150.0,208.0,253.0,143.0,146.0,74.0,63.0,131.0,2.346967559943251,1.3929411764702606,1
-0.3020134228186906,0.39249146757665787,-0.2727272727271774,0.4468085106381394,1.0,0.32467532467521926,-0.39999999999984615,0.0,1.9615384615365754,0.4285714285711931,204.0,194.0,182.0,104.0,101.0,89.0,78.0,204.0,2.229885057470944,1.4741200828154297,1
-0.20283018867919744,0.46229508196706154,-0.20283018867919744,0.9224137931030507,1.0,0.1377551020407812,-0.9318181818178289,0.0,1.3195266272181543,0.03529411764704499,194.0,255.0,255.0,169.0,174.0,82.0,9.0,223.0,2.336769759449904,1.1693404634579019,1
-0.579766536964755,0.5849056603771378,-0.5999999999997778,0.7647058823526199,1.0,0.5909090909088671,-0.7704918032783727,0.0,3.888888888881687,0.12962962962956961,175.0,203.0,216.0,54.0,77.0,55.0,28.0,210.0,2.557480314960227,1.1083123425689905,1
-0.2480417754568543,-0.8048780487785246,-0.18873239436614403,-0.8947368421040859,0.6516146689158923,-0.9459459459453069,-0.49116607773834237,4.740769837542348,0.02777777777775849,0.34123222748799,150.0,239.0,211.0,144.0,0.0,37.0,72.0,4.0,2.476683937823513,3.7948717948669297,1
-0.2561576354679172,-0.17757009345777797,-0.2561576354679172,0.35384615384560947,1.0,-0.5487179487176673,-0.8478260869562146,0.0,0.2913907284766282,0.0823529411764383,255.0,255.0,255.0,151.0,88.0,63.0,21.0,44.0,2.227074235807617,1.9534883720922662,1
-0.07352941176468786,0.4950166112955166,-0.14672686230244994,0.5679442508708823,1.0,0.08695652173910944,-0.6075949367086685,0.0,1.1904761904755607,0.2440944881888803,255.0,219.0,254.0,189.0,136.0,76.0,62.0,225.0,1.9863945578229039,1.185185185184954,1
-0.13082039911305304,0.45251396648019415,-0.13082039911305304,0.2560386473428715,1.0,-0.20245398772999926,-0.5361445783130916,0.0,0.6632653061221107,0.30196078431360707,179.0,255.0,255.0,196.0,67.0,49.0,77.0,130.0,2.3050847457624513,1.3288135593215835,1
-0.0361445783132443,0.1731843575418027,0.01010101010100755,0.2650602409636958,0.9265811584425352,-0.31147540983596345,-0.52529182879357,10.0,0.5249999999997376,0.3112244897957596,136.0,215.0,196.0,200.0,108.0,74.0,61.0,105.0,2.2454308093991844,1.639889196675446,1
-0.024096385542163836,0.09999999999983333,-0.024096385542163836,0.09999999999983333,1.0,-0.7608695652171157,-0.8085106382975856,0.0,0.1358024691357466,0.10588235294113495,195.0,255.0,255.0,243.0,74.0,27.0,27.0,33.0,2.151898734176988,1.341614906831465,1
-0.38964577656665134,0.4264705882349806,-0.38964577656665134,0.3472222222219811,-1.0,-0.07177033492819533,-0.6887417218540766,0.0,0.8660714285706553,0.18431372549012381,111.0,255.0,255.0,112.0,129.0,39.0,47.0,97.0,2.7830832196449133,1.0263157894733466,1
-0.006060606060604224,0.7212121212116842,-0.04651162790696323,0.7005988023947901,1.0,-0.07189542483657782,-0.756097560975241,0.0,0.8658536585360574,0.13888888888881173,156.0,166.0,180.0,164.0,139.0,23.0,25.0,142.0,2.036809815950608,0.5626911314982989,1
-0.013513513513508948,0.5384615384610782,0.028169014084497124,0.5517241379305589,0.9028475710335405,-0.23728813559311981,-0.6829268292678763,10.0,0.6164383561639614,0.18840579710131278,98.0,150.0,138.0,146.0,66.0,27.0,26.0,90.0,2.2058823529407707,1.0285714285709389,1
-0.4049586776858389,0.5759717314485597,-0.4049586776858389,0.35151515151504503,-1.0,0.3474320241690793,-0.40883977900541196,0.0,2.064814814812903,0.4196078431370904,196.0,255.0,255.0,108.0,187.0,60.0,107.0,223.0,2.506142506142198,0.9056603773583196,1
-0.22194513715705189,0.2608695652172779,-0.24087591240870052,0.24999999999989225,1.0,-0.03654485049832673,-0.49122807017529496,0.0,0.9294871794865838,0.3411764705881015,147.0,245.0,255.0,156.0,156.0,85.0,87.0,145.0,2.471626733921504,1.4437367303606277,1
-0.10411622276026535,0.4880952380949476,-0.058524173027974934,0.6556291390724135,1.0,-0.19354838709671177,-0.7777777777774454,0.0,0.6756756756753105,0.12499999999993991,164.0,228.0,208.0,185.0,94.0,43.0,26.0,125.0,2.2658385093164886,1.1278688524586467,1
-0.17799352750803302,0.8095238095233277,-0.3021978021977192,0.9240506329108077,1.0,0.08960573476699298,-0.9506172839502262,0.0,1.196850393699845,0.025316455696191852,255.0,182.0,237.0,127.0,53.0,16.0,6.0,152.0,1.9517426273455827,0.5400843881854261,1
0.018480492813137888,0.4502369668244312,-0.004016064257027306,0.9999999999993465,1.0,-0.23690773067325763,-0.9999999999996001,0.0,0.6169354838707191,0.0,255.0,239.0,250.0,248.0,38.0,58.0,0.0,153.0,1.9490316004075485,1.5114006514653058,1
-0.3971291866026808,0.03448275862065993,-0.4497816593884499,0.16504854368916014,-1.0,-0.024390243902419194,-0.5885167464112017,0.0,0.9523809523794406,0.2590361445781572,100.0,146.0,166.0,63.0,0.0,56.0,43.0,60.0,2.567032967032403,2.6046511627891835,1
-0.4983498349833339,0.3606557377047702,-0.48648648648632214,0.30708661417310745,-1.0,0.3719008264461273,-0.42857142857128944,0.0,2.1842105263129157,0.3999999999998182,175.0,227.0,220.0,76.0,141.0,78.0,88.0,166.0,2.5758865248223297,1.347732181425195,1
-0.03116147308780987,0.424778761061759,-0.0806451612903009,0.36440677966086255,1.0,-0.03012048192770177,-0.4565217391302694,0.0,0.9415204678357068,0.37313432835802335,255.0,182.0,201.0,171.0,113.0,65.0,75.0,161.0,1.843037974683311,1.2871287128709685,1
-0.14666666666662756,0.31601731601717925,-0.04477611940297171,0.3103448275860731,1.0,-0.025641025641017424,-0.37254901960769704,0.0,0.9499999999994063,0.45714285714259595,206.0,215.0,175.0,160.0,168.0,79.0,80.0,152.0,2.160804020100231,1.3221757322172967,1
0.09230769230766864,0.10822510822506139,0.14516129032254163,0.21904761904751474,0.20286798813483645,-0.2492668621700149,-0.31950207468866415,1.5089947079548662,0.6009389671358681,0.5157232704399273,186.0,177.0,159.0,213.0,135.0,103.0,82.0,128.0,1.8804780876491525,1.756929637526278,1
-0.13714285714281796,0.5614035087716837,-0.08206686930088691,0.6713615023471027,1.0,0.08206686930088691,-0.6713615023471027,0.0,1.178807947019087,0.1966292134830356,197.0,199.0,178.0,151.0,105.0,50.0,35.0,178.0,2.134048257372368,1.0443864229762287,1
-0.24623115577883262,-0.018181818181785124,-0.14285714285710205,0.018867924528266286,-1.0,-0.6949152542368956,-0.7699115044244381,0.0,0.17999999999988,0.129999999999935,152.0,248.0,200.0,150.0,126.0,28.0,26.0,27.0,2.486215538846806,1.071770334927717,1
-0.2878787878787152,0.175675675675557,-0.2878787878787152,0.4032258064512877,1.0,-0.23684210526305402,-0.7465753424654977,0.0,0.6170212765953071,0.1450980392156294,240.0,255.0,255.0,141.0,134.0,61.0,37.0,87.0,2.2895622895620327,1.4227405247809264,1
-0.0031545741324911186,0.47368421052610804,0.019354838709671175,0.5483870967739408,0.9318181816540457,0.030674846625757462,-0.5124378109450187,10.0,1.0632911392398334,0.32236842105241953,172.0,159.0,152.0,158.0,93.0,60.0,49.0,168.0,1.96296296296266,1.2598425196847087,1
-0.11597374179428535,0.6413043478257384,-0.11597374179428535,0.4731707317070863,1.0,-0.14447592067984577,-0.6504854368929934,0.0,0.7475247524748775,0.2117647058822699,176.0,255.0,255.0,202.0,175.0,33.0,54.0,151.0,2.2972972972970385,0.6734693877549303,1
-0.01796407185628384,0.5507246376809599,0.0,0.6090225563907485,0.9999999998358025,-0.06956521739128922,-0.6510067114091775,10.0,0.8699186991866383,0.2113821138210523,114.0,255.0,246.0,246.0,64.0,62.0,52.0,214.0,2.344827586206627,1.2338308457708373,1
0.01895734597155949,0.7579617834390078,-0.0137614678899051,0.8278145695358757,1.0,-0.2181303116146691,-0.888888888888509,0.0,0.6418604651159806,0.058823529411738094,186.0,207.0,221.0,215.0,29.0,19.0,13.0,138.0,2.0319018404905482,0.7414634146337847,1
-0.23391812865490239,0.7866666666661423,-0.2956989247311033,0.6144578313249311,1.0,0.01132075471697686,-0.7655677655674852,0.0,1.0229007633579978,0.13278008298749677,138.0,211.0,241.0,131.0,47.0,16.0,32.0,134.0,2.4428364688853192,0.6009389671358681,1
-0.04989154013014102,0.815028901733633,0.05797101449273962,0.8579881656799657,0.8734200916563112,-0.16489361702123276,-0.8840579710140657,10.0,0.7168949771686225,0.061538461538429984,139.0,242.0,195.0,219.0,137.0,16.0,12.0,157.0,2.299287410926093,0.3926380368096955,1
-0.24999999999993874,0.6410256410252302,-0.24999999999993874,0.7902097902092377,1.0,-0.08896797153021745,-0.8888888888885597,0.0,0.8366013071889957,0.05882352941174164,133.0,255.0,255.0,153.0,124.0,28.0,15.0,128.0,2.5628140703514366,0.7272727272724911,1
-0.20283018867919744,0.5217391304345936,-0.20283018867919744,0.3725490196077214,1.0,0.10817941952503743,-0.45299145299132393,0.0,1.2426035502951227,0.3764705882351465,220.0,255.0,255.0,169.0,90.0,66.0,96.0,210.0,2.2691879866515827,1.2222222222219394,1
0.022222222222213994,0.11278195488713326,0.049429657794658015,-0.18681318681308418,1.0,-0.3018867924526878,-0.07296137339052663,0.0,0.5362318840575825,0.8639999999993088,124.0,132.0,125.0,138.0,136.0,59.0,108.0,74.0,2.007604562737261,1.4390243902434638,1
-0.43362831858387896,0.6321839080452504,-0.3933649289097662,0.6511627906969173,1.0,0.05185185185181345,-0.814814814814312,0.0,1.1093749999982665,0.10204081632646121,250.0,162.0,147.0,64.0,50.0,16.0,15.0,71.0,2.0313479623821267,0.8366013071889957,1
0.2439024390242911,0.23076923076878697,0.006578947368418889,0.48837209302212004,0.9734157648728302,-0.6540540540537005,-0.8641975308636641,10.0,0.20915032679724893,0.07284768211915706,255.0,93.0,151.0,153.0,46.0,20.0,11.0,32.0,1.2525252525250417,1.3559322033886814,1
-0.035128805620600674,-0.03448275862065993,0.09283819628644753,0.0873786407766142,-0.030294369803491115,-0.5725190839692471,-0.5688073394492804,0.9411927867802663,0.2718446601940428,0.2748538011694299,224.0,221.0,171.0,206.0,64.0,60.0,47.0,56.0,2.027522935779584,1.9999999999991667,1
-0.1270718232043848,-0.5178571428566805,-0.08933717579248146,-0.11475409836046761,0.12453703709739218,-0.7081081081077254,-0.6950672645736794,1.2845055540537444,0.17088607594925895,0.1798941798940847,111.0,204.0,189.0,158.0,62.0,85.0,34.0,27.0,2.4106351550956555,2.6254826254816117,1
-0.12528473804097373,0.4163090128753578,0.03783783783782761,0.5207373271887001,0.8645201568198736,-0.07563025210081915,-0.5478260869562835,10.0,0.8593749999995525,0.29213483146051006,236.0,247.0,178.0,192.0,147.0,68.0,52.0,165.0,2.1431670281993336,1.2142857142854433,1
0.0,0.33913043478246124,0.09913793103446139,0.31063829787220826,0.5161362516084466,-0.24694376528111323,-0.4413793103446754,3.1333950014640473,0.6039215686272141,0.38755980861225475,255.0,255.0,209.0,255.0,114.0,76.0,81.0,154.0,1.999999999999804,1.447619047618703,1
-0.016470588235290243,0.40714285714271176,0.06361323155214667,0.4223826714799919,0.7382149471130389,-0.02955665024629814,-0.39393939393924476,6.639855585229309,0.9425837320569653,0.4347826086954159,255.0,216.0,184.0,209.0,161.0,83.0,80.0,197.0,1.9285714285712132,1.267175572518842,1
-0.07207207207205585,0.025862068965506094,0.04303797468353341,0.025862068965506094,-0.24928729770605923,-0.26769230769222535,-0.25165562913898953,0.6009127775083198,0.577669902912341,0.5978835978832816,136.0,238.0,189.0,206.0,255.0,113.0,113.0,119.0,2.327628361857906,1.5066666666664155,1
-0.11917098445592768,0.30656934306558153,-0.12144702842374124,0.9144385026733078,1.0,0.025787965616038456,-0.9288888888884761,0.0,1.052941176469969,0.03686635944698762,34.0,216.0,217.0,170.0,108.0,95.0,8.0,179.0,2.7169811320750443,1.5932914046118254,1
-0.17814726840850875,0.28795811518309533,-0.017045454545449704,0.6734693877546439,1.0,-0.16891891891886185,-0.7635467980291806,0.0,0.7109826589591266,0.1340782122904279,183.0,248.0,179.0,173.0,124.0,68.0,24.0,123.0,2.328638497652309,1.420365535247671,1
-0.3157894736841274,0.777777777777323,-0.32467532467524035,0.6084656084652865,1.0,0.07801418439713546,-0.7465753424654977,0.0,1.16923076922987,0.1450980392156294,166.0,250.0,255.0,130.0,92.0,19.0,37.0,152.0,2.512562814070036,0.5390070921983905,1
-0.21179624664873678,0.564356435643285,-0.20108695652168448,0.4905660377356177,1.0,0.03606557377047998,-0.6072727272725065,0.0,1.074829931972058,0.24434389140260437,141.0,226.0,221.0,147.0,178.0,44.0,54.0,158.0,2.4432432432429128,0.8301886792450872,1
-0.19158878504668422,0.5620437956202329,-0.17619047619043424,0.6150943396224094,1.0,0.10594315245475298,-0.6577181208051485,0.0,1.2369942196524641,0.20647773279343867,197.0,255.0,247.0,173.0,240.0,60.0,51.0,214.0,2.3181818181815546,0.8362369337977636,1
0.1681415929203044,0.2895752895751778,0.01278772378516297,0.5321100917428752,0.9530637728087636,-0.08493150684929181,-0.5819672131145156,10.0,0.8434343434339175,0.26424870466307554,70.0,141.0,193.0,198.0,112.0,92.0,51.0,167.0,2.0509090909087178,1.5896328293733069,1
-0.15853658536580534,0.28846153846139977,-0.22905027932954497,0.5491329479765612,1.0,-0.014705882352935771,-0.6988416988414291,0.0,0.9710144927529196,0.1772727272726467,129.0,190.0,220.0,138.0,52.0,74.0,39.0,134.0,2.3493044822252935,1.7724550898198286,1
-0.44886363636350884,0.6756756756753105,-0.44886363636350884,0.999999999999355,1.0,0.23015873015863883,-0.9999999999996079,0.0,1.5979381443282494,0.0,141.0,255.0,255.0,97.0,51.0,30.0,0.0,155.0,2.7272727272723625,0.9022556390974052,1
-0.06694560669454666,0.543859649122489,-0.06694560669454666,0.9999999999992425,1.0,-0.2563380281689419,-0.9999999999996079,0.0,0.5919282511208108,0.0,197.0,255.0,255.0,223.0,200.0,39.0,0.0,132.0,2.193548387096538,0.7609756097559119,1
-0.41666666666655094,0.1656441717790395,-0.41666666666655094,0.36690647481988,-1.0,-0.049999999999975,-0.705685618728861,0.0,0.9047619047610431,0.17254901960777547,75.0,255.0,255.0,105.0,201.0,68.0,44.0,95.0,2.956521739130006,1.2592592592589678,1
-0.2686567164178436,0.17412935323374423,-0.2686567164178436,0.21649484536071317,-1.0,-0.10943396226410965,-0.5407854984892626,0.0,0.8027210884348281,0.29803921568615765,242.0,255.0,255.0,147.0,206.0,83.0,76.0,118.0,2.2691879866515827,1.3551020408160501,1
0.04989154013014102,0.24074074074051782,0.06607929515417046,-0.02898550724635581,-1.0,-0.5663430420710142,-0.49823321554752714,0.0,0.276859504132117,0.33490566037720054,155.0,219.0,212.0,242.0,142.0,41.0,71.0,67.0,2.09820359281412,1.1271477663226368,1
0.24817518248166126,0.0,0.13621262458467237,0.6363636363607439,0.6473807661385933,-0.8095238095233812,-0.940298507461985,4.671840351317686,0.10526315789467529,0.030769230769207102,179.0,103.0,130.0,171.0,97.0,18.0,4.0,18.0,1.482014388488942,0.9536423841053288,1
-0.1394658753708785,0.16814159292020517,-0.055374592833858184,0.38947368421011636,1.0,-0.3744075829382112,-0.6963350785336669,0.0,0.45517241379278955,0.17901234567890187,171.0,192.0,162.0,145.0,110.0,47.0,29.0,66.0,2.194285714285401,1.3925925925920768,1
-0.13157894736838643,-0.08536585365848454,-0.1603053435114096,0.02040816326529224,-1.0,-0.3749999999998438,-0.5199999999998267,0.0,0.4545454545451791,0.31578947368407206,66.0,215.0,228.0,165.0,102.0,89.0,72.0,75.0,2.602118003025325,2.0056338028163365,1
-0.09677419354836629,0.232323232323115,-0.09677419354836629,0.49693251533711846,1.0,-0.2650602409637756,-0.7229729729727288,0.0,0.5809523809521043,0.16078431372542715,255.0,255.0,255.0,210.0,166.0,76.0,41.0,122.0,2.0923076923074775,1.3818181818178679,1
-0.2236842105262422,0.3939393939392613,-0.18620689655165992,0.7468354430376596,1.0,0.2738461538460696,-0.702970297029355,0.0,1.7542372881341066,0.1744186046510614,119.0,186.0,172.0,118.0,175.0,90.0,30.0,207.0,2.44334975369418,1.281138790035359,1
-0.22513089005229708,0.4025974025972283,-0.06918238993708517,0.33884297520647155,1.0,0.04516129032256608,-0.359999999999856,0.0,1.094594594593855,0.47058823529384086,210.0,234.0,170.0,148.0,100.0,69.0,80.0,162.0,2.2663438256655852,1.379999999999655,1
-0.19834710743793457,0.41501976284568576,-0.2362204724408519,0.49790794979058667,1.0,0.29710144927525467,-0.4470046082947249,0.0,1.8453608247403657,0.382165605095298,187.0,145.0,157.0,97.0,213.0,74.0,60.0,179.0,2.0209059233445954,1.0962962962960932,1
-0.6451612903223205,0.43266475644686747,-0.5925925925923182,0.3404825737264503,-1.0,0.7006802721086053,-0.16610169491519794,0.0,5.681818181805268,0.7151162790693517,131.0,204.0,172.0,44.0,187.0,99.0,123.0,250.0,2.7993138936530357,1.2472440944879926,1
0.03883495145630125,0.09999999999997222,0.0835443037974472,0.38461538461525013,0.6430948417927216,-0.03883495145630125,-0.3457249070630685,4.603729598218635,0.9252336448593808,0.4861878453035988,127.0,198.0,181.0,214.0,132.0,162.0,88.0,198.0,2.149253731342992,1.9816513761464858,1
0.05756929637525425,0.298804780876375,0.12727272727269834,0.4818181818179628,0.5820895521431639,-0.2068126520680762,-0.5421686746985774,3.785714282738936,0.657258064515864,0.2968749999998454,187.0,221.0,192.0,248.0,84.0,88.0,57.0,163.0,2.015963511972404,1.6643026004724197,1
-0.2811594202897736,0.5135135135132359,-0.3053221288514551,0.7721518987336886,1.0,0.060606060606037654,-0.8565737051789416,0.0,1.1290322580636056,0.07725321888408702,91.0,221.0,233.0,124.0,136.0,45.0,18.0,140.0,2.6910197869097883,0.9836065573767805,1
0.02298850574711983,0.7235772357720637,-0.002801120448178487,0.7165991902831107,1.0,0.08717948717946483,-0.6728971962613678,0.0,1.1910112359543872,0.195530726256874,141.0,170.0,179.0,178.0,160.0,34.0,35.0,212.0,2.0637329286795048,0.6181818181816777,1
-0.23547400611613595,0.5423197492161309,-0.2401215805470395,0.8923076923073492,1.0,0.326145552560559,-0.8715596330271231,0.0,1.9679999999984257,0.06862745098035852,185.0,202.0,204.0,125.0,116.0,73.0,14.0,246.0,2.2633053221285344,1.1496062992123721,1
-0.6710526315785059,0.041916167664645565,-0.6644295302008965,0.041916167664645565,-1.0,0.5535714285709343,-0.2156862745096982,0.0,3.4799999999860805,0.6451612903220604,58.0,127.0,124.0,25.0,99.0,80.0,80.0,87.0,3.014836795251331,1.849710982658425,1
-0.7770034843202868,-0.2950819672128729,-0.7770034843202868,-0.21818181818161983,-0.5615252403647197,0.1466666666664711,-0.5838509316768373,0.28079902164217774,1.3437499999958007,0.26274509803911267,42.0,255.0,255.0,32.0,132.0,79.0,67.0,43.0,3.4931506849309084,1.897897897897328,1
-0.8613138686128243,0.21348314606729582,-0.8613138686128243,0.9999999999990741,1.0,0.7007874015742513,-0.9999999999996079,0.0,5.684210526285873,0.0,195.0,255.0,255.0,19.0,156.0,70.0,0.0,108.0,2.8176795580106604,1.386138613861043,1
-0.24087591240870052,0.49514563106772086,-0.24087591240870052,0.7599999999995658,1.0,-0.006451612903223726,-0.8478260869562146,0.0,0.9871794871788544,0.0823529411764383,188.0,255.0,255.0,156.0,220.0,52.0,21.0,154.0,2.3887587822011254,0.8702928870291067,1
-0.45714285714272657,0.5342465753422219,-0.45714285714272657,0.36585365853643664,-1.0,0.27756653992384883,-0.5315315315313719,0.0,1.7684210526297175,0.30588235294105653,195.0,255.0,255.0,95.0,255.0,51.0,78.0,168.0,2.549999999999681,0.777142857142709,1
-0.3043478260868787,0.5987460815045145,-0.3043478260868787,0.49560117302038253,1.0,0.3043478260868787,-0.49560117302038253,0.0,1.8749999999986215,0.33725490196065205,177.0,255.0,255.0,136.0,255.0,64.0,86.0,255.0,2.4787363304978762,0.8025078369904698,1
-0.10869565217388942,0.48979591836709707,-0.10869565217388942,0.6132596685079486,1.0,-0.1680911680911202,-0.7586206896549108,0.0,0.7121951219508721,0.1372549019607305,244.0,255.0,255.0,205.0,228.0,50.0,35.0,146.0,2.127215849843365,0.8438818565399063,1
-0.03465346534652608,0.4117647058820502,-0.06024096385540717,0.5737704918028084,1.0,-0.3402061855668934,-0.7886178861785412,0.0,0.49230769230743987,0.11818181818176447,194.0,209.0,220.0,195.0,168.0,40.0,26.0,96.0,2.0718711276329524,0.9302325581392645,1
-0.14606741573030427,0.5402298850571609,-0.14606741573030427,0.44864864864840615,1.0,-0.17283950617278618,-0.6666666666664488,0.0,0.7052631578943657,0.19999999999992157,119.0,255.0,255.0,190.0,29.0,40.0,51.0,134.0,2.4908424908421867,1.3168724279829973,1
-0.1409395973154047,0.5092024539874177,-0.1409395973154047,0.4302325581392848,1.0,-0.21904761904754952,-0.6776315789471455,0.0,0.6406249999996664,0.1921568627450227,94.0,255.0,255.0,192.0,146.0,40.0,49.0,123.0,2.5628140703514366,0.9169054441258118,1
-0.22891566265054725,0.7142857142853499,-0.22891566265054725,0.6231884057968005,1.0,0.02439024390243159,-0.7346938775507705,0.0,1.049999999999344,0.15294117647052827,37.0,255.0,255.0,160.0,87.0,28.0,39.0,168.0,2.885431400282477,0.7202572347264565,1
-0.18343195266266762,0.41258741258726833,-0.12933753943213586,0.5719844357974428,1.0,0.1882352941175917,-0.5299145299143034,0.0,1.4637681159409683,0.3072625698322306,96.0,200.0,179.0,138.0,187.0,84.0,55.0,202.0,2.523659305993293,1.2064631956909861,1
-0.12627986348118558,0.4305555555552566,-0.03396226415093058,0.3642384105957853,1.0,-0.10822510822506139,-0.4810810810808211,0.0,0.8046874999993714,0.3503649635033939,200.0,165.0,137.0,128.0,102.0,41.0,48.0,103.0,2.006079027355318,1.1428571428567447,1
-0.5809523809521043,0.470967741935332,-0.6239316239313574,0.6951672862450947,1.0,0.6764705882350455,-0.6450216450213658,0.0,5.181818181806404,0.21578947368409696,237.0,166.0,190.0,44.0,222.0,82.0,41.0,228.0,2.1663947797712613,1.0684039087946142,1
-0.8085106382974423,0.3472222222221017,-0.7942857142852605,0.4109090909089415,-1.0,0.8301886792448915,-0.31932773109230284,0.0,10.0,0.5159235668786524,190.0,170.0,157.0,18.0,91.0,94.0,81.0,194.0,2.4817518248170654,1.5898520084563235,1
-0.25139664804462253,0.28767123287663354,-0.1624999999999492,0.2401055408970343,1.0,0.2737127371272971,-0.1272727272726887,0.0,1.7537313432822734,0.7741935483866806,173.0,224.0,186.0,134.0,151.0,130.0,144.0,235.0,2.37350993377452,1.6099071207427846,1
0.1904761904761401,0.31578947368407206,0.15384615384611441,0.3824884792624966,0.4263053535225464,-0.19999999999994666,-0.4224137931032662,2.486175113590851,0.6666666666663704,0.40606060606036,143.0,153.0,165.0,225.0,120.0,78.0,67.0,150.0,1.816023738872134,1.4647887323940223,1
0.039370078740141985,0.27272727272714875,0.08196721311472051,0.5909090909087552,0.7563676632319654,0.029411764705871542,-0.5135135135131665,7.209090900294678,1.0606060606052572,0.32142857142828446,144.0,122.0,112.0,132.0,145.0,80.0,36.0,140.0,1.8769230769227159,1.4382022471906881,1
0.09154929577461565,0.4918032786883231,-0.0032154340836002522,0.8958333333328669,1.0,0.08011869436199404,-0.8795180722886269,0.0,1.1741935483863393,0.06410256410252302,146.0,129.0,156.0,155.0,188.0,62.0,10.0,182.0,1.8461538461535159,1.0040485829957482,1
-0.4260869565215539,0.13385826771648274,-0.35294117647041523,0.5824175824172625,1.0,0.3714285714283946,-0.5681818181814954,0.0,2.181818181814876,0.2753623188403802,94.0,164.0,138.0,66.0,79.0,110.0,38.0,144.0,2.6885245901633836,1.986455981940861,1
-0.04032258064514503,0.13761467889901946,-0.1877133105801407,0.29166666666651475,1.0,0.020576131687234333,-0.43801652892543885,0.0,1.0420168067218134,0.39080459770092485,64.0,129.0,174.0,119.0,153.0,94.0,68.0,124.0,2.340136054421238,1.617204301074921,1
-0.4697406340056283,0.33812949640263446,-0.4697406340056283,0.06896551724133967,-1.0,0.0054054054054024836,-0.5178571428569888,0.0,1.0108695652162925,0.3176470588234049,63.0,255.0,255.0,92.0,122.0,46.0,81.0,93.0,3.0676691729318692,1.1986970684035183,1
-0.19306930693064528,0.47565543071143235,-0.16836734693873256,0.5330739299608821,1.0,0.09444444444441821,-0.584775086504988,0.0,1.2085889570544734,0.26200873362433974,182.0,241.0,229.0,163.0,154.0,70.0,60.0,197.0,2.3313180169283756,1.1405295315679957,1
-0.33123028391156745,0.4876847290637992,-0.39428571428560166,0.4731707317070863,1.0,0.17509727626452332,-0.6375838926172357,0.0,1.4245283018854484,0.22131147540974538,110.0,211.0,244.0,106.0,180.0,52.0,54.0,151.0,2.645768025077955,0.9563218390802399,1
-0.43258426966279984,0.6721311475407633,-0.43258426966279984,0.8888888888885597,1.0,0.43258426966279984,-0.8888888888885597,0.0,2.524752475245025,0.05882352941174164,211.0,255.0,255.0,101.0,255.0,50.0,15.0,255.0,2.4817518248172163,0.6557377049179253,1
-0.21140142517809707,0.8345323741004192,-0.21140142517809707,0.5548780487803187,1.0,0.21140142517809707,-0.5548780487803187,0.0,1.5361445783123278,0.2862745098038093,255.0,255.0,255.0,166.0,250.0,23.0,73.0,255.0,2.1911922663800008,0.33393829401082864,1
-0.038461538461527896,0.6066666666664645,-0.025069637883001376,0.6013289036542853,1.0,0.158653846153808,-0.5081967213112671,0.0,1.3771428571420703,0.32608695652156194,240.0,189.0,184.0,175.0,205.0,59.0,60.0,241.0,1.9066834804537318,0.836879432623965,1
-0.2699386503066657,0.44117647058801907,-0.2999999999999118,0.5555555555552616,1.0,0.10526315789469727,-0.6806083650187527,0.0,1.2352941176460208,0.19004524886869228,95.0,207.0,221.0,119.0,166.0,57.0,42.0,147.0,2.6369426751588154,1.0679156908662604,1
-0.11597374179428535,0.12328767123270783,-0.11597374179428535,0.49090909090819834,1.0,-0.6625514403289455,-0.895910780668812,0.0,0.2029702970296025,0.0549019607842922,161.0,255.0,255.0,202.0,127.0,32.0,14.0,41.0,2.336769759449904,1.1034482758615933,1
-0.22009569377985166,0.9695431472076297,-0.22009569377985166,0.847619047618644,1.0,0.0868347338935331,-0.8819188191878665,0.0,1.1901840490790245,0.06274509803919108,199.0,255.0,255.0,163.0,150.0,3.0,16.0,194.0,2.3394495412841354,0.06857142857140898,1
-0.41176470588217995,0.3999999999996667,-0.3607305936071412,0.4999999999995536,1.0,0.09090909090903189,-0.6836158192086533,0.0,1.1999999999982858,0.1879194630871222,170.0,168.0,149.0,70.0,119.0,36.0,28.0,84.0,2.333333333332928,1.0472727272723465,1
-0.36336336336325425,0.5629629629627545,-0.34969325153363506,0.4602076124565882,1.0,0.33123028391156745,-0.47651006711393407,0.0,1.9905660377339711,0.3545454545452934,152.0,227.0,220.0,106.0,208.0,59.0,78.0,211.0,2.5505617977524504,0.878957169459799,1
0.2750809061487783,0.5191256830598256,0.20121951219506062,0.5885714285710922,0.49044866981030205,-0.17261904761899624,-0.5688622754487612,2.925021643567218,0.7055837563448195,0.27480916030513375,171.0,112.0,131.0,197.0,73.0,44.0,36.0,139.0,1.5135135135132578,1.1733333333329423,1
-0.314984709480026,0.5501519756837234,-0.27272727272718417,0.5789473684208735,1.0,0.38964577656665134,-0.48484848484830123,0.0,2.2767857142836814,0.3469387755100271,229.0,215.0,196.0,112.0,66.0,74.0,68.0,255.0,2.2308690012967274,1.2622601279315007,1
-0.2655086848634577,0.34082397003732556,-0.23514211886298833,0.5565217391301929,1.0,0.09480122324156123,-0.648275862068742,0.0,1.2094594594586423,0.21338912133882287,212.0,255.0,239.0,148.0,39.0,88.0,51.0,179.0,2.344827586206627,1.7868020304563994,1
-0.4511627906974646,0.647058823529158,-0.44339622641488524,0.4788732394364511,1.0,0.5613382899626166,-0.34801762114522117,0.0,3.5593220338922724,0.48366013071863817,215.0,156.0,153.0,59.0,105.0,45.0,74.0,210.0,2.1296928327641416,0.8888888888886695,1
-0.20707070707065478,0.13636363636353308,-0.2378640776698452,0.4150943396222499,1.0,-0.3534482758619166,-0.7832167832165094,0.0,0.4777070063691225,0.12156862745093272,211.0,239.0,255.0,157.0,104.0,57.0,31.0,75.0,2.26004728132361,1.5563139931735304,1
-0.21227621483370532,0.2803347280333555,-0.24694376528111323,0.5376884422107852,1.0,-0.003257328990226952,-0.6943521594682078,0.0,0.9935064935058484,0.18039215686267437,155.0,237.0,255.0,154.0,89.0,86.0,46.0,153.0,2.4214559386970085,1.6618357487918691,1
-0.35433070866127786,0.4355400696862594,-0.3740458015265748,0.7310924369744828,1.0,0.4305555555554061,-0.6981132075468406,0.0,2.5121951219481558,0.17777777777767903,145.0,172.0,180.0,82.0,116.0,81.0,32.0,206.0,2.4098073555162154,1.3388429752063349,1
-0.3569321533922251,0.08771929824557556,-0.39106145251385727,0.24623115577877075,-1.0,0.06437768240340586,-0.5370370370368713,0.0,1.1376146788980388,0.3012048192769875,195.0,230.0,249.0,109.0,126.0,104.0,75.0,124.0,2.40837696335047,1.8165938864624855,1
0.19186046511622332,0.4074074074072398,0.030150753768836646,0.35714285714271543,0.8443002778171969,-0.09042553191486957,-0.4087591240874421,10.0,0.8341463414630078,0.419689119170767,34.0,139.0,193.0,205.0,193.0,72.0,81.0,171.0,2.150870406189139,1.1338582677163123,1
-0.23529411764698963,0.5462962962960434,-0.2284866468842052,0.5113122171943388,1.0,0.12457912457908264,-0.5862068965514996,0.0,1.2846153846143966,0.2608695652172653,124.0,210.0,207.0,130.0,57.0,49.0,54.0,167.0,2.4925816023735172,1.217391304347448,1
-0.32799999999986884,0.3959183673467772,-0.2499999999998884,0.7905759162299526,1.0,0.3411764705881015,-0.7499999999995313,0.0,2.035714285711862,0.14285714285704082,162.0,166.0,140.0,84.0,223.0,74.0,20.0,171.0,2.2975778546708825,1.0922509225090236,1
-0.5205992509361347,0.33632286995500615,-0.5151515151513201,0.38604651162772746,-1.0,0.39906103286366246,-0.5037593984960512,0.0,2.328124999996362,0.32999999999983504,88.0,203.0,200.0,64.0,158.0,74.0,66.0,149.0,2.910394265232453,1.3010989010986151,1
-0.2686567164178436,0.5315315315313719,-0.2686567164178436,0.6037735849054705,1.0,0.2686567164178436,-0.6037735849054705,0.0,1.7346938775498404,0.24705882352931488,179.0,255.0,255.0,147.0,224.0,78.0,63.0,255.0,2.4401913875595165,0.9826771653541759,1
-0.4812286689418153,0.7867647058820637,-0.5337423312881798,0.7173144876322554,1.0,0.5235109717866697,-0.7241379310342331,0.0,3.1973684210484246,0.159999999999936,255.0,217.0,250.0,76.0,192.0,29.0,40.0,243.0,2.2692810457513373,0.4705882352940222,1
-0.19209039548017173,0.5789473684208495,-0.22493224932243228,0.5050167224078579,1.0,0.2228260869564612,-0.5066666666664978,0.0,1.5734265734254733,0.3274336283184392,200.0,211.0,226.0,143.0,112.0,60.0,74.0,225.0,2.20653594771213,1.050328227570886,1
-0.08181818181816322,0.43220338983032536,-0.11208791208788746,0.5648148148145533,1.0,-0.08894878706197064,-0.6866666666664378,0.0,0.8366336633659225,0.18577075098806886,183.0,238.0,253.0,202.0,68.0,67.0,47.0,169.0,2.211382113820881,1.4447439353095837,1
-0.017857142857137544,0.9685863874340479,-0.011976047904188032,0.7407407407403979,1.0,0.06515580736542063,-0.7157360406087738,0.0,1.1393939393932488,0.16568047337268305,199.0,171.0,169.0,165.0,144.0,3.0,28.0,188.0,1.937677053824088,0.0710059171597423,1
-0.15646258503397814,0.8870967741931908,-0.15646258503397814,0.7794676806080687,1.0,0.11428571428568708,-0.7957746478870438,0.0,1.258064516128356,0.11372549019603384,194.0,255.0,255.0,186.0,150.0,14.0,29.0,234.0,2.2921348314604164,0.2718446601941088,1
-0.5426008968607433,0.6959064327481311,-0.5255813953485928,0.5934065934062674,1.0,0.4795918367344492,-0.6318407960195862,0.0,2.843137254896386,0.22560975609742343,255.0,172.0,164.0,51.0,131.0,26.0,37.0,145.0,2.116923076922751,0.6341463414632214,1
-0.6190476190474226,0.7833935018047714,-0.6190476190474226,0.5294117647057185,-1.0,0.6091205211724401,-0.5407854984892626,0.0,4.116666666659805,0.29803921568615765,126.0,255.0,255.0,60.0,191.0,30.0,76.0,247.0,2.9310344827581996,0.48192771084327674,1
0.0,0.28333333333309724,-0.09973045822099738,0.5247524752470052,1.0,-0.3688524590162423,-0.78947368421018,0.0,0.46107784431110116,0.11764705882347175,174.0,167.0,204.0,167.0,0.0,43.0,24.0,77.0,1.979259259258966,2.110429447851466,1
-0.29496402877687233,0.5409836065571554,-0.307420494699538,0.43511450381662786,1.0,0.31468531468520466,-0.4285714285712631,0.0,1.9183673469368179,0.3999999999997838,179.0,180.0,185.0,98.0,156.0,56.0,74.0,188.0,2.260596546310477,0.9824561403506618,1
-0.1111111111110869,0.38235294117618945,-0.10526315789471376,0.2617449664427774,1.0,-0.3691275167783996,-0.6416938110747096,0.0,0.46078431372526435,0.21825396825388166,223.0,255.0,252.0,204.0,122.0,42.0,55.0,94.0,2.1771611526144956,1.1199999999996266,1
-0.2879999999998848,0.38392857142840003,-0.3073929961088298,0.5270935960588536,1.0,0.2704918032785777,-0.5555555555552983,0.0,1.7415730337059083,0.28571428571411567,212.0,161.0,168.0,89.0,44.0,69.0,48.0,155.0,2.0674157303367466,1.6379821958452114,1
-0.060291060291047756,-0.16959064327475465,-0.060291060291047756,-0.05333333333329778,-0.06123444748032198,-0.5218855218853462,-0.5269461077842734,0.8845977026162316,0.3141592920352592,0.30980392156850595,151.0,255.0,255.0,226.0,2.0,100.0,79.0,71.0,2.299887260428151,2.9304029304018573,1
-0.17511520737323155,0.2727272727271178,-0.17511520737323155,0.2513966480445523,1.0,-0.23024054982809958,-0.5838509316768373,0.0,0.6256983240219969,0.26274509803911267,105.0,255.0,255.0,179.0,65.0,64.0,67.0,112.0,2.5692695214102557,1.6786885245896137,1
-0.19718309859150301,0.5039999999997984,-0.19718309859150301,0.627705627705356,1.0,0.04735376044566926,-0.7114093959729156,0.0,1.0994152046777197,0.16862745098032603,135.0,255.0,255.0,171.0,74.0,62.0,43.0,188.0,2.4999999999996936,1.2849740932639158,1
-0.49560117302038253,0.2935779816512415,-0.49560117302038253,0.3492822966505506,-1.0,0.2422907488985717,-0.5789473684208735,0.0,1.6395348837190238,0.2666666666665621,72.0,255.0,255.0,86.0,152.0,77.0,68.0,141.0,3.0538922155684047,1.3780760626395128,1
-0.271375464683914,0.4212765957445016,-0.26315789473674317,0.7395833333329482,1.0,0.2603773584904678,-0.7409326424866628,0.0,1.7040816326513224,0.14880952380943524,17.0,171.0,168.0,98.0,148.0,68.0,25.0,167.0,2.9934354485770256,1.2062084257203534,1
-0.13714285714281796,0.36666666666646297,-0.07361963190181792,0.3297297297295515,1.0,-0.10218978102186052,-0.4767932489449465,0.0,0.8145695364233017,0.35428571428551187,88.0,199.0,175.0,151.0,109.0,57.0,62.0,123.0,2.4992150706432494,1.3179190751441279,1
-0.3934426229507122,0.5153846153844172,-0.27922077922068855,0.766816143497414,1.0,0.27922077922068855,-0.766816143497414,0.0,1.774774774773176,0.1319796954314051,136.0,255.0,197.0,111.0,206.0,63.0,26.0,197.0,2.6948480845438976,0.9527410207937707,1
-0.20094562647749387,0.4806201550385734,-0.12207792207789038,0.42007434944222305,1.0,0.06111111111109414,-0.4693877551018812,0.0,1.1301775147922308,0.36111111111094396,195.0,254.0,216.0,169.0,156.0,67.0,78.0,191.0,2.3302752293575306,1.1143451143448826,1
-0.14606741573030427,0.7010676156581135,-0.1304347826086658,0.43113772455076915,1.0,0.11421911421908759,-0.4444444444443145,0.0,1.2578947368414433,0.38461538461522893,255.0,255.0,247.0,190.0,163.0,42.0,95.0,239.0,2.136125654450038,0.6913580246912158,1
-0.22751322751310715,0.8031088082897394,-0.21081081081069689,0.7938144329892816,1.0,0.4089068825909276,-0.696969696969169,0.0,2.3835616438323513,0.17857142857126912,239.0,116.0,112.0,73.0,177.0,19.0,20.0,174.0,1.7058823529408627,0.3907455012852466,1
-0.13953488372089778,0.4545454545451791,-0.1062801932366893,0.25654450261766676,1.0,-0.21311475409829078,-0.5266666666664911,0.0,0.6486486486482981,0.31004366812213535,165.0,245.0,229.0,185.0,87.0,45.0,71.0,120.0,2.3333333333330555,1.212121212120804,1
-0.4022988505745971,0.48314606741545896,-0.377245508981923,0.5903614457827769,1.0,0.11864406779655991,-0.7424242424239612,0.0,1.2692307692295488,0.14782608695645746,211.0,244.0,230.0,104.0,131.0,46.0,34.0,132.0,2.430884184308539,1.0366197183095671,1
0.4299065420558739,0.6902654867253584,0.330434782608552,0.8725490196074155,0.4506413435951446,0.11046511627903766,-0.711111111110321,2.640608874329721,1.2483660130710796,0.16883116883094956,119.0,61.0,77.0,153.0,109.0,35.0,13.0,191.0,1.2385786802027314,0.7567567567565523,1
-0.42038216560496167,0.554006968640922,-0.4739884393062214,0.7839999999996864,1.0,0.42038216560496167,-0.8085106382975856,0.0,2.4505494505467578,0.10588235294113495,187.0,223.0,255.0,91.0,89.0,64.0,27.0,223.0,2.464088397789715,1.1636363636360991,1
-0.5930232558136087,0.7966101694910754,-0.6410256410253123,0.9629629629623686,1.0,0.6391752577316293,-0.9631901840484889,0.0,4.542857142844163,0.018749999999988283,126.0,137.0,160.0,35.0,53.0,18.0,3.0,159.0,2.5195402298844782,0.5806451612900885,1
-0.6326530612242747,0.5692307692305941,-0.6142857142854949,0.6721311475407633,1.0,0.6504854368929934,-0.6376811594200589,0.0,4.722222222213477,0.22123893805299946,115.0,240.0,226.0,54.0,190.0,70.0,50.0,255.0,2.958397534668265,0.9572649572647935,1
-0.13419913419907611,-0.1999999999997647,-0.16666666666659724,0.2830188679239943,1.0,-0.4925373134324683,-0.7610062893076975,0.0,0.33999999999966,0.13571428571418878,188.0,131.0,140.0,100.0,106.0,51.0,19.0,34.0,1.905454545454199,1.6859504132224439,1
-0.7710843373489331,0.7037037037034432,-0.793478260869134,0.4790996784564376,-1.0,0.8473895582325914,-0.34146341463400753,0.0,10.0,0.4909090909087934,112.0,147.0,165.0,19.0,192.0,40.0,81.0,230.0,2.7670588235287608,0.6374501992030602,1
-0.10299003322255715,0.5684647302902206,0.05468749999997864,0.7339449541281038,0.8613105515585023,0.16666666666661523,-0.6133333333329245,10.0,1.3999999999989632,0.23966942148740522,207.0,166.0,121.0,135.0,175.0,52.0,29.0,189.0,1.9703264094952564,0.888888888888699,1
-0.30639730639720325,0.13513513513504383,-0.28222996515669607,0.0,-1.0,-0.10160427807481198,-0.37313432835806976,-0.0,0.8155339805817324,0.4565217391301867,190.0,194.0,184.0,103.0,12.0,64.0,84.0,84.0,2.2790014684284463,2.2857142857132655,1
-0.3144329896906406,-0.5514018691583632,-0.3144329896906406,-0.5999999999995,0.31228861333716085,-0.6942675159231247,-0.45299145299132393,1.9081967219172464,0.18045112781941322,0.3764705882351465,137.0,255.0,255.0,133.0,70.0,83.0,96.0,24.0,2.61538461538428,2.5538461538451718,1
0.0,0.390070921985539,0.0,0.3999999999997143,0.99999999975,-0.44475920679874087,-0.7171717171714758,10.0,0.3843137254900454,0.1647058823528766,50.0,255.0,255.0,255.0,108.0,43.0,42.0,98.0,2.5030674846622696,1.1780821917804185,1
-0.23188405797095848,0.21893491124247402,-0.23188405797095848,0.2409638554215416,1.0,-0.2137404580151856,-0.6037735849054705,0.0,0.6477987421379574,0.24705882352931488,186.0,255.0,255.0,159.0,89.0,66.0,63.0,103.0,2.3859649122804227,1.6296296296291268,1
-0.4285714285712793,0.24378109452724192,-0.44217687074814893,0.5432098765428746,1.0,0.2077294685989335,-0.7028112449796374,0.0,1.52439024390058,0.17452830188671015,90.0,205.0,212.0,82.0,98.0,76.0,37.0,125.0,2.817869415807076,1.621333333332901,1
-0.6779026217225925,0.44117647058801907,-0.6766917293230539,0.8374999999994767,1.0,0.5473684210523435,-0.8898305084741993,0.0,3.4186046511548405,0.0582959641255344,92.0,224.0,223.0,43.0,8.0,57.0,13.0,147.0,3.073756432246471,1.6951672862447231,1
-0.327536231883963,0.12844036697241815,-0.32947976878603197,0.3155080213902056,-1.0,0.02928870292885804,-0.5646258503399441,0.0,1.0603448275852927,0.27826086956509644,45.0,229.0,230.0,116.0,109.0,95.0,64.0,123.0,2.9596122778670497,1.8009478672981516,1
-0.15646258503397814,0.5999999999998034,-0.12676056338025193,0.6944444444442034,1.0,0.1348837209302012,-0.6901408450701796,0.0,1.311827956988542,0.18333333333325696,163.0,255.0,240.0,186.0,159.0,61.0,44.0,244.0,2.3748544819554858,0.9295238095236323,1
-0.005917159763312443,0.41176470588217995,-0.005917159763312443,0.47368421052610804,1.0,-0.19999999999995238,-0.6190476190474226,0.0,0.6666666666664022,0.23529411764696656,152.0,255.0,255.0,252.0,80.0,70.0,60.0,168.0,2.2319474835883772,1.443298969071793,1
-0.13082039911305304,0.23076923076911984,-0.13082039911305304,0.34736842105244875,1.0,-0.20987654320981178,-0.6088328075707858,0.0,0.6530612244894628,0.24313725490186544,205.0,255.0,255.0,196.0,100.0,80.0,62.0,128.0,2.2392974753016204,1.6494845360820491,1
-0.10850439882694765,0.24832214765084007,-0.11370262390667239,0.377777777777498,1.0,-0.24081632653051396,-0.6394849785404981,0.0,0.6118421052627554,0.21989528795800006,120.0,189.0,191.0,152.0,140.0,56.0,42.0,93.0,2.3261538461534883,1.298550724637305,1
0.0891719745222646,0.3614457831323124,0.09967845659160783,0.262569832402088,0.44966775748759474,-0.20422535211260415,-0.35922330097069943,2.6341683159726768,0.660818713449906,0.47142857142823474,115.0,143.0,140.0,171.0,123.0,53.0,66.0,113.0,1.9999999999996503,1.2397660818709826,1
-0.26888217522650487,0.7894736842102493,-0.29239766081862795,0.7346938775507705,1.0,0.3563829787233095,-0.6999999999997308,0.0,2.1074380165271838,0.17647058823521428,191.0,210.0,221.0,121.0,147.0,30.0,39.0,255.0,2.295081967212801,0.5194805194804071,1
-0.026490066225156792,0.5793991416306526,0.1620553359683154,0.7692307692303995,0.6519751876544204,0.11178247734135596,-0.6307692307687456,4.746716695006732,1.2517006802712574,0.22641509433940904,120.0,155.0,106.0,147.0,200.0,49.0,24.0,184.0,2.1490467937604594,0.8132780082985864,1
-0.1574468085105713,0.49845201238374665,-0.2079999999999168,0.6864111498255449,1.0,0.4193548387095545,-0.5408163265303364,0.0,2.444444444441975,0.29801324503291526,125.0,136.0,151.0,99.0,173.0,81.0,45.0,242.0,2.193548387096332,1.1230502599651433,1
-0.31372549019592466,0.9999999999989899,-0.351851851851689,0.8857142857134421,1.0,0.17159763313599316,-0.9210526315783415,0.0,1.4142857142836938,0.04109589041093076,62.0,134.0,146.0,70.0,80.0,0.0,6.0,99.0,2.67999999999933,0.0,1
-0.5555555555552307,0.5596330275227647,-0.4899328859057115,0.6887417218540766,1.0,0.740614334470737,-0.40506329113898415,0.0,6.710526315771814,0.42342342342304196,62.0,133.0,111.0,38.0,211.0,72.0,47.0,255.0,2.9071038251358177,0.9442622950818124,1
-0.30701754385951446,0.06976744186038399,-0.30701754385951446,0.09523809523798185,-1.0,-0.2639999999997888,-0.5935828877002174,0.0,0.5822784810119211,0.25503355704680875,146.0,149.0,149.0,79.0,183.0,40.0,38.0,46.0,2.2791586998083595,1.035598705501283,1
-0.47186147186126765,0.6193771626295435,-0.4695652173911002,0.6478873239434338,1.0,0.5864406779659029,-0.5433789954335418,0.0,3.836065573764203,0.29585798816550546,113.0,170.0,169.0,61.0,140.0,55.0,50.0,234.0,2.6459143968866443,0.9090909090907213,1
-0.33568904593627713,0.6887417218540766,-0.2419354838708702,0.7229729729727288,1.0,0.4613180515757991,-0.5794871794868823,0.0,2.7127659574439225,0.26623376623359335,107.0,189.0,154.0,94.0,92.0,47.0,41.0,255.0,2.6113989637301187,0.8526077097503736,1
-0.045576407506690196,-0.2210526315787147,-0.024657534246568587,-0.026315789473649584,0.032531824674333444,-0.6558139534880671,-0.6548672566368784,1.06725146631549,0.20786516853920908,0.2085561497325088,200.0,195.0,187.0,178.0,38.0,58.0,39.0,37.0,2.0312499999997353,2.429319371726477,1
-0.3055555555554495,0.15476190476181265,-0.4065281899108586,0.19753086419740895,-1.0,-0.015228426395931357,-0.569536423840871,0.0,0.96999999999903,0.2742616033754117,130.0,188.0,237.0,100.0,71.0,71.0,65.0,97.0,2.4818481848180722,1.832258064515538,1
0.022312373225147605,0.48416289592738276,-0.005917159763312443,0.8531073446322864,1.0,-0.2115384615384107,-0.9029850746265288,0.0,0.6507936507933926,0.05098039215684275,98.0,241.0,255.0,252.0,145.0,57.0,13.0,164.0,2.3173076923074136,1.0780141843969082,1
-0.08988764044941296,0.47555555555534423,-0.07428571428569307,0.5514018691586209,1.0,0.012195121951215795,-0.5932203389827995,0.0,1.0246913580240589,0.2553191489360344,127.0,194.0,188.0,162.0,108.0,59.0,48.0,166.0,2.292466765139986,1.2040816326527541,1
-0.42435424354227885,0.2636363636362438,-0.38823529411749486,0.23008849557511946,-1.0,0.28110599078328063,-0.3409090909089618,0.0,1.7820512820489973,0.4915254237285359,141.0,193.0,177.0,78.0,183.0,81.0,87.0,139.0,2.552066115702057,1.3388429752063349,1
-0.28619528619518986,0.059701492537268884,-0.2482269503545219,0.1359999999998912,-1.0,-0.19774011299423858,-0.5304347826084651,0.0,0.6698113207540851,0.3068181818180075,77.0,191.0,176.0,106.0,88.0,63.0,54.0,71.0,2.704424778760583,1.7684210526309585,1
-0.11999999999997177,0.21897810218970112,-0.09661835748789938,0.357723577235627,1.0,-0.05649717514122698,-0.4836601307187962,0.0,0.8930481283417685,0.34801762114522117,113.0,238.0,227.0,187.0,161.0,107.0,79.0,167.0,2.453608247422364,1.579335793357642,1
-0.15384615384611905,0.6236933797907235,-0.13824884792623543,0.694545454545202,1.0,0.10952380952378345,-0.7093425605533878,0.0,1.245989304812168,0.17004048582989068,251.0,255.0,247.0,187.0,74.0,54.0,42.0,233.0,2.151898734176988,1.040963855421436,1
-0.1015118790496541,-0.08799999999992959,-0.1015118790496541,-0.26451612903208743,0.445332724348691,-0.569811320754502,-0.44475920679874087,2.605765273670848,0.2740384615383298,0.3843137254900454,166.0,255.0,255.0,208.0,114.0,68.0,98.0,57.0,2.3076923076920464,1.771986970683462,1
-0.22335025380704993,0.29533678756461385,-0.22137404580147038,0.08695652173909263,-1.0,-0.10071942446039543,-0.39130434782597356,0.0,0.8169934640517537,0.43749999999981776,65.0,241.0,240.0,153.0,87.0,68.0,105.0,125.0,2.7542857142853205,1.5632183908041486,1
-0.4333333333331889,0.18777292576411014,-0.4568690095845186,0.23636363636352895,-1.0,0.23076923076912637,-0.4615384615383136,0.0,1.5999999999981176,0.3684210526314174,102.0,215.0,228.0,85.0,117.0,93.0,84.0,136.0,2.78768233387313,1.694760820045172,1
0.005208333333331977,0.18055555555543018,0.023872679045086508,0.10389610389603644,0.6263143699599457,-0.3884892086329538,-0.4545454545452749,4.352092333860249,0.4404145077717926,0.3749999999997962,228.0,191.0,184.0,193.0,8.0,59.0,69.0,85.0,1.9028642590284055,2.2369668246434897,1
-0.05369127516776722,0.6496350364961133,0.06415094339620221,0.6678966789665433,0.8247356005873323,0.2316076294277298,-0.4674556213014986,10.0,1.6028368794314876,0.36290322580615897,110.0,157.0,124.0,141.0,233.0,48.0,45.0,226.0,2.2230088495571283,0.6918918918917671,1
-0.097493036211672,0.48688046647216127,0.04180064308680328,0.5987460815045145,0.8694844840337066,0.22302158273375947,-0.39906103286366246,10.0,1.5740740740731025,0.42953020134199366,105.0,197.0,149.0,162.0,187.0,88.0,64.0,255.0,2.384266263237158,1.1391585760515954,1
-0.14814814814807956,0.5740740740738969,0.03954802259884772,0.6190476190474226,0.8799019606507389,0.4697406340056283,-0.17241379310332938,10.0,2.77173913043177,0.705882352940346,7.0,124.0,85.0,92.0,200.0,69.0,60.0,255.0,2.8587896253594067,0.9308600337266558,1
0.02105263157893629,0.6923076923072485,0.08988764044938771,0.9849624060142971,0.8327438496434733,0.15283842794753152,-0.9756097560963712,10.0,1.3608247422666384,0.012345679012330437,61.0,93.0,81.0,97.0,121.0,24.0,1.0,132.0,2.16279069767379,0.637873754152612,1
-0.6953642384101356,0.5838509316768373,-0.6973684210521729,0.9029850746265288,1.0,0.8345323741004192,-0.816901408450129,0.0,10.0,0.1007751937983715,6.0,128.0,129.0,23.0,193.0,67.0,13.0,255.0,3.59298245613909,0.9209621993125565,1
0.005464480874313954,0.4710743801650946,-0.12380952380946486,0.39607843137239374,1.0,0.3185185185184006,-0.21025641025630246,0.0,1.9347826086935491,0.652542372880803,143.0,91.0,118.0,92.0,183.0,64.0,77.0,178.0,1.7458033573137302,1.0470347648259617,1
0.08045977011489629,0.3877551020406185,-0.010526315789468145,0.4315789473681939,1.0,0.18260869565209453,-0.27999999999981334,0.0,1.4468085106367587,0.562499999999414,57.0,80.0,96.0,94.0,48.0,60.0,54.0,136.0,2.0578778135041613,1.5789473684205333,1
-0.44370860927122935,0.4859154929575754,-0.3868613138683308,0.850877192982083,1.0,0.6679841897230562,-0.6964285714279496,0.0,5.023809523797562,0.17894736842086426,45.0,109.0,95.0,42.0,127.0,73.0,17.0,211.0,2.859016393441686,1.2066115702476845,1
-0.15909090909087295,0.17948717948706444,-0.15909090909087295,0.5593220338978311,1.0,-0.3357400722020449,-0.8149466192167919,0.0,0.49729729729702854,0.1019607843136855,228.0,255.0,255.0,185.0,60.0,64.0,26.0,92.0,2.2101841820149284,1.8285714285707755,1
-0.24861878453031808,0.18709677419342768,-0.3043478260868787,0.06976744186042456,-1.0,-0.19298245614026624,-0.5223880597013366,0.0,0.6764705882347968,0.3137254901959554,224.0,226.0,255.0,136.0,131.0,63.0,80.0,92.0,2.2266009852214004,1.4441260744981537,1
0.04615384615383432,0.5782312925168102,0.09383378016083276,0.7121771217709549,0.7671649850534351,0.06422018348622381,-0.6249999999996996,7.589773318215396,1.137254901960227,0.23076923076909422,207.0,186.0,169.0,204.0,111.0,62.0,39.0,232.0,1.9003831417622092,1.0620985010704365,1
0.017114914425423688,0.2961373390556669,-0.037037037037028465,0.852760736195796,1.0,-0.1587743732590087,-0.8983050847453822,0.0,0.7259615384611895,0.05357142857140466,215.0,201.0,224.0,208.0,59.0,82.0,12.0,151.0,1.9490909090906727,1.754010695186697,1
-0.16397228637409608,0.5088757396448199,-0.08121827411165451,0.5692307692305941,1.0,0.1697247706421629,-0.505300353356712,0.0,1.4088397790047467,0.32863849765242786,216.0,252.0,213.0,181.0,147.0,83.0,70.0,255.0,2.2375138734736693,1.1690140845068364,1
0.18904109589035917,0.33603238866383156,0.31914893617011575,0.823204419889048,0.4412430540876376,-0.13612565445022615,-0.7499999999994141,2.579373848178264,0.7603686635941197,0.1428571428570153,134.0,148.0,112.0,217.0,66.0,82.0,16.0,165.0,1.829984544049176,1.6607594936704657,1
-0.40883977900541196,0.5211267605631357,-0.40883977900541196,0.4210526315787627,1.0,0.20446096654267493,-0.5887850467287885,0.0,1.5140186915873701,0.2588235294116632,178.0,255.0,255.0,107.0,145.0,51.0,66.0,162.0,2.5660377358487336,0.997555012224695,1
-0.3421052631578047,0.29914529914504345,-0.3055555555554707,0.07042253521121802,-1.0,-0.24378109452724192,-0.561461794019747,0.0,0.6079999999995136,0.28085106382966774,168.0,255.0,235.0,125.0,100.0,41.0,66.0,76.0,2.5404732254044156,1.2713178294568717,1
-0.3291925465837487,0.709999999999645,-0.3121019108279261,0.29545454545443356,-1.0,0.2258064516128223,-0.3779264214045559,0.0,1.5833333333318673,0.4514563106793925,182.0,214.0,206.0,108.0,139.0,29.0,93.0,171.0,2.384401114205796,0.6304347826085244,1
-0.2094594594593887,0.557046979865398,-0.15217391304342312,0.20833333333322485,1.0,-0.00429184549356039,-0.35319148936155187,0.0,0.991452991452144,0.4779874213833472,167.0,179.0,159.0,117.0,111.0,33.0,76.0,116.0,2.230529595015229,0.9010238907846755,1
-0.34626038781153845,0.46919431279598617,-0.2716049382715211,0.36563876651966276,1.0,0.1355311355310859,-0.4820143884890353,0.0,1.313559322032785,0.3495145631066265,235.0,243.0,206.0,118.0,158.0,56.0,72.0,155.0,2.3170441001189133,1.0541176470585756,1
-0.19117647058818843,0.23529411764682814,-0.11999999999996801,0.23529411764682814,1.0,-0.4473684210524354,-0.6867469879515314,0.0,0.38181818181795046,0.1857142857141973,176.0,243.0,210.0,165.0,122.0,39.0,39.0,63.0,2.3506650544132586,1.1863117870717923,1
0.43564356435622,0.6038338658145036,0.31221719456999447,0.7738515901057337,0.42505079052710837,0.26767676767670007,-0.4074074074070302,2.478568135632872,1.731034482757427,0.42105263157839334,115.0,57.0,76.0,145.0,195.0,62.0,32.0,251.0,1.2192513368980697,0.8701754385963385,1
0.09324758842440732,0.5223880597013366,0.07594936708858356,0.41274238227135385,0.6891727056062776,0.19999999999995294,-0.15873015873009574,5.434441359419198,1.4999999999991178,0.7260273972597767,92.0,141.0,146.0,170.0,116.0,80.0,106.0,255.0,2.0735294117643246,1.2052730696796223,1
-0.36032388663953024,0.6501901140681938,-0.2685185185183942,0.6887159533071251,1.0,0.46621621621605874,-0.5480225988697469,0.0,2.7468354430344974,0.29197080291949495,39.0,168.0,137.0,79.0,210.0,46.0,40.0,217.0,2.960352422906837,0.7090558766857978,1
0.08088235294114673,0.272727272727135,0.20987654320979018,0.5272727272724077,0.43057247253590725,-0.07692307692304876,-0.4222222222219095,2.512299464043116,0.8571428571422741,0.40624999999957684,144.0,125.0,96.0,147.0,204.0,72.0,39.0,126.0,1.8484288354894918,1.215189873417465,1
0.11267605633794883,0.37583892617437054,-0.1270718232043497,0.5648854961829906,1.0,0.4436619718308297,-0.2830188679243503,0.0,2.5949367088574746,0.5588235294112168,58.0,63.0,102.0,79.0,144.0,93.0,57.0,205.0,1.916349809885203,1.3906542056072166,1
0.22297297297289764,0.4999999999998215,0.13479623824447184,0.4583333333331742,0.5454745649817949,0.07416879795394522,-0.27777777777764917,3.4001937959270285,1.1602209944744972,0.5652173913039383,131.0,115.0,138.0,181.0,121.0,70.0,78.0,210.0,1.6974169741694283,1.1889596602969874,1
-0.4021739130432597,0.2566371681413658,-0.4300518134712798,-0.006993006993002104,-0.967998673741639,0.1269841269840262,-0.3142857142855646,0.016260847589926984,1.2909090909067438,0.5217391304344046,68.0,129.0,138.0,55.0,118.0,42.0,72.0,71.0,2.7086614173221237,1.23076923076878,1
-0.2631578947366113,0.5088757396448199,-0.2499999999997768,0.6242038216558522,1.0,0.7171717171714758,-0.08527131782939128,0.0,6.071428571414115,0.8428571428559387,33.0,72.0,70.0,42.0,255.0,83.0,59.0,255.0,2.630136986300169,0.9822485207099138,1
-0.255813953488306,0.15428571428562612,-0.2781954887217348,0.27848101265805164,1.0,-0.17551020408156104,-0.6346153846151812,0.0,0.7013888888884019,0.22352941176461824,252.0,243.0,255.0,144.0,121.0,74.0,57.0,101.0,2.2040816326528114,1.5999999999995675,1
-0.03291139240505496,0.45606694560650374,-0.05210918114142628,0.2700729927006314,1.0,-0.04657534246574067,-0.35897435897424396,0.0,0.9109947643974289,0.4716981132073247,223.0,204.0,212.0,191.0,117.0,65.0,100.0,174.0,1.985401459853773,1.235154394298994,1
-0.3199999999999086,0.47906976744163765,-0.23717948717941117,0.5436893203880856,1.0,0.1438848920862792,-0.6083333333330799,0.0,1.3361344537803899,0.24352331606205,176.0,231.0,193.0,119.0,61.0,56.0,47.0,159.0,2.441215323645648,1.3493975903610393,1
0.16666666666660354,0.35999999999984,-0.009646302250800758,0.45714285714263947,1.0,-0.003257328990226952,-0.4672897196259499,0.0,0.9935064935058484,0.3630573248405331,124.0,110.0,157.0,154.0,221.0,72.0,57.0,153.0,1.7670682730920146,1.1119691119688973,1
0.1999999999999518,0.5084175084173372,0.11659192825109493,0.6115107913666865,0.6797376932027204,-0.05285412262155331,-0.5697211155376216,5.244881013763109,0.8995983935739359,0.27411167512676443,223.0,166.0,197.0,249.0,64.0,73.0,54.0,224.0,1.6517412935321327,1.3456221198153582,1
0.3067484662575746,0.3333333333331418,0.3741935483869761,0.6111111111106868,0.2404510730929184,-0.2948328267476308,-0.5519999999995584,1.633141762015057,0.5446009389668806,0.2886597938141354,184.0,113.0,97.0,213.0,74.0,58.0,28.0,116.0,1.451043338683555,1.5163398692805503,1
-0.5960264900660278,0.49206349206323174,-0.5595667870034081,0.8311688311682915,1.0,0.3960396039602,-0.8864628820956828,0.0,2.3114754098322763,0.06018518518515732,165.0,241.0,216.0,61.0,161.0,48.0,13.0,141.0,2.723163841807525,0.9648241206027727,1
0.004032258064515316,0.2124999999998672,0.12669683257915687,0.5275590551176949,0.6126994498871163,-0.43930635838137594,-0.7309417040355467,4.1639482531790595,0.3895582329315705,0.1554404145076915,162.0,247.0,193.0,249.0,53.0,63.0,30.0,97.0,2.1834254143643994,1.8260869565210776,1
-0.24736842105256648,0.4636871508377298,-0.20775623268692306,0.5232558139531842,1.0,-0.04379562043794022,-0.6833976833974196,0.0,0.9160839160832756,0.1880733944953266,191.0,237.0,218.0,143.0,163.0,48.0,41.0,131.0,2.346534653465056,0.9846153846151322,1
-0.37837837837827615,0.3606557377046224,-0.3628808864264923,0.7291666666659071,1.0,-0.16161616161608,-0.8996138996135523,0.0,0.721739130434155,0.05284552845526307,255.0,255.0,246.0,115.0,153.0,39.0,13.0,83.0,2.3181818181815546,0.9936305732480912,1
-0.44475920679874087,0.2123893805308795,-0.44475920679874087,0.47311827956963814,1.0,0.16595744680844002,-0.6776315789471455,0.0,1.3979591836720429,0.1921568627450227,213.0,255.0,255.0,98.0,144.0,89.0,49.0,137.0,2.484774665042328,1.551198257080272,1
-0.5884476534293904,0.34426229508185435,-0.5793357933577198,0.7903930131000916,1.0,0.5648854961829906,-0.7983193277307571,0.0,3.596491228063866,0.11214953271022797,144.0,220.0,214.0,57.0,138.0,100.0,24.0,205.0,2.745709828392707,1.4732965009205388,1
-0.17966101694909165,0.5740740740738969,-0.17966101694909165,0.5644171779139373,1.0,0.3563829787233095,-0.4204081632651345,0.0,2.1074380165271838,0.4080459770112598,80.0,174.0,174.0,121.0,179.0,69.0,71.0,255.0,2.535519125682598,0.9650349650347962,1
-0.027237354085592518,0.36470588235279816,0.028806584362128063,0.4204081632651345,0.8717469336976542,0.16387959866215254,-0.24867724867711713,10.0,1.3919999999988864,0.6016949152537273,144.0,132.0,118.0,125.0,153.0,81.0,71.0,174.0,1.981238273920829,1.3251533742328578,1
-0.1301369863013253,0.6504854368929934,-0.10247349823317935,0.8478260869562146,1.0,0.3350785340313259,-0.7627118644063487,0.0,2.0078740157464505,0.13461538461529834,47.0,165.0,156.0,127.0,238.0,54.0,21.0,255.0,2.6190476190470995,0.7188019966720933,1
-0.02990033222590369,0.4158730158728839,0.0,0.4249201277953914,0.9999999997646616,0.20867208672081067,-0.23728813559311981,10.0,1.5273972602729267,0.6164383561639614,103.0,155.0,146.0,146.0,214.0,92.0,90.0,223.0,2.218246869409263,1.1851851851849942,1
-0.22656249999991152,0.20987654320979018,-0.34653465346523216,0.3008849557520793,-1.0,0.19512195121943288,-0.4416961130740489,0.0,1.484848484846985,0.38725490196059453,59.0,157.0,204.0,99.0,181.0,96.0,79.0,147.0,2.661016949151979,1.4769230769227928,1
0.20270270270263424,0.3129770992365218,0.04398826979470851,0.4453781512603171,0.8202235873034144,-0.017142857142852245,-0.42358078602601595,10.0,0.9662921348309179,0.40490797545987434,112.0,118.0,163.0,178.0,165.0,90.0,66.0,172.0,1.794676806083309,1.3926499032879316,1
-0.4383561643832614,0.7181818181814917,-0.40579710144898135,0.6223175965662565,1.0,0.6434782608692855,-0.37588652482242846,0.0,4.609756097549732,0.4536082474222128,73.0,105.0,97.0,41.0,128.0,31.0,44.0,189.0,2.5925925925917923,0.6543535620051044,1
-0.333333333333145,0.5987460815045145,-0.2804878048778778,0.6999999999997667,1.0,0.6242038216558522,-0.39999999999973335,0.0,4.322033898297759,0.4285714285710204,101.0,118.0,105.0,59.0,246.0,64.0,45.0,255.0,2.383838383837782,0.8139904610491551,1
-0.3563829787233095,0.48412698412679206,-0.31444759206789963,0.5141700404856219,1.0,0.21428571428564472,-0.5890410958902093,0.0,1.5454545454532682,0.25862068965506096,144.0,255.0,232.0,121.0,137.0,65.0,60.0,187.0,2.6322580645157894,1.1453744493389548,1
-0.3280632411065897,0.23076923076909422,-0.3511450381678049,0.291925465838328,-1.0,0.10052910052904734,-0.5128205128202937,0.0,1.2235294117632665,0.3220338983049028,125.0,168.0,177.0,85.0,126.0,65.0,57.0,104.0,2.4615384615380105,1.4444444444440432,1
-0.7099236641218665,0.7058823529406575,-0.6885245901636523,0.5999999999995863,-1.0,0.5064935064931776,-0.7531914893613817,0.0,3.052631578939335,0.14077669902905787,103.0,224.0,206.0,38.0,172.0,20.0,29.0,116.0,3.042444821731232,0.48780487804863176,1
0.45664739884366673,0.5587188612097657,0.1402714932126062,0.4455445544552985,0.521107372196193,0.26956521739122624,-0.06145251396644612,3.176301498853847,1.7380952380938586,0.8842105263148587,159.0,47.0,95.0,126.0,186.0,62.0,84.0,219.0,0.9920844327174164,0.9376181474478378,1
0.17121588089325776,0.18181818181806378,0.18295739348366344,0.15923566878970752,-0.06932263479986295,-0.4434250764524638,-0.42358078602601595,0.8703429015394868,0.3855932203388197,0.40490797545987434,196.0,167.0,163.0,236.0,201.0,63.0,66.0,91.0,1.7441253263705294,1.20574162679397,1
0.25624999999991993,0.2551724137929275,0.30944625407156046,0.5294117647054375,0.2622201918369343,-0.3767123287669943,-0.5820895522383717,1.710835912758943,0.452736318407735,0.2641509433959772,225.0,119.0,106.0,201.0,129.0,54.0,28.0,91.0,1.4337349397588202,1.317073170731306,1
-0.1482352941176122,0.22553191489352106,-0.10617283950614663,0.41871921182245386,1.0,-0.11384615384611882,-0.5830388692577445,0.0,0.7955801104967981,0.2633928571427396,163.0,244.0,224.0,181.0,147.0,91.0,59.0,144.0,2.3461538461535643,1.5391120507396323,1
-0.30405405405395136,0.028248587570605513,-0.1921568627450227,0.10975609756090869,-1.0,-0.0618556701030609,-0.35111111111095505,0.0,0.8834951456302101,0.4802631578944209,97.0,193.0,152.0,103.0,163.0,86.0,73.0,91.0,2.63481228668897,1.6150234741780247,1
-0.27067669172922154,0.4031746031744752,-0.2239999999999104,0.4932432432430766,1.0,0.3899371069181164,-0.3421052631577447,0.0,2.2783505154615686,0.4901960784310522,129.0,169.0,153.0,97.0,255.0,94.0,75.0,221.0,2.3971631205669506,1.132530120481757,1
-0.5580524344567198,0.3749999999998047,-0.5317460317458208,0.8333333333327547,1.0,0.38219895287938105,-0.882926829267862,0.0,2.237288135589428,0.0621761658030766,197.0,208.0,193.0,59.0,94.0,60.0,12.0,132.0,2.4761904761901077,1.3872832369938188,1
-0.33061224489782426,0.2585034013604563,-0.35433070866127786,0.21311475409829078,-1.0,0.38576779026202784,-0.17808219178076093,0.0,2.2560975609728584,0.6976744186042456,156.0,163.0,172.0,82.0,200.0,109.0,120.0,185.0,2.312056737588242,1.4461028192369076,1
-0.13888888888879244,0.33333333333321996,-0.21518987341758533,0.32881355932192247,1.0,0.5193798449610391,0.015384615384607496,0.0,3.1612903225755464,1.0312499999989257,183.0,82.0,96.0,62.0,175.0,98.0,99.0,196.0,1.6039119804397057,1.3827160493824722,1
-0.07598784194526566,0.48235294117632876,0.0,0.6363636363634297,0.9999999998428571,0.24752475247518627,-0.4615384615382397,10.0,1.6578947368410146,0.3684210526313366,148.0,177.0,152.0,152.0,213.0,88.0,56.0,252.0,2.1651376146785677,1.098283931357083,1
0.06713780918725543,0.2888888888887819,-0.08206686930088691,0.5818181818179173,1.0,0.07076923076920899,-0.5892857142854513,0.0,1.152317880793939,0.2584269662919897,222.0,132.0,178.0,151.0,100.0,96.0,46.0,174.0,1.6577708006276832,1.6480686695275433,1
0.0,0.6088328075707858,-0.0685920577617081,0.5740740740738969,1.0,0.32812499999991457,-0.3640552995390028,0.0,1.9767441860449795,0.46621621621590126,43.0,129.0,148.0,129.0,201.0,62.0,69.0,255.0,2.399999999999442,0.8551724137929559,1
0.1931818181817633,0.5315315315313719,0.14130434782604856,0.4655172413791766,0.5342804199243021,0.09677419354836629,-0.2589641434261917,3.2944297058913175,1.2142857142851362,0.5886075949363364,121.0,142.0,158.0,210.0,204.0,78.0,93.0,255.0,1.847154471544415,1.0146341463412984,1
-0.4767441860462345,0.4671052631577411,-0.4972067039103368,0.5486111111109206,1.0,0.6641791044773642,-0.34673366834153435,0.0,4.955555555544543,0.48507462686530967,45.0,127.0,134.0,45.0,247.0,81.0,65.0,223.0,2.9534883720921647,1.0253164556960401,1
0.2890624999998871,0.39102564102551574,0.18279569892466568,0.5897435897433737,0.52676659522089,0.13612565445022615,-0.34117647058803463,3.2262443421264315,1.3151515151507183,0.4912280701750077,138.0,91.0,114.0,165.0,135.0,95.0,56.0,217.0,1.501030927834742,1.4022140221399626,1
-0.5652173913039383,0.6124567474046324,-0.5833333333329282,0.732342007434672,1.0,0.7718631178704289,-0.5199999999996534,0.0,7.766666666640778,0.3157894736839335,75.0,108.0,114.0,30.0,160.0,56.0,36.0,233.0,2.6915887850458904,0.8871287128711115,1
-0.23376623376615788,0.5315315315313719,-0.09923664122133617,0.6451612903223726,1.0,0.36729222520097393,-0.4472361809042979,0.0,2.161016949150711,0.38194444444417924,105.0,190.0,144.0,118.0,76.0,78.0,55.0,255.0,2.520729684908371,1.2813141683775604,1
-0.23188405797095848,0.4644067796608595,-0.23188405797095848,0.6059479553901094,1.0,0.15199999999995947,-0.655844155843943,0.0,1.3584905660368816,0.20784313725482045,121.0,255.0,255.0,159.0,182.0,79.0,53.0,216.0,2.5822784810123314,1.13669064748181,1
-0.293706293706191,0.5128205128202937,-0.2912280701753364,0.5594713656385201,1.0,0.27338129496393043,-0.5726495726493279,0.0,1.7524752475230174,0.27173913043463493,137.0,185.0,184.0,101.0,152.0,57.0,50.0,177.0,2.434210526315389,1.0293453724602644,1
-0.1645569620252748,0.726872246695715,-0.16876574307300535,0.7422222222218924,1.0,0.08587257617726153,-0.7777777777774798,0.0,1.187878787878068,0.12499999999994613,127.0,230.0,232.0,165.0,173.0,31.0,29.0,196.0,2.4468085106379722,0.5754060324824651,1
0.021645021645012277,0.6744186046508491,-0.0327868852458882,0.4229249011856036,1.0,0.20805369127509798,-0.2663316582913235,0.0,1.5254237288122665,0.5793650793646196,167.0,113.0,126.0,118.0,150.0,35.0,73.0,180.0,1.7690802348333132,0.699999999999825,1
0.29054054054044237,0.810276679841577,0.34982332155464674,0.5165562913905575,0.19244793774621205,0.09047619047616894,-0.11515151515144537,1.4766205093110207,1.1989528795805242,0.7934782608687028,233.0,105.0,92.0,191.0,202.0,24.0,73.0,229.0,1.3249211356464787,0.40083507306880983,1
0.40689655172399763,0.5411255411253069,0.5111111111109219,0.4895397489537701,-0.021557331348919698,-0.06806282722511307,-0.03937007874012648,0.9577951608094666,0.8725490196074155,0.9242424242410239,212.0,86.0,66.0,204.0,124.0,53.0,61.0,178.0,1.1700680272106854,1.0392156862742552,1
0.041666666666652204,0.32818532818520146,0.07142857142854592,0.283582089552133,0.5975975974292601,0.06832298136643841,-0.15044247787603965,3.970149248173071,1.1466666666659022,0.7384615384609705,182.0,138.0,130.0,150.0,106.0,87.0,96.0,172.0,1.8157894736839117,1.5398230088492169,1
0.0,0.4744525547443524,-0.10734463276830095,0.26249999999991797,1.0,0.4377224199286699,0.09259259259254973,0.0,2.556962025313219,1.2040816326518327,73.0,79.0,98.0,79.0,116.0,72.0,118.0,202.0,2.0387096774186975,1.246753246752977,1
-0.10726643598612205,0.44475920679874087,-0.12542372881351682,0.36729222520097393,1.0,0.32812499999991457,-0.16901408450698274,0.0,1.9767441860449795,0.7108433734935478,103.0,160.0,166.0,129.0,232.0,98.0,118.0,255.0,2.3188405797097245,1.1478770131769915,1
-0.23595505617964274,0.2596153846152598,-0.26881720430093076,0.2417061611373262,-1.0,0.31658291457270527,-0.191919191919095,0.0,1.926470588232461,0.6779661016943407,107.0,110.0,118.0,68.0,226.0,77.0,80.0,131.0,2.2278481012652587,1.2054794520545586,1
0.005464480874313954,0.47400611620780614,-0.026455026455012458,0.25520833333326687,1.0,0.4474474474473131,0.19166666666658683,0.0,2.619565217388457,1.4742268041221915,133.0,91.0,97.0,92.0,255.0,86.0,143.0,241.0,1.7886977886973492,1.0299401197603248,1
-0.2700729927005328,0.5693430656932229,-0.06542056074760241,0.4576271186439127,1.0,0.6226415094337273,0.1678832116787096,0.0,4.2999999999914,1.4035087719273622,105.0,87.0,57.0,50.0,166.0,59.0,80.0,215.0,2.115501519756196,0.9458917835669447,1
-0.4251968503935334,0.6874999999997314,-0.4427480916028845,0.6301886792450453,1.0,0.49480968858114366,-0.5882352941173999,0.0,2.9589041095849877,0.2592592592591221,130.0,181.0,189.0,73.0,170.0,40.0,49.0,216.0,2.562831858406626,0.6866952789698098,1
-0.12307692307687575,0.4393305439328706,-0.19999999999992985,0.5426008968607433,1.0,0.2027972027971319,-0.5405405405402971,0.0,1.5087719298232378,0.29824561403491334,154.0,146.0,171.0,114.0,61.0,67.0,51.0,172.0,2.0857142857139133,1.460490463214861,1
0.10256410256405873,0.5133531157268506,-0.011494252873558816,0.5133531157268506,1.0,0.32812499999991457,-0.23364485981297495,0.0,1.9767441860449795,0.6212121212116507,143.0,105.0,132.0,129.0,143.0,82.0,82.0,255.0,1.7427385892112568,1.1672597864766605,1
0.23134328358200323,0.49122807017529496,0.07142857142854823,0.5887850467287885,0.7836198178792886,0.21428571428566326,-0.3684210526314027,8.242990642665529,1.5454545454536088,0.4615384615381388,134.0,103.0,143.0,165.0,171.0,87.0,66.0,255.0,1.6316831683165087,1.1599999999998065,1
0.36363636363615703,0.4782608695650788,0.3186813186811436,0.5361445783130916,0.2543947959124302,0.359999999999904,0.10791366906467058,1.6823847107313255,2.124999999998229,1.2419354838689647,59.0,56.0,62.0,120.0,199.0,90.0,77.0,255.0,1.5395189003431136,1.1356466876969817,1
0.30645161290310224,0.3535353535352345,0.4086956521737354,0.6275303643722157,0.21118434461508978,0.10743801652889602,-0.19298245614018159,1.5354466358548624,1.2407407407399749,0.6764705882342993,215.0,86.0,68.0,162.0,52.0,96.0,46.0,201.0,1.2531876138431233,1.7258426966288256,1
-0.060109289617453494,0.2935779816512415,-0.14427860696510236,0.7735849056598909,1.0,0.2422907488985717,-0.7293233082701284,0.0,1.6395348837190238,0.15652173913029868,102.0,97.0,115.0,86.0,107.0,77.0,18.0,141.0,2.031413612564913,1.5323383084573303,1
-0.052959501557615904,0.16546762589922107,-0.061728395061709344,0.4210526315787627,1.0,0.031847133757951646,-0.4453781512603171,0.0,1.0657894736835094,0.38372093023233506,201.0,169.0,172.0,152.0,110.0,116.0,66.0,162.0,1.956584659912886,1.841269841269476,1
-0.2717086834733133,0.45299145299132393,-0.32467532467524035,0.8085106382975856,1.0,0.32467532467524035,-0.8085106382975856,0.0,1.9615384615369529,0.10588235294113495,121.0,227.0,255.0,130.0,155.0,96.0,27.0,255.0,2.5758865248223297,1.275747508305436,1
0.0651162790697523,0.5652173913041588,0.1336633663366006,0.894736842104901,0.7400557384635993,0.010799136069112139,-0.8617021276591161,6.693957110000622,1.021834061134925,0.07428571428567184,104.0,201.0,175.0,229.0,195.0,65.0,13.0,234.0,2.1877551020405184,0.9302325581393684,1
-0.2034883720929641,0.5947136563874033,-0.2080924855490728,0.6088888888886183,1.0,0.13836477987417034,-0.6521739130432205,0.0,1.3211678832107145,0.21052631578937298,190.0,207.0,209.0,137.0,166.0,46.0,44.0,181.0,2.2348178137648804,0.8382687927105152,1
-0.013100436681216987,0.33333333333318904,0.129999999999935,0.3999999999998182,0.5094339621680481,0.15355805243439943,-0.13725490196069462,3.076923074556353,1.3628318584058736,0.7586206896543004,159.0,116.0,87.0,113.0,93.0,77.0,66.0,154.0,1.841269841269476,1.5361596009971232,1
0.35172413793079194,0.7525773195873703,0.531249999999585,0.6666666666664488,0.1130434782516572,0.44475920679874087,0.25925925925893917,1.254901960548667,2.6020408163238753,1.6999999999943334,140.0,47.0,30.0,98.0,63.0,36.0,51.0,255.0,1.1325301204815865,0.7384615384613491,1
0.0742358078602296,0.6842105263155323,0.37430167597744457,0.39130434782596546,0.022208121824634403,0.2910662824206654,0.2727272727270956,1.0454250483906542,1.8211382113806331,1.749999999996875,132.0,106.0,56.0,123.0,115.0,42.0,98.0,224.0,1.815845824410746,0.794326241134564,1
-0.08403361344534285,0.5454545454542356,-0.18959107806684403,0.2890995260662137,1.0,0.11020408163260809,-0.36170212765942056,0.0,1.2477064220172038,0.46874999999970707,153.0,129.0,160.0,109.0,218.0,40.0,75.0,136.0,1.9846153846150028,0.7373271889399223,1
-0.353535353535175,0.45045045045024756,-0.34020618556683496,0.4570135746604267,1.0,0.43111111111091954,-0.3684210526313851,0.0,2.5156249999960694,0.46153846153810657,132.0,134.0,130.0,64.0,91.0,61.0,60.0,161.0,2.310344827585709,1.30481283422425,1
-0.5450643776821695,0.3934426229507122,-0.46733668341685064,0.30102040816318854,-1.0,0.655844155843943,-0.03180212014133152,0.0,4.811320754707903,0.938356164382919,135.0,180.0,146.0,53.0,177.0,111.0,137.0,255.0,2.6277372262768925,1.357798165137407,1
-0.38297872340405165,0.6067796610167435,-0.3763440860213031,0.40236686390520643,1.0,0.6067796610167435,-0.11790393013095289,0.0,4.086206896544679,0.7890624999993836,254.0,130.0,128.0,58.0,229.0,58.0,101.0,237.0,1.8181818181815002,0.7972508591063922,1
-0.16883116883105923,0.6037735849054705,-0.2727272727271178,0.40883977900541196,1.0,0.5987460815045145,-0.02283105022830008,0.0,3.9843749999937743,0.9553571428562898,151.0,90.0,112.0,64.0,144.0,63.0,107.0,255.0,1.8227848101261208,0.9599999999998171,1
0.1213114754097963,0.7056277056274002,0.1515151515151005,0.7747747747744258,0.6728558796797605,0.07065217391302428,-0.6688741721849876,5.113513510138013,1.1520467836250574,0.19841269841254094,81.0,134.0,126.0,171.0,153.0,34.0,25.0,197.0,2.0615384615380647,0.6507177033491266,1
-0.10594315245475298,0.7275985663079829,-0.1284634760704966,0.8396946564882292,1.0,0.16425120772942892,-0.8285714285710905,0.0,1.3930635838142238,0.09374999999995816,222.0,214.0,224.0,173.0,200.0,38.0,21.0,241.0,2.0801944106923353,0.5880077369437934,1
0.013192612137199685,0.48124999999984963,0.013192612137199685,0.6573426573424276,0.9606505047960552,0.10489510489508044,-0.5847457627116167,10.0,1.2343749999993572,0.2620320855613572,249.0,187.0,187.0,192.0,177.0,83.0,49.0,237.0,1.8355828220856643,1.144827586206699,1
-0.12747875354104038,0.503184713375636,-0.1323943661971458,0.48427672955959616,1.0,0.21025641025635636,-0.42049469964649455,0.0,1.5324675324665376,0.4079601990047722,165.0,199.0,201.0,154.0,217.0,78.0,82.0,236.0,2.2203626220359522,1.024630541871753,1
-0.3364928909951012,0.615635179152894,-0.369369369369203,0.5499999999998282,1.0,0.55974842767278,-0.3571428571426977,0.0,3.5428571428520814,0.4736842105260042,101.0,141.0,152.0,70.0,44.0,59.0,72.0,248.0,2.4900662251650134,1.1512195121948412,1
0.3951219512193195,0.5987460815045145,0.29999999999986365,0.3934426229507122,0.1347517730303021,0.2814070351758087,0.18085106382969104,1.3114754093991448,1.7832167832155363,1.4415584415565694,79.0,62.0,77.0,143.0,114.0,64.0,111.0,255.0,1.4335260115602795,1.0301810865189074,1
0.19095477386929877,0.14042553191483387,0.2572944297081546,0.18061674008802617,-0.17509872981387306,-0.27762803234493866,-0.20171673819733832,0.7019846493478258,0.565400843881618,0.6642857142852399,219.0,161.0,140.0,237.0,134.0,101.0,93.0,134.0,1.655526992287705,1.719148936169847,1
-0.09489051094887048,0.3673469387753228,-0.11428571428567347,0.326732673267165,1.0,0.0387596899224656,-0.3928571428569675,0.0,1.080645161289451,0.4358974358971565,129.0,150.0,156.0,124.0,147.0,62.0,68.0,134.0,2.169981916816967,1.224691358024389,1
0.16666666666662328,0.358361774743905,0.11720698254361167,0.47955390334554665,0.6071894611546608,-0.059101654846321725,-0.43319838056662624,4.0915130867562235,0.8883928571424606,0.39548022598847715,216.0,160.0,177.0,224.0,214.0,94.0,70.0,199.0,1.6842105263155678,1.2512479201329032,1
0.04197530864196494,0.6590909090906595,-0.05381165919281305,0.6911196911194243,1.0,0.01860465116278637,-0.7090909090906513,0.0,1.037914691942636,0.1702127659573744,119.0,194.0,235.0,211.0,61.0,45.0,40.0,219.0,2.161559888579086,0.97297297297271,1
0.02312138728323031,0.6632302405496003,0.06306306306304413,0.9917695473246948,0.8804301981451166,0.15513126491643076,-0.9872611464961866,10.0,1.3672316384173067,0.006410256410252301,37.0,169.0,156.0,177.0,235.0,49.0,1.0,242.0,2.4492753623183967,0.6817391304346639,1
-0.7333333333329574,0.6106194690262785,-0.7189189189185303,0.5230125523010364,-1.0,0.7499999999996395,-0.4722222222220036,0.0,6.9999999999730775,0.3584905660375104,183.0,169.0,159.0,26.0,204.0,44.0,57.0,182.0,2.4716636197436066,0.7426160337551176,1
-0.1274509803920944,0.19815668202755846,-0.17972350230406464,0.4285714285711931,1.0,0.18721461187206065,-0.4222222222219877,0.0,1.4606741573017294,0.40624999999968264,131.0,115.0,128.0,89.0,141.0,87.0,52.0,130.0,2.04444444444399,1.5640449438198734,1
-0.30177514792881555,0.5494505494502476,-0.3789473684208532,0.6491228070171643,1.0,0.40999999999979503,-0.6273291925461942,0.0,2.3898305084705256,0.22900763358761148,142.0,110.0,131.0,59.0,97.0,41.0,30.0,141.0,2.090261282659836,1.0249999999996797,1
0.1272727272726887,0.6075949367084763,0.21568627450973343,0.45977011494226455,0.36136136130775476,-0.18849840255585032,-0.4371257485027323,2.1316614410174255,0.6827956989243641,0.39166666666634026,153.0,144.0,120.0,186.0,50.0,31.0,47.0,127.0,1.8373205741623864,1.0376569037652563,1
0.16256157635463978,0.7708333333330657,0.24210526315783104,0.7171717171714758,0.49523387270383307,0.03869653767819986,-0.5483870967738987,2.9622310044855187,1.0805084745758133,0.2916666666664641,115.0,170.0,144.0,236.0,216.0,33.0,42.0,255.0,1.9681620839360392,0.49162011173175196,1
-0.1519999999999392,0.45519713261632433,-0.09401709401705384,0.6370967741932915,1.0,0.3139158576050764,-0.47976878612689033,0.0,1.9150943396208349,0.3515624999997254,228.0,144.0,128.0,106.0,125.0,76.0,45.0,203.0,1.852090032154043,1.2666666666664028,1
-0.44680851063806026,0.4113712374580564,-0.35802469135780374,0.3105590062110837,-1.0,0.6045627376423557,0.004524886877826007,0.0,4.057692307684504,1.0090909090899918,138.0,136.0,110.0,52.0,117.0,88.0,111.0,211.0,2.3549783549778454,1.3968253968251196,1
-0.18688524590157807,0.5648854961829906,-0.03501945525290466,0.6141732283462149,1.0,0.24620060790266074,-0.461538461538208,0.0,1.6532258064502796,0.368421052631302,250.0,181.0,133.0,124.0,201.0,57.0,49.0,205.0,1.9673913043475586,0.8769230769229082,1
0.12550607287444313,0.5862068965515403,0.13008130081295527,0.7037037037034668,0.6879739977506588,0.29081632653053807,-0.41721854304608136,5.409722218063875,1.820143884890777,0.4112149532706437,57.0,108.0,107.0,139.0,119.0,66.0,44.0,253.0,2.0970873786402677,1.0476190476188398,1
0.03343465045591689,0.6811594202896083,0.014925373134323903,0.9333333333329445,0.9685204615977547,0.15422885572135467,-0.9075144508665275,10.0,1.3647058823521385,0.048484848484819106,128.0,159.0,165.0,170.0,126.0,44.0,8.0,232.0,2.06493506493473,0.7892376681612581,1
-0.17857142857134886,0.9318181818178289,-0.14018691588778498,0.841155234656736,1.0,0.4697406340056283,-0.6944444444439622,0.0,2.77173913043177,0.1803278688523112,138.0,132.0,122.0,92.0,124.0,9.0,22.0,255.0,2.1376518218619154,0.18136020151128934,1
-0.024911032028460886,0.5624999999998243,0.04580152671753977,0.7123287671230437,0.8791724136771419,0.2919896640826119,-0.49700598802365453,10.0,1.8248175182468434,0.3359999999997312,177.0,144.0,125.0,137.0,115.0,70.0,42.0,250.0,1.9136212624581537,1.1089108910888894,1
-0.20300751879691617,0.5859649122804962,-0.12033195020741895,0.765624999999701,1.0,0.36144578313242126,-0.6363636363632508,0.0,2.1320754716961017,0.22222222222205765,181.0,160.0,135.0,106.0,199.0,59.0,30.0,226.0,2.1087314662270003,0.8692449355431179,1
-0.21014492753615577,0.17431192660534467,-0.14173228346451114,0.10344827586197979,-1.0,-0.26011560693626584,-0.47208121827387206,0.0,0.5871559633022136,0.3586206896549251,68.0,167.0,145.0,109.0,66.0,45.0,52.0,64.0,2.614481409001445,1.6363636363628926,1
-0.12222222222215433,0.7795918367343757,-0.229268292682815,0.4729729729728132,1.0,0.46801346801331045,-0.2352941176469435,0.0,2.759493670882583,0.6190476190471277,89.0,101.0,126.0,79.0,135.0,27.0,78.0,218.0,2.1837837837831935,0.5307125307124003,1
0.16293929712454858,0.6344086021503103,0.16293929712454858,0.45222929936291334,0.47026132972838575,0.11219512195119215,-0.20737327188930538,2.775446482622855,1.2527472527465644,0.6564885496178196,156.0,131.0,131.0,182.0,169.0,51.0,86.0,228.0,1.7466666666663755,0.8176352705409183,1
-0.021834061135361647,0.6458333333331091,0.108910891089055,0.4905660377356948,0.6366469304017996,0.3581661891116452,-0.052631578947337644,4.504288160530582,2.1160714285695392,0.8999999999989999,184.0,117.0,90.0,112.0,196.0,51.0,81.0,237.0,1.7660377358487231,0.7626168224297639,1
0.275167785234807,0.5789473684208735,0.3718411552345228,0.6451612903223726,0.26875071564976294,0.14606741573030427,-0.22535211267589766,1.7350454113718539,1.3421052631571884,0.6321839080452504,140.0,108.0,87.0,190.0,115.0,68.0,55.0,255.0,1.5824175824172926,1.0750988142290365,1
-0.275167785234807,0.6666666666661617,-0.33333333333323045,0.746031746031154,1.0,0.009174311926601297,-0.8620689655168698,0.0,1.0185185185175754,0.07407407407403978,113.0,190.0,216.0,108.0,91.0,22.0,16.0,110.0,2.529118136438847,0.7183673469384824,1
-0.5315315315313719,0.5326460481097827,-0.5315315315313719,0.7220077220074432,1.0,0.4817275747506705,-0.7525773195873703,0.0,2.8589743589706935,0.14117647058817995,64.0,255.0,255.0,78.0,125.0,68.0,36.0,223.0,3.128834355827741,1.123966942148528,1
-0.21863799283146287,0.6165413533832269,-0.1209677419354351,0.5467625899278609,1.0,0.32716049382705953,-0.37623762376219,0.0,1.9724770642183738,0.45323741007161644,162.0,170.0,139.0,109.0,132.0,51.0,63.0,215.0,2.2258592471354786,0.9086859688193968,1
-0.43695014662743786,0.43147208121805514,-0.45299145299132393,0.1999999999999149,-1.0,0.18987341772143887,-0.4613180515757991,0.0,1.4687499999984701,0.36862745098024763,154.0,245.0,255.0,96.0,159.0,56.0,94.0,141.0,2.6486486486482907,1.0873786407764352,1
0.06896551724134958,0.648241206029825,-0.1506849315067977,0.3172690763050935,1.0,0.13888888888884066,-0.3280632411065897,0.0,1.3225806451602238,0.5059523809520798,212.0,108.0,168.0,124.0,195.0,35.0,85.0,164.0,1.5652173913040641,0.6526806526805006,1
0.14499999999996374,0.5796178343945353,0.08018867924526411,0.599999999999613,0.7642163660456751,-0.29745042492909424,-0.7256637168138382,7.482352931842474,0.5414847161569688,0.15897435897427745,231.0,171.0,195.0,229.0,81.0,33.0,31.0,124.0,1.7057356608476675,0.9741697416970575,1
-0.1298245614034632,0.7430555555552976,-0.1506849315067977,0.9609374999996246,1.0,0.33866666666657635,-0.942196531791363,0.0,2.0241935483854645,0.02976190476188705,164.0,161.0,168.0,124.0,26.0,37.0,5.0,251.0,2.111475409835719,0.8433048433046031,1
-0.07262569832398177,0.3725490196077214,-0.22790697674408006,0.4583333333331742,1.0,0.4334470989759613,-0.2571428571427347,0.0,2.5301204819246625,0.5909090909086433,241.0,96.0,132.0,83.0,111.0,96.0,78.0,210.0,1.4883720930229671,1.497076023391521,1
-0.31861198738160296,0.2903225806450052,-0.18490566037728873,0.5686274509800205,1.0,0.05263157894734534,-0.652631578947025,0.0,1.1111111111100822,0.21019108280241391,121.0,209.0,157.0,108.0,166.0,66.0,33.0,120.0,2.584234930447823,1.26315789473654,1
-0.03999999999999,0.4708171206223849,-0.0229007633587728,0.6016949152539823,1.0,-0.00787401574802943,-0.6209677419352335,0.0,0.9843749999994874,0.23383084577102797,149.0,208.0,201.0,192.0,224.0,68.0,47.0,189.0,2.198150594451493,0.9908925318759578,1
0.16612377850157456,0.36212624584705577,0.1401273885349872,0.5953307392993793,0.6189385003370514,0.0677083333333157,-0.44385026737944183,4.248496636515042,1.145251396647405,0.3851851851848999,57.0,128.0,135.0,179.0,130.0,96.0,52.0,205.0,2.081300813007707,1.4573055028460231,1
-0.12380952380948451,0.5185185185183265,-0.14814814814810243,0.9069767441856247,1.0,0.1953352769678731,-0.8979591836730113,0.0,1.4855072463757353,0.053763440860186154,166.0,177.0,186.0,138.0,190.0,65.0,10.0,205.0,2.1519756838902504,0.9904761904760018,1
-0.25190839694646877,0.3113207547168343,-0.17647058823521997,0.9305555555549094,1.0,0.17299578059064433,-0.9310344827579787,0.0,1.4183673469373281,0.035714285714260205,174.0,164.0,140.0,98.0,231.0,73.0,5.0,139.0,2.186666666666302,1.1317829457362147,1
-0.29813664596264033,0.42978723404237035,-0.19572953736647838,0.5924170616110936,1.0,0.19572953736647838,-0.5924170616110936,0.0,1.4867256637154984,0.2559523809522286,148.0,209.0,168.0,113.0,141.0,67.0,43.0,168.0,2.4624447717227596,1.2099322799094334,1
-0.8959537572249157,0.7465753424654977,-0.8791946308718932,0.7647058823526766,-1.0,0.9318181818178289,-0.6091954022985006,0.0,10.0,0.2428571428569694,105.0,164.0,140.0,9.0,204.0,37.0,34.0,255.0,2.9683257918545323,0.5553470919323535,1
-0.25925925925913923,0.2121212121210836,-0.25233644859801296,0.32450331125806325,1.0,0.11111111111104939,-0.44864864864840615,0.0,1.2499999999984375,0.3805970149250891,76.0,136.0,134.0,80.0,102.0,65.0,51.0,100.0,2.5420560747657612,1.5662650602404922,1
-0.46596858638719063,0.5824175824173691,-0.34615384615362427,0.5052264808360609,1.0,0.6179775280896562,-0.19318181818170843,0.0,4.235294117638754,0.6761904761898322,105.0,140.0,105.0,51.0,224.0,57.0,71.0,216.0,2.568807339448952,0.8231046931406456,1
0.17605633802810702,0.7454545454542744,0.10596026490062717,0.7021276595742192,0.737750653788385,0.1793611793611353,-0.5254237288132625,6.6263297809802895,1.4371257485021336,0.3111111111108807,172.0,117.0,135.0,167.0,196.0,35.0,42.0,240.0,1.6335078534028562,0.5533596837943571,1
-0.3698630136983768,0.39944903581256214,-0.4102564102561473,0.4941176470586782,1.0,0.6933333333331022,-0.12244897959177427,0.0,5.5217391304227785,0.7818181818174711,111.0,100.0,110.0,46.0,130.0,109.0,86.0,254.0,2.24089635854279,1.4485049833884636,1
0.22097378277145283,0.48314606741545896,0.5377358490563502,0.7254901960779573,0.14863083905682278,-0.10508474576267625,-0.39999999999942853,1.3491572064912047,0.8098159509197487,0.4285714285705539,96.0,104.0,49.0,163.0,91.0,46.0,21.0,132.0,1.7815845824407321,1.1682539682535975,1
-0.10299003322255715,0.5203619909499908,-0.07534246575339885,0.6153846153843195,1.0,0.10891089108907297,-0.5939086294413229,0.0,1.2444444444435228,0.254777070063532,160.0,166.0,157.0,135.0,93.0,53.0,40.0,168.0,2.118022328548306,1.155313351498323,1
-0.3421750663129066,0.4878048780485822,-0.32608695652165054,0.7183098591545923,1.0,0.19218241042339018,-0.7810218978099339,0.0,1.475806451611713,0.12295081967208077,145.0,253.0,244.0,124.0,82.0,63.0,30.0,183.0,2.611612903225469,1.2890025575444275,1
-0.3051948051947061,0.4153846153844024,-0.23297491039418175,0.32057416267927247,1.0,0.12653061224484632,-0.4156378600821335,0.0,1.289719626167019,0.41279069767417864,222.0,201.0,172.0,107.0,76.0,57.0,71.0,138.0,2.1997264021884813,1.3902439024386006,1
-0.5749128919858624,0.4999999999997549,-0.565836298932183,0.3133047210299085,-1.0,0.4299065420558739,-0.46666666666651113,0.0,2.5081967213073635,0.3636363636361984,146.0,226.0,220.0,61.0,51.0,51.0,80.0,153.0,2.743550834597459,1.3333333333328976,1
-0.12179487179483277,0.8295964125556818,-0.15692307692302865,0.3972602739724667,1.0,0.1964809384163647,-0.36231884057957886,0.0,1.4890510948894242,0.46808510638272977,249.0,175.0,188.0,137.0,93.0,19.0,88.0,204.0,1.9021739130432196,0.45373134328344666,1
-0.12112676056334616,0.7368421052621883,-0.17894736842100556,0.4193548387092265,1.0,-0.4054054054052228,-0.7848605577686116,0.0,0.4230769230766519,0.12053571428566048,212.0,199.0,224.0,156.0,60.0,10.0,27.0,66.0,2.078328981722966,0.5479452054790768,1
-0.24489795918354854,0.28089887640417877,-0.3303167420812985,0.19999999999978946,-1.0,-0.12977099236631318,-0.5891891891888708,0.0,0.7702702702692293,0.25850340136036837,55.0,122.0,147.0,74.0,46.0,32.0,38.0,57.0,2.616621983913508,1.532934131735609,1
0.18918918918912528,0.48031496062973217,0.09999999999996875,0.22875816993456577,0.3916500992844423,0.03296703296702391,-0.09923664122133617,2.287581697058791,1.0681818181812113,0.8194444444438754,209.0,120.0,144.0,176.0,126.0,66.0,118.0,188.0,1.5359999999997542,1.183856502241887,1
-0.6296296296292966,0.5263157894734534,-0.6153846153842774,0.9999999999994253,1.0,0.6650717703346101,-0.9999999999993198,0.0,4.971428571414367,0.0,110.0,154.0,147.0,35.0,141.0,54.0,0.0,174.0,2.7196467991163975,1.0212765957444394,1
-0.06338028169011853,0.5345454545452601,-0.12211221122108182,0.580524344569071,1.0,0.22674418604644572,-0.5044247787608388,0.0,1.586466165412341,0.3294117647056886,113.0,151.0,170.0,133.0,216.0,64.0,56.0,211.0,2.204379562043393,0.9225225225223562,1
-0.19277108433723328,0.18399999999992642,-0.2756756756755267,0.21311475409827332,-1.0,0.3767441860463364,-0.10280373831770898,0.0,2.2089552238773,0.8135593220332088,93.0,99.0,118.0,67.0,101.0,102.0,96.0,148.0,2.212290502792678,1.8013245033108607,1
0.21538461538453255,0.4047619047617843,0.12056737588648207,0.673758865247988,0.6964285713408961,0.1979695431471579,-0.45882352941149485,5.588235289482699,1.493670886075004,0.3709677419351847,255.0,102.0,124.0,158.0,250.0,100.0,46.0,236.0,1.3225283630467872,1.1661807580173227,1
-0.3636363636362365,0.3421052631578047,-0.3357664233575417,0.7708333333330657,1.0,0.4739884393062214,-0.694444444444123,0.0,2.8021978021947227,0.1803278688523605,147.0,195.0,183.0,91.0,255.0,125.0,33.0,255.0,2.4840764331206233,1.3157894736840374,1
-0.48688046647216127,0.4102564102562788,-0.41528239202644013,0.7391304347823165,1.0,0.42857142857128944,-0.7317073170728733,0.0,2.499999999997159,0.154929577464716,101.0,255.0,213.0,88.0,180.0,92.0,33.0,220.0,2.9184549356219,1.2602739726025238,1
-0.5108695652171137,0.6190476190474226,-0.5054945054942278,0.740614334470737,1.0,0.6999999999997667,-0.5657142857139625,0.0,5.6666666666540735,0.2773722627735202,87.0,139.0,137.0,45.0,140.0,60.0,38.0,255.0,2.712195121950558,0.9320388349512753,1
0.1360946745561325,0.3767441860463364,0.05494505494502476,0.5179487179484523,0.8081841430814422,0.21311475409827332,-0.29323308270654647,9.426666649510478,1.5416666666650607,0.5465116279063412,181.0,73.0,86.0,96.0,169.0,67.0,47.0,148.0,1.3806146572100755,1.1884700665185834,1
-0.43037974683517066,0.5315315315313719,-0.4374999999997266,0.5178571428569888,1.0,0.6999999999997667,-0.17346938775501355,0.0,5.6666666666540735,0.704347826086344,185.0,113.0,115.0,45.0,255.0,78.0,81.0,255.0,1.9824561403504426,0.9369369369367961,1
-0.07207207207203961,0.4613180515757991,-0.14166666666660765,0.7708333333330657,1.0,0.4245810055864736,-0.6117647058819932,0.0,2.475728155337402,0.24087591240858333,171.0,119.0,137.0,103.0,164.0,94.0,33.0,255.0,1.8593749999996367,1.2388797364083626,1
-0.3865030674844255,0.2546125461253673,-0.30069930069909045,0.2830188679244215,-1.0,0.5454545454542975,0.010638297872334768,0.0,3.3999999999932,1.0215053763429875,105.0,113.0,93.0,50.0,140.0,101.0,95.0,170.0,2.3727034120728683,1.5781249999996916,1
-0.04453441295544756,0.16666666666659358,-0.02074688796679637,0.602409638553854,1.0,0.059760956175275,-0.5769230769227072,0.0,1.1271186440668415,0.2682926829266111,167.0,129.0,123.0,118.0,255.0,95.0,33.0,133.0,1.9005524861874952,1.3148788927333364,1
0.015873015873010834,0.49407114624486403,0.08843537414962979,0.6153846153843524,0.7486988846519688,0.0830945558739017,-0.4972067039103368,6.95857987378765,1.1812499999992618,0.33582089552213745,245.0,155.0,134.0,160.0,89.0,64.0,45.0,189.0,1.7342657342654917,1.261083743842054,1
-0.619909502262163,0.2398190045247784,-0.624999999999721,0.6309523809520055,1.0,0.5307262569829437,-0.7089201877930944,0.0,3.261904761896995,0.17032967032957674,140.0,179.0,182.0,42.0,98.0,84.0,31.0,137.0,2.6518518518513607,1.667493796525641,1
-0.2840909090908284,0.0683229813664172,-0.3170731707316214,0.13907284768202713,-1.0,-0.18867924528292987,-0.5779220779218903,0.0,0.6825396825391409,0.2674897119340463,212.0,226.0,243.0,126.0,137.0,75.0,65.0,86.0,2.288607594936419,1.6085790884714186,1
-0.1525423728812913,0.007633587786253716,-0.32432432432421476,0.45054945054895545,1.0,-0.20481927710831035,-0.7737556561082473,0.0,0.65999999999934,0.1275510204080982,198.0,136.0,196.0,100.0,109.0,65.0,25.0,66.0,1.9087719298242263,1.7049180327863263,1
0.09708737864075313,0.15853658536575702,-0.0022075055187633095,0.557377049179871,1.0,-0.4080996884733931,-0.7874015748028397,0.0,0.420353982300699,0.11894273127748065,255.0,186.0,227.0,226.0,104.0,69.0,27.0,95.0,1.744431418522656,1.6379821958452114,1
0.2666666666665859,0.5744680851057719,0.16759776536308169,0.7831325301195384,0.6474336282502168,-0.4770318021199728,-0.8860759493665279,4.6726907602598455,0.3540669856457636,0.060402684563717855,210.0,121.0,149.0,209.0,107.0,20.0,9.0,74.0,1.4644478063537874,0.7239819004521612,1
-0.35977337110471397,0.999999999999355,-0.34492753623178407,0.6577540106948355,1.0,0.1567164179103893,-0.7575757575754707,0.0,1.3716814159279895,0.13793103448269917,69.0,240.0,232.0,113.0,145.0,0.0,32.0,155.0,2.900302114803187,0.0,1
-0.2212389380530321,0.544444444444142,-0.25423728813552143,0.3969849246229161,1.0,0.025830258302573496,-0.5744680851061793,0.0,1.0530303030295054,0.27027027027014855,206.0,207.0,222.0,132.0,48.0,41.0,60.0,139.0,2.2021276595741752,1.219330855018134,1
-0.29999999999983334,0.8083333333329966,-0.29608938547469493,0.9118942731273516,1.0,0.5499999999998036,-0.8412698412691736,0.0,3.444444444438977,0.08620689655164981,143.0,117.0,116.0,63.0,112.0,23.0,10.0,217.0,2.127272727272244,0.49066666666653586,1
0.22916666666654734,0.562289562289373,-0.04453441295544756,0.5213114754096652,1.0,0.32571428571419264,-0.27722772277214003,0.0,1.966101694913588,0.5658914728677784,112.0,74.0,129.0,118.0,204.0,65.0,73.0,232.0,1.566137566137152,0.918727915194184,1
-0.371179039301148,0.05641025641022748,-0.45660377358473336,0.06735751295333298,-1.0,0.17714285714275593,-0.3639575971730163,0.0,1.4305555555535687,0.46632124352307447,145.0,157.0,193.0,72.0,137.0,92.0,90.0,103.0,2.3653483992462587,1.7358490566033642,1
-0.40714285714271176,0.4201954397392768,-0.48124999999984963,0.6899224806198877,1.0,0.4485049833885553,-0.7111913357398155,0.0,2.626506024093221,0.16877637130794568,160.0,197.0,237.0,83.0,149.0,89.0,40.0,218.0,2.4740973312398,1.3064220183483841,1
-0.3333333333332085,0.5178571428569888,-0.25523012552290575,0.6346153846151812,1.0,0.48255813953474347,-0.4492753623186236,0.0,2.865168539322623,0.3799999999997467,56.0,178.0,150.0,89.0,90.0,81.0,57.0,255.0,2.84231536926091,1.2781065088754875,1
-0.3919999999998432,0.557195571955514,-0.41538461538445565,0.6106870229005303,1.0,0.47038327526116014,-0.5659574468082699,0.0,2.776315789470031,0.27717391304332767,148.0,174.0,184.0,76.0,233.0,60.0,51.0,211.0,2.433566433566008,0.8510638297870831,1
-0.37037037037019893,0.5719557195569845,-0.2842105263156399,0.9722222222217721,1.0,0.5160142348752612,-0.9519999999992383,0.0,3.132352941171864,0.02459016393440607,100.0,148.0,122.0,68.0,123.0,58.0,3.0,213.0,2.5517241379304845,1.0265486725661446,1
-0.12621359223294845,0.631336405529663,-0.19642857142848374,0.631336405529663,1.0,0.32584269662909143,-0.5402298850571609,0.0,1.9666666666644814,0.2985074626863444,133.0,116.0,134.0,90.0,93.0,40.0,40.0,177.0,2.0395604395599913,0.9142857142854531,1
-0.5209580838320235,0.8085106382975856,-0.4630872483218369,0.7647058823526766,1.0,0.7288135593217868,-0.5244755244751578,0.0,6.3749999999840625,0.31192660550430096,78.0,127.0,109.0,40.0,156.0,27.0,34.0,255.0,2.7311827956981904,0.46451612903215816,1
-0.3451957295372437,0.4492753623186778,-0.3762711864405504,0.5564202334628185,1.0,0.3698630136985035,-0.5615384615382456,0.0,2.1739130434758978,0.2807881773397632,126.0,189.0,203.0,92.0,87.0,76.0,57.0,200.0,2.5369127516774266,1.3849658314347644,1
-0.43775100401588846,0.4217687074828498,-0.43548387096756636,0.6201550387594496,1.0,0.49820788530448096,-0.5682819383257409,0.0,2.9857142857100203,0.27528089887624985,169.0,179.0,178.0,70.0,255.0,85.0,49.0,209.0,2.3986599664987605,1.0725552050471494,1
-0.15841584158408,0.48255813953474347,-0.23423423423412873,0.6887417218540766,1.0,0.49999999999985295,-0.4891304347823429,0.0,2.9999999999964704,0.34306569343040655,155.0,117.0,137.0,85.0,238.0,89.0,47.0,255.0,1.974683544303381,1.0611028315944766,1
0.06666666666664052,0.43396226415077965,0.04615384615382841,0.6101694915251652,0.8593563765079156,0.1656441717790903,-0.45882352941149485,10.0,1.3970588235283847,0.3709677419351847,244.0,119.0,124.0,136.0,93.0,75.0,46.0,190.0,1.5404530744334075,1.3856812933022205,1
-0.05142857142854204,0.18749999999990236,-0.29059829059816644,0.31034482758602855,1.0,0.15736040609129068,-0.4312796208528762,0.0,1.3734939759019595,0.39735099337722035,113.0,92.0,151.0,83.0,94.0,78.0,60.0,114.0,1.9368421052626483,1.7142857142852435,1
-0.3832599118941043,0.26153846153832744,-0.3269230769229198,0.22999999999988502,-1.0,0.2746113989635883,-0.28372093023242617,0.0,1.757142857140347,0.5579710144923493,204.0,157.0,138.0,70.0,174.0,72.0,77.0,123.0,2.136054421768344,1.3061224489792957,1
-0.02202643171805197,0.3454545454543361,-0.06722689075627428,0.6204379562039267,1.0,0.0,-0.6601307189538169,0.0,0.999999999999099,0.2047244094486577,93.0,116.0,127.0,111.0,143.0,54.0,26.0,111.0,2.128440366971989,1.1933701657455267,1
0.5044247787609132,0.29599999999988164,0.36729222520097393,0.6446700507610941,0.27409897791793514,-0.22302158273375947,-0.5424836601303644,1.7551965610838227,0.6352941176468098,0.29661016949127406,255.0,84.0,118.0,255.0,114.0,88.0,35.0,162.0,0.9911504424777299,1.5575221238934607,1
0.3226837060701845,0.8208955223877534,0.28971962616813407,0.5947712418298711,0.3448895027234312,0.0820399113081858,-0.2954545454543776,2.0529200920596704,1.1787439613520876,0.54385964912233,159.0,106.0,114.0,207.0,72.0,24.0,62.0,244.0,1.467128027681407,0.5274725274723826,1
-0.5913043478258299,0.9999999999995262,-0.6163265306119934,0.681274900398135,1.0,0.6356589147284358,-0.6638655462182085,0.0,4.489361702118107,0.20202020202010001,238.0,183.0,198.0,47.0,49.0,0.0,40.0,211.0,2.2488479262669356,0.0,1
-0.2781954887217348,0.37837837837812277,-0.2781954887217348,0.37837837837812277,1.0,-0.17073170731700377,-0.6943521594682078,0.0,0.7083333333328415,0.18039215686267437,206.0,255.0,255.0,144.0,90.0,46.0,46.0,102.0,2.372093023255538,1.2957746478868677,1
-0.31693989071029594,0.8612244897955669,-0.2753623188404999,0.9999999999995615,1.0,0.2917847025494924,-0.9999999999995455,0.0,1.8239999999985408,0.0,124.0,241.0,220.0,125.0,146.0,17.0,0.0,228.0,2.637482900136438,0.33333333333325166,1
0.14079422382666398,0.6999999999997667,0.022653721682840567,0.5454545454543802,0.9202485757054432,0.2348668280871102,-0.33628318584055916,10.0,1.6139240506318902,0.49668874172152544,145.0,119.0,151.0,158.0,135.0,45.0,75.0,255.0,1.7597042513859962,0.7499999999998438,1
-0.4376996805110423,0.4881516587675412,-0.45679012345664916,0.3955555555553798,-1.0,0.2816326530611096,-0.5526315789471866,0.0,1.7840909090888817,0.2881355932202169,62.0,225.0,236.0,88.0,205.0,54.0,68.0,157.0,2.9999999999995,0.9191489361700173,1
-0.5223880597013366,0.3741496598636911,-0.5223880597013366,0.518796992480813,-1.0,0.11602209944744972,-0.7770034843202868,0.0,1.2624999999984219,0.12549019607838216,88.0,255.0,255.0,80.0,31.0,46.0,32.0,101.0,3.00884955752168,1.6428571428564096,1
-0.36263736263722984,0.2682926829266657,-0.24999999999989225,0.5999999999995386,1.0,0.08900523560204765,-0.6959064327481311,0.0,1.1954022988492006,0.17931034482746255,132.0,186.0,145.0,87.0,98.0,60.0,26.0,104.0,2.5177664974615026,1.4906832298132018,1
-0.4435483870965954,0.696969696969433,-0.4501992031870717,0.8137651821859054,1.0,0.5290102389076693,-0.7756097560971826,0.0,3.246376811589498,0.12637362637355695,126.0,179.0,182.0,69.0,162.0,40.0,23.0,224.0,2.5895117540682477,0.6866952789698098,1
-0.12562814070345446,0.5879396984921669,-0.05434782608692699,0.6544502617797621,1.0,0.2897959183672287,-0.49230769230731364,0.0,1.816091954020901,0.3402061855666596,56.0,112.0,97.0,87.0,112.0,41.0,33.0,158.0,2.441416893732305,0.9318181818179171,1
-0.13953488372084913,0.5070422535207697,-0.17777777777767903,0.3544303797466111,1.0,0.18232044198884956,-0.3503184713373565,0.0,1.4459459459439918,0.4811320754712442,76.0,98.0,106.0,74.0,92.0,35.0,51.0,107.0,2.2658959537565706,1.0408921933081632,1
-0.49342105263141667,0.7832512315267078,-0.4210526315787891,0.8009950248752234,1.0,0.40310077519364224,-0.8086124401910008,0.0,2.350649350646298,0.10582010582004983,91.0,227.0,189.0,77.0,75.0,22.0,20.0,181.0,2.919614147909498,0.5866666666664712,1
0.03947368421051333,0.45641025641002236,-0.027692307692299172,0.296803652967901,1.0,-0.05333333333331556,-0.3688524590162423,0.0,0.8987341772146211,0.46107784431110116,135.0,146.0,167.0,158.0,190.0,53.0,77.0,142.0,1.996581196580855,0.9680365296801443,1
0.43564356435622,0.5644171779139373,0.06617647058821097,0.6451612903223726,0.8139379792120262,0.27499999999993124,-0.39560439560417826,9.74910392792079,1.7586206896539598,0.4330708661413913,153.0,57.0,127.0,145.0,255.0,71.0,55.0,255.0,1.1067961165045859,0.8711656441716454,1
-0.27044025157215695,0.5548780487803187,-0.3053892215567034,0.740614334470737,1.0,0.6293929712458053,-0.48299319727858303,0.0,4.396551724130351,0.34862385321068934,75.0,101.0,109.0,58.0,169.0,73.0,38.0,255.0,2.411940298506743,1.0245614035085922,1
0.25957446808499596,0.5648854961829906,0.23333333333323614,0.633466135457915,0.46162095903974965,0.16147308781865113,-0.33333333333309184,2.7148548650858286,1.3851351351341994,0.4999999999994565,193.0,87.0,92.0,148.0,77.0,57.0,46.0,205.0,1.3514563106793491,1.1515151515148607,1
-0.4056224899596765,0.536231884057712,-0.4477611940296837,0.6562499999996583,1.0,0.36480686695263315,-0.7092511013212734,0.0,2.1486486486457452,0.17010309278341748,111.0,175.0,194.0,74.0,69.0,48.0,33.0,159.0,2.6168224299060525,1.1851851851848194,1
0.21428571428558674,0.7586206896548454,-0.04672897196259499,0.6518218623479143,1.0,0.3333333333332244,-0.44516129032229346,0.0,1.9999999999980391,0.3839285714282286,169.0,66.0,112.0,102.0,234.0,28.0,43.0,204.0,1.3101736972701463,0.45344129554646695,1
0.46268656716394896,0.37984496124001565,0.3363636363634835,0.33834586466139976,0.0029378988951711577,-0.24576271186430265,-0.247863247863036,1.0058931108569207,0.6054421768703365,0.6027397260265716,149.0,54.0,73.0,147.0,143.0,40.0,44.0,89.0,1.0693069306928047,1.025641025640697,1
0.3222222222220432,0.27093596059099956,-0.02857142857141691,0.5266272189345996,1.0,0.04032258064514503,-0.5180722891563144,0.0,1.0840336134444672,0.3174603174600655,128.0,61.0,126.0,119.0,97.0,74.0,40.0,129.0,1.322493224931891,1.5828877005343363,1
-0.0320699708454717,0.3644859813080706,-0.026392961876825105,0.4038461538457655,1.0,-0.3891213389119711,-0.699029126213253,0.0,0.43975903614431344,0.17714285714275593,171.0,177.0,175.0,166.0,171.0,34.0,31.0,73.0,2.0492040520981116,0.8717948717945924,1
-0.1815384615384057,0.3298969072163248,-0.13636363636359208,0.7671232876707075,1.0,-0.015267175572513258,-0.8229166666662381,0.0,0.969924812029346,0.09714285714280164,181.0,192.0,175.0,133.0,224.0,65.0,17.0,129.0,2.2005730659022635,1.0766045548652015,1
-0.22480620155032952,0.7465753424654977,-0.2424242424241812,0.705685618728861,1.0,0.25925925925919524,-0.6965517241376908,0.0,1.6999999999988669,0.1788617886178135,182.0,237.0,246.0,150.0,114.0,37.0,44.0,255.0,2.352357320098964,0.6681715575619259,1
-0.07926829268290267,0.8613138686128243,-0.047318611987366775,0.9999999999996079,1.0,0.2561576354679172,-0.9999999999993977,0.0,1.6887417218531864,0.0,211.0,177.0,166.0,151.0,95.0,19.0,0.0,255.0,1.9776536312846398,0.39175257731948665,1
0.0332326283987815,0.46613545816714497,0.017857142857137544,0.39393939393924476,0.9132720102906995,0.036619718309848844,-0.34693877551006247,10.0,1.0760233918122364,0.48484848484819104,215.0,160.0,165.0,171.0,146.0,67.0,80.0,184.0,1.813031161472831,1.1551724137928545,1
0.010033444816050157,0.8088235294114674,0.1268656716417437,0.5718849840253765,0.6368785613447052,0.23929471032739566,-0.27173913043463493,4.507799282295561,1.6291390728466033,0.5726495726490832,169.0,148.0,117.0,151.0,49.0,26.0,67.0,246.0,1.9220779220776099,0.5994236311237466,1
0.12837837837833502,-0.6764705882342993,0.28461538461527514,-0.6271186440667337,1.0,-0.8764044943815301,-0.31914893616998646,0.0,0.06586826347301446,0.5161290322575095,219.0,129.0,93.0,167.0,51.0,57.0,48.0,11.0,1.6024844720494404,2.590909090907619,1
-0.11805555555551457,0.5078534031410954,-0.04868913857676079,0.5999999999996667,1.0,0.06273062730624991,-0.5909090909087552,0.0,1.1338582677156426,0.2571428571426735,151.0,161.0,140.0,127.0,151.0,47.0,36.0,144.0,2.1466666666663086,0.9665809768635047,1
0.09154929577461565,0.4140127388532395,0.225296442687658,0.7076923076917634,0.5170436028904138,-0.16541353383452428,-0.675213675213098,3.141160592396764,0.7161290322576026,0.19387755102021031,148.0,129.0,98.0,155.0,137.0,46.0,19.0,111.0,1.8395721925130408,1.0823529411761523,1
-0.22065727699520157,0.5087719298242639,-0.2654867256635994,0.28999999999985504,1.0,0.21698113207536937,-0.3364485981306839,0.0,1.554216867468007,0.49650349650314934,70.0,130.0,143.0,83.0,70.0,42.0,71.0,129.0,2.51815980629479,1.1872791519430435,1
-0.13705583756338222,0.619512195121649,-0.21658986175105227,0.5885167464112017,1.0,0.322709163346485,-0.508571428571138,0.0,1.9529411764682907,0.325757575757329,144.0,112.0,132.0,85.0,133.0,39.0,43.0,166.0,1.9779249448119254,0.8275862068963322,1
-0.7465753424654977,0.46511627906949704,-0.7439446366779433,0.5365853658533314,-1.0,0.5460122699383154,-0.7379310344825042,0.0,3.4054054053962015,0.15079365079359097,152.0,255.0,252.0,37.0,135.0,46.0,38.0,126.0,2.9184549356219,1.0424929178467301,1
-0.17475728155331324,0.5897435897434008,-0.20930232558129802,0.7282229965154258,1.0,0.4894894894893425,-0.5384615384612199,0.0,2.917647058820097,0.2999999999997693,139.0,121.0,130.0,85.0,123.0,64.0,39.0,248.0,2.0772532188836745,1.0260521042082111,1
0.019607843137247213,0.7894736842102493,0.007751937984493119,0.7288135593217868,0.9789511236630263,0.32467532467524035,-0.5238095238092121,10.0,1.9615384615369529,0.3124999999997559,73.0,125.0,128.0,130.0,142.0,30.0,40.0,255.0,2.2075055187633095,0.525164113785443,1
-0.36059479553889945,0.6655737704915851,-0.3653136531363966,0.8955223880593673,1.0,0.4941176470586782,-0.8592964824116286,0.0,2.953488372089589,0.07567567567563477,108.0,183.0,185.0,86.0,178.0,51.0,14.0,254.0,2.614285714285247,0.7640449438200816,1
-0.2206896551723377,0.33333333333317233,-0.2915360501566484,0.6526946107780524,1.0,0.09960159362545833,-0.7531914893613817,0.0,1.2212389380520166,0.14077669902905787,164.0,177.0,206.0,113.0,204.0,69.0,29.0,138.0,2.244057052297584,1.1499999999997605,1
-0.22249388753050794,0.027027027027002676,-0.23188405797095848,0.3411764705878339,1.0,-0.4722222222220036,-0.8021201413424728,0.0,0.3584905660375104,0.1098039215685844,161.0,250.0,255.0,159.0,177.0,54.0,28.0,57.0,2.439024390243605,1.2631578947364728,1
0.08108108108102631,0.7465753424654977,-0.16666666666657987,0.8021201413424728,1.0,0.5223880597013366,-0.5999999999995714,0.0,3.1874999999960156,0.2499999999997768,164.0,68.0,112.0,80.0,255.0,37.0,28.0,255.0,1.4315789473680445,0.5068493150684064,1
-0.022900763358769886,0.49425287356293435,0.0847457627118285,0.8309859154923727,0.8149113659172191,0.007751937984493119,-0.7999999999993334,9.805633791243505,1.0156249999992066,0.11111111111100823,255.0,134.0,108.0,128.0,228.0,44.0,12.0,130.0,1.6466973886326195,0.7892376681612581,1
-0.3599999999997943,0.47706422018326744,-0.39784946236537755,0.7037037037033315,1.0,0.4838709677417125,-0.645569620252756,0.0,2.874999999994866,0.21538461538444972,214.0,119.0,130.0,56.0,158.0,57.0,28.0,161.0,1.8740157480311272,1.0531177829096876,1
-0.05145413870244934,0.6344086021501966,0.0,0.71751412429338,0.9999999998606299,-0.16483516483511956,-0.789029535864646,10.0,0.7169811320751336,0.11792452830183117,219.0,235.0,212.0,212.0,255.0,34.0,25.0,152.0,2.086570477247271,0.5726315789472479,1
-0.2868217054262825,0.4655172413791766,-0.2136752136751528,0.6037735849054705,1.0,0.2977099236640464,-0.5434782608693683,0.0,1.8478260869551828,0.2957746478871851,91.0,249.0,213.0,138.0,173.0,93.0,63.0,255.0,2.7400275103159917,1.2117263843646233,1
-0.03482587064675751,0.6153846153843524,-0.13585746102446863,0.880597014924935,1.0,-0.013054830287202859,-0.910112359550221,0.0,0.9742268041232093,0.047058823529393314,172.0,208.0,255.0,194.0,108.0,45.0,12.0,189.0,2.1278772378513904,0.9302325581392945,1
0.12831858407076807,-0.03225806451611169,0.22302158273375947,0.3740458015264321,0.2529433406490758,-0.4782608695650788,-0.596059113300199,1.6771731093185103,0.35294117647044987,0.2530864197529302,233.0,197.0,162.0,255.0,230.0,96.0,41.0,90.0,1.7868480725621556,1.499999999999707,1
0.28253968253959283,0.40909090909075413,0.3116883116882105,0.4307692307690651,0.16038751343369687,-0.04123711340205123,-0.17777777777767903,1.382051281607791,0.920792079207465,0.6981132075465112,116.0,113.0,106.0,202.0,188.0,78.0,74.0,186.0,1.6617647058820473,1.1773584905658154,1
-0.3187499999999004,0.5662650602406227,-0.21863799283146287,0.460674157303112,1.0,0.08786610878657412,-0.5596330275226791,0.0,1.1926605504576213,0.2823529411763045,207.0,211.0,170.0,109.0,80.0,36.0,48.0,130.0,2.2872628726284163,1.0212765957443188,1
-0.19696969696962238,0.26530612244879914,-0.07826086956518337,0.3478260869562697,1.0,-0.06532663316579632,-0.4674556213014986,0.0,0.87735849056521,0.36290322580615897,176.0,158.0,124.0,106.0,151.0,54.0,45.0,93.0,2.1137123745815862,1.2272727272723787,1
-0.435406698564385,0.45251396648019415,-0.45622119815647183,0.460674157303112,1.0,0.3756613756611769,-0.5339805825240127,0.0,2.20338983050474,0.30379746835423815,133.0,150.0,158.0,59.0,141.0,49.0,48.0,130.0,2.439024390243407,1.0623306233059453,1
-0.015267175572513258,0.31736526946088783,0.007812499999996949,0.4765100671137742,0.9677384430176732,-0.07949790794975754,-0.5301204819273916,10.0,0.8527131782939127,0.30708661417298655,152.0,133.0,127.0,129.0,186.0,57.0,39.0,110.0,1.9451553930526606,1.1121951219509483,1
-0.4196078431370904,0.12871287128700126,-0.4263565891471216,0.3103448275858502,-1.0,-0.12977099236631318,-0.7196261682239629,0.0,0.7702702702692293,0.16304347826078097,96.0,181.0,184.0,74.0,73.0,44.0,30.0,57.0,2.721804511277684,1.6146788990818282,1
0.034825870646748844,0.6301369863011541,-0.03703703703701989,0.7246376811591577,1.0,0.3918128654969615,-0.4933333333330045,0.0,2.288461538459338,0.3392857142854113,136.0,97.0,112.0,104.0,189.0,54.0,38.0,238.0,1.7880184331793116,0.8074766355138677,1
-0.17030567685582085,0.5864661654133134,-0.08653846153841994,0.7583333333330174,1.0,0.3790849673201376,-0.5915492957742313,0.0,2.2210526315766095,0.2566371681413658,137.0,134.0,113.0,95.0,188.0,55.0,29.0,211.0,2.143999999999571,0.8644400785852919,1
-0.1702127659573563,0.6724137931031585,-0.32173913043464275,0.8388625592413086,1.0,0.42647058823513734,-0.7988165680468646,0.0,2.487179487176298,0.11184210526308433,118.0,110.0,152.0,78.0,174.0,38.0,17.0,194.0,2.115384615384107,0.6846846846845305,1
-0.7531914893613817,0.8181818181814268,-0.7707509881419878,0.7511520737323728,-1.0,0.7351598173512626,-0.7848605577686116,0.0,6.551724137908443,0.12053571428566048,89.0,206.0,224.0,29.0,165.0,19.0,27.0,190.0,3.109433962263564,0.3867684478370517,1
-0.39999999999980956,0.9647577092506764,-0.4814814814812834,0.8429752066112219,1.0,0.5594405594403639,-0.8090452261302468,0.0,3.539682539676921,0.10555555555549692,127.0,147.0,180.0,63.0,74.0,4.0,19.0,223.0,2.4297520661152006,0.10491803278685086,1
-0.10638297872337192,0.34939759036134055,-0.09259259259256401,0.36585365853647384,1.0,0.2075471698112648,-0.259786476868235,0.0,1.5238095238084874,0.5875706214685946,160.0,182.0,177.0,147.0,140.0,108.0,104.0,224.0,2.1698956780920757,1.489655172413536,1
0.060532687651317064,0.49253731343265206,0.0554216867469746,0.7094017094014062,0.8550732441794286,-0.04534606205249515,-0.7043478260866504,10.0,0.9132420091320032,0.17346938775501355,94.0,194.0,196.0,219.0,124.0,68.0,34.0,200.0,2.2139800285303544,1.1826086956519168,1
-0.09178743961348224,0.7832167832165094,-0.025906735751281915,0.705685618728861,1.0,0.4613180515757991,-0.3846153846151157,0.0,2.7127659574439225,0.4444444444439955,86.0,113.0,99.0,94.0,229.0,31.0,44.0,255.0,2.2266009852211264,0.454212454212371,1
-0.09803921568624706,0.5630769230767498,0.01577287066245559,0.7337883959041864,0.9579143922881747,0.2240963855421147,-0.5999999999996923,10.0,1.5776397515518152,0.24999999999983977,255.0,196.0,156.0,161.0,199.0,71.0,39.0,254.0,1.9405940594057003,0.9546218487393353,1
0.034749034749021336,0.2990654205606079,0.2407407407406293,0.6646706586822367,0.46821800362245286,0.018315018315011606,-0.4909090909086446,2.760939657996025,1.0373134328350468,0.3414634146337299,140.0,125.0,82.0,134.0,182.0,75.0,28.0,139.0,1.9083969465645212,1.2738853503182008,1
0.009661835748789937,0.45222929936291334,0.032098765432090844,0.7272727272724518,0.9154596510765965,0.04347826086955527,-0.6896551724134958,10.0,1.090909090908569,0.1836734693876614,255.0,205.0,196.0,209.0,226.0,86.0,36.0,228.0,1.876430205949442,1.0990415335461503,1
-0.5088757396448199,0.5050847457625407,-0.35156249999986267,0.5050847457625407,1.0,0.4557377049178834,-0.4065040650404852,0.0,2.6746987951775,0.42196531791883124,182.0,255.0,173.0,83.0,117.0,73.0,73.0,222.0,2.6322580645157894,1.2041237113399579,1
0.3873873873872711,0.2340425531913234,0.23199999999993814,0.2888888888886749,0.10921501704364518,-0.4528301886791029,-0.4999999999997396,1.2452107274320297,0.3766233766232136,0.3333333333331019,251.0,102.0,144.0,231.0,237.0,54.0,48.0,87.0,1.189504373177669,0.9999999999997685,1
0.0,0.43795620437940225,0.060291060291047756,0.29605263157885,0.6616128658949806,-0.12831858407076807,-0.35735735735725005,4.910390191491954,0.7725490196075402,0.47345132743341883,193.0,255.0,226.0,255.0,249.0,77.0,107.0,197.0,2.1294363256782747,1.0266666666664954,1
0.2655086848634577,0.5265306122446831,0.32467532467524035,0.5080645161288274,0.22022387118465445,-0.15384615384611905,-0.36125654450242867,1.5648387091952245,0.7333333333330457,0.46923076923040835,173.0,148.0,130.0,255.0,94.0,58.0,61.0,187.0,1.6353591160218734,1.1687657430727536,1
-0.3821138211381078,0.4491017964069167,-0.3821138211381078,0.9999999999991735,1.0,0.02978723404254052,-0.9999999999996079,0.0,1.0614035087709988,0.0,255.0,255.0,255.0,114.0,191.0,46.0,0.0,121.0,2.320819112627722,0.9108910891086854,1
-0.2686567164178436,0.3840579710143536,-0.22427440633239465,0.7685185185181628,1.0,0.1301775147928609,-0.8054474708168072,0.0,1.2993197278902726,0.10775862068960873,146.0,255.0,232.0,147.0,155.0,85.0,25.0,191.0,2.5404732254044156,1.3178294573640856,1
-0.6993006993004548,0.298804780876375,-0.7114093959729156,0.6717948717945273,-1.0,0.5825242718443775,-0.7770034843202868,0.0,3.790697674409789,0.12549019607838216,147.0,243.0,255.0,43.0,160.0,88.0,32.0,163.0,2.875739644969989,1.4108216432862906,1
0.326732673267165,0.6339285714282885,0.16017316017309086,0.6123348017618448,0.5853164806194004,0.1545741324920648,-0.37588652482242846,3.822955111317219,1.3656716417900256,0.4536082474222128,180.0,68.0,97.0,134.0,93.0,41.0,44.0,183.0,1.2088888888886202,0.9162011173181799,1
-0.22112211221114816,0.1238095238094059,-0.23870967741927784,0.4047619047614229,1.0,-0.333333333333145,-0.7695852534558666,0.0,0.4999999999995763,0.13020833333326554,102.0,185.0,192.0,118.0,129.0,46.0,25.0,59.0,2.508474576270761,1.3142857142852449,1
-0.2931726907629345,0.896825396825041,-0.24786324786314196,0.8314176245207543,1.0,0.4617737003056692,-0.7380952380947988,0.0,2.7159090909060044,0.1506849315067461,109.0,161.0,146.0,88.0,104.0,13.0,22.0,239.0,2.4816955684002924,0.28184281842810793,1
-0.003257328990226952,0.4766355140184689,0.023411371237450365,0.5879396984921669,0.9234110400952594,0.01607717041800126,-0.5614973262029084,10.0,1.0326797385614166,0.28082191780802684,123.0,154.0,146.0,153.0,120.0,56.0,41.0,158.0,2.109589041095529,1.1487179487176542,1
-0.06840390879476599,0.48031496062973217,-0.10344827586203655,0.7247706422015024,1.0,0.13595166163137887,-0.7087378640773259,0.0,1.3146853146843955,0.17045454545444863,140.0,164.0,176.0,143.0,187.0,66.0,30.0,188.0,2.147299509001285,1.0414201183429899,1
-0.06707317073168687,0.6332179930793657,-0.07272727272725069,0.9265306122445198,1.0,0.21336760925444387,-0.9032258064511274,0.0,1.542483660129711,0.05084745762708992,146.0,175.0,177.0,153.0,0.0,53.0,9.0,236.0,2.1571648690289433,1.2397660818709826,1
0.16417910447755069,0.27131782945715405,-0.03999999999998769,0.5185185185180384,1.0,-0.31092436974776855,-0.7333333333329574,0.0,0.5256410256406887,0.15384615384606282,182.0,112.0,169.0,156.0,216.0,47.0,26.0,82.0,1.5943060498217803,0.9591836734691431,1
0.020771513353109564,0.3386454183265583,-0.02824858757061349,0.3439999999998624,1.0,-0.011764705882349482,-0.37878787878773534,0.0,0.9767441860459438,0.45054945054920303,166.0,165.0,182.0,172.0,184.0,83.0,82.0,168.0,1.9760479041913208,1.2818532818530344,1
0.06289308176098651,0.7313432835815439,0.08681672025720681,0.5364238410592475,0.7214022139063083,-0.18596491228063652,-0.6045197740109579,6.178807939900692,0.6863905325439726,0.24647887323926307,20.0,149.0,142.0,169.0,145.0,18.0,35.0,116.0,2.447638603695596,0.4848484848483216,1
-0.2808988764043892,0.49466192170800904,-0.22580645161281218,0.5613382899626166,1.0,0.3725490196077214,-0.44075829383865367,0.0,2.1874999999977214,0.3881578947365868,83.0,171.0,152.0,96.0,96.0,71.0,59.0,210.0,2.6257197696732004,1.26785714285686,1
-0.23195876288653816,0.314984709480026,-0.18356164383556614,0.530249110320096,1.0,0.18131868131863152,-0.5319148936168326,0.0,1.4429530201332599,0.30555555555541414,147.0,239.0,216.0,149.0,124.0,112.0,66.0,215.0,2.470284237725779,1.5914742451151702,1
-0.14975845410624403,0.3956834532372678,-0.027624309392257563,0.5901639344259877,1.0,0.0486486486486355,-0.5762711864404338,0.0,1.1022727272721011,0.26881720430093076,209.0,238.0,186.0,176.0,253.0,84.0,50.0,194.0,2.211382113820881,1.0926829268290905,1
-0.2590529247910142,0.43258426966279984,-0.19148936170206945,0.6666666666664488,1.0,0.3144329896906406,-0.5870445344127179,0.0,1.9172932330812653,0.26020408163252035,255.0,226.0,196.0,133.0,178.0,101.0,51.0,255.0,2.152380952380696,1.2724409448816894,1
-0.32812499999991457,0.5739130434780114,-0.32812499999991457,0.5338983050845195,1.0,0.16774193548381686,-0.6451612903223726,0.0,1.403100775192711,0.21568627450971936,110.0,255.0,255.0,129.0,197.0,49.0,55.0,181.0,2.7236315086778737,0.8235294117645329,1
0.1111111111110869,0.40714285714271176,0.17241379310340865,0.5823293172688425,0.5431192659830245,-0.12831858407076807,-0.5517241379307967,3.3775100382011067,0.7725490196075402,0.28888888888872843,241.0,204.0,180.0,255.0,138.0,83.0,52.0,197.0,1.8053097345130746,1.325349301396941,1
0.0,0.6666666666664353,0.0,0.2732095490715456,0.9999999996339806,-0.03030303030302418,-0.30102040816318854,10.0,0.9411764705878662,0.5372549019605737,183.0,255.0,255.0,255.0,147.0,48.0,137.0,240.0,2.151898734176988,0.7950310559004565,1
-0.05988023952094016,0.1428571428570791,-0.07647058823527163,0.3061224489794357,1.0,-0.10175438596487658,-0.4581673306771083,0.0,0.8152866242033024,0.3715846994533489,124.0,177.0,183.0,157.0,187.0,96.0,68.0,128.0,2.2299212598421683,1.5147928994079853,1
-0.4697406340056283,0.3698630136985035,-0.4697406340056283,0.8018018018014407,1.0,0.3698630136985035,-0.841155234656736,0.0,2.1739130434758978,0.08627450980388773,229.0,255.0,255.0,92.0,250.0,92.0,22.0,200.0,2.4548736462090908,1.1608832807569147,1
-0.28648648648640906,0.45519713261632433,-0.2563380281689419,0.4981549815496317,1.0,0.21194029850739943,-0.5326460481097827,0.0,1.537878787877623,0.30493273542587224,165.0,238.0,223.0,132.0,159.0,76.0,68.0,203.0,2.463130659766822,1.1828793774316764,1
-0.137466307277591,0.43272727272711536,-0.22891566265054725,0.5823293172688425,1.0,0.10364145658260403,-0.6612377850160713,0.0,1.2312499999992306,0.203921568627371,161.0,211.0,255.0,160.0,103.0,78.0,52.0,197.0,2.271870794077756,1.368421052631279,1
-0.1408934707903296,0.5370370370365398,-0.1408934707903296,0.4067796610166044,1.0,-0.20192307692297987,-0.6517412935320142,0.0,0.6639999999994688,0.2108433734938489,105.0,166.0,166.0,125.0,70.0,25.0,35.0,83.0,2.3629893238429958,0.985221674876362,1
-0.19718309859150301,0.5286624203818289,-0.19718309859150301,0.37931034482736825,1.0,-0.17525773195870267,-0.6504854368929934,0.0,0.7017543859645019,0.2117647058822699,133.0,255.0,255.0,171.0,36.0,37.0,54.0,120.0,2.506142506142198,1.286956521738571,1
-0.28220858895696865,0.33333333333309695,-0.21476510067106888,0.9583333333323351,1.0,-0.10900473933644124,-0.9781420765021978,0.0,0.8034188034181168,0.011049723756899974,222.0,209.0,181.0,117.0,125.0,47.0,2.0,94.0,2.2087186261555867,1.2012779552711816,1
-0.3310104529615572,0.4239130434780305,-0.2862453531597449,0.6273291925461942,1.0,0.1541850220263638,-0.7044334975365989,0.0,1.364583333331912,0.17341040462417723,197.0,191.0,173.0,96.0,86.0,53.0,30.0,131.0,2.263703703703368,1.312693498451606,1
-0.36507936507922023,0.7195571955716902,-0.35483870967727626,0.745318352059646,1.0,0.4888178913736458,-0.663366336633335,0.0,2.9124999999963594,0.20238095238083192,120.0,172.0,168.0,80.0,187.0,38.0,34.0,233.0,2.5294117647054173,0.6129032258063281,1
-0.3050397877983276,-0.32307692307642605,-0.30133333333325296,-0.21428571428533164,-0.16882157373129986,-0.7124183006531292,-0.7553956834529657,0.7111251582627256,0.16793893129758175,0.13934426229502486,118.0,246.0,244.0,131.0,129.0,43.0,34.0,22.0,2.655870445343771,1.4514767932483328,1
-0.1709401709400979,0.5899280575537447,-0.2651515151514147,0.7265624999997162,1.0,0.3899371069181164,-0.65346534653433,0.0,2.2783505154615686,0.20958083832322782,138.0,137.0,167.0,97.0,101.0,57.0,35.0,221.0,2.1532416502942726,1.0458715596327877,1
0.09309309309306514,0.66795366795341,-0.026737967914431355,0.7142857142854309,1.0,0.0854271356783705,-0.6842105263154894,0.0,1.186813186812535,0.18749999999990236,85.0,151.0,192.0,182.0,114.0,43.0,36.0,216.0,2.1230228470998025,0.8269230769228781,1
0.4285714285712585,0.44036697247686224,0.10429447852757537,0.9263803680975913,0.7976190475416037,-0.06824925816021714,-0.9210526315783415,8.882352932657138,0.8722222222217377,0.04109589041093076,123.0,72.0,146.0,180.0,255.0,61.0,6.0,157.0,1.2885906040265573,0.9138576779024505,1
-0.032258064516119574,0.16393442622944102,-0.0060240963855403545,0.44897959183650565,1.0,-0.0749185667752199,-0.5113122171943388,0.0,0.8606060606055391,0.32335329341298,125.0,176.0,167.0,165.0,175.0,102.0,54.0,142.0,2.193146417445141,1.5662188099805054,1
-0.43258426966279984,0.2397260273971782,-0.43258426966279984,0.36603773584891847,-1.0,0.2836879432623108,-0.5044247787609132,0.0,1.7920792079190178,0.3294117647057532,159.0,255.0,255.0,101.0,235.0,111.0,84.0,181.0,2.649350649350305,1.391849529780346,1
-0.32812499999991457,0.6943521594682078,-0.32812499999991457,0.5789473684208735,1.0,0.32812499999991457,-0.5789473684208735,0.0,1.9767441860449795,0.2666666666665621,237.0,255.0,255.0,129.0,216.0,46.0,68.0,255.0,2.328767123287405,0.6536412078151591,1
-0.030150753768836646,0.5310344827584376,0.03208556149731762,0.5102040816324795,0.8816663310911831,0.06987951807227231,-0.43083003952552146,10.0,1.150259067356917,0.39779005524839905,255.0,205.0,181.0,193.0,126.0,68.0,72.0,222.0,1.9114219114216886,1.123966942148528,1
-0.16778523489927255,0.5030303030301506,0.012244897959178677,0.8235294117644032,0.9706980751495857,0.3333333333332437,-0.668965517240918,10.0,1.999999999998387,0.1983471074378526,161.0,174.0,121.0,124.0,106.0,82.0,24.0,248.0,2.199052132701074,1.2664092664090218,1
0.11597374179428535,0.15624999999993897,0.11842105263155298,0.45812807881750833,0.5892074197965349,-0.2655086848634577,-0.5703124999997773,3.868637106748514,0.5803921568625175,0.27363184079588376,129.0,202.0,201.0,255.0,216.0,108.0,55.0,148.0,2.0507614213195366,1.489655172413536,1
-0.060291060291047756,0.5633187772923305,-0.060291060291047756,0.4552845528453434,1.0,-0.11604938271602074,-0.5838509316768373,0.0,0.7920353982297381,0.26274509803911267,234.0,255.0,255.0,226.0,255.0,50.0,67.0,179.0,2.1030927835049376,0.7490636704118446,1
-0.6315789473681837,0.48688046647216127,-0.6423357664231233,0.5361445783130916,-1.0,0.6776315789471455,-0.49006622516540066,0.0,5.20408163264244,0.34222222222207016,216.0,217.0,225.0,49.0,255.0,88.0,77.0,255.0,2.483547925607656,1.026239067055244,1
-0.5454545454543802,0.6821192052977874,-0.5454545454543802,0.7337883959041864,1.0,0.5440729483281022,-0.7346938775507705,0.0,3.386666666662151,0.15294117647052827,158.0,255.0,255.0,75.0,184.0,48.0,39.0,254.0,2.745625841184018,0.7191011235953709,1
-0.19437939110065705,0.5175438596488958,-0.19437939110065705,0.36220472440930623,1.0,0.002898550724636841,-0.5178571428569888,0.0,1.0058139534877875,0.3176470588234049,100.0,255.0,255.0,172.0,149.0,55.0,81.0,173.0,2.608695652173579,1.0185185185182828,1
0.01391650099403302,0.8343195266267253,0.0,0.27572016460894005,0.9999999996373135,-0.24390243902433076,-0.48688046647216127,10.0,0.6078431372546637,0.34509803921555093,163.0,248.0,255.0,255.0,153.0,14.0,88.0,155.0,2.170678336980069,0.3333333333332341,1
-0.017699115044243874,0.47272727272684295,-0.06918238993709241,0.22727272727255513,1.0,-0.46534653465331177,-0.6666666666664488,0.0,0.36486486486470054,0.19999999999992157,194.0,230.0,255.0,222.0,55.0,29.0,51.0,81.0,2.1004566210043265,1.1958762886591774,1
-0.19999999999994444,0.26984126984105566,-0.2781954887217348,0.5238095238090249,1.0,-0.2857142857141582,-0.8214285714282781,0.0,0.5555555555551698,0.09803921568623607,140.0,216.0,255.0,144.0,87.0,46.0,25.0,80.0,2.413407821228713,1.4208494208488722,1
-0.24041811846681518,0.6666666666663581,-0.24827586206887992,0.818181818181405,1.0,0.24567474048434407,-0.8190954773865231,0.0,1.6513761467874757,0.09944751381209976,159.0,178.0,181.0,109.0,148.0,36.0,18.0,180.0,2.282051282050916,0.71999999999982,1
-0.2560975609754536,0.23870967741920085,-0.36125654450242867,0.5867768595036473,1.0,0.22292993630559052,-0.6774193548382726,0.0,1.5737704918006987,0.1923076923075444,176.0,103.0,130.0,61.0,144.0,59.0,25.0,96.0,1.8600451467264425,1.318435754189576,1
0.24060150375930806,0.6521739130432205,0.23134328358200323,0.6923076923074121,0.4990677438862916,0.11764705882349796,-0.46099290780109153,2.9925558299718573,1.266666666665899,0.36893203883459325,83.0,101.0,103.0,165.0,87.0,44.0,38.0,209.0,1.7955555555551566,0.9166666666664279,1
-0.09239130434780099,0.6904761904759165,-0.05649717514122698,0.4689655172412176,1.0,0.12105263157891552,-0.41666666666650887,0.0,1.2754491017956435,0.41176470588213276,173.0,201.0,187.0,167.0,199.0,39.0,77.0,213.0,2.1671159029646674,0.6367346938774211,1
0.2027972027971319,0.6574074074071031,0.25090909090899965,0.4262948207169617,0.2589851103502396,0.019943019943014263,-0.17714285714275593,1.6990010963838342,1.0406976744179997,0.6990291262129136,216.0,114.0,103.0,172.0,107.0,37.0,72.0,179.0,1.48051948051924,0.8222222222219938,1
-0.16666666666658952,0.2863849765256872,-0.17431192660542463,0.5930232558136087,1.0,0.20704845814968853,-0.5705521472389138,0.0,1.5222222222205308,0.2734374999997864,69.0,126.0,128.0,90.0,187.0,76.0,35.0,137.0,2.4525547445249507,1.2773109243694796,1
0.1391585760517349,0.43661971830973617,0.09316770186332511,0.5987460815045145,0.730695632492323,0.18329466357304333,-0.39047619047600457,6.426541267919297,1.4488636363628133,0.4383561643832614,78.0,133.0,146.0,176.0,255.0,100.0,64.0,255.0,2.0461538461534525,1.126760563380123,1
0.09183673469385413,0.6943521594682078,0.06733167082292585,0.655844155843943,0.8137889338089512,0.0874200426439046,-0.5583333333331008,9.740500226033063,1.1915887850461722,0.2834224598928966,170.0,178.0,187.0,214.0,122.0,46.0,53.0,255.0,1.9243243243240642,0.784648187633095,1
-0.48688046647216127,0.740614334470737,-0.48688046647216127,0.655844155843943,1.0,0.48688046647216127,-0.655844155843943,0.0,2.89772727272398,0.20784313725482045,165.0,255.0,255.0,88.0,190.0,38.0,53.0,255.0,2.6736566186103965,0.5834932821496001,1
-0.13258426966289155,0.3210332103319849,-0.09176470588233135,0.5497835497833118,1.0,-0.03763440860214042,-0.6338028169011853,0.0,0.9274611398958925,0.22413793103438617,174.0,252.0,232.0,193.0,255.0,92.0,52.0,179.0,2.3145809414463474,1.190938511326668,1
-0.0872483221476315,0.22916666666654734,-0.1111111111110869,0.356321839080255,1.0,-0.267080745341532,-0.6398713826364503,0.0,0.5784313725487361,0.2196078431371688,255.0,243.0,255.0,204.0,182.0,74.0,56.0,118.0,2.0571428571426393,1.3214285714282765,1
0.1298245614034632,0.005524861878449987,0.0733333333333089,0.13749999999991408,0.3043478259424695,-0.27777777777766754,-0.33653846153829975,1.8749999974426352,0.5652173913039968,0.49640287769748465,202.0,124.0,139.0,161.0,255.0,90.0,69.0,91.0,1.623567921439996,1.368821292775405,1
-0.12582781456950864,0.20245398772999926,-0.12582781456950864,0.2327044025156501,1.0,-0.005076142131978407,-0.3527851458885006,0.0,0.98989898989849,0.478431372548832,195.0,255.0,255.0,198.0,223.0,130.0,122.0,196.0,2.2591362126243344,1.5316642120763575,1
0.10526315789471376,0.5838509316768373,0.09090909090907123,0.5044247787609132,0.6945945944779012,0.005917159763312443,-0.42857142857128283,5.548672560267707,1.0119047619043604,0.39999999999980956,208.0,204.0,210.0,252.0,255.0,67.0,84.0,255.0,1.8801843317970184,0.8322981366458334,1
-0.2345013477088317,0.5223880597013366,-0.1445783132529685,0.6190476190474226,1.0,0.284634760705218,-0.5199999999997921,0.0,1.7957746478860594,0.31578947368404436,255.0,229.0,190.0,142.0,212.0,80.0,60.0,255.0,2.1426900584792814,1.0207336523124368,1
-0.2941176470587154,0.5294117647056747,-0.349152542372763,0.48288973384012057,1.0,0.3402061855668934,-0.4906367041196665,0.0,2.031249999997884,0.3417085427133961,202.0,176.0,199.0,96.0,115.0,60.0,68.0,195.0,2.1661538461535126,1.1162790697671823,1
-0.07594936708859157,0.5697211155376216,-0.07594936708859157,0.5887096774191175,1.0,-0.05288461538460267,-0.6666666666664488,0.0,0.8995433789950231,0.19999999999992157,141.0,255.0,255.0,219.0,104.0,54.0,51.0,197.0,2.344827586206627,1.0562347188261476,1
0.0,0.788235294117338,0.0,0.8167330677287583,0.9999999998775609,-0.05590062111800085,-0.8345323741004192,10.0,0.894117647058473,0.09019607843133719,210.0,255.0,255.0,255.0,80.0,27.0,23.0,228.0,2.0923076923074775,0.5966850828727633,1
-0.13839285714282626,-0.19696969696954778,-0.13839285714282626,0.47222222222156635,1.0,-0.5691056910566793,-0.8613138686128243,0.0,0.2746113989635883,0.07450980392153941,195.0,255.0,255.0,193.0,53.0,79.0,19.0,53.0,2.2717149220487447,2.393939393938487,1
-0.29032258064506766,0.618556701030609,-0.3510324483774776,0.6020408163262235,1.0,0.17602996254675055,-0.7089552238803325,0.0,1.4272727272714296,0.17030567685582085,141.0,200.0,229.0,110.0,75.0,37.0,39.0,157.0,2.457757296466596,0.9673202614375924,1
-0.10410094637220692,0.36683417085408704,-0.05960264900660278,0.4623655913976009,1.0,-0.021582733812941877,-0.5238095238092744,0.0,0.957746478872565,0.3124999999998047,192.0,175.0,160.0,142.0,79.0,63.0,50.0,136.0,2.046783625730695,1.4780058651022059,1
0.10650887573961346,0.518749999999838,0.15789473684205638,0.5235109717866697,0.5365617432626597,0.1302325581395046,-0.28301886792439485,3.3155694858834073,1.2994652406410163,0.5588235294113538,169.0,151.0,136.0,187.0,148.0,77.0,76.0,243.0,1.835866261397897,1.1302752293575906,1
0.0332326283987815,0.7396449704137635,-0.09762532981527768,0.814814814814312,1.0,-0.07547169811318381,-0.8654708520175491,0.0,0.8596491228065148,0.07211538461534994,97.0,160.0,208.0,171.0,76.0,22.0,15.0,147.0,2.1768707482989496,0.6591760299623,1
-0.1470588235293577,0.7171717171714758,-0.28173374612994373,0.7114093959729156,1.0,0.37466307277617933,-0.6559999999997377,0.0,2.1982758620670704,0.2077294685989335,117.0,156.0,207.0,116.0,117.0,42.0,43.0,255.0,2.2899082568803135,0.7368421052629963,1
-0.7037037037034668,0.7692307692304734,-0.6479999999997408,0.586206896551522,-1.0,0.6788321167880734,-0.5488721804509215,0.0,5.227272727260847,0.29126213592218875,230.0,253.0,206.0,44.0,81.0,30.0,60.0,230.0,2.594871794871462,0.6469002695416046,1
0.013215859030831183,0.46619217081833947,0.1274509803920944,0.5725190839692471,0.6358387682188275,0.28348909657312044,-0.22758620689639478,4.492072809159437,1.7913043478245292,0.6292134831453604,163.0,112.0,89.0,115.0,221.0,75.0,56.0,206.0,1.7848605577685688,1.0398613518195772,1
0.10869565217388942,0.6242038216558522,0.1015118790496541,0.5178571428569888,0.6722087301984394,0.0,-0.4394463667818549,5.10144376397108,0.9999999999996079,0.38942307692288974,125.0,205.0,208.0,255.0,58.0,59.0,81.0,255.0,2.0759493670883447,1.0951276102085628,1
-0.02252252252251745,0.5885167464112017,0.018779342723000286,0.7382198952875717,0.950384777612531,-0.13315926892946917,-0.7863247863244504,10.0,0.7649769585249931,0.11961722488032554,150.0,227.0,209.0,217.0,47.0,43.0,25.0,166.0,2.2119366626063077,1.150501672240418,1
-0.18575063613226828,0.9999999999993334,-0.08831908831906315,0.8072289156621644,1.0,-0.03225806451611863,-0.8454106280189153,0.0,0.9374999999994141,0.08376963350780955,241.0,233.0,191.0,160.0,134.0,0.0,16.0,150.0,2.1499423298728777,0.0,1
0.21899736147751478,0.5269461077842734,0.2977528089886804,0.705685618728861,0.40653496859535904,0.049382716049372555,-0.4792899408281188,2.370038492294073,1.103896103895626,0.35199999999971837,231.0,148.0,125.0,231.0,255.0,79.0,44.0,255.0,1.5620052770446486,0.9461077844309961,1
0.01216545012165154,0.5223880597013366,0.02211302211301668,0.6943521594682078,0.9382718861197769,0.1015118790496541,-0.6244897959181125,10.0,1.2259615384609492,0.2311557788943562,246.0,203.0,199.0,208.0,175.0,80.0,46.0,255.0,1.888372093023036,1.0847457627116806,1
0.11734693877548028,0.6398713826364503,0.19999999999994522,0.44886363636350884,0.38353765318081645,0.07594936708859157,-0.20164609053489646,2.2443181806959998,1.164383561643304,0.6643835616433806,218.0,173.0,146.0,219.0,255.0,56.0,97.0,255.0,1.7675606641121624,0.7202572347265722,1
-0.22627737226271868,0.44886363636350884,-0.23188405797095848,0.22891566265054725,-1.0,0.23188405797095848,-0.22891566265054725,0.0,1.603773584904652,0.6274509803919108,208.0,252.0,255.0,159.0,186.0,97.0,160.0,255.0,2.3145809414463474,1.2220472440942955,1
0.21140142517809707,0.6242038216558522,0.22596153846148415,0.7525773195873703,0.538165425665475,0.0,-0.6345177664971399,3.3305549447858533,0.9999999999996079,0.22360248447191083,193.0,166.0,161.0,255.0,238.0,59.0,36.0,255.0,1.7025641025638842,0.7725040916529013,1
-0.359999999999904,0.46718146718128684,-0.359999999999904,0.5966386554619342,1.0,0.2258064516128304,-0.6831683168314577,0.0,1.5833333333320139,0.18823529411757325,225.0,255.0,255.0,120.0,143.0,69.0,48.0,190.0,2.3859649122804227,1.171974522292745,1
-0.49006622516540066,0.563025210083797,-0.4615384615383002,0.49397590361425947,1.0,0.41444866920136336,-0.5367647058821556,0.0,2.4155844155812782,0.3014354066984204,186.0,225.0,209.0,77.0,100.0,52.0,63.0,186.0,2.5245441795227874,1.066666666666393,1
-0.3315926892949526,0.33333333333316995,-0.3315926892949526,0.9154929577458343,1.0,0.030303030303018827,-0.9540229885053817,0.0,1.06249999999917,0.023529411764696657,255.0,255.0,255.0,128.0,132.0,68.0,6.0,136.0,2.2844344904812672,1.3465346534650133,1
-0.21140142517809707,0.3584905660375104,-0.21140142517809707,0.4025974025971412,1.0,-0.21167883211671107,-0.6943521594682078,0.0,0.6506024096381623,0.18039215686267437,185.0,255.0,255.0,166.0,202.0,51.0,46.0,108.0,2.3693379790938014,0.990291262135682,1
-0.3527851458885006,-0.10843373493969373,-0.3527851458885006,0.02777777777775849,-1.0,-0.24489795918354854,-0.5692307692305941,0.0,0.6065573770486832,0.274509803921461,188.0,255.0,255.0,122.0,75.0,92.0,70.0,74.0,2.487804878048477,2.2102102102095467,1
-0.1891891891891427,0.4509803921566417,-0.18719211822655488,0.6914285714281764,1.0,-0.0543130990415162,-0.7985074626862693,0.0,0.8969696969691534,0.1120331950207004,255.0,242.0,241.0,165.0,142.0,56.0,27.0,148.0,2.1415929203537454,1.1144278606962403,1
-0.07594936708859157,0.14124293785302755,-0.047826086956511346,0.20238095238083192,1.0,-0.3687499999998848,-0.5649350649348815,0.0,0.46118721461166157,0.2780082987550714,255.0,255.0,241.0,219.0,112.0,76.0,67.0,101.0,2.073170731707106,1.665753424657078,1
-0.1506172839505801,0.5039999999997984,-0.03370786516852986,0.5666666666664306,1.0,0.0444444444444321,-0.5593220338980681,0.0,1.0930232558133182,0.28260869565202035,172.0,233.0,184.0,172.0,83.0,62.0,52.0,188.0,2.3012345679009503,1.2556962025313276,1
-0.4979757085018227,0.39784946236537755,-0.5285171102659587,0.9999999999992308,1.0,0.3541666666664822,-0.9999999999995025,0.0,2.0967741935450053,0.0,136.0,185.0,201.0,62.0,61.0,56.0,0.0,130.0,2.6056338028164423,1.4785478547849906,1
-0.49494949494932833,0.4424778761059989,-0.5176848874596406,0.4424778761059989,-1.0,0.3697478991595085,-0.578595317725559,0.0,2.1733333333304357,0.26694915254225976,52.0,222.0,236.0,75.0,196.0,63.0,63.0,163.0,3.1103327495616266,1.0391752577317446,1
-0.6761904761901543,0.4404145077717926,-0.6582914572861014,0.47872340425506454,-1.0,0.6069364161846204,-0.5420560747661018,0.0,4.088235294105623,0.296969696969517,151.0,176.0,165.0,34.0,127.0,54.0,49.0,139.0,2.6219739292360105,1.1550802139034344,1
-0.300859598853782,0.5224913494807881,-0.2844574780057817,0.5120274914087588,1.0,0.2865497076022554,-0.510344827586031,0.0,1.803278688523112,0.3242009132418611,165.0,227.0,219.0,122.0,179.0,69.0,71.0,220.0,2.4507422402155936,1.0279329608936632,1
-0.13936430317845003,0.01851851851850137,-0.12437810945270539,0.5068493150677988,1.0,-0.5238095238092971,-0.8524590163930933,0.0,0.3124999999998225,0.07964601769907981,73.0,233.0,226.0,176.0,27.0,53.0,18.0,55.0,2.606993006992642,2.2553191489349707,1
-0.19158878504668422,0.3197278911562451,-0.19158878504668422,0.5396825396821113,1.0,-0.28148148148137725,-0.7957746478870438,0.0,0.560693641618173,0.11372549019603384,167.0,255.0,255.0,173.0,119.0,50.0,29.0,97.0,2.3999999999997175,1.265822784809726,1
-0.2561576354679172,0.14942528735623598,-0.2561576354679172,0.3698630136983768,1.0,-0.203187250995935,-0.6943521594682078,0.0,0.6622516556287006,0.18039215686267437,255.0,255.0,255.0,151.0,144.0,74.0,46.0,100.0,2.227074235807617,1.510204081632268,1
0.32738095238085496,0.5937499999998145,0.35151515151504503,0.7229729729727288,0.3457067723295622,0.06694560669454666,-0.4459459459456447,2.0567334570103495,1.143497757847021,0.38317757009309983,200.0,113.0,107.0,223.0,224.0,65.0,41.0,255.0,1.3929121725729747,0.8538587848931274,1
0.14366197183094545,0.5081967213112671,0.06561679790024524,0.4488188976376186,0.7448979590388454,-0.049095607235129436,-0.43548387096756636,6.8399999895749435,0.9064039408862531,0.3932584269660712,255.0,152.0,178.0,203.0,113.0,60.0,70.0,184.0,1.5958005249341738,1.1510791366903714,1
0.24731182795690063,0.6612377850160713,0.05135951661629869,0.6612377850160713,0.8558526209924164,0.1888111888111448,-0.5023923444973674,10.0,1.4655172413784683,0.3312101910825916,255.0,105.0,157.0,174.0,115.0,52.0,52.0,255.0,1.314553990610123,0.8776371308015026,1
0.3058823529410865,0.4251968503935334,0.15324675324671344,0.36603773584891847,0.4097772743642253,-0.1017369727046894,-0.31983805668003246,2.3885513255917115,0.815315315314948,0.5153374233125673,147.0,118.0,163.0,222.0,202.0,73.0,84.0,181.0,1.5603305785121386,1.1039697542530993,1
0.4579439252335022,0.6943521594682078,0.38461538461527084,0.9391634980985023,0.41891294738325596,0.04294478527606484,-0.8571428571420918,2.441825094421954,1.089743589743124,0.07692307692300296,125.0,87.0,104.0,234.0,190.0,46.0,8.0,255.0,1.3058161350841826,0.6852886405957755,1
-0.22596153846148415,0.47368421052613774,-0.22596153846148415,0.6680851063826945,1.0,0.09803921568624706,-0.7346938775507705,0.0,1.21739130434707,0.15294117647052827,129.0,255.0,255.0,161.0,151.0,70.0,39.0,196.0,2.549999999999681,1.1498973305952465,1
-0.5266666666664911,0.5530303030300936,-0.499999999999824,0.7903930131000916,1.0,0.4855072463766357,-0.7974683544300433,0.0,2.887323943657905,0.11267605633797527,182.0,229.0,213.0,71.0,96.0,59.0,24.0,205.0,2.576652601968695,1.1264916467777741,1
-0.3144329896906406,0.6296296296292966,-0.3036649214658891,0.7401129943498644,1.0,0.07317073170729158,-0.830882352940871,0.0,1.1578947368412347,0.0923694779116095,210.0,255.0,249.0,133.0,158.0,35.0,23.0,154.0,2.3915592028133186,0.7329842931935254,1
-0.4389438943892941,0.48242811501582034,-0.40972222222208,0.501618122977184,1.0,0.4637223974761944,-0.4499999999998393,0.0,2.729411764702671,0.3793103448273994,166.0,218.0,203.0,85.0,217.0,81.0,77.0,232.0,2.538573508005453,1.0605564648116104,1
0.03092783505153842,0.3370165745854492,-0.0867579908675601,0.23469387755090068,1.0,-0.2461059190030386,-0.520766773162773,0.0,0.6049999999996976,0.31512605042003566,255.0,188.0,238.0,200.0,55.0,60.0,75.0,121.0,1.8098676293619964,1.621621621621074,1
-0.1307189542483233,0.6206896551720571,-0.11920529801320556,0.6886227544906056,1.0,0.029197080291960147,-0.7333333333329574,0.0,1.0601503759390527,0.15384615384606282,211.0,173.0,169.0,133.0,248.0,33.0,26.0,141.0,2.0057971014489846,0.5802197802196527,1
-0.5361445783130916,0.5531914893614079,-0.5361445783130916,0.45999999999977004,-1.0,0.3094170403586057,-0.6504854368929934,0.0,1.8961038961014336,0.2117647058822699,194.0,255.0,255.0,77.0,185.0,42.0,54.0,146.0,2.6120358514721365,0.8096385542166724,1
-0.23008849557511946,0.1733333333332178,-0.2627118644066684,0.5575221238933119,1.0,0.0057142857142824495,-0.71264367816051,0.0,1.0114942528724005,0.16778523489921626,184.0,139.0,149.0,87.0,37.0,62.0,25.0,88.0,2.0255009107464432,1.9919678714851439,1
-0.3421052631578047,0.45121951219484685,-0.3421052631578047,0.46913580246884623,1.0,-0.024590163934416154,-0.7114093959729156,0.0,0.9519999999992383,0.16862745098032603,222.0,255.0,255.0,125.0,80.0,45.0,43.0,119.0,2.3803967327885203,1.245674740483998,1
-0.3934426229507122,0.5655737704915715,-0.3934426229507122,0.5916666666664202,1.0,0.26490066225156794,-0.6776315789471455,0.0,1.7207207207191706,0.1921568627450227,88.0,255.0,255.0,111.0,135.0,53.0,49.0,191.0,2.8772919605073515,0.9814814814812544,1
-0.7309090909088252,0.4479999999998208,-0.6954732510285204,0.4365079365077633,-1.0,0.6605504587152934,-0.48736462093845223,0.0,4.891891891878671,0.34466019417459,137.0,238.0,206.0,37.0,194.0,69.0,71.0,181.0,2.9292307692303186,1.0760233918126556,1
-0.09770114942525929,0.24107142857132097,-0.139726027397222,0.30516431924868304,1.0,-0.06081081081079027,-0.47517730496437055,0.0,0.8853503184707737,0.35576923076905975,172.0,191.0,208.0,157.0,100.0,85.0,74.0,139.0,2.1490857946551123,1.6625916870411583,1
-0.03174603174602335,-0.9999999999982758,-0.021390374331545083,-0.9999999999975,0.9581151833397867,-0.9999999999994537,-0.6536796536793708,10.0,0.0,0.20942408376952387,141.0,195.0,191.0,183.0,96.0,58.0,40.0,0.0,2.1848739495795257,2.1886792452819868,1
-0.13082039911305304,0.4136125654448097,-0.13082039911305304,0.25581395348825314,1.0,-0.1842900302114247,-0.5223880597013366,0.0,0.6887755102037303,0.3137254901959554,176.0,255.0,255.0,196.0,78.0,56.0,80.0,135.0,2.3129251700677647,1.3784615384611143,1
-0.23188405797095848,0.18518518518508723,-0.20698254364084614,-0.08943089430890674,-0.3965800274936402,-0.17343173431727918,-0.28723404255311513,0.4320697425928499,0.7044025157228275,0.553719008264234,255.0,255.0,242.0,159.0,40.0,77.0,134.0,112.0,2.207792207791969,2.013071895424179,1
0.0028653295128931618,0.6224899598391075,-0.008498583569402692,0.4076655052263388,1.0,0.07161803713525952,-0.3536121673002458,0.0,1.1542857142850549,0.4775280898873722,226.0,174.0,178.0,175.0,227.0,47.0,85.0,202.0,1.8584779706272552,0.7189292543019657,1
0.07692307692305653,0.1111111111110385,-0.03562945368170175,0.10389610389603644,1.0,-0.40972222222208,-0.5191637630660212,0.0,0.41871921182245386,0.31651376146774474,255.0,174.0,218.0,203.0,101.0,68.0,69.0,85.0,1.7270471464017707,1.6894409937882953,1
0.015936254980076506,0.23076923076908284,0.060291060291047756,0.613445378150745,0.8210247898375831,-0.45299145299132393,-0.8152610441763795,10.0,0.3764705882351465,0.10176991150437975,173.0,247.0,226.0,255.0,117.0,60.0,23.0,96.0,2.1431670281993336,1.4414414414410086,1
0.09929078014180877,0.2710280373830509,0.13138686131382066,0.7106918238989242,0.6879463554762127,-0.06529209621990884,-0.6760563380276929,5.409154433337929,0.8774193548381437,0.19327731092420733,153.0,127.0,119.0,155.0,182.0,78.0,23.0,136.0,1.8078291814943401,1.316455696202254,1
-0.11965811965806852,0.6728971962613678,-0.046296296296274866,0.956284153004942,1.0,0.26950354609919525,-0.9316239316231354,0.0,1.7378640776682157,0.035398230088464246,169.0,131.0,113.0,103.0,136.0,35.0,4.0,179.0,1.9625468164790332,0.7272727272725384,1
-0.3110539845757555,0.48031496062973217,-0.3110539845757555,0.7488372093019773,1.0,0.16770186335398518,-0.8085106382975856,0.0,1.4029850746258188,0.10588235294113495,132.0,255.0,255.0,134.0,173.0,66.0,27.0,188.0,2.6288659793811044,1.070993914807085,1
-0.5562913907282926,0.6413793103443853,-0.5838509316768373,0.4082840236683975,-1.0,0.279569892472968,-0.6721311475407633,0.0,1.7761194029824237,0.19607843137247213,139.0,235.0,255.0,67.0,83.0,26.0,50.0,119.0,2.7810650887569848,0.8188976377949533,1
-0.19875776397509357,0.759656652360189,-0.22985074626858812,0.8385650224211487,1.0,0.2275449101795726,-0.8392857142853396,0.0,1.5891472868204737,0.08737864077665662,134.0,193.0,206.0,129.0,41.0,28.0,18.0,205.0,2.379044684129063,0.7417218543043902,1
-0.3226837060701845,0.6190476190474226,-0.33123028391156745,0.5740740740738969,1.0,0.41274238227135385,-0.507142857142676,0.0,2.405660377356221,0.32701421800932373,224.0,207.0,211.0,106.0,151.0,60.0,69.0,255.0,2.2258064516126037,0.9125475285169367,1
0.10410094637220692,0.5092024539874177,-0.008498583569402692,0.4302325581392848,1.0,-0.17449664429524347,-0.5682819383257409,0.0,0.7028571428567413,0.27528089887624985,200.0,142.0,178.0,175.0,164.0,40.0,49.0,123.0,1.7238239757205274,0.8719346049043946,1
-0.34239130434773307,0.6056338028166172,-0.28613569321525484,0.9322033898299819,1.0,0.17123287671227014,-0.946428571428149,0.0,1.4132231404946998,0.02752293577980389,113.0,247.0,218.0,121.0,212.0,42.0,6.0,171.0,2.7142857142853414,0.7194860813702957,1
-0.2616487455196195,0.5877192982453563,-0.2563176895305934,0.4897119341561771,1.0,0.274647887323847,-0.47457627118623963,0.0,1.7572815533963522,0.356321839080255,206.0,176.0,174.0,103.0,106.0,47.0,62.0,181.0,2.1301059001509635,0.9868766404196885,1
-0.20241691842894188,0.2631578947366113,-0.19018404907969627,0.19999999999983334,1.0,-0.2941176470586794,-0.6033057851237177,0.0,0.5454545454541323,0.2474226804122436,254.0,199.0,194.0,132.0,87.0,42.0,48.0,72.0,2.0306122448977,1.382716049382147,1
-0.19158878504668422,0.544444444444142,-0.19158878504668422,0.5795454545451253,1.0,-0.10897435897432405,-0.7465753424654977,0.0,0.8034682080920211,0.1450980392156294,161.0,255.0,255.0,173.0,59.0,41.0,37.0,139.0,2.417061611374121,1.1714285714281532,1
-0.22997416020665892,0.5053763440857498,-0.25125628140697204,0.9580419580412881,1.0,-0.031141868512099952,-0.9761904761900888,0.0,0.9395973154356111,0.0120481927710795,89.0,238.0,249.0,149.0,63.0,46.0,3.0,140.0,2.666666666666293,1.2474576271182212,1
-0.322751322751152,0.5887850467287885,-0.39906103286366246,0.6293929712458053,1.0,0.5987460815045145,-0.439613526569836,0.0,3.9843749999937743,0.3892617449661817,115.0,125.0,149.0,64.0,167.0,66.0,58.0,255.0,2.3310023310017876,0.9530685920575896,1
0.07836990595608828,-0.039999999999968,-0.07027027027025128,0.016949152542358518,-1.0,-0.48275862068944714,-0.5468749999997864,0.0,0.3488372093021228,0.292929292929145,255.0,147.0,198.0,172.0,95.0,65.0,58.0,60.0,1.6310679611648222,1.824561403508132,1
-0.09459459459456264,-0.35294117647032874,-0.1326860841423519,0.08641975308631306,-1.0,-0.5056179775278059,-0.6509433962261081,0.0,0.32835820895497886,0.21142857142845062,151.0,162.0,175.0,134.0,54.0,92.0,37.0,44.0,2.1280788177336407,2.609929078013259,1
-0.08474576271183569,0.05590062111797771,-0.21965317919068797,0.18055555555543018,-1.0,-0.227272727272624,-0.5629629629627545,0.0,0.6296296296291632,0.2796208530804362,255.0,160.0,211.0,135.0,69.0,76.0,59.0,85.0,1.8028169014081967,1.9869281045745142,1
-0.16955017301032196,0.11111111111101614,-0.012345679012340599,-0.022556390977426653,0.2925531923274178,-0.2972972972971366,-0.28795811518309533,1.827067683971559,0.5416666666662153,0.552845528454835,126.0,169.0,123.0,120.0,42.0,52.0,68.0,65.0,2.3150684931502883,1.9715639810417198,1
-0.010309278350512808,0.5571428571426582,-0.102803738317733,0.6029411764703666,1.0,0.063414634146326,-0.6275862068963354,0.0,1.1354166666660754,0.22881355932193695,255.0,196.0,236.0,192.0,197.0,62.0,54.0,218.0,1.8688915375444732,0.920222634508178,1
0.026737967914431355,0.04615384615381066,-0.010309278350512808,-0.04895104895101472,0.6520681276208996,-0.47692307692289354,-0.4464944649444847,4.748251794307693,0.3541666666664822,0.3826530612242946,200.0,182.0,196.0,192.0,36.0,62.0,75.0,68.0,1.9259259259256711,2.1754385964902743,1
-0.0874200426439046,0.4131736526943634,-0.0874200426439046,0.7611940298501783,1.0,-0.289156626505937,-0.8819188191878665,0.0,0.5514018691586209,0.06274509803919108,129.0,255.0,255.0,214.0,221.0,49.0,16.0,118.0,2.3915592028133186,0.8970251716245087,1
0.06493506493503683,0.6049382716046894,0.19417475728145914,0.8483412322270861,0.627488193434098,0.22641509433955145,-0.6767676767669931,4.368957343721601,1.5853658536572477,0.19277108433711715,227.0,108.0,83.0,123.0,191.0,48.0,16.0,195.0,1.5265017667841825,0.796680497925146,1
-0.34883720930222417,0.7671232876707075,-0.24324324324316107,0.7432432432427412,1.0,0.07053941908710766,-0.8128078817729987,0.0,1.151785714284686,0.10326086956516128,176.0,232.0,184.0,112.0,190.0,17.0,19.0,129.0,2.4680851063826506,0.38526912181292206,1
-0.22302158273375947,0.7142857142853851,-0.22302158273375947,0.518367346938564,1.0,0.06896551724135949,-0.6242038216558522,0.0,1.1481481481474396,0.23137254901951712,125.0,255.0,255.0,162.0,230.0,31.0,59.0,186.0,2.5595984943535055,0.5188284518827366,1
-0.5361445783130916,-0.1458333333331814,-0.5361445783130916,0.012345679012330437,-1.0,-0.3050847457624533,-0.7288135593217868,0.0,0.532467532466841,0.1568627450979777,63.0,255.0,255.0,77.0,203.0,55.0,40.0,41.0,3.1384615384610552,1.2429378531069937,1
-0.2786885245900497,0.14285714285705783,-0.1999999999999091,0.9999999999989583,1.0,0.04347826086954159,-0.9999999999992425,0.0,1.0909090909078512,0.0,124.0,156.0,132.0,88.0,40.0,72.0,0.0,96.0,2.3816793893125223,2.0571428571421224,1
-0.31301939058163075,0.663636363636062,-0.32608695652165054,0.5574468085104011,1.0,0.19218241042339018,-0.6486486486484295,0.0,1.475806451611713,0.21311475409827332,182.0,237.0,244.0,124.0,99.0,37.0,52.0,183.0,2.430769230768919,0.8314606741570698,1
-0.04225352112674866,0.7647058823526766,-0.10290237467015755,0.910112359550221,1.0,0.19999999999995294,-0.8914027149317234,0.0,1.4999999999991178,0.05741626794255626,134.0,185.0,209.0,170.0,246.0,34.0,12.0,255.0,2.1958456973290508,0.47803163444631314,1
-0.21818181818175209,0.8840579710140657,-0.19875776397509357,0.5725806451610594,1.0,0.20370370370364085,-0.5691056910566793,0.0,1.5116279069755725,0.2746113989635883,65.0,201.0,193.0,129.0,218.0,12.0,53.0,195.0,2.697986577180755,0.21967963386722664,1
0.02272727272726627,0.342465753424423,-0.0027700831024923076,0.28947368421033587,1.0,-0.29496402877687233,-0.5404255319146637,0.0,0.544444444444142,0.2983425414362993,255.0,172.0,181.0,180.0,126.0,48.0,54.0,98.0,1.7663671373553573,1.1999999999996251,1
-0.3511705685617555,0.04918032786881214,-0.27067669172922154,0.20754716981112495,-1.0,-0.2049689440992516,-0.6018957345968712,0.0,0.6597938144323094,0.24852071005902457,206.0,202.0,169.0,97.0,192.0,58.0,42.0,64.0,2.2857142857139623,1.247311827956654,1
-0.06355932203388484,-0.3888888888885288,-0.07142857142855642,-0.26666666666637034,0.5774647889028935,-0.7401574803146692,-0.6346153846151812,3.7333333385566356,0.14932126696825823,0.22352941176461824,147.0,251.0,255.0,221.0,114.0,75.0,57.0,33.0,2.3080459770112287,2.02020202020134,1
-0.22222222222216345,-0.01612903225805151,-0.2686567164178436,0.3260869565213847,1.0,-0.4134615384613397,-0.7832167832165094,0.0,0.41496598639427557,0.12156862745093272,177.0,231.0,255.0,147.0,0.0,63.0,31.0,61.0,2.3511450381676395,2.69518716577396,1
-0.056818181818165676,0.5703703703701591,-0.1075268817204012,0.6183206106867869,1.0,0.1216931216930895,-0.609374999999762,0.0,1.2771084337341705,0.24271844660182393,166.0,186.0,206.0,166.0,181.0,58.0,50.0,212.0,2.113636363636063,0.911591355599035,1
0.5822222222219635,0.18918918918901875,0.3234200743493222,-0.03649635036493687,-1.0,-0.45901639344243483,-0.1234567901233806,0.0,0.3707865168537243,0.7802197802189228,214.0,47.0,91.0,178.0,41.0,45.0,71.0,66.0,0.77366255144017,1.8274111675117628,1
0.24675324675316665,-0.27272727272710745,0.16363636363631406,-0.16666666666655094,1.0,-0.523809523809316,-0.24324324324313368,0.0,0.31249999999983724,0.608695652173472,155.0,116.0,138.0,192.0,17.0,105.0,84.0,60.0,1.602763385146528,2.9268292682916632,1
0.3017751479289048,0.0412371134020406,0.17333333333328713,0.20958083832322782,0.09466221849054343,-0.3707165109033113,-0.40271493212651466,1.209120220398298,0.45909090909070044,0.42580645161262853,254.0,118.0,155.0,220.0,38.0,93.0,66.0,101.0,1.329577464788545,2.289230769230065,1
0.020979020979013645,0.2549019607841471,-0.10429447852757537,0.4117647058820502,1.0,-0.20661157024784851,-0.6363636363633471,0.0,0.6575342465748921,0.22222222222209878,161.0,140.0,180.0,146.0,190.0,57.0,40.0,96.0,1.908006814309726,1.139999999999715,1
0.5789473684207987,0.3412698412697059,0.43999999999982403,0.43829787234023904,-0.0019379844959161645,-0.03151862464182478,-0.02941176470586073,0.9961315278200027,0.9388888888883673,0.9428571428557959,239.0,48.0,70.0,180.0,149.0,83.0,66.0,169.0,0.7456310679610202,1.3719008264459975,1
-0.23999999999993143,0.2678571428569037,-0.24858757062139872,0.1359999999998912,-1.0,-0.303921568627302,-0.6072727272725065,0.0,0.5338345864657641,0.24434389140260437,164.0,217.0,221.0,133.0,106.0,41.0,54.0,71.0,2.374829001367664,1.2664092664087776,1
-0.1782945736433648,0.49659863945561344,-0.17187499999995526,0.9999999999995455,1.0,0.16094986807383616,-0.9999999999995556,0.0,1.3836477987412683,0.0,168.0,228.0,225.0,159.0,189.0,74.0,0.0,220.0,2.329501915708515,1.0628366247753926,1
0.09302325581391743,0.6293929712458053,0.0254545454545362,0.9999999999996079,0.9503546098364001,0.2878787878787152,-0.9999999999992538,10.0,1.8085106382965899,0.0,238.0,117.0,134.0,141.0,104.0,58.0,0.0,255.0,1.526916802609865,0.9768421052629522,1
-0.39255014326636317,0.6612377850160713,-0.34969325153363506,0.969111969111595,1.0,0.41274238227135385,-0.9642857142852839,0.0,2.405660377356221,0.018181818181809917,121.0,243.0,220.0,106.0,149.0,52.0,4.0,255.0,2.7265077138846103,0.8188976377951144,1
-0.2530712530711909,0.9391634980985023,-0.2530712530711909,0.5838509316768373,1.0,0.2530712530711909,-0.5838509316768373,0.0,1.6776315789462648,0.26274509803911267,88.0,255.0,255.0,152.0,132.0,8.0,67.0,255.0,2.7199999999996374,0.15880893300244198,1
-0.6265560165972505,0.4296577946766427,-0.6385542168672135,0.48031496062973217,-1.0,0.6137339055791358,-0.5111111111109219,0.0,4.177777777768494,0.3235294117645473,152.0,196.0,204.0,45.0,196.0,75.0,66.0,188.0,2.662139219014828,1.123595505617767,1
-0.6293929712458053,-0.07272727272720661,-0.6293929712458053,0.07368421052623822,-1.0,-0.06422018348617961,-0.705685618728861,0.0,0.8793103448260702,0.17254901960777547,122.0,255.0,255.0,58.0,69.0,59.0,44.0,51.0,2.956521739130006,1.983193277310091,1
-0.40883977900541196,0.5364238410592475,-0.40883977900541196,0.5466666666663023,1.0,0.040358744394600736,-0.7647058823526766,0.0,1.084112149531697,0.13333333333328104,112.0,255.0,255.0,107.0,100.0,35.0,34.0,116.0,2.7983539094646366,0.9790209790206368,1
-0.3563829787233095,0.7288135593217868,-0.3563829787233095,0.7586206896549108,1.0,0.3563829787233095,-0.7586206896549108,0.0,2.1074380165271838,0.1372549019607305,146.0,255.0,255.0,121.0,208.0,40.0,35.0,255.0,2.6254826254822876,0.5893186003682156,1
0.06874999999997852,0.7894736842102493,0.06542056074764317,0.6776315789471455,0.8239139427935419,0.19718309859150301,-0.507537688441956,10.0,1.4912280701745666,0.3266666666664489,98.0,149.0,150.0,171.0,203.0,30.0,49.0,255.0,2.1022927689590647,0.46332046332037385,1
0.019718309859149376,0.19266055045862723,-0.04736842105261912,0.5568862275445767,1.0,-0.16398713826361289,-0.6864406779658109,0.0,0.7182320441984983,0.1859296482411126,255.0,174.0,199.0,181.0,70.0,88.0,37.0,130.0,1.7755102040814061,1.8723404255314169,1
-0.4112903225804793,0.4581673306771083,-0.4089068825909276,0.6052631578944714,1.0,0.4296874999998322,-0.589041095890142,0.0,2.5068493150650593,0.25862068965502377,206.0,175.0,174.0,73.0,180.0,68.0,45.0,183.0,2.2257551669312834,1.0901803607212244,1
-0.09207708779441283,0.282700421940809,-0.09207708779441283,0.42723004694815625,1.0,-0.16483516483511956,-0.6139240506327172,0.0,0.7169811320751336,0.239215686274416,199.0,255.0,255.0,212.0,208.0,85.0,61.0,152.0,2.2149837133548083,1.2830188679242862,1
-0.1680911680911202,-0.19999999999973334,-0.24742268041230736,-0.31818181818145663,0.12510356257346741,-0.6590909090905347,-0.6133333333331289,1.2859848490034709,0.2054794520546538,0.23966942148750428,221.0,205.0,242.0,146.0,67.0,45.0,58.0,30.0,2.110682110681839,1.925133689838543,1
-0.19838056680153912,0.6236559139781593,-0.29537366548032196,0.52525252525226,1.0,0.2079999999999168,-0.5895196506547644,0.0,1.5252525252509845,0.2582417582416164,201.0,148.0,182.0,99.0,153.0,35.0,47.0,151.0,1.9865771812077202,0.7486631016040779,1
0.3974358974356427,0.4444444444439506,0.3132530120480041,0.23809523809501135,-0.1363163371242509,-0.2528735632182455,-0.1752577319585822,0.7600732598303552,0.5963302752288107,0.7017543859636811,96.0,47.0,57.0,109.0,45.0,25.0,40.0,65.0,1.2575250836116196,1.2499999999992188,1
0.12342569269518303,0.1464968152865309,0.09313725490193796,0.07142857142852892,-0.13191489353703392,-0.4249201277953914,-0.40684410646372365,0.7669172924093873,0.4035874439460074,0.42162162162139377,247.0,174.0,185.0,223.0,65.0,67.0,78.0,90.0,1.7017114914423346,1.854671280276175,1
-0.0685579196217332,0.22448979591825283,-0.10859728506784874,0.2834224598928966,1.0,-0.24290220820181613,-0.5705128205126376,0.0,0.6091370558372543,0.2734693877549904,255.0,226.0,245.0,197.0,66.0,76.0,67.0,120.0,1.9999999999997786,1.7988165680468051,1
0.03667481662590791,0.7445255474449838,-0.05357142857141661,0.8745098039212257,1.0,0.05986696230597342,-0.8730158730155266,0.0,1.127358490565506,0.0677966101694628,188.0,197.0,236.0,212.0,194.0,35.0,16.0,239.0,1.9848866498738054,0.5566600397613207,1
-0.02068965517240666,0.6159999999997536,0.10937499999995728,0.501858736059293,0.6421172668340387,0.17441860465111209,-0.2596685082871494,4.588422725491627,1.4225352112666039,0.5877192982450985,197.0,148.0,114.0,142.0,104.0,48.0,67.0,202.0,1.8645669291335645,0.9552238805967773,1
0.03571428571427296,0.6496350364958763,-0.04290429042902875,0.467532467532164,1.0,-0.12403100775188991,-0.5879396984921669,0.0,0.7793103448270489,0.25949367088591174,183.0,135.0,158.0,145.0,84.0,24.0,41.0,113.0,1.80602006688933,0.7836734693874353,1
0.18900343642605189,0.7013574660630311,0.2627737226276413,0.6785714285711256,0.44170589859607956,0.041551246537384616,-0.4744525547441793,2.582341268858335,1.0867052023115107,0.35643564356400353,110.0,118.0,101.0,173.0,63.0,33.0,36.0,188.0,1.8188824662809595,0.8328075709776553,1
0.2354948805459947,0.6806083650187527,0.061583577712591916,0.8649789029532216,0.8670708580565609,0.0995024875621643,-0.8181818181813534,10.0,1.220994475137447,0.09999999999993751,203.0,112.0,160.0,181.0,51.0,42.0,16.0,221.0,1.4736842105260732,0.9438202247188361,1
-0.15384615384611905,0.48070175438579626,-0.15384615384611905,0.7016129032255236,1.0,0.06030150753767329,-0.7465753424654977,0.0,1.1283422459887016,0.1450980392156294,126.0,255.0,255.0,187.0,76.0,74.0,37.0,211.0,2.4787363304978762,1.3609195402295722,1
-0.3934426229507122,0.5042735042732888,-0.3934426229507122,0.6842105263154621,1.0,0.2264808362368549,-0.7708333333330657,0.0,1.5855855855841572,0.1294117647058316,164.0,255.0,255.0,111.0,121.0,58.0,33.0,176.0,2.5987261146493505,1.1234866828084447,1
0.0,0.595628415300221,-0.14285714285707485,0.40384615384595973,1.0,0.23728813559311981,-0.3186813186811436,0.0,1.6222222222204197,0.5166666666662361,255.0,90.0,120.0,90.0,130.0,37.0,62.0,146.0,1.37142857142831,0.8457142857140441,1
-0.4655172413791766,0.27272727272665287,-0.4655172413791766,-0.31707317073132063,-0.18968296617191988,-0.5371900826441841,-0.6504854368929934,0.6811201446804585,0.30107526881688057,0.2117647058822699,142.0,255.0,255.0,93.0,118.0,16.0,54.0,28.0,2.7382550335566793,0.7191011235951017,1
-0.33510638297863427,0.4057142857140539,-0.28977272727264497,0.5279503105586784,1.0,-0.008064516129029007,-0.7132075471695423,0.0,0.9839999999992128,0.167400881057195,46.0,251.0,227.0,125.0,102.0,52.0,38.0,123.0,2.983655274888115,1.2644376899692207,1
-0.43258426966279984,0.814126394051742,-0.43258426966279984,0.5844155844153947,1.0,0.41449275362306826,-0.5987460815045145,0.0,2.415841584156024,0.2509803921567643,255.0,255.0,255.0,101.0,169.0,25.0,64.0,244.0,2.3556581986140466,0.43196544276448556,1
-0.15384615384611158,0.5999999999998065,-0.22025316455690627,0.850746268656399,1.0,0.23383084577108612,-0.8467432950188327,0.0,1.6103896103885649,0.08298755186718548,146.0,210.0,241.0,154.0,43.0,62.0,20.0,248.0,2.3333333333330093,1.1951807228912783,1
-0.21140142517809707,0.03960396039602,-0.21140142517809707,0.16022099447504962,-1.0,-0.22509225092242618,-0.5407854984892626,0.0,0.6325301204815467,0.29803921568615765,235.0,255.0,255.0,166.0,110.0,97.0,76.0,105.0,2.2392974753016204,1.897310513446969,1
-0.12820512820508712,0.47490347490329154,-0.2707774798926888,0.5158730158728112,1.0,0.16819571865438282,-0.5906040268454394,0.0,1.4044117647048497,0.2573839662446171,141.0,176.0,237.0,136.0,223.0,68.0,61.0,191.0,2.2384737678851767,0.9890909090907292,1
-0.010582010582007783,0.7185185185182524,0.0809248554913061,0.6872727272724773,0.789312392159256,0.10739856801906746,-0.57425742574229,8.492727262232055,1.2406417112292831,0.27044025157215695,237.0,191.0,159.0,187.0,56.0,38.0,43.0,232.0,1.8957816377168863,0.8351648351646057,1
-0.1818181818180992,0.8888888888879012,-0.15887850467282297,0.3492063492060721,1.0,-0.028571428571412247,-0.5030303030299982,0.0,0.944444444443395,0.33064516129005594,96.0,130.0,124.0,90.0,81.0,5.0,41.0,85.0,2.331838565021899,0.22727272727259815,1
-0.2760736196317325,0.3538461538458817,-0.35164835164815844,0.29411764705860727,-1.0,0.19727891156449168,-0.43859649122781375,0.0,1.4915254237262856,0.3902439024387071,142.0,104.0,123.0,59.0,136.0,42.0,48.0,88.0,2.0342298288503584,1.0909090909087367,1
0.07160493827158726,0.5087719298242639,0.1573333333332914,0.9253731343276678,0.7093702899759021,-0.2543352601155334,-0.9386503067478905,5.881608900888264,0.5944700460826754,0.03164556962023314,103.0,188.0,158.0,217.0,175.0,42.0,5.0,129.0,2.1609195402295747,0.8659793814430758,1
-0.31707317073159685,0.31914893617004303,-0.29496402877687233,0.5897435897432117,1.0,0.11711711711706436,-0.6981132075468406,0.0,1.2653061224476885,0.17777777777767903,171.0,189.0,180.0,98.0,101.0,64.0,32.0,124.0,2.336939721792529,1.4504249291780593,1
-0.009900990099007941,0.17180616740080537,-0.009900990099007941,0.3641025641023774,1.0,-0.3054830287205469,-0.6088328075707858,0.0,0.5319999999997872,0.24313725490186544,222.0,255.0,255.0,250.0,54.0,94.0,62.0,133.0,2.0773930753562038,2.0053333333327985,1
-0.09047619047616894,0.6045627376423557,-0.14349775784750146,0.9009009009004951,1.0,0.04975124378108215,-0.917293233082362,0.0,1.1047120418842384,0.04313725490194387,156.0,229.0,255.0,191.0,134.0,52.0,11.0,211.0,2.275776397515245,0.926503340757032,1
-0.5271317829455321,0.6353591160217484,-0.5100401606423655,0.5913978494620477,1.0,0.4162679425835329,-0.6637168141589984,0.0,2.4262295081927436,0.20212765957436057,203.0,197.0,188.0,61.0,142.0,33.0,38.0,148.0,2.395136778115137,0.7415730337076569,1
-0.2586872586871588,0.47126436781555026,-0.22580645161281218,0.7066666666657244,1.0,-0.19999999999987503,-0.8650306748460952,0.0,0.6666666666659722,0.07236842105258397,131.0,163.0,152.0,96.0,68.0,23.0,11.0,64.0,2.358047016274438,1.0337078651679588,1
-0.291925465838328,0.7798165137607524,-0.17391304347813485,0.6033057851234683,1.0,0.2597402597400911,-0.5428571428566259,0.0,1.7017543859619266,0.2962962962959305,116.0,104.0,81.0,57.0,144.0,12.0,24.0,97.0,2.183727034120162,0.36226415094325953,1
0.4782608695650575,0.2558139534882234,0.2380952380951714,0.6240601503754707,0.44767441855253753,-0.34346504559260077,-0.6894409937883917,2.6210526304768687,0.48868778280520875,0.18382352941162955,230.0,78.0,136.0,221.0,43.0,64.0,25.0,108.0,1.0280065897856625,1.8351254480280161,1
0.04508196721310552,0.3088235294115377,0.0,0.3484848484845845,0.9999999997130434,-0.48255813953474347,-0.7114093959729156,10.0,0.3490196078430004,0.16862745098032603,193.0,233.0,255.0,255.0,155.0,47.0,43.0,89.0,2.0393873085336938,1.1124260355026294,1
-0.21718377088300306,0.4528301886790317,-0.21718377088300306,0.7599999999995658,1.0,-0.03144654088049326,-0.8478260869562146,0.0,0.93902439024333,0.0823529411764383,224.0,255.0,255.0,164.0,255.0,58.0,21.0,154.0,2.2717149220487447,0.8838095238093554,1
-0.12990936555887314,0.6382978723400861,-0.06493506493504385,0.6648648648645056,1.0,0.03355704697985451,-0.6820512820509324,0.0,1.069444444443702,0.1890243902437872,255.0,187.0,164.0,144.0,163.0,34.0,31.0,154.0,1.935316946959646,0.706493506493323,1
-0.359999999999904,0.7076923076917634,-0.359999999999904,0.4899328859057115,1.0,-0.0389610389610221,-0.740614334470737,0.0,0.9249999999992291,0.14901960784307883,151.0,255.0,255.0,120.0,34.0,19.0,38.0,111.0,2.6120358514721365,0.830601092895721,1
-0.3443708609270383,0.8791946308718932,-0.29537366548032196,0.7177914110425044,1.0,0.17154811715473994,-0.7756097560971826,0.0,1.4141414141399857,0.12637362637355695,203.0,203.0,182.0,99.0,62.0,9.0,23.0,140.0,2.293785310734139,0.32727272727257856,1
-0.07594936708859157,0.7272727272723968,-0.07594936708859157,0.6101694915251652,1.0,-0.07090464547675528,-0.6943521594682078,0.0,0.867579908675403,0.18039215686267437,255.0,255.0,255.0,219.0,69.0,30.0,46.0,190.0,2.073170731707106,0.7523510971784476,1
-0.37466307277617933,0.12230215827329331,-0.37466307277617933,0.5294117647053633,1.0,-0.19587628865969287,-0.8279569892470151,0.0,0.6724137931028686,0.09411764705878663,144.0,255.0,255.0,116.0,93.0,61.0,24.0,78.0,2.649350649350305,1.6655290102383395,1
-0.1888111888111448,0.605150214592015,-0.1888111888111448,0.35018050541503604,1.0,0.0360110803324,-0.4782608695650788,0.0,1.0747126436775434,0.35294117647044987,117.0,255.0,255.0,174.0,173.0,46.0,90.0,187.0,2.546816479400431,0.8141592920352181,1
-0.1277777777777423,0.6088328075707858,-0.11797752808985451,0.7586206896549108,1.0,0.2378640776698452,-0.7008547008544014,0.0,1.6242038216550165,0.17587939698483626,100.0,203.0,199.0,157.0,130.0,62.0,35.0,255.0,2.4494720965305503,0.9744597249506927,1
-0.5276073619630284,0.3812154696130491,-0.49508196721295245,0.7857142857137246,1.0,0.23762376237612,-0.8765432098761825,0.0,1.623376623374515,0.06578947368418167,194.0,249.0,228.0,77.0,107.0,56.0,15.0,125.0,2.590377113133603,1.3023255813949703,1
-0.4049586776858389,0.21739130434688092,-0.4016620498613846,-0.3636363636355372,-0.049687397177609706,-0.770491803278057,-0.7879858657241032,0.9053291538286047,0.1296296296295096,0.11857707509876737,105.0,255.0,253.0,108.0,143.0,9.0,30.0,14.0,2.8215767634850866,0.41142857142833633,1
-0.2131147540982442,0.24590163934406073,0.006993006993002104,0.551020408162703,0.9749360612063507,0.02702702702700877,-0.526881720429541,10.0,1.0555555555540894,0.309859154929141,177.0,111.0,71.0,72.0,103.0,46.0,22.0,76.0,1.8853503184709373,1.3579335793352922,1
-0.25925925925919524,0.5887850467287885,-0.25187032418946337,0.7171717171714758,1.0,0.25925925925919524,-0.7133105802045347,0.0,1.6999999999988669,0.16733067729077,119.0,255.0,251.0,150.0,156.0,66.0,42.0,255.0,2.6187419768931166,0.9723756906075557,1
-0.49560117302038253,0.31086142322085736,-0.49560117302038253,0.46443514644332035,-1.0,0.34099616858224485,-0.5987460815045145,0.0,2.0348837209278665,0.2509803921567643,75.0,255.0,255.0,86.0,186.0,92.0,64.0,175.0,3.0402384500740625,1.3504587155960823,1
-0.06471816283923493,-0.022727272727259815,-0.03448275862068222,0.04878048780484831,1.0,-0.44516129032243706,-0.5094339622639907,0.0,0.38392857142840003,0.3249999999998646,255.0,255.0,240.0,224.0,190.0,90.0,78.0,86.0,2.0626895854396294,1.5789473684207065,1
0.13312693498447892,0.7382198952875717,0.030985915492949018,0.7291666666662869,0.9184744845545184,-0.04871060171918375,-0.737373737373365,10.0,0.9071038251361164,0.15116279069758654,121.0,140.0,172.0,183.0,108.0,25.0,26.0,166.0,1.9178082191777537,0.6172839506170934,1
-0.4249999999998672,0.6385542168672135,-0.38255033557034146,0.8295964125556818,1.0,0.37837837837825056,-0.8311111111107418,0.0,2.2173913043454156,0.0922330097086931,200.0,228.0,206.0,92.0,199.0,45.0,19.0,204.0,2.4385026737964655,0.7302231237321034,1
-0.2762430939225756,0.4878048780484831,-0.23837209302318652,0.5741935483867264,1.0,-0.03557312252963021,-0.7317073170728733,0.0,0.9312977099229532,0.154929577464716,111.0,231.0,213.0,131.0,86.0,42.0,33.0,122.0,2.624999999999627,1.1506849315064553,1
-0.07969151670949108,0.619909502262163,-0.14964370546314737,0.5497835497833118,1.0,0.0,-0.6462585034011408,0.0,0.9999999999994414,0.21487603305776246,242.0,210.0,242.0,179.0,247.0,42.0,52.0,179.0,1.9976218787155768,0.6588235294116356,1
-0.10471204188478934,0.3377483443706373,-0.14285714285710704,0.5538461538457279,1.0,-0.25735294117637597,-0.7743190661475586,0.0,0.5906432748534558,0.12719298245608457,204.0,211.0,228.0,171.0,151.0,50.0,29.0,101.0,2.1179422835630968,1.1363636363633136,1
0.25624999999991993,0.6153846153842774,0.03608247422679482,0.7294117647054533,0.9057276399038329,-0.15517241379305888,-0.7809523809520091,10.0,0.7313432835817257,0.12299465240635135,236.0,119.0,187.0,201.0,184.0,35.0,23.0,147.0,1.4103703703701613,0.6982543640896015,1
-0.9371727748686194,0.9029850746265288,-0.9322033898299819,0.8478260869562146,-1.0,0.9540229885053817,-0.7812499999995931,0.0,10.0,0.12280701754378784,255.0,185.0,171.0,6.0,199.0,13.0,21.0,255.0,2.3454833597460625,0.21666666666662154,1
-0.09090909090905648,0.6216216216212856,-0.1459074733095566,0.9108280254771269,1.0,0.11111111111106996,-0.9166666666661211,0.0,1.2499999999989584,0.04347826086953822,215.0,144.0,161.0,120.0,48.0,35.0,7.0,150.0,1.8491171749595747,1.0447761194025953,1
-0.2977099236640464,0.567010309277766,-0.2977099236640464,0.9999999999986842,1.0,-0.28971962616808894,-0.9999999999996079,0.0,0.5507246376807604,0.0,187.0,255.0,255.0,138.0,58.0,21.0,0.0,76.0,2.443113772454797,0.9545454545449122,1
-0.11688311688307894,0.8035714285707111,-0.12258064516125078,0.9999999999990099,1.0,-0.14767932489445246,-0.9999999999994253,0.0,0.7426470588229834,0.0,255.0,172.0,174.0,136.0,37.0,11.0,0.0,101.0,1.8721088435371602,0.5499999999996563,1
-0.26285714285706774,0.36111111111086036,-0.3027027027026209,0.3802816901405773,1.0,-0.13656387665192224,-0.691228070175196,0.0,0.7596899224800313,0.18257261410780806,255.0,221.0,241.0,129.0,24.0,46.0,44.0,98.0,2.1404358353508304,1.7196261682234957,1
-0.02593659942362365,0.359999999999712,-0.09139784946234103,0.307692307692071,1.0,-0.33070866141719263,-0.6370967741932915,0.0,0.5029585798813593,0.22167487684718146,163.0,178.0,203.0,169.0,108.0,40.0,45.0,85.0,2.069767441860164,1.1721611721607428,1
-0.3209876543208886,0.5406698564590715,-0.3785310734462208,0.3819742489268747,1.0,0.18819188191874975,-0.5443037974681822,0.0,1.4636363636350331,0.29508196721299385,118.0,214.0,244.0,110.0,81.0,48.0,72.0,161.0,2.609756097560578,1.1360946745558769,1
-0.2977099236640464,0.5471698113204967,-0.2977099236640464,0.6157635467977263,1.0,0.08609271523175957,-0.7346938775507705,0.0,1.1884057971005881,0.15294117647052827,59.0,255.0,255.0,138.0,84.0,48.0,39.0,164.0,2.885431400282477,1.1162790697671174,1
-0.284634760705218,0.4153846153844024,-0.284634760705218,0.6526946107780524,1.0,-0.014285714285709183,-0.7957746478870438,0.0,0.9718309859148087,0.11372549019603384,67.0,255.0,255.0,142.0,188.0,57.0,29.0,138.0,2.8372739916546816,1.0363636363634008,1
0.09090909090906425,0.6145833333330133,0.1272727272726887,0.7032967032963169,0.6935289871668566,-0.09090909090906425,-0.6842105263153894,5.525902664416669,0.8333333333328854,0.1874999999998698,143.0,155.0,144.0,186.0,163.0,37.0,27.0,155.0,1.940532081376848,0.755102040816134,1
0.313131313131155,0.4556962025313572,0.3333333333331624,0.4649681528659459,0.16489361700056068,-0.06122448979589338,-0.21495327102783648,1.3949044581800816,0.8846153846147042,0.6461538461528521,164.0,68.0,65.0,130.0,80.0,43.0,42.0,115.0,1.2651162790694732,1.2241992882557922,1
-0.09973045822099738,0.5784753363226106,-0.11170212765954476,0.5855855855853218,1.0,0.026239067055385937,-0.6392156862742592,0.0,1.0538922155682313,0.220095693779799,235.0,204.0,209.0,167.0,143.0,47.0,46.0,176.0,2.014814814814566,0.9104116222758086,1
-0.1111111111110869,0.6411960132888236,0.019999999999995,0.5682539682537879,0.9320021585031899,0.09534368070951323,-0.48484848484830123,10.0,1.2107843137248968,0.3469387755100271,161.0,255.0,196.0,204.0,132.0,54.0,68.0,247.0,2.331428571428305,0.8870636550306187,1
0.025641025641019666,0.6060606060603765,0.18279569892468206,0.7165991902831107,0.5935140367200256,-0.018518518518514233,-0.6256684491975264,3.920219097640539,0.9636363636359256,0.23026315789458537,241.0,209.0,152.0,220.0,126.0,52.0,35.0,212.0,1.9021615472125253,0.9411764705880223,1
-0.21766561514188718,0.9722222222215472,-0.2415902140672044,0.8807947019861717,1.0,0.06766917293230539,-0.9150943396222099,0.0,1.145161290321657,0.04433497536943629,134.0,193.0,203.0,124.0,113.0,2.0,9.0,142.0,2.3975155279499383,0.06177606177603793,1
-0.04436860068257872,0.6666666666664445,-0.031141868512099952,0.6611295681060927,1.0,0.2820512820512097,-0.489999999999755,0.0,1.7857142857130104,0.3422818791944012,167.0,153.0,149.0,140.0,230.0,50.0,51.0,250.0,1.9967373572590543,0.6896551724136741,1
-0.41040462427733804,0.13725490196071705,-0.39823008849545777,0.31818181818163743,-1.0,0.06422018348620907,-0.5959595959593953,0.0,1.1372549019596694,0.25316455696191853,132.0,244.0,237.0,102.0,244.0,88.0,60.0,116.0,2.7036011080328666,1.3134328358206504,1
-0.06451612903223726,0.5133531157268506,-0.1445427728613143,0.6887417218540766,1.0,0.27499999999993124,-0.6099585062238133,0.0,1.7586206896539598,0.24226804123698853,202.0,165.0,194.0,145.0,221.0,82.0,47.0,255.0,1.949778434268545,1.0249999999998398,1
-0.2956298200513379,0.7222222222219357,-0.30102040816318854,0.9999999999995393,1.0,0.2259887005649079,-0.9999999999996079,0.0,1.58394160583826,0.0,120.0,252.0,255.0,137.0,136.0,35.0,0.0,217.0,2.649145860709244,0.6619385342788033,1
-0.21538461538453255,0.6954732510285204,-0.32225913621251756,0.7991266375542362,1.0,0.33766233766222803,-0.7927927927924358,0.0,2.0196078431352746,0.1155778894471781,234.0,158.0,199.0,102.0,177.0,37.0,23.0,206.0,1.9386503067481689,0.6477024070020465,1
-0.2156862745096982,0.8229166666662381,-0.23076923076911984,0.8518518518514012,1.0,0.37254901960769704,-0.8028169014078854,0.0,2.1874999999972657,0.10937499999991457,200.0,124.0,128.0,80.0,129.0,17.0,14.0,175.0,1.8787878787875227,0.40236686390520643,1
-0.25797101449267884,0.13580246913571864,-0.32453825857511226,0.5081967213110589,1.0,-0.16363636363628928,-0.7864768683271223,0.0,0.7187499999994386,0.11952191235055,209.0,217.0,251.0,128.0,52.0,70.0,30.0,92.0,2.251621271076232,1.9718309859147987,1
0.047619047619036285,0.5460992907797546,0.06537530266342242,0.8166666666659861,0.8517637369212406,-0.33738601823697956,-0.8921568627446608,10.0,0.49545454545432027,0.05699481865282021,255.0,200.0,193.0,220.0,47.0,32.0,11.0,109.0,1.8285714285712196,1.1636363636358347,1
0.3032258064515151,0.5596330275224224,0.16763005780341977,0.9999999999988235,0.7128712870674417,-0.4076655052263388,-0.9999999999993057,5.965517237815275,0.4207920792077125,0.0,255.0,108.0,144.0,202.0,198.0,24.0,0.0,85.0,1.2838038632984718,0.5800604229605498,1
0.022556390977437956,0.3469387755098501,0.07936507936505838,0.19999999999981818,0.43181818166334834,-0.5111111111109219,-0.5963302752290843,2.519999996823176,0.3235294117645473,0.2528735632182455,255.0,195.0,174.0,204.0,0.0,32.0,44.0,66.0,1.837455830388476,1.9692307692292546,1
-0.0851063829787053,0.4658385093164809,-0.01601830663615194,0.5629139072843955,1.0,-0.29129129129120385,-0.7411764705879447,0.0,0.5488372093020704,0.1486486486485817,134.0,255.0,222.0,215.0,104.0,43.0,33.0,118.0,2.3748544819554858,1.1168831168827542,1
0.07949790794975754,0.6734693877546439,0.05306122448977427,0.4909090909087934,0.8049113231807813,-0.02380952380951436,-0.46835443037945046,9.251748234310433,0.9534883720922842,0.36206896551692924,92.0,110.0,116.0,129.0,164.0,24.0,42.0,123.0,1.9954648526072574,0.5731343283580379,1
-0.12021857923493984,0.37864077669866153,-0.08262108262105909,0.4343434343429956,1.0,-0.3879310344825914,-0.743119266054705,0.0,0.4409937888196019,0.14736842105255402,122.0,205.0,190.0,161.0,97.0,32.0,28.0,71.0,2.366522366522025,1.1034482758615933,1
0.050279329608924506,0.49818181818163704,0.06214689265534968,0.6680161943317134,0.8297725705272762,0.04568527918780566,-0.6038647342992253,10.0,1.0957446808504812,0.24698795180708014,165.0,170.0,166.0,188.0,80.0,69.0,41.0,206.0,1.9624819624816792,1.3018867924525233,1
-0.13281249999994812,0.5196850393698742,-0.0826446280991394,0.649572649572372,1.0,0.26973684210517446,-0.5232558139531842,0.0,1.7387387387371722,0.3129770992364023,193.0,145.0,131.0,111.0,56.0,61.0,41.0,193.0,1.952861952861624,1.3153638814012627,1
0.2407407407406293,0.7987421383642775,0.2946859903380219,0.6531791907510676,0.3782111713010903,0.03249097472923015,-0.4174757281549345,2.216526105568102,1.0671641791036812,0.4109589041090261,209.0,82.0,73.0,134.0,32.0,16.0,30.0,143.0,1.293885601577654,0.6183574879224066,1
-0.07633587786256629,0.35403726708052546,-0.08333333333330177,0.9464285714277264,1.0,-0.05217391304345558,-0.9589041095883843,0.0,0.9008264462802472,0.02097902097900631,186.0,141.0,143.0,121.0,158.0,52.0,3.0,109.0,1.9151103565361773,1.1212938005387814,1
-0.38926174496631233,0.46666666666640744,-0.19469026548663954,0.913043478260208,1.0,0.18385650224207004,-0.9148936170206278,0.0,1.4505494505478564,0.04444444444441153,113.0,207.0,135.0,91.0,52.0,48.0,6.0,132.0,2.679611650485003,1.3714285714280816,1
-0.03846153846152367,0.35833333333318407,0.04166666666664931,0.6891191709840989,0.8859675035715163,0.13194444444439862,-0.5862068965513199,10.0,1.3039999999989569,0.2608695652171645,84.0,135.0,115.0,125.0,136.0,77.0,30.0,163.0,2.2546972860120555,1.3598233995581988,1
-0.2970711297069887,0.6204379562039267,-0.25663716814147935,0.999999999999099,1.0,0.13846153846146747,-0.9999999999992959,0.0,1.3214285714269982,0.0,192.0,155.0,142.0,84.0,48.0,26.0,0.0,111.0,2.1160409556310382,0.9857819905208599,1
0.307958477508544,0.6451612903223726,0.25165562913898953,0.5088757396448199,0.33821104694647686,0.14864864864861518,-0.15306122448971785,2.0221114909436673,1.3492063492056354,0.7345132743356332,177.0,100.0,113.0,189.0,255.0,55.0,83.0,255.0,1.413427561837206,0.7096774193547242,1
-0.12269938650302985,0.6037735849054705,-0.16374269005843167,0.5407854984892626,1.0,0.2814070351758087,-0.4472727272725647,0.0,1.7832167832155363,0.38190954773850155,176.0,183.0,199.0,143.0,220.0,63.0,76.0,255.0,2.137226277371951,0.8386023294507755,1
-0.7307692307687624,0.6120401337790595,-0.7181208053686456,0.7655677655674852,1.0,0.8396946564882292,-0.599999999999625,0.0,10.0,0.2499999999998047,81.0,135.0,128.0,21.0,187.0,58.0,32.0,241.0,2.9032258064508327,0.8529411764704313,1
-0.35403726708063543,0.827586206896195,-0.40740740740729137,0.8197424892700345,1.0,0.34177215189862603,-0.8432835820892376,0.0,2.0384615384595786,0.08502024291494534,176.0,218.0,247.0,104.0,189.0,20.0,21.0,212.0,2.435754189943794,0.3628117913831377,1
-0.395348837209171,0.6299559471362864,-0.4484848484847126,0.8781725888320416,1.0,0.34057971014480415,-0.9043824701191616,0.0,2.032967032964799,0.0502092050208995,166.0,210.0,239.0,91.0,160.0,42.0,12.0,185.0,2.481536189069057,0.7832167832166007,1
-0.12181303116143859,0.41558441558414577,-0.14364640883973934,0.5912408759119773,1.0,-0.17424242424235825,-0.7617021276592504,0.0,0.7032258064511593,0.13526570048302644,212.0,198.0,207.0,155.0,104.0,45.0,28.0,109.0,2.076015727391602,1.1881188118807962,1
-0.14117647058819377,0.25373134328339275,-0.22546419098137258,0.16666666666655094,-1.0,-0.26956521739118716,-0.5876288659791795,0.0,0.5753424657530306,0.2597402597401473,168.0,194.0,231.0,146.0,101.0,50.0,60.0,84.0,2.210826210825896,1.4035087719293322,1
0.11560693641615157,0.9999999999990908,0.034852546916880736,0.7322834645663525,0.9091359382413784,-0.27392739273918354,-0.8274111675122704,10.0,0.5699481865282021,0.09444444444439198,179.0,153.0,180.0,193.0,143.0,0.0,17.0,110.0,1.805309734513008,0.0,1
0.3919413919412484,0.9212598425193224,0.3286713286712138,0.8769230769227397,0.4547563804727064,0.12442396313361188,-0.7142857142850765,2.668085105571106,1.2842105263151136,0.16666666666649305,164.0,83.0,96.0,190.0,127.0,10.0,16.0,244.0,1.2769230769228312,0.20460358056260752,1
-0.3225806451611863,0.3836477987418971,-0.2953020134227197,0.45695364238380337,1.0,0.023255813953477558,-0.649572649572372,0.0,1.0476190476180498,0.21243523316051172,120.0,205.0,193.0,105.0,11.0,49.0,41.0,110.0,2.5826771653539238,1.7899543378987262,1
-0.2580645161289629,0.45945945945914907,-0.18100890207709763,0.4794520547941922,1.0,-0.12195121951214555,-0.6793248945144813,0.0,0.7826086956516068,0.19095477386925078,52.0,234.0,199.0,138.0,52.0,40.0,38.0,108.0,2.8449848024311786,1.333333333332778,1
-0.24396782841816517,0.8324607329838574,-0.15820895522383338,0.902173913042988,1.0,0.10759493670882671,-0.9113300492606349,0.0,1.2411347517721696,0.04639175257729568,234.0,232.0,194.0,141.0,108.0,16.0,9.0,175.0,2.2121573301546826,0.40634920634907734,1
-0.2757660167130151,0.4265734265731283,-0.3085106382977903,0.837837837837083,1.0,-0.12068965517236178,-0.9294117647055179,0.0,0.7846153846147811,0.036585365853643664,242.0,229.0,246.0,130.0,130.0,41.0,9.0,102.0,2.2072289156623848,1.0445859872608139,1
0.0,0.11111111111103396,0.06666666666664957,0.2403100775191936,0.5656565654721225,-0.44444444444429015,-0.5757575757573266,3.604651157381852,0.38461538461519973,0.26923076923062134,183.0,208.0,182.0,208.0,31.0,64.0,49.0,80.0,2.061957868649063,2.142259414225045,1
-0.11264367816089364,0.1446540880502235,-0.10854503464200727,0.3188405797099139,1.0,-0.35915492957733836,-0.6724738675955846,0.0,0.47150259067333083,0.19583333333325176,168.0,242.0,240.0,193.0,118.0,68.0,47.0,91.0,2.291124260354758,1.5768115942024417,1
0.060317460317441174,0.1858407079644373,0.06369426751590329,0.9999999999985074,0.8802395208751984,-0.42735042735024475,-0.9999999999993198,10.0,0.40119760479017896,0.0,136.0,148.0,147.0,167.0,161.0,46.0,0.0,67.0,1.9766277128544278,1.1499999999996406,1
-0.01863354037266502,0.6164383561641021,-0.0840579710144684,0.6388888888885932,1.0,0.05671641791043083,-0.6548672566368784,0.0,1.120253164556253,0.2085561497325088,147.0,164.0,187.0,158.0,158.0,42.0,39.0,177.0,2.072669826224001,0.8019093078757036,1
-0.19078947368414778,0.1744186046510614,-0.1546391752576788,0.5538461538457279,1.0,-0.09821428571424187,-0.7055837563448195,0.0,0.8211382113814463,0.1726190476189449,91.0,181.0,168.0,123.0,45.0,71.0,29.0,101.0,2.5138888888884523,1.9722222222215375,1
-0.3144329896906406,0.45205479452039316,-0.3144329896906406,0.6060606060603765,1.0,0.22898550724631045,-0.6612377850160713,0.0,1.5939849624048168,0.203921568627371,134.0,255.0,255.0,133.0,255.0,80.0,52.0,212.0,2.6254826254822876,1.0207336523124368,1
-0.33149171270709077,0.4333333333329722,-0.2644376899695245,0.6380952380946304,1.0,-0.16908212560378305,-0.8325991189423645,0.0,0.7107438016523051,0.09134615384610993,228.0,241.0,208.0,121.0,141.0,34.0,19.0,86.0,2.320096269554474,0.9220338983047722,1
0.037463976945234165,0.5644171779139373,0.02857142857142041,0.5789473684208735,0.9059405939102825,0.17241379310340865,-0.4285714285712485,10.0,1.4166666666658798,0.3999999999997647,149.0,167.0,170.0,180.0,213.0,71.0,68.0,255.0,2.0150829562591226,0.9311475409834539,1
-0.4353741496597159,0.6549019607840569,-0.4779874213834975,0.5234657039709302,1.0,0.4353741496597159,-0.561461794019747,0.0,2.5421686746957324,0.28085106382966774,215.0,211.0,235.0,83.0,66.0,44.0,66.0,211.0,2.3444444444441186,0.9643835616435714,1
-0.24793388429741822,0.7377049180324846,-0.29457364341073855,0.8354978354974738,1.0,0.39933993399326756,-0.7956989247307551,0.0,2.3296703296677697,0.11377245508975224,201.0,151.0,167.0,91.0,120.0,32.0,19.0,212.0,2.0336700336696913,0.6464646464644832,1
-0.40361445783120375,0.7785977859775725,-0.3333333333332211,0.6736111111108772,1.0,0.4176470588234066,-0.6163265306119934,0.0,2.4343434343409753,0.2373737373736175,255.0,233.0,198.0,99.0,71.0,30.0,47.0,241.0,2.2731707317070398,0.6451612903224072,1
-0.05952380952379181,0.48543689320364786,-0.08933717579248146,0.9124999999994298,1.0,-0.01607717041800126,-0.9285714285709549,0.0,0.968354430379134,0.037037037037017446,122.0,178.0,189.0,158.0,167.0,53.0,7.0,153.0,2.2389937106914717,0.9953051643190152,1
0.2090032154340164,0.4409937888196019,0.06818181818179882,0.36470588235272666,0.6849907348633001,-0.23684210526308,-0.5045871559630714,5.349019599996282,0.6170212765954165,0.32926829268272606,226.0,123.0,164.0,188.0,71.0,45.0,54.0,116.0,1.490909090908865,1.299638989169206,1
0.10231023102306855,0.8775510204075664,-0.014749262536868805,0.5418994413404794,1.0,-0.09508196721308358,-0.6150234741781151,0.0,0.8263473053887268,0.23837209302311724,201.0,136.0,172.0,167.0,210.0,9.0,41.0,138.0,1.6999999999997342,0.1967213114753561,1
-0.0909090909090673,0.7310924369744828,-0.09326424870463905,0.7682403433473098,1.0,0.0813648293963041,-0.7731092436971542,0.0,1.1771428571421845,0.12796208530799624,112.0,210.0,211.0,175.0,180.0,32.0,27.0,206.0,2.37623762376204,0.5688888888887624,1
0.01652892561982788,0.624999999999721,0.07894736842101802,0.6396396396393516,0.7802705376677251,0.19344262295075626,-0.4482758620686564,8.102102091839344,1.4796747967467645,0.3809523809520181,170.0,119.0,105.0,123.0,28.0,42.0,40.0,182.0,1.792843691148438,1.1428571428567542,1
-0.5614035087716837,0.3053892215567034,-0.5670995670993216,0.2674418604649608,-1.0,0.37106918238970377,-0.483606557376851,0.0,2.17999999999564,0.34806629834234915,152.0,178.0,181.0,50.0,129.0,58.0,63.0,109.0,2.551971326164417,1.310734463276466,1
-0.05714285714284082,0.30769230769201183,-0.032258064516119574,0.3737373737369962,1.0,-0.4163090128753578,-0.7004830917871012,0.0,0.41212121212096237,0.17613636363626356,122.0,185.0,176.0,165.0,60.0,36.0,31.0,68.0,2.2526636225262933,1.43999999999928,1
-0.36419753086408513,0.5714285714279883,-0.4028985507245209,0.9999999999987013,1.0,-0.14444444444436422,-0.9999999999995868,0.0,0.7475728155332547,0.0,255.0,221.0,242.0,103.0,76.0,21.0,0.0,77.0,2.2099999999997237,0.8615384615380198,1
-0.33108108108096923,0.6119402985071583,-0.3831775700933386,0.8202247191006629,1.0,0.24137931034473512,-0.8655462184870313,0.0,1.6363636363619833,0.07207207207203961,129.0,197.0,222.0,99.0,133.0,39.0,16.0,162.0,2.533762057877406,0.8364611260051377,1
0.0825688073394306,0.11926605504576214,0.09512761020879464,0.4352941176465467,0.6413132975321709,-0.5892255892253908,-0.7808219178078627,4.575896695328878,0.25847457627107695,0.12307692307685997,179.0,200.0,195.0,236.0,103.0,48.0,24.0,61.0,1.9631901840488388,1.476923076922509,1
0.006711409395971653,0.5657894736838384,-0.01315789473683922,0.3005464480872675,1.0,-0.3081395348836314,-0.5661016949150623,0.0,0.5288888888886538,0.27705627705615715,190.0,222.0,231.0,225.0,83.0,33.0,64.0,119.0,2.0675203725259523,0.9850746268653041,1
0.10526315789470607,0.41758241758218817,0.0,0.6433121019104183,0.9999999998445545,-0.18867924528295954,-0.7419354838706259,10.0,0.6825396825393214,0.14814814814806979,213.0,153.0,189.0,189.0,82.0,53.0,28.0,129.0,1.7288135593217897,1.3375394321762342,1
0.10389610389607017,0.5947136563874033,0.00890207715133267,0.5739130434780114,0.9694514542100677,0.03133903133902241,-0.5462962962960434,10.0,1.064705882352315,0.29341317365251895,208.0,138.0,167.0,170.0,180.0,46.0,49.0,181.0,1.6880733944951547,0.812362030904898,1
-0.3840579710143536,0.24390243902424155,-0.3032786885244659,0.45714285714253067,1.0,0.0909090909090423,-0.6142131979692314,0.0,1.1999999999985882,0.2389937106916736,174.0,191.0,159.0,85.0,100.0,62.0,38.0,102.0,2.3837753510136683,1.5214723926375702,1
-0.2075471698112648,0.6088328075707858,-0.18333333333328242,0.7708333333330657,1.0,0.2686567164178436,-0.7317073170728733,0.0,1.7346938775498404,0.154929577464716,189.0,224.0,213.0,147.0,120.0,62.0,33.0,255.0,2.285714285713994,0.9939879759517046,1
-0.20418848167533923,0.6213017751475614,-0.20833333333327908,0.5568181818178655,1.0,-0.05190311418683325,-0.7121771217709549,0.0,0.9013157894730913,0.16810344827578963,255.0,230.0,232.0,152.0,130.0,32.0,39.0,137.0,2.122260668973227,0.7734138972807332,1
0.15789473684204988,0.5793357933577198,0.07843137254899397,0.6984126984124213,0.7980769229741771,0.1292875989445569,-0.5754189944130864,8.904761893407711,1.296969696968911,0.26950354609909966,180.0,120.0,141.0,165.0,19.0,57.0,38.0,214.0,1.6410256410253603,1.3141210374635983,1
-0.4646840148697158,0.27999999999962666,-0.5151515151513417,0.07865168539317005,-1.0,-0.19999999999983334,-0.6917293233080106,0.0,0.6666666666657407,0.18222222222214124,207.0,197.0,225.0,72.0,110.0,27.0,41.0,48.0,2.3417533432388793,1.0188679245278214,1
-0.17543859649115112,0.6787564766835862,-0.3062730627305143,0.9999999999993828,1.0,0.26562499999989625,-0.9999999999994351,0.0,1.7234042553173154,0.0,160.0,134.0,177.0,94.0,75.0,31.0,0.0,162.0,2.0536398467429016,0.829431438126813,1
-0.4237288135591425,0.5928143712571301,-0.42616033755256283,0.5028248587567781,1.0,0.3233830845769536,-0.5868544600936212,0.0,1.9558823529383,0.26035502958564477,179.0,168.0,169.0,68.0,162.0,34.0,44.0,133.0,2.3053173241848532,0.7493112947656339,1
-0.15315315315310718,0.5018867924526408,-0.10759493670882671,0.7610619469023182,1.0,0.17058823529406747,-0.7326732673263701,0.0,1.4113475177294956,0.15428571428562612,64.0,192.0,175.0,141.0,165.0,66.0,27.0,199.0,2.6078098471981987,1.0645161290320435,1
-0.1834625322996942,0.4842767295594439,-0.16180371352780853,0.3720930232555976,1.0,-0.14492753623183155,-0.604395604395383,0.0,0.746835443037502,0.24657534246564083,188.0,229.0,219.0,158.0,96.0,41.0,54.0,118.0,2.2786069651738456,1.1081081081077337,1
-0.18072289156619248,0.8440366972473193,-0.28421052631568977,0.9999999999995025,1.0,0.3267326732672189,-0.9999999999994537,0.0,1.9705882352921857,0.0,69.0,147.0,183.0,102.0,165.0,17.0,0.0,201.0,2.5290322580639724,0.33999999999991504,1
0.21818181818171903,0.7575757575754707,0.10288065843617165,0.7984496124027913,0.771713739561869,0.2677595628414569,-0.6148148148143594,7.760930225014702,1.7313432835807976,0.23853211009152428,157.0,86.0,109.0,134.0,148.0,32.0,26.0,232.0,1.4859611231098302,0.5765765765764468,1
-0.09540636042399456,0.5270270270266709,-0.10489510489506822,0.3614457831323124,1.0,-0.06224066390038911,-0.49763033175331867,0.0,0.8828124999993104,0.3354430379744713,229.0,155.0,158.0,128.0,79.0,35.0,53.0,113.0,1.8590704647673373,1.068702290075928,1
0.0534351145037964,0.7222222222218879,-0.021276595744673308,0.7383177570090008,1.0,0.14814814814810243,-0.6744186046507707,0.0,1.3478260869555452,0.19444444444430942,100.0,124.0,144.0,138.0,99.0,30.0,28.0,186.0,2.0411522633740655,0.6956521739128418,1
-0.14285714285709428,-0.1619047619046077,-0.13993174061428673,0.75999999999848,1.0,-0.4823529411761869,-0.9306358381497511,0.0,0.3492063492060721,0.03592814371255334,190.0,168.0,167.0,126.0,70.0,61.0,6.0,44.0,2.0613496932512176,2.0677966101686156,1
-0.0835734870316762,0.839999999999328,-0.11666666666663426,0.6911764705877271,1.0,-0.16058394160578082,-0.8108108108104456,0.0,0.7232704402511175,0.10447761194024653,255.0,188.0,201.0,159.0,112.0,10.0,21.0,115.0,1.9037974683541894,0.32388663967598225,1
0.11174785100283331,0.6205128205125023,0.0157068062827184,0.7555555555551359,0.9592698746681898,-0.10227272727269822,-0.7904761904758141,10.0,0.8144329896903019,0.11702127659568244,197.0,155.0,188.0,194.0,98.0,37.0,22.0,158.0,1.7689015691866234,0.8969696969694252,1
0.3173333333332487,0.5706806282719525,0.33153638814007236,0.8181818181813224,0.42327365725204913,-0.24433249370270924,-0.7841726618699395,2.467849223201587,0.6072874493924667,0.12096774193538631,140.0,128.0,124.0,247.0,174.0,41.0,15.0,150.0,1.5925349922237024,0.8078817733988158,1
-0.26562499999989625,0.7826086956517486,-0.2569169960473293,0.6994818652846118,1.0,0.2713178294572592,-0.6914893617017599,0.0,1.7446808510619738,0.18238993710680354,97.0,162.0,159.0,94.0,151.0,20.0,29.0,164.0,2.5165048543684434,0.45070422535198573,1
-0.35999999999988,0.5753424657530306,-0.3865814696484388,0.6428571428566837,1.0,0.09004739336488624,-0.7933884297517383,0.0,1.1979166666654189,0.11520737327183632,246.0,204.0,217.0,96.0,93.0,31.0,25.0,115.0,2.1759999999997097,0.9185185185181783,1
0.2590673575128863,0.507352941176284,0.2525773195875638,0.4137931034481332,0.2419311816120927,-0.08482142857140965,-0.2608695652172779,1.6382828987178741,0.8436213991766076,0.5862068965513199,255.0,143.0,145.0,243.0,123.0,67.0,85.0,205.0,1.4591836734692016,1.160173160172909,1
0.036414565826320335,0.4685314685311409,0.005434782608694176,0.18644067796599637,0.9433509356581202,-0.27586206896542215,-0.43529411764688813,10.0,0.5675675675672608,0.3934426229506047,176.0,172.0,183.0,185.0,65.0,38.0,72.0,105.0,1.9517730496451131,1.235772357723075,1
-0.10674157303367789,0.3087557603685213,-0.10169491525420857,0.38536585365834863,1.0,-0.05647840531559586,-0.5116279069765459,0.0,0.8930817610057277,0.3230769230767574,179.0,197.0,195.0,159.0,68.0,75.0,63.0,142.0,2.15300546448058,1.6666666666662038,1
-0.13114754098357073,0.6428571428567602,-0.20895522388054505,0.5081967213111978,1.0,-0.0707070707070469,-0.6874999999997613,0.0,0.867924528301341,0.18518518518510899,199.0,207.0,243.0,159.0,34.0,30.0,45.0,138.0,2.145077720206976,1.0344827586202439,1
0.04519774011298158,-0.2747252747249728,0.019283746556468518,0.19999999999963636,0.8241206026390039,-0.6972477064216985,-0.77999999999961,10.0,0.17837837837828197,0.12359550561790811,185.0,169.0,178.0,185.0,0.0,58.0,22.0,33.0,1.9096045197737415,3.1140939597294537,1
-0.1701492537312925,0.5857142857138674,-0.20571428571422695,0.4140127388532395,1.0,-0.1119999999999552,-0.6420233463032522,0.0,0.7985611510785623,0.21800947867288248,188.0,196.0,211.0,139.0,134.0,29.0,46.0,111.0,2.1808066759385003,0.765676567656513,1
-0.13994910941472266,0.8581560283681858,-0.20283018867919744,0.9999999999992367,1.0,-0.12666666666662446,-0.9999999999996079,0.0,0.7751479289936243,0.0,106.0,224.0,255.0,169.0,102.0,10.0,0.0,131.0,2.4785615491006254,0.316205533596713,1
0.07949790794975754,0.7837837837834307,0.0,0.8504672897192288,0.9999999998824176,0.21100917431186209,-0.7793103448270489,10.0,1.534883720929043,0.12403100775184185,39.0,110.0,129.0,129.0,124.0,24.0,16.0,198.0,2.2680412371128176,0.5189189189187787,1
-0.1105651105650834,0.6045197740109579,-0.1017369727046894,0.5865921787706221,1.0,-0.12074303405569017,-0.7142857142854385,0.0,0.7845303867398981,0.1666666666665916,39.0,226.0,222.0,181.0,78.0,35.0,37.0,142.0,2.69047619047579,0.9655172413789774,1
-0.19158878504668422,0.8556701030919014,-0.19158878504668422,0.31386861313845704,1.0,-0.3155893536120473,-0.6887417218540766,0.0,0.5202312138725317,0.18431372549012381,227.0,255.0,255.0,173.0,112.0,7.0,47.0,90.0,2.2417582417579953,0.25925925925913923,1
-0.37278106508853687,0.9999999999994118,-0.46192893400991786,0.9999999999994118,1.0,0.5246636771298095,-0.9999999999993057,0.0,3.207547169805269,0.0,113.0,116.0,144.0,53.0,141.0,0.0,0.0,170.0,2.3316582914567006,0.0,1
0.04672897196260227,0.650655021833777,0.1546391752576788,0.7581395348833684,0.6611683125982604,0.05882352941174823,-0.6510067114089592,4.9026356557437625,1.1249999999993305,0.21138211382096636,220.0,153.0,123.0,168.0,181.0,40.0,26.0,189.0,1.7636887608066623,0.7111111111109532,1
0.061611374407553744,0.4491017964069167,-0.05485232067508234,0.4235294117644568,1.0,0.03862660944204351,-0.4367816091951513,0.0,1.0803571428561782,0.3919999999996864,201.0,99.0,125.0,112.0,120.0,46.0,49.0,121.0,1.5499021526415755,1.1051051051047733,1
-0.3846153846152663,0.7986577181202694,-0.43661971830973617,0.624242424242046,1.0,0.14529914529908322,-0.7832167832165094,0.0,1.33999999999866,0.12156862745093272,110.0,225.0,255.0,100.0,43.0,15.0,31.0,134.0,2.727272727272314,0.5797101449272563,1
-0.6521739130431947,0.40983606557343455,-0.5767195767192717,0.49565217391261246,-1.0,0.36507936507907535,-0.6741573033704078,0.0,2.149999999994625,0.19463087248309086,115.0,190.0,149.0,40.0,36.0,36.0,29.0,86.0,2.8411214953265715,1.4845360824734617,1
-0.26562499999989625,0.9538461538454203,-0.26274509803911267,0.6282051282047255,1.0,0.14932126696825823,-0.6947368421048975,0.0,1.3510638297857966,0.1801242236023726,150.0,162.0,161.0,94.0,80.0,3.0,29.0,127.0,2.2816901408446686,0.11267605633797527,1
0.13270142180091643,0.4871794871790708,0.05986696230597342,0.4871794871790708,0.781126584766669,-0.4662576687115134,-0.7520661157021686,8.137701790770343,0.3640167364015213,0.14150943396219742,96.0,183.0,212.0,239.0,140.0,30.0,30.0,87.0,2.0884450784590456,0.8362369337976181,1
0.013215859030831183,0.8403361344534285,0.013215859030831183,0.863829787233675,0.9698627793533596,0.31137724550888884,-0.7499999999994141,10.0,1.9043478260853006,0.1428571428570153,161.0,112.0,112.0,115.0,90.0,19.0,16.0,219.0,1.7919999999996417,0.43804034582119944,1
-0.3907692307691105,0.7370892018775883,-0.3612903225805286,0.9576719576714511,1.0,0.3028169014083441,-0.9627906976739709,0.0,1.8686868686849811,0.018957345971554997,143.0,226.0,211.0,99.0,14.0,28.0,4.0,185.0,2.6051873198843505,0.8784313725486752,1
-0.5987460815045145,0.5774647887319877,-0.5775577557753869,0.9145299145291329,1.0,0.2727272727271178,-0.95901639344223,0.0,1.7499999999972655,0.02092050209204146,186.0,255.0,239.0,64.0,91.0,30.0,5.0,112.0,2.6842105263154363,0.9125475285167634,1
0.18699186991864852,0.3854748603349802,0.22346368715077558,0.2653061224488443,0.08560765102039246,-0.27696793002907377,-0.3175355450235462,1.1872448974276175,0.566210045661842,0.5179856115104188,188.0,150.0,139.0,219.0,76.0,55.0,72.0,124.0,1.697312588401457,1.4193548387092196,1
0.23999999999994,0.6065573770486832,0.2950391644907846,0.30666666666646225,0.019324230498784303,-0.43352601156056836,-0.44385026737944183,1.039410029145808,0.3951612903224213,0.3851851851848999,153.0,152.0,135.0,248.0,23.0,24.0,52.0,98.0,1.7248226950352161,1.136094674555541,1
0.1257142857142498,0.41052631578925763,0.448529411764541,0.5141242937850203,0.06813964526965435,-0.19033232628393043,-0.2711864406777363,1.1462443268721239,0.680203045684934,0.5733333333325689,206.0,153.0,75.0,197.0,52.0,56.0,43.0,134.0,1.7263751763044108,1.5033557046974821,1
0.2156862745097435,0.5222222222219322,0.22253521126754294,0.7232704402511175,0.5294271905931327,-0.2259887005649079,-0.7249999999995469,3.250139318656191,0.631336405529663,0.15942028985495696,92.0,140.0,138.0,217.0,74.0,43.0,22.0,137.0,1.90152801358202,1.1582491582487684,1
0.11278195488717566,0.026548672566348186,0.16078431372542715,0.4320987654315653,0.4576188142291939,-0.43689320388328307,-0.6461538461533491,2.6874435394283545,0.39189189189162715,0.21495327102783648,88.0,118.0,107.0,148.0,102.0,55.0,23.0,58.0,1.9999999999995763,1.6296296296290262,1
-0.33333333333321385,0.5539568345319756,-0.3007518796991351,0.2781065088755751,-1.0,0.07462686567160466,-0.4786324786322741,0.0,1.1612903225793965,0.35260115606916037,114.0,186.0,173.0,93.0,72.0,31.0,61.0,108.0,2.5699481865280536,1.0247933884293285,1
-0.14606741573030427,0.5454545454539256,-0.14606741573030427,0.7894736842094875,1.0,-0.47286821705408033,-0.9391634980985023,0.0,0.3578947368419169,0.03137254901959554,171.0,255.0,255.0,190.0,129.0,20.0,8.0,68.0,2.342135476463566,0.6751054852317827,1
0.008849557522121283,0.1785714285713223,0.03012048192770177,0.7068965517235285,0.9182638104728837,-0.2666666666665679,-0.8089887640444894,10.0,0.5789473684207141,0.10559006211173566,162.0,168.0,161.0,171.0,78.0,69.0,17.0,99.0,2.0089686098651702,1.7523809523803962,1
0.1438848920862792,0.22285714285701552,0.025806451612894903,0.9633027522926942,0.9478188018908597,-0.1954887218044378,-0.9738562091496904,10.0,0.6729559748423442,0.01324503311257401,160.0,119.0,151.0,159.0,178.0,68.0,2.0,107.0,1.7091561938955637,1.292161520189717,1
-0.006535947712416165,0.9629629629623686,-0.18933333333328284,0.6307692307689073,1.0,0.022508038585201767,-0.7220077220074432,0.0,1.0460526315782592,0.16143497757840294,255.0,154.0,223.0,152.0,190.0,3.0,36.0,159.0,1.723076923076682,0.06760563380279785,1
0.06461538461536473,0.564705882352609,-0.046831955922852116,0.9999999999992483,1.0,-0.1307189542483233,-0.9999999999994738,0.0,0.7687861271671858,0.0,158.0,152.0,190.0,173.0,74.0,37.0,0.0,133.0,1.914960629920958,1.0533807829177746,1
0.02608695652173157,0.7073170731703867,0.4448979591834919,0.6279069767438941,0.17058927621836598,-0.005681818181816568,-0.2592592592590192,1.4113505437407223,0.9887005649711929,0.588235294116782,236.0,168.0,68.0,177.0,176.0,30.0,40.0,175.0,1.7943925233642464,0.583941605839274,1
-0.5642458100555507,0.46268656716394896,-0.5568181818178655,0.6243093922648485,1.0,0.5806451612900104,-0.6023391812861975,0.0,3.7692307692211044,0.2481751824815707,184.0,140.0,137.0,39.0,191.0,54.0,34.0,147.0,2.226640159045283,0.9686098654706349,1
-0.5910780669142784,0.637795275590049,-0.635761589403763,0.5182481751821035,-1.0,0.308176100628737,-0.7642857142854413,0.0,1.8909090909056527,0.13360323886634268,96.0,214.0,247.0,55.0,152.0,23.0,33.0,104.0,2.9568221070806637,0.6092715231786062,1
-0.3624454148470033,0.43689320388307096,-0.35398230088479915,0.681818181817407,1.0,0.006802721088430747,-0.832335329340819,0.0,1.0136986301355977,0.0915032679737964,129.0,156.0,153.0,73.0,82.0,29.0,14.0,74.0,2.428015564201862,1.0841121495322037,1
-0.5742971887547895,0.6510067114089592,-0.5725806451610594,0.892307692307006,1.0,0.3977272727270468,-0.93069306930647,0.0,2.320754716976753,0.03589743589741749,135.0,196.0,195.0,53.0,149.0,26.0,7.0,123.0,2.7034482758616027,0.6419753086417772,1
-0.20114942528729854,0.5056179775278059,-0.2546916890079746,0.5141242937850203,1.0,-0.018315018315011606,-0.6895306859203287,0.0,0.9640287769777238,0.18376068376060525,134.0,209.0,234.0,139.0,164.0,44.0,43.0,134.0,2.419681620839013,0.9119170984453596,1
-0.07575757575754706,0.624999999999645,-0.008130081300809704,0.9999999999993008,1.0,0.07924528301883803,-0.9999999999991935,0.0,1.172131147540023,0.0,197.0,142.0,124.0,122.0,24.0,33.0,0.0,143.0,1.8839137645104669,1.133047210299943,1
-0.23393316195366737,-0.6923076923023669,-0.26237623762369744,-0.8518518518486969,0.5290439361989433,-0.9735099337741898,-0.8214285714282781,3.246680644133251,0.013422818791937302,0.09803921568623607,234.0,240.0,255.0,149.0,17.0,11.0,25.0,2.0,2.2247972190032184,2.146341463409399,1
-0.20853080568715437,0.6621621621617149,-0.20853080568715437,0.983870967741142,1.0,-0.15172413793098216,-0.9921874999996124,0.0,0.7365269461073435,0.0039215686274494425,155.0,255.0,255.0,167.0,48.0,25.0,1.0,123.0,2.451923076922782,0.9049773755652014,1
0.2558139534882977,0.45222929936276934,0.2558139534882977,0.3987730061347247,0.21839581513649114,-0.30909090909081544,-0.4463276836155671,1.558839932463194,0.5277777777775334,0.38281249999970096,133.0,128.0,128.0,216.0,183.0,43.0,49.0,114.0,1.6925619834707946,0.8981723237595567,1
0.20221606648193846,0.3643410852710354,0.10997442455240154,0.8333333333324653,0.7668323541887676,-0.4229508196719925,-0.912087912087411,7.577519372948751,0.40552995391686386,0.04597701149422646,217.0,144.0,174.0,217.0,27.0,41.0,8.0,88.0,1.59556786703579,1.664974619288495,1
-0.19780219780214348,0.14049586776847892,-0.09034267912769772,0.26605504587131557,1.0,-0.3581395348835544,-0.6279069767438941,0.0,0.4726027397257037,0.22857142857129797,246.0,218.0,175.0,146.0,50.0,52.0,40.0,69.0,2.1062801932364605,1.8654708520171008,1
0.0,0.35766423357651184,0.1671232876711871,0.6460176991147585,0.5889438844763867,-0.06766917293231386,-0.5833333333330295,3.865515738292789,0.8732394366193084,0.263157894736669,123.0,213.0,152.0,213.0,105.0,88.0,40.0,186.0,2.2362204724406514,1.5074946466806194,1
0.4065281899108586,0.4432989690719365,0.4107142857141635,0.9999999999992858,0.4177215189575591,-0.2572944297081546,-0.9999999999989899,2.434782608101821,0.5907172995778098,0.0,99.0,100.0,99.0,237.0,48.0,54.0,0.0,140.0,1.4925373134325572,1.4594594594589665,1
-0.14478114478109605,0.21686746987938746,-0.12110726643594426,0.8198198198190813,1.0,-0.11403508771924824,-0.8837209302320445,0.0,0.7952755905505549,0.0617283950616903,141.0,170.0,162.0,127.0,91.0,65.0,10.0,101.0,2.23684210526279,1.6149068322976352,1
-0.046070460704594564,0.3793103448273994,0.0028490028490020373,0.8791946308718932,0.9935399955517835,-0.11392405063287535,-0.902173913042988,10.0,0.7954545454540936,0.05142857142854204,255.0,193.0,175.0,176.0,71.0,63.0,9.0,140.0,1.8898408812727183,1.4955489614238886,1
0.16144578313249122,0.3333333333330247,-0.028225806451607213,0.043478260869533714,1.0,-0.5399361022362492,-0.5887850467287885,0.0,0.29875518672186774,0.2588235294116632,213.0,174.0,255.0,241.0,46.0,36.0,66.0,72.0,1.7356608478800828,1.5157894736834128,1
0.0679611650485217,0.7037037037034142,-0.10081743869207063,0.6897959183670654,1.0,0.11290322580642127,-0.6833333333330487,0.0,1.2545454545446943,0.188118811881095,130.0,144.0,202.0,165.0,166.0,36.0,38.0,207.0,1.9759862778727313,0.6471910112358097,1
0.2824427480915312,0.7187499999997192,0.07922912205565756,0.64179104477588,0.7802304963456576,-0.06779661016947716,-0.6349809885929145,8.100443717084039,0.8730158730155266,0.22325581395338454,185.0,141.0,215.0,252.0,98.0,36.0,48.0,220.0,1.5688456189149416,0.7384615384613491,1
0.33153638814007236,-0.11940298507453777,0.2831168831168096,0.43902439024336704,0.21589613120922818,-0.6143790849671195,-0.7142857142852707,1.5506824787526505,0.2388663967610369,0.16666666666654592,192.0,124.0,138.0,247.0,72.0,75.0,23.0,59.0,1.4439592430856705,2.135231316725219,1
0.09090909090905785,0.6226415094336686,0.29310344827573576,0.4638297872338452,0.2255500629730156,0.06832298136643841,-0.13103448275853033,1.582478097082132,1.1466666666659022,0.7682926829258923,240.0,125.0,82.0,150.0,197.0,40.0,63.0,172.0,1.5624999999997558,0.7126948775054093,1
0.03448275862067267,0.6431924882626089,0.19999999999988574,0.6055045871556856,0.5034168564295723,0.24999999999991074,-0.23893805309713367,3.0275229342663956,1.6666666666650793,0.6142857142848367,127.0,98.0,70.0,105.0,31.0,38.0,43.0,175.0,1.8317757009341515,1.078014184396781,1
0.27969348658993115,0.5964125560535443,0.42735042735024475,0.762376237623385,0.28159897572137393,0.03188405797100525,-0.47252747252695326,1.7839603956220365,1.0658682634724157,0.35820895522334595,121.0,94.0,67.0,167.0,87.0,45.0,24.0,178.0,1.5798319327727774,1.014084507041968,1
0.06270627062704201,0.35955056179755085,-0.018292682926823692,0.7536231884052511,1.0,-0.1418439716311554,-0.8152173913039048,0.0,0.7515527950305891,0.10179640718556779,233.0,142.0,167.0,161.0,134.0,57.0,17.0,121.0,1.6755162241885433,1.2357723577232425,1
-0.4395604395601981,0.6393442622947326,-0.4975369458125628,0.6129032258061221,1.0,0.49253731343259083,-0.6170212765954165,0.0,2.941176470582468,0.2368421052630021,139.0,131.0,152.0,51.0,163.0,33.0,36.0,150.0,2.3185840707959473,0.6965699208441434,1
-0.4050632911391123,0.5430711610484857,-0.39158576051767263,0.8392857142853396,1.0,0.3733333333332089,-0.8454935622313968,0.0,2.191489361699796,0.08372093023251921,162.0,222.0,215.0,94.0,144.0,61.0,18.0,206.0,2.5371428571424945,1.0338983050845267,1
-0.2686567164178436,0.48214285714242666,-0.2686567164178436,0.9761904761893141,1.0,-0.27826086956509644,-0.9921874999996124,0.0,0.564625850339752,0.0039215686274494425,222.0,255.0,255.0,147.0,51.0,29.0,1.0,83.0,2.320819112627722,1.208333333332704,1
-0.1778290993071183,0.12727272727261157,-0.1778290993071183,0.3333333333329749,1.0,-0.48333333333313194,-0.7832167832165094,0.0,0.3483146067413774,0.12156862745093272,255.0,255.0,255.0,178.0,95.0,48.0,31.0,62.0,2.163308589607406,1.5177865612642223,1
0.05154639175256669,0.30593607305922105,0.0,0.9724137931027778,0.9999999998971631,-0.2814070351758087,-0.9844357976649867,10.0,0.5607843137252703,0.007843137254898885,191.0,230.0,255.0,255.0,129.0,76.0,2.0,143.0,2.030905077262469,1.4339622641506053,1
0.2872727272726228,0.5708812260534212,0.4274193548385374,0.6205533596835492,0.18429297075225723,0.07329842931935254,-0.19327731092420733,1.4518606902412838,1.158192090394826,0.6760563380272168,164.0,98.0,71.0,177.0,162.0,56.0,48.0,205.0,1.4599627560518695,0.9352818371605564,1
0.1801242236023726,-0.06422018348617961,0.14457831325292497,0.4166666666660879,0.48479427540527065,-0.3013698630134922,-0.5434782608689744,2.881944442448832,0.5368421052625928,0.2957746478869073,162.0,66.0,71.0,95.0,41.0,58.0,21.0,51.0,1.3573264781487513,2.2307692307681584,1
-0.262798634812197,0.3944954128436748,-0.36842105263147124,0.33333333333304094,-1.0,-0.17391304347816636,-0.7205882352938527,0.0,0.7037037037030521,0.162393162393093,216.0,185.0,234.0,108.0,43.0,33.0,38.0,76.0,2.132564841498252,1.4270270270262557,1
-0.04709141274236923,0.649572649572372,-0.07277628032343052,0.513725490195877,1.0,0.05753424657532671,-0.5249042145591859,0.0,1.1220930232551616,0.3115577889445671,234.0,189.0,199.0,172.0,122.0,41.0,62.0,193.0,1.9285714285711826,0.8261964735514292,1
0.06666666666664445,0.36969696969674565,0.09215017064843271,0.6258992805750894,0.7433319654277856,-0.1721611721611091,-0.6729559748423442,6.792166259613086,0.7062499999995586,0.1954887218043643,134.0,140.0,133.0,160.0,0.0,52.0,26.0,113.0,1.951219512194782,1.9170506912433563,1
0.058479532163725596,0.11392405063286333,0.037249283667611106,0.9999999999992425,0.9281767954905933,-0.15654952076672315,-0.9999999999994048,10.0,0.7292817679553982,0.0,148.0,161.0,168.0,181.0,131.0,105.0,0.0,132.0,1.97849462365561,1.7758985200841912,1
-0.02232142857142359,-0.13567839195973083,-0.03736263736262915,0.23741007194227526,1.0,-0.4360655737703488,-0.6332179930793657,0.0,0.39269406392676137,0.22457627118634554,255.0,229.0,236.0,219.0,126.0,113.0,53.0,86.0,1.9656652360512912,2.0639269406387983,1
-0.14864864864861518,0.3950617283948179,-0.14864864864861518,0.47712418300622417,1.0,-0.25165562913898953,-0.7288135593217868,0.0,0.5978835978832816,0.1568627450979777,224.0,255.0,255.0,189.0,49.0,49.0,40.0,113.0,2.2101841820149284,1.507692307691728,1
-0.24087591240870052,0.6651982378851695,-0.24087591240870052,0.4482758620687938,1.0,0.09565217391301575,-0.5596330275227647,0.0,1.211538461537685,0.2823529411763599,200.0,255.0,255.0,156.0,228.0,38.0,72.0,189.0,2.3556581986140466,0.6166328600404429,1
0.30769230769220907,0.4766355140184689,0.29523809523800154,0.6288659793811192,0.36102847424898876,-0.1270718232043848,-0.510204081632306,2.1300299294410694,0.7745098039211891,0.32432432432403213,65.0,108.0,111.0,204.0,217.0,56.0,36.0,158.0,1.781443298968705,0.9199178644761972,1
0.2125435540068946,0.46323529411747677,0.3033707865167403,0.6793248945144813,0.38257429559979816,0.06702412868630911,-0.4198473282439544,2.2392561330326703,1.143678160918883,0.40860215053719506,208.0,113.0,93.0,174.0,255.0,73.0,38.0,199.0,1.4868421052629133,0.9733333333331711,1
-0.4148148148146612,0.7692307692304734,-0.4551724137929465,0.6727272727270281,1.0,0.4886731391584179,-0.6484374999997468,0.0,2.9113924050596056,0.2132701421799937,187.0,191.0,211.0,79.0,145.0,30.0,45.0,230.0,2.358024691357661,0.5517241379309077,1
-0.10769230769226627,-0.13846153846132545,-0.14391143911433804,0.018181818181785124,-1.0,-0.6111111111106868,-0.7032967032963169,0.0,0.24137931034461949,0.1741935483869844,158.0,144.0,155.0,116.0,35.0,37.0,27.0,28.0,2.0498220640565745,2.1605839416042625,1
0.2744479495267273,-0.06194690265481244,0.2242424242423563,0.27710843373460586,0.10544713076791849,-0.584313725489967,-0.6202531645565695,1.2357538255630778,0.2623762376236325,0.23437499999981692,119.0,115.0,128.0,202.0,33.0,60.0,30.0,53.0,1.6696914700541432,2.33009708737751,1
-0.14102564102559584,0.40145985401445206,-0.17027863777084512,0.7297297297294011,1.0,0.17791411042939329,-0.7260273972599425,0.0,1.4328358208944532,0.15873015873007476,207.0,178.0,189.0,134.0,93.0,82.0,30.0,192.0,2.043041606886364,1.461024498886089,1
-0.022900763358761147,0.6050420168064685,-0.1466666666665689,0.801886792452452,1.0,0.49803921568607923,-0.607476635513451,0.0,2.9843749999953366,0.24418604651134396,104.0,67.0,86.0,64.0,148.0,47.0,21.0,191.0,1.7748344370855051,0.8683602771360581,1
-0.13283208020046797,0.7430555555552976,-0.17619047619043424,0.8731343283578832,1.0,0.1839622641509,-0.8712121212117913,0.0,1.4508670520222828,0.06882591093114623,131.0,226.0,247.0,173.0,121.0,37.0,17.0,251.0,2.391534391534075,0.6636771300446943,1
-0.3698630136985288,0.4152046783623303,-0.3698630136985288,0.680555555555083,1.0,0.02542372881354855,-0.831501831501527,0.0,1.0521739130425634,0.09199999999996321,182.0,250.0,250.0,115.0,121.0,50.0,23.0,121.0,2.509410288581868,1.1695906432745118,1
-0.13333333333330372,0.6020942408373812,-0.13333333333330372,0.9006211180118631,1.0,-0.12068965517237912,-0.9391634980985023,0.0,0.7846153846149823,0.03137254901959554,186.0,255.0,255.0,195.0,61.0,38.0,8.0,153.0,2.2895622895620327,1.0482758620686041,1
0.13585746102446863,0.6216216216213817,0.12087912087909432,0.8584070796456379,0.7531281032001065,-0.09677419354836629,-0.8518518518514575,7.101367653013433,0.823529411764383,0.07999999999996,137.0,194.0,200.0,255.0,150.0,49.0,16.0,210.0,1.9897435897433344,0.8558951965063634,1
0.22596153846148415,0.49999999999979844,0.317829457364259,0.8146341463410661,0.43869373576990456,-0.15646258503397814,-0.7483443708604316,2.563117191340499,0.7294117647055963,0.1439393939392849,236.0,161.0,132.0,255.0,119.0,62.0,19.0,186.0,1.5842558425582307,1.1561771561768868,1
0.05179282868523833,0.0,0.07317073170728733,0.34831460674118164,0.6527958385965399,-0.3749999999998047,-0.5944055944051788,4.760299618959008,0.45454545454511025,0.25438596491205756,134.0,119.0,114.0,132.0,68.0,60.0,29.0,60.0,1.8888888888885143,1.9354838709669615,1
-0.2461538461537515,0.6266666666658312,-0.34006734006722555,0.5443037974676654,1.0,-0.23270440251557695,-0.834101382488095,0.0,0.6224489795912016,0.09045226130648722,127.0,162.0,199.0,98.0,52.0,14.0,18.0,61.0,2.3606557377044877,0.7943262411341885,1
0.09933774834433798,0.5829383886253162,0.07443365695790471,0.5680751173706253,0.768303064579597,0.0030030030030021014,-0.5132275132272417,7.631965697032709,1.0060240963849363,0.32167832167809673,239.0,136.0,143.0,166.0,123.0,44.0,46.0,167.0,1.6070901033971037,0.9312169312166849,1
-0.30196078431360707,0.038167938931268575,-0.2644628099172461,0.41666666666623264,1.0,-0.1337579617833543,-0.6906077348062484,0.0,0.7640449438193663,0.1830065359475928,169.0,166.0,153.0,89.0,124.0,63.0,28.0,68.0,2.2508474576267368,1.58490566037686,1
0.22222222222215726,0.06422018348620907,0.3103448275861096,0.3257142857140996,0.024163568769306396,-0.2861538461537581,-0.30177514792881555,1.049523809185359,0.5550239234447105,0.5363636363631488,182.0,133.0,110.0,209.0,130.0,102.0,59.0,116.0,1.6194824961945784,1.8133333333329305,1
-0.06336088154268227,0.28282828282814,-0.10290237467015755,0.14932126696825823,1.0,-0.14478114478109605,-0.3795379537952543,0.0,0.7470588235289723,0.4497607655500241,206.0,193.0,209.0,170.0,67.0,71.0,94.0,127.0,2.026246719159839,1.6904761904756873,1
-0.2861538461537581,0.45161290322544223,-0.3483146067414752,0.6071428571423151,1.0,-0.12621359223294845,-0.8320610687019725,0.0,0.7758620689648483,0.09166666666662848,198.0,209.0,240.0,116.0,62.0,34.0,22.0,90.0,2.2841530054641686,1.2363636363630746,1
-0.006802721088433832,0.696969696969433,-0.04575163398691814,0.5033557046978177,1.0,0.011286681715573073,-0.5286624203819973,0.0,1.0228310502278435,0.3083333333332049,203.0,222.0,240.0,219.0,146.0,40.0,74.0,224.0,2.050808314087523,0.7111111111109532,1
0.19899244332488691,0.7832167832165094,0.22365038560405562,0.8819188191878665,0.5954113326159096,0.03448275862068266,-0.8083832335324501,3.943292189779014,1.0714285714281213,0.10596026490059209,225.0,159.0,151.0,238.0,146.0,31.0,16.0,255.0,1.628681177976744,0.5356371490279621,1
-0.06432748538009815,0.5407854984892626,0.015873015873010834,0.8279569892470151,0.9623786406626487,0.22891566265054725,-0.7318435754185856,10.0,1.5937499999990041,0.15483870967731947,255.0,182.0,155.0,160.0,255.0,76.0,24.0,255.0,1.8690629011550872,0.9184290030210093,1
-0.6872727272724773,0.5350877192980109,-0.6640624999997407,0.7948717948713873,1.0,0.6055045871556856,-0.8283261802571553,0.0,4.069767441851001,0.0938967136149794,184.0,232.0,213.0,43.0,106.0,53.0,20.0,175.0,2.685962373371536,1.0956072351418358,1
0.44390243902417376,-0.272727272727082,0.2869565217390057,0.20930232558115197,-0.15647921757273536,-0.47999999999976,-0.41379310344791914,0.7293868919228784,0.351351351351114,0.41463414634095774,132.0,57.0,82.0,148.0,118.0,91.0,34.0,52.0,1.157360406091077,2.068181818181231,1
-0.18100890207709763,-0.11278195488713326,-0.1428571428570985,0.2688172043007862,1.0,-0.4010152284261924,-0.6880733944950973,0.0,0.4275362318837482,0.18478260869555177,96.0,199.0,184.0,138.0,111.0,74.0,34.0,59.0,2.518987341771753,1.8616352201252009,1
-0.30038022813676796,0.41798941798919687,-0.2520325203251008,0.3073170731705818,1.0,0.18584070796451954,-0.36888888888872495,0.0,1.4565217391288516,0.4610389610386617,165.0,171.0,154.0,92.0,68.0,55.0,71.0,134.0,2.2838063439061296,1.4102564102559583,1
0.32142857142842796,0.7168141592917182,0.13409961685818617,0.7321428571425304,0.6903878049909739,0.13450292397656885,-0.5804195804191746,5.459693873479304,1.3108108108099252,0.26548672566348186,119.0,76.0,113.0,148.0,108.0,32.0,30.0,194.0,1.4510739856798447,0.6994535519123772,1
0.040816326530603915,0.865284974092816,0.060291060291047756,0.9999999999994446,0.8862745097202964,-0.17241379310340865,-0.9999999999995576,10.0,0.7058823529408997,0.0,167.0,235.0,226.0,255.0,175.0,13.0,0.0,180.0,2.107623318385414,0.27296587926502025,1
-0.06918238993709241,0.414364640883749,0.018348623853206802,0.673202614378645,0.9469348823741043,-0.26857142857135186,-0.7907949790791671,10.0,0.5765765765763169,0.11682242990648747,244.0,255.0,214.0,222.0,32.0,53.0,25.0,128.0,2.0901639344260152,1.5939849624054159,1
-0.22596153846148415,0.43478260869533714,-0.22596153846148415,0.4887218045109108,1.0,-0.23846153846144677,-0.7647058823526766,0.0,0.6149068322977548,0.13333333333328104,95.0,255.0,255.0,161.0,45.0,39.0,34.0,99.0,2.6631853785897306,1.4054054054047724,1
0.03238866396760478,0.7692307692303466,0.03238866396760478,0.9053254437864466,0.9309199600468295,-0.22596153846148415,-0.9352226720643988,10.0,0.6313725490193602,0.03347280334726633,102.0,239.0,239.0,255.0,145.0,21.0,8.0,161.0,2.289820359281163,0.48275862068951647,1
0.22596153846148415,0.2899408284021953,0.40883977900541196,0.5571428571424593,0.1535256148217065,-0.4010989010987909,-0.5507246376807604,1.3627413124073966,0.42745098039198925,0.28971962616795355,231.0,161.0,107.0,255.0,60.0,60.0,31.0,109.0,1.5940594059403967,1.660899653978664,1
0.27710843373482846,-0.12121212121193756,0.24705882352931488,-0.18309859154903788,-1.0,-0.6914893617017599,-0.3913043478258034,0.0,0.18238993710680354,0.43749999999954425,241.0,90.0,96.0,159.0,22.0,37.0,42.0,29.0,1.2413793103446134,2.3679999999981054,1
-0.30894308943076876,-0.9999999999958334,-0.2477876106193594,-0.9999999999928572,0.6028368794788039,-0.9999999999988235,-0.8193548387091488,4.035714287315944,0.0,0.09929078014177356,97.0,161.0,141.0,85.0,9.0,24.0,14.0,0.0,2.5555555555550487,3.3684210526256693,1
-0.02531645569618651,0.21393034825860005,0.20312499999984132,0.32608695652156194,0.23234916555312685,0.22613065326621803,0.09734513274327669,1.605351169778617,1.5844155844135266,1.2156862745074202,247.0,81.0,51.0,77.0,108.0,79.0,62.0,122.0,1.333333333333059,1.6288659793810236,1
-0.3983739837396755,0.19672131147532923,-0.3909465020574523,0.871794871794313,1.0,0.32727272727257856,-0.8882681564240849,0.0,1.9729729729703067,0.059171597633101085,177.0,172.0,169.0,74.0,165.0,98.0,10.0,146.0,2.312605042016418,1.5463510848123183,1
0.06791569086649464,0.3492822966505506,-0.002188183807439346,0.3239436619716789,1.0,-0.23577235772351335,-0.5215946843852088,0.0,0.6184210526313078,0.3144104803492077,232.0,199.0,229.0,228.0,167.0,68.0,72.0,141.0,1.8554778554776392,1.2252252252249494,1
0.10071942446039543,0.35751295336769046,0.13754646840143586,0.505747126436491,0.5723679839694096,-0.07746478873236709,-0.4591194968550572,3.6769182949339876,0.8562091503262378,0.37068965517209423,216.0,125.0,116.0,153.0,78.0,62.0,43.0,131.0,1.6155088852986081,1.4894894894890423,1
-0.023136246786626444,0.47499999999970316,-0.1037735849056359,0.72262773722575,1.0,-0.23376623376615788,-0.8498023715411661,0.0,0.6210526315786206,0.0811965811965465,181.0,199.0,234.0,190.0,164.0,42.0,19.0,118.0,2.0702210663196268,0.9180327868849951,1
0.07653061224487843,0.3870967741933403,0.011990407673858037,0.8041958041952418,0.9706184506721072,-0.24117647058816438,-0.8727272727268761,10.0,0.6113744075826487,0.0679611650485107,183.0,181.0,206.0,211.0,190.0,57.0,14.0,129.0,1.9153439153436618,1.0531177829096876,1
0.3093922651932847,0.617283950616903,0.13397129186599666,0.9999999999992367,0.7637130801013187,-0.2880434782607913,-0.9999999999994476,7.464285708710246,0.552742616033522,0.0,220.0,125.0,181.0,237.0,51.0,31.0,0.0,131.0,1.4144271570012144,1.0163934426225343,1
-0.1986062717769343,0.41975308641962356,-0.15129151291507334,0.7490494296575099,1.0,0.3333333333332367,-0.6507936507933065,0.0,1.999999999998261,0.21153846153832595,230.0,172.0,156.0,115.0,105.0,94.0,33.0,230.0,1.9970972423799713,1.4378585086039315,1
-0.48344370860911146,0.3711340206183654,-0.4693877551018812,0.6521739130430733,1.0,0.2606635071088812,-0.7704918032783727,0.0,1.705128205126019,0.12962962962956961,169.0,224.0,216.0,78.0,137.0,61.0,28.0,133.0,2.5784172661866793,1.244897959183356,1
0.271084337349316,0.37959183673453895,0.44027303754251185,0.6172248803824798,0.16733067727494672,-0.1105263157894446,-0.34426229508168504,1.4019138752794746,0.8009478672981987,0.4878048780481856,176.0,121.0,82.0,211.0,140.0,76.0,40.0,169.0,1.5389507154210589,1.318872017353293,1
0.037037037037023324,0.4905660377356177,0.07692307692304734,0.7267759562837559,0.8085774057571056,0.060402684563738124,-0.6551724137926517,9.448087419409948,1.1285714285706225,0.20833333333315973,184.0,130.0,120.0,140.0,110.0,54.0,25.0,158.0,1.780821917807914,1.1489361702124605,1
-0.2636363636362438,0.14516129032246358,-0.23222748815154873,0.2033898305083022,-1.0,-0.06578947368416725,-0.4689265536720515,0.0,0.8765432098754611,0.3615384615381835,132.0,139.0,130.0,81.0,136.0,53.0,47.0,71.0,2.264765784113592,1.3546325878589922,1
-0.013245033112578396,0.6457142857139168,-0.003344481605350052,0.8580645161284788,1.0,-0.017064846416376428,-0.8633540372665446,0.0,0.9664429530194857,0.07333333333328446,42.0,153.0,150.0,149.0,137.0,31.0,11.0,144.0,2.462776659959263,0.7230320699706347,1
0.0,0.7499999999996653,0.09442060085834884,0.9310344827581621,0.8158464424084876,-0.13082039911305304,-0.9357798165133323,9.860501556952212,0.7686274509800908,0.033175355450221246,187.0,255.0,211.0,255.0,137.0,28.0,7.0,196.0,2.1428571428569176,0.5758354755782582,1
-0.12831858407076807,0.15686274509788542,-0.09633027522933571,0.3720930232553813,1.0,-0.5390624999997895,-0.7969924812027079,0.0,0.29949238578665005,0.11297071129702387,179.0,255.0,239.0,197.0,131.0,43.0,27.0,59.0,2.302483069977167,1.2463768115937515,1
-0.18024691358020242,0.44378698224825813,-0.1075268817204012,0.6598639455777825,1.0,-0.15277777777772475,-0.7835497835494444,0.0,0.7349397590357019,0.12135922330091196,109.0,239.0,206.0,166.0,244.0,47.0,25.0,122.0,2.5391766268256917,0.8173913043476484,1
-0.2519893899203576,0.5762711864404338,-0.2166666666666065,0.8325123152705259,1.0,0.1376146788990405,-0.8559322033894678,0.0,1.3191489361692774,0.07762557077622027,198.0,236.0,219.0,141.0,103.0,50.0,17.0,186.0,2.3279901356347312,1.0282776349611753,1
0.3569321533922251,0.20634920634904258,0.3981762917931921,0.04109589041093076,-0.8128909950756741,-0.5032679738560447,-0.17159763313599316,0.10321028963209701,0.330434782608552,0.7070707070699929,229.0,109.0,99.0,230.0,76.0,50.0,70.0,76.0,1.2880354505167964,1.5873015873009575,1
0.9315589353608625,-0.03846153846150148,0.3619302949060692,0.8181818181803305,0.38661710033832697,-0.6710526315787266,-0.919354838708936,2.260606059977959,0.19685039370070992,0.04201680672265377,200.0,9.0,119.0,254.0,74.0,54.0,5.0,50.0,0.1525423728813236,1.8620689655164389,1
0.23344947735183505,0.008130081300806398,0.16447368421047223,0.3191489361698732,0.31982633857319137,-0.4811715481169535,-0.597484276729184,1.9404255307336884,0.35028248587550836,0.2519685039368095,152.0,110.0,127.0,177.0,144.0,61.0,32.0,62.0,1.6029143897993436,1.4878048780483268,1
0.5499999999997709,0.2499999999998512,0.2871972318338107,0.19999999999988574,-0.17897727269064567,-0.2783505154638219,-0.19075144508659495,0.6963855419260413,0.5645161290319546,0.6796116504847771,255.0,54.0,103.0,186.0,114.0,63.0,70.0,105.0,0.786885245901496,1.4608695652169679,1
-0.04347826086955472,0.3307692307691036,0.05599999999998507,0.6018518518515733,0.8297489020244981,-0.06738544474391715,-0.6090909090906322,10.0,0.8737373737369325,0.2429378531072074,176.0,216.0,177.0,198.0,152.0,87.0,43.0,173.0,2.1439205955332326,1.3947895791580371,1
0.4022988505745971,0.6765676567654533,0.1348837209302012,0.8339350180502405,0.7215501403116404,0.02008032128513653,-0.7799043062197226,6.182621680962655,1.0409836065569504,0.12365591397842815,220.0,104.0,186.0,244.0,238.0,49.0,23.0,254.0,1.2380952380950538,0.6644067796609043,1
0.07936507936505838,0.752577319587241,-0.012106537530263414,0.5044247787608388,1.0,-0.09090909090906661,-0.5773584905658199,0.0,0.8333333333329249,0.26794258373192925,255.0,174.0,209.0,204.0,124.0,24.0,56.0,170.0,1.7249070631968122,0.5614035087717657,1
0.0851735015772602,0.6823104693138331,-0.005780346820807578,0.6068965517239286,1.0,0.1506172839505801,-0.5064935064932873,0.0,1.3546511627899103,0.3275862068963635,237.0,145.0,174.0,172.0,206.0,44.0,57.0,233.0,1.6595135908438254,0.6679316888044273,1
-0.05543237250553095,0.6903765690373681,0.04668304668303522,0.7118644067793595,0.8769146306831671,-0.026506024096379158,-0.7017543859646045,10.0,0.9483568075112919,0.17525773195867256,163.0,238.0,194.0,213.0,201.0,37.0,34.0,202.0,2.234741784037296,0.620545073375132,1
0.12289156626503063,0.25925925925906723,0.10165484633567337,0.5178571428566805,0.6718228278300473,-0.4654088050313002,-0.7511520737323728,5.09426909797535,0.36480686695263315,0.14210526315781996,152.0,182.0,190.0,233.0,33.0,50.0,27.0,85.0,1.9439252336446002,1.8348623853202592,1
-0.2378640776698452,-0.0917030567685189,-0.2378640776698452,0.3594771241827716,1.0,-0.20306513409953905,-0.6776315789471455,0.0,0.6624203821651832,0.1921568627450227,134.0,255.0,255.0,157.0,116.0,125.0,49.0,104.0,2.546816479400431,2.1276595744676325,1
-0.3821138211381078,0.5446428571426141,-0.3821138211381078,0.999999999999422,1.0,0.20557491289191443,-0.9999999999996079,0.0,1.5175438596477917,0.0,121.0,255.0,255.0,114.0,119.0,51.0,0.0,173.0,2.7382550335566793,1.0355329949235952,1
0.17560975609751814,0.5982905982903426,0.33888888888879476,0.9684210526310694,0.48154775214378975,-0.12616822429903596,-0.9508196721303682,2.8576358921672695,0.7759336099581843,0.02521008403359226,72.0,169.0,119.0,241.0,84.0,47.0,3.0,187.0,2.076804915514274,1.0301369863010876,1
0.208226221079638,0.36206896551708534,0.1435523114354882,0.9749999999993907,0.7433248136808093,-0.19592875318061173,-0.9775280898870914,6.79194914780844,0.6723404255316289,0.011363636363629907,121.0,154.0,176.0,235.0,77.0,74.0,2.0,158.0,1.8554216867467084,1.5456919060048184,1
-0.3858267716533914,0.4702702702700161,-0.40909090909075413,0.5906432748534558,1.0,0.2710280373830509,-0.683257918551727,0.0,1.743589743587508,0.18817204301065155,109.0,176.0,186.0,78.0,87.0,49.0,35.0,136.0,2.612244897958699,1.2211838006226725,1
-0.08641975308639309,0.7852348993283321,0.01369863013698161,0.8732394366191034,0.9691102892098455,-0.05338078291813047,-0.8823529411758939,10.0,0.8986486486480415,0.062499999999956604,109.0,176.0,144.0,148.0,48.0,16.0,9.0,133.0,2.311986863710622,0.6009389671358681,1
-0.0065075921908879595,0.4788732394362825,-0.05371900826445171,0.6535433070860995,1.0,-0.37125748502982897,-0.841155234656736,0.0,0.45851528384259455,0.08627450980388773,211.0,232.0,255.0,229.0,94.0,37.0,22.0,105.0,2.053097345132516,1.0842490842486872,1
-0.1832797427652144,0.6595744680848258,-0.32981530342999216,0.695652173912741,1.0,0.2111801242235369,-0.7560975609753463,0.0,1.5354330708649326,0.13888888888883377,129.0,184.0,252.0,127.0,119.0,40.0,35.0,195.0,2.3589743589739807,0.8121827411165452,1
0.015576323987534089,0.946564885495822,0.07947019867547038,0.910112359550221,0.8393864199467527,0.22009569377985166,-0.8410596026484497,10.0,1.5644171779131508,0.08633093525173646,163.0,158.0,139.0,163.0,185.0,7.0,12.0,255.0,1.9688473520246152,0.1233480176211182,1
-0.40883977900541196,0.393103448275591,-0.40883977900541196,0.518796992480813,1.0,-0.02884615384613998,-0.7770034843202868,0.0,0.9439252336439776,0.12549019607838216,191.0,255.0,255.0,107.0,46.0,44.0,32.0,101.0,2.524752475247212,1.4978723404248946,1
0.5279503105588422,-0.08928571428563456,0.6291390728474738,-0.21538461538444972,-1.0,-0.6565656565654355,0.1703703703702442,0.0,0.20731707317064743,1.4107142857117665,158.0,76.0,56.0,246.0,154.0,61.0,79.0,51.0,1.0935251798559182,1.4923547400607058,1
0.3492063492062568,0.06666666666662223,0.23188405797095848,0.44144144144104375,0.31122745777779626,-0.5223880597013366,-0.6736842105259613,1.9037162153939833,0.3137254901959554,0.19496855345899688,182.0,123.0,159.0,255.0,154.0,70.0,31.0,80.0,1.4407027818445912,1.4973262032081558,1
0.1780104712041419,0.41791044776103814,0.15089514066492304,0.6450216450213658,0.6208268416757834,-0.08433734939757004,-0.6038647342992253,4.274634966716615,0.8444444444440692,0.24698795180708014,189.0,157.0,166.0,225.0,114.0,78.0,41.0,190.0,1.7252747252744882,1.3565217391301398,1
0.26881720430100303,0.7640449438197955,0.22916666666660698,0.44036697247686224,0.3154439051768904,-0.20101781170478347,-0.4162679425835329,1.9216013336064732,0.6652542372878537,0.4121621621618837,211.0,136.0,148.0,236.0,134.0,21.0,61.0,157.0,1.5132127955491637,0.504504504504353,1
0.2944162436547476,0.5185185185183265,0.38964577656665134,0.6666666666663957,0.262252794472101,-0.10869565217388942,-0.4640522875813961,1.7109557105163764,0.8039215686271357,0.3660714285711017,182.0,139.0,112.0,255.0,196.0,65.0,41.0,205.0,1.5552447552445376,0.9792843691146931,1
0.38028169014071117,0.6504854368929934,0.23659305993683388,0.7770034843202868,0.5331612734790955,0.13082039911305304,-0.5816993464048487,3.2841347256733537,1.3010204081626016,0.2644628099171368,131.0,88.0,121.0,196.0,155.0,54.0,32.0,255.0,1.3996023856856066,0.8339768339766729,1
-0.16847826086951945,0.7090909090904793,-0.24999999999993874,0.38235294117628316,1.0,-0.040816326530598364,-0.6037735849054705,0.0,0.9215686274503782,0.24705882352931488,255.0,215.0,255.0,153.0,136.0,24.0,63.0,141.0,2.052505966586867,0.590769230769049,1
0.04733727810649487,0.5984251968501582,0.02312138728323031,0.5205992509361347,0.9149512241996246,0.06842105263156094,-0.45064377682384094,10.0,1.1468926553665837,0.37869822485184695,222.0,161.0,169.0,177.0,92.0,51.0,64.0,203.0,1.7864077669900433,1.0277078085639728,1
0.13585746102446863,0.7116279069764132,0.09442060085834884,0.8128078817729987,0.7918482439526559,-0.16173120728925702,-0.8347826086952893,8.608374375117009,0.7215686274506975,0.09004739336488624,230.0,194.0,211.0,255.0,211.0,31.0,19.0,184.0,1.777777777777574,0.5426695842449578,1
0.06293706293704093,0.27868852459001164,0.13857677902616533,0.6478873239432058,0.6475954120847092,-0.1301115241635204,-0.6428571428566837,4.675295009947847,0.7697368421047568,0.21739130434763704,136.0,134.0,115.0,152.0,222.0,66.0,25.0,117.0,1.9280575539564877,1.1210191082800167,1
-0.4218289085544479,0.41176470588217995,-0.44475920679874087,0.4237288135591425,-1.0,0.26315789473674317,-0.5789473684208735,0.0,1.714285714283965,0.2666666666665621,180.0,241.0,255.0,98.0,48.0,70.0,68.0,168.0,2.536842105262824,1.5730337078647267,1
-0.1701492537312925,0.6026490066221175,-0.25268817204294286,0.6923076923072082,1.0,-0.0692307692307426,-0.8274509803918324,0.0,0.870503597121676,0.09442060085832858,155.0,196.0,233.0,139.0,162.0,30.0,22.0,121.0,2.2857142857139525,0.6997084548102916,1
0.2781954887217348,0.22471910112346927,0.19718309859150301,0.5244755244751578,0.4535280468866086,-0.4010989010987909,-0.6682926829265033,2.6598401584900055,0.42745098039198925,0.1988304093566089,167.0,144.0,171.0,255.0,192.0,69.0,34.0,109.0,1.622535211267377,1.2574031890657729,1
0.05483028720625201,0.2961373390556669,0.0,0.36036036036019803,0.9999999997225,-0.14447592067984577,-0.4798534798533041,10.0,0.7475247524748775,0.3514851485146775,199.0,181.0,202.0,202.0,74.0,82.0,71.0,151.0,1.8977719528175756,1.6863753213363275,1
-0.13043478260860114,0.6399999999995734,-0.14285714285704082,0.5279503105586784,1.0,0.34426229508177913,-0.35593220338952886,0.0,2.0499999999965834,0.47499999999940623,208.0,78.0,80.0,60.0,33.0,27.0,38.0,123.0,1.4716981132072,1.0285714285709389,1
-0.04415584415583269,0.15662650602390768,-0.03412073490812753,0.9999999999979167,1.0,-0.5862068965514715,-0.9999999999994924,0.0,0.2608695652172495,0.0,160.0,201.0,197.0,184.0,17.0,35.0,0.0,48.0,2.15549597855199,2.074074074072538,1
0.0,0.28888888888872843,0.0,0.6690647482009575,0.9999999998505377,-0.37466307277617933,-0.8345323741004192,10.0,0.45490196078413536,0.09019607843133719,160.0,255.0,255.0,255.0,139.0,64.0,23.0,116.0,2.205405405405167,1.3368146214095726,1
-0.04225352112674866,0.4385964912278778,0.04615384615383195,0.7634408602146434,0.8859828360164083,-0.017964071856282047,-0.7514124293781066,10.0,0.9647058823523738,0.14193548387087618,98.0,185.0,155.0,170.0,90.0,64.0,22.0,164.0,2.319749216300577,1.3403141361253037,1
0.2625698324021613,0.7983193277307571,0.15306122448975687,0.9107142857138792,0.712230215760338,-0.027272727272721075,-0.8863636363631328,5.949999996111528,0.9469026548668377,0.0602409638553854,129.0,132.0,166.0,226.0,89.0,24.0,10.0,214.0,1.7059773828753302,0.5470085470083912,1
-0.17808219178076093,-0.05454545454540496,-0.18088737201359015,0.299999999999625,1.0,-0.3953488372090725,-0.7213930348255118,0.0,0.4333333333329722,0.16184971098256543,199.0,172.0,173.0,120.0,133.0,58.0,28.0,52.0,2.075414781296821,1.5415282392021457,1
0.5548780487803187,0.6388888888885932,0.5692307692305941,0.39370078740141984,-0.18228708011697728,-0.18055555555551375,0.04761904761901523,0.6916365182866088,0.6941176470585514,1.0999999999984285,197.0,73.0,70.0,255.0,145.0,39.0,77.0,177.0,0.9765886287623784,0.7799999999998051,1
0.42857142857130853,0.46610169491505676,0.3972602739724939,0.5585585585583069,0.16875403484345958,-0.19158878504668422,-0.3836477987418971,1.4060267160173647,0.6784313725487536,0.4454545454541405,178.0,102.0,110.0,255.0,108.0,63.0,49.0,173.0,1.281004709575937,1.2383292383289342,1
0.016949152542367136,0.40540540540513154,0.0067114093959709025,0.2999999999998125,0.9562363235394202,-0.18110236220465312,-0.4509803921566417,10.0,0.6933333333328712,0.37837837837812277,148.0,145.0,148.0,150.0,45.0,44.0,56.0,104.0,1.9727891156459227,1.485232067509922,1
-0.17571884984019945,0.9999999999991452,-0.19122257053285543,0.4355828220856224,1.0,-0.04878048780485822,-0.6101694915251652,0.0,0.9069767441853435,0.24210526315776734,148.0,184.0,190.0,129.0,50.0,0.0,46.0,117.0,2.282170542635305,0.0,1
0.36496350364950186,0.6032388663965169,0.35018050541503604,0.7217391304344688,0.34662918054515035,0.028571428571421153,-0.4754098360651841,2.061048856426072,1.0588235294111985,0.3555555555551605,155.0,87.0,90.0,187.0,84.0,49.0,32.0,198.0,1.348837209302064,1.0315789473681496,1
0.0857142857142585,0.7987421383642775,0.4678111587980825,0.7228915662646248,0.21422677724340142,-0.0891719745222646,-0.4588235294112249,1.5452636229699561,0.8362573099410315,0.3709677419348855,127.0,144.0,62.0,171.0,0.0,16.0,23.0,143.0,1.9658703071669,0.7314285714281535,1
0.1549295774647451,0.4300518134712798,0.09333333333330844,0.7037037037032694,0.765799256409423,-0.1953352769678731,-0.752577319587241,7.539682531601667,0.6731707317069887,0.14117647058815225,240.0,150.0,170.0,205.0,98.0,55.0,24.0,138.0,1.6107382550333407,1.2716763005776672,1
-0.14444444444436422,0.14782608695639318,-0.11999999999993144,0.19999999999981818,1.0,-0.07692307692302314,-0.3802816901405773,0.0,0.857142857141744,0.44897959183627656,139.0,103.0,98.0,77.0,82.0,49.0,44.0,66.0,1.9526066350706275,1.593495934958702,1
-0.012048192771081434,0.9999999999995238,0.027568922305757502,0.6867469879515314,0.9228102805606893,0.012048192771081434,-0.6652360515018605,10.0,1.0243902439019394,0.20103092783494794,153.0,210.0,194.0,205.0,209.0,0.0,39.0,210.0,2.1593830334187456,0.0,1
0.17857142857134886,0.7477477477474109,0.17857142857134886,0.8215962441310697,0.6429170158619487,0.19018404907969627,-0.6576576576570652,4.600938964559518,1.4696969696958564,0.2065217391302103,124.0,92.0,92.0,132.0,156.0,28.0,19.0,194.0,1.6727272727268927,0.5517241379308986,1
0.028571428571422294,0.4925373134324683,0.06605922551251343,0.44927536231851506,0.7436258807012012,-0.40119760479029903,-0.6872427983536267,6.801099439976026,0.42735042735024475,0.18536585365844618,166.0,221.0,205.0,234.0,20.0,34.0,38.0,100.0,2.099762470308539,1.4468085106375284,1
0.12391930835731299,0.7326203208552232,0.015624999999995932,0.61999999999969,0.9508357913941541,-0.09243697478989008,-0.6651982378851695,10.0,0.8307692307688048,0.2010582010580947,166.0,152.0,189.0,195.0,105.0,25.0,38.0,162.0,1.8285714285711534,0.6309148264982237,1
0.15124153498867918,0.7073170731704442,0.1111111111110869,0.8502202643168061,0.7688391037896318,-0.09677419354836629,-0.8461538461534633,7.651982371966138,0.823529411764383,0.08333333333329249,152.0,188.0,204.0,255.0,230.0,36.0,17.0,210.0,1.9208173690929857,0.5624999999998901,1
-0.3144329896906406,0.46733668341685064,-0.3144329896906406,0.26406926406914977,-1.0,0.04659498207883635,-0.49999999999985295,0.0,1.0977443609014303,0.33333333333320264,192.0,255.0,255.0,133.0,109.0,53.0,85.0,146.0,2.443113772454797,1.1745152354567383,1
-0.7880794701981536,0.3823529411759083,-0.7808219178076844,0.17499999999978125,-1.0,0.492063492062711,-0.5950920245395123,0.0,2.937499999981641,0.2538461538459586,121.0,135.0,130.0,16.0,39.0,21.0,33.0,47.0,2.653562653562002,1.3124999999989748,1
-0.2530712530711909,0.06578947368416725,-0.2530712530711909,0.3613445378148224,1.0,-0.30472103004278767,-0.740614334470737,0.0,0.5328947368417547,0.14901960784307883,192.0,255.0,255.0,152.0,37.0,71.0,38.0,81.0,2.3887587822011254,2.1846153846145446,1
0.01639344262294634,0.4368932038833538,0.17350157728701152,0.5913978494621537,0.5463414633431924,0.08823529411762543,-0.3936170212763864,3.4086021485728937,1.1935483870961325,0.4351145038164618,255.0,180.0,131.0,186.0,115.0,87.0,57.0,222.0,1.7977528089885395,1.3620352250486571,1
0.11111111111107254,0.5693779904303496,0.025641025641017424,0.7923497267755234,0.9373072969049269,0.012345679012341869,-0.777777777777323,10.0,1.0249999999993595,0.12499999999991777,140.0,128.0,152.0,160.0,209.0,45.0,19.0,164.0,1.8417266187047046,0.777537796976074,1
0.11368909512758384,0.8068965517235815,0.00840336134453605,0.7583892617444575,0.9780817886338355,-0.29380053908347875,-0.8582677165350953,10.0,0.5458333333331059,0.07627118644064565,201.0,191.0,236.0,240.0,62.0,14.0,18.0,131.0,1.8566221142160562,0.5067873303165128,1
-0.10306406685233899,0.6062176165799968,0.003115264797506818,0.9018404907969928,0.993115100207046,-0.01898734177214589,-0.9047619047613663,10.0,0.9627329192540605,0.04999999999996876,233.0,198.0,160.0,161.0,241.0,38.0,8.0,155.0,2.0050632911389865,0.6440677966100331,1
0.15447154471538438,0.8513513513507762,0.5106382978720688,0.6023391812861975,0.08239239798027347,-0.017921146953398595,-0.1499999999998125,1.1795808964550962,0.9647887323936869,0.7391304347810018,151.0,104.0,46.0,142.0,35.0,11.0,34.0,137.0,1.6606786427142395,0.4536082474224466,1
0.5241935483868855,0.6395348837205584,0.3451957295372437,0.4170854271354688,0.09430863790807344,-0.14545454545450137,-0.22666666666651558,1.2082577834139836,0.7460317460313514,0.6304347826080103,152.0,59.0,92.0,189.0,47.0,31.0,58.0,141.0,1.028322440086922,0.9919999999996032,1
0.04371584699452358,0.7241379310339834,0.18633540372665022,0.24999999999987502,0.14590747327607653,-0.2088607594936048,-0.2718446601940428,1.3416666659463847,0.6544502617797621,0.5725190839690286,159.0,175.0,131.0,191.0,150.0,20.0,75.0,125.0,1.9999999999997142,0.5079365079363467,1
0.13103448275859056,0.5126050420163759,0.12328767123284856,0.45161290322544223,0.5710991543970075,-0.46428571428557613,-0.6991150442474783,3.663082434302701,0.36585365853643664,0.1770833333332411,201.0,189.0,192.0,246.0,104.0,29.0,34.0,90.0,1.8327272727270505,0.9206349206345553,1
0.043165467625883754,0.8620689655164983,0.18852459016385717,0.770491803278057,0.6068376067742003,-0.14624505928847975,-0.7522123893798652,4.086956519569592,0.7448275862063829,0.14141414141399858,122.0,133.0,99.0,145.0,56.0,8.0,14.0,108.0,1.9962476547838655,0.35555555555535806,1
0.3640167364015213,0.9999999999977778,0.6548223350250484,0.9565217391283554,0.18723462538135788,-0.5673076923074196,-0.9428571428544489,1.4607347486791098,0.2760736196317325,0.029411764705795845,105.0,76.0,34.0,163.0,59.0,0.0,1.0,45.0,1.447619047618703,0.0,1
0.359999999999904,0.4315789473681939,0.36363636363626645,0.9568345323734124,0.44923229318026153,-0.3043478260868787,-0.9508196721303682,2.6312949633039815,0.5333333333331242,0.02521008403359226,228.0,120.0,119.0,255.0,120.0,54.0,3.0,136.0,1.327800829875335,1.1868131868128609,1
0.39436619718295973,0.6249999999996094,0.27331189710602144,0.9999999999992308,0.570707070662099,-0.2073170731706685,-0.999999999999115,3.658823528071428,0.6565656565653251,0.0,211.0,86.0,113.0,198.0,123.0,30.0,0.0,130.0,1.1841652323577996,0.7667731629390522,1
0.20567375886519962,0.8299999999995851,0.3934426229507122,0.8769230769226273,0.38058368073229754,-0.16438356164379808,-0.8048780487798334,2.2288461532791213,0.717647058823248,0.1081081081080107,237.0,168.0,111.0,255.0,135.0,17.0,12.0,183.0,1.6231884057969053,0.3863636363635266,1
0.2108433734939124,0.45794392523321686,0.2256097560974922,0.9999999999987179,0.6318407959680538,-0.44086021505360545,-0.9999999999992126,4.432432430463455,0.38805970149234426,0.0,167.0,131.0,127.0,201.0,21.0,29.0,0.0,78.0,1.6634920634917993,1.4777070063684856,1
0.11309523809520444,0.9047619047608276,-0.03108808290154635,0.5841584158410058,1.0,-0.4007490636702619,-0.8090909090905414,0.0,0.42780748663078727,0.10552763819090175,174.0,149.0,199.0,187.0,57.0,4.0,21.0,80.0,1.8088012139602716,0.2206896551722616,1
0.060402684563738124,0.8011695906428064,-0.036585365853647384,0.48792270531377396,1.0,-0.012820512820508712,-0.5246636771298095,0.0,0.9746835443031806,0.3117647058821696,184.0,140.0,170.0,158.0,100.0,17.0,53.0,154.0,1.8006430868164307,0.4722222222220583,1
0.03448275862068266,0.7586206896549108,0.21718377088300306,0.7525773195873703,0.5520880904692422,0.0,-0.63999999999968,3.4651637006812424,0.9999999999996079,0.21951219512181738,237.0,238.0,164.0,255.0,177.0,35.0,36.0,255.0,1.9669421487601273,0.5577689243026778,1
-0.2944162436547476,0.9349593495927357,-0.2944162436547476,0.6301369863009383,1.0,-0.0775193798449312,-0.8085106382975856,0.0,0.8561151079130532,0.10588235294113495,120.0,255.0,255.0,139.0,139.0,4.0,27.0,119.0,2.65279583875128,0.12030075187965403,1
-0.3167259786475741,0.9340659340649076,-0.267175572518982,0.40799999999967357,1.0,-0.04347826086954159,-0.6354679802952535,0.0,0.9166666666657118,0.22289156626492598,242.0,185.0,166.0,96.0,118.0,3.0,37.0,88.0,2.0903954802256934,0.11320754716975792,1
0.03282275711159019,0.099999999999875,-0.030800821355229817,-0.09278350515454352,0.5015416242493026,-0.6857142857140408,-0.65131578947347,3.0123711437982963,0.1864406779660227,0.21115537848597166,255.0,221.0,251.0,236.0,0.0,36.0,53.0,44.0,1.8949624866021548,2.4827586206875147,1
-0.1904761904761338,0.42076502732217447,-0.12820512820508712,0.23809523809512473,1.0,-0.022556390977435132,-0.37499999999985356,0.0,0.9558823529404737,0.4545454545451963,158.0,200.0,176.0,136.0,61.0,53.0,80.0,130.0,2.3054755043224344,1.427609427608947,1
-0.013245033112578396,0.8455284552842092,-0.09969788519634451,0.9999999999995596,1.0,0.20744680851058314,-0.9999999999994507,0.0,1.5234899328848837,0.0,85.0,153.0,182.0,149.0,80.0,19.0,0.0,227.0,2.266666666666247,0.44057971014479985,1
0.0363636363636281,0.6806722689069911,0.06791569086649464,0.9801980198010097,0.8704039643432163,-0.39024390243890544,-0.989999999999505,10.0,0.4385964912278778,0.005025125628138179,255.0,212.0,199.0,228.0,36.0,19.0,1.0,100.0,1.8699007717748763,0.8735632183903026,1
-0.09927360774815998,0.7109374999997223,0.002695417789756686,0.863829787233675,0.9937787895289838,0.08148148148146137,-0.8407960199000792,10.0,1.1774193548380767,0.08648648648643974,255.0,227.0,185.0,186.0,115.0,37.0,16.0,219.0,2.029050279329382,0.7254901960782536,1
0.31195335276958835,0.5135135135130509,0.3392857142856133,0.9999999999988095,0.49333333329616,-0.45631067961150285,-0.999999999999099,2.9473684201813017,0.3733333333331674,0.0,181.0,118.0,111.0,225.0,34.0,27.0,0.0,84.0,1.4704049844234468,1.255813953487642,1
0.4049586776856157,0.5395683453233528,0.07594936708855954,0.6718749999994752,0.7968791323980418,0.11458333333327367,-0.5531914893611136,8.846354155017655,1.2588235294102836,0.28767123287631824,176.0,36.0,73.0,85.0,58.0,32.0,21.0,107.0,0.8648648648646052,1.1179039301305163,1
0.1270718232043848,0.771929824561065,0.29523809523800154,0.7339055793988267,0.4262451345998904,-0.004926108374383023,-0.5633802816897442,2.4858092197032344,0.9901960784308872,0.2792792792790277,149.0,158.0,111.0,204.0,71.0,26.0,31.0,202.0,1.8893871449922437,0.6399999999998031,1
0.13157894736838643,0.45222929936276934,0.2463768115941315,0.9322033898297185,0.58190912875411,-0.30699088145887327,-0.940298507461985,3.7836490513036494,0.5302325581392883,0.030769230769207102,184.0,165.0,130.0,215.0,22.0,43.0,4.0,114.0,1.8106995884771178,1.5495495495488516,1
0.284634760705218,0.2427184466017061,0.6037735849054705,0.9999999999984375,0.247058823513421,-0.5987460815045145,-0.9999999999984127,1.6562499997236164,0.2509803921567643,0.0,191.0,142.0,63.0,255.0,64.0,39.0,0.0,64.0,1.5561643835614305,1.5145631067953813,1
0.2888888888887819,0.9811320754707725,0.3132075471696931,0.8918918918910884,0.4801963439003713,-0.24731182795690063,-0.876288659792911,2.847606641876699,0.6034482758617222,0.06593406593399348,124.0,96.0,91.0,174.0,95.0,1.0,6.0,105.0,1.5673469387751904,0.03960396039602,1
0.1269841269840934,0.8443113772450035,0.210227272727213,0.8117647058818754,0.5885931060970596,-0.16076294277924774,-0.7935483870962623,3.8613672477646106,0.7230046948353414,0.11510791366898195,164.0,165.0,139.0,213.0,135.0,13.0,16.0,154.0,1.8670438472416029,0.33015873015862535,1
0.11111111111106363,0.9627906976739709,0.05691056910566793,0.8347826086952893,0.8723539204603197,0.23753665689142595,-0.7185185185179863,10.0,1.6230769230756747,0.16379310344813466,97.0,104.0,116.0,130.0,155.0,4.0,19.0,211.0,1.9126436781604799,0.08556149732618033,1
0.1354466858789235,0.9576719576714511,0.28338762214974483,0.947368421052133,0.5394901796468596,-0.0314136125654368,-0.9130434782600756,3.343012702993897,0.9390862944157671,0.045454545454504135,147.0,150.0,110.0,197.0,110.0,4.0,5.0,185.0,1.8633540372667914,0.10561056105607076,1
-0.09976798143849194,0.3333333333330065,-0.12415349887130381,0.9428571428557959,1.0,-0.4809160305341676,-0.9840637450195283,0.0,0.3505154639173451,0.008032128514053,181.0,237.0,249.0,194.0,64.0,34.0,2.0,68.0,2.233215547702917,1.35999999999932,1
0.19999999999992593,0.7835051546387715,0.015673981191217656,0.7563451776645908,0.9593948386917821,0.03283582089551259,-0.7348066298338483,10.0,1.067901234567242,0.15286624203811922,172.0,108.0,157.0,162.0,189.0,21.0,24.0,173.0,1.5709090909088053,0.4158415841583129,1
-0.0338983050847314,0.653333333333043,-0.008695652173909264,0.8979591836730113,1.0,0.23999999999992,-0.8412698412691736,0.0,1.6315789473669897,0.08620689655164981,152.0,122.0,116.0,114.0,127.0,39.0,10.0,186.0,1.9137254901957033,0.7979539641941693,1
0.06735751295335042,0.6540084388182895,0.11956521739127186,0.866666666666254,0.7575312269620876,-0.024875621890541075,-0.8409090909086132,7.248484842420998,0.9514563106791498,0.08641975308636642,161.0,180.0,162.0,206.0,93.0,41.0,14.0,196.0,1.9807427785416807,0.884097035040193,1
-0.4216027874562991,0.9829059829051427,-0.45394736842090333,0.9999999999991379,1.0,0.1658291457285599,-0.9999999999995476,0.0,1.3975903614440992,0.0,159.0,204.0,221.0,83.0,112.0,1.0,0.0,116.0,2.5107692307688443,0.034782608695637054,1
-0.22834645669285347,0.9999999999994253,-0.2686567164178436,0.9999999999994253,1.0,0.08411214953268407,-0.9999999999996079,0.0,1.18367346938695,0.0,255.0,234.0,255.0,147.0,70.0,0.0,0.0,174.0,2.151724137930787,0.0,1
-0.07236842105260778,-0.9999999999954546,-0.034246575342454025,-0.9999999999969696,0.9337748345271996,-0.9999999999992909,-0.6413043478257384,10.0,0.0,0.21854304635747118,249.0,163.0,151.0,141.0,0.0,22.0,33.0,0.0,1.8212290502790751,3.999999999990909,1
-0.3983739837396755,0.2249999999998594,-0.4896551724136243,0.13953488372084913,-1.0,0.13953488372084913,-0.4896551724136243,0.0,1.3243243243225347,0.342592592592434,153.0,172.0,216.0,74.0,73.0,62.0,74.0,98.0,2.4098073555162154,1.68135593220282,1
0.03030303030302418,0.3949579831929454,0.0,0.5961538461532729,0.9999999998322581,-0.5088757396448199,-0.8478260869562146,10.0,0.32549019607830376,0.0823529411764383,255.0,240.0,255.0,255.0,20.0,36.0,21.0,83.0,1.9393939393937434,1.6457142857133453,1
0.0,0.4857142857135918,0.09207708779441283,0.05050505050499949,-0.2915655337764571,-0.6612377850160713,-0.6370656370653911,0.5485083386098715,0.203921568627371,0.22169811320744262,232.0,255.0,212.0,255.0,0.0,18.0,47.0,52.0,2.0461384152455317,1.6363636363617768,1
-0.335092348284872,0.6376811594198278,-0.3038674033148332,0.5270270270266709,1.0,-0.05439330543930779,-0.7416974169738961,0.0,0.8968253968246851,0.14830508474569987,129.0,253.0,236.0,126.0,56.0,25.0,35.0,113.0,2.6596583442834874,0.9132420091320032,1
0.30102040816318854,0.41818181818156475,0.49560117302038253,0.9999999999991452,0.3372549019379857,-0.3709677419353842,-0.9999999999988372,2.0177514788816757,0.4588235294115848,0.0,214.0,137.0,86.0,255.0,76.0,48.0,0.0,117.0,1.4751009421263155,1.3287197231829313,1
0.2809667673715163,0.04587155963298544,0.1459459459459065,0.9999999999982456,0.7452830188025582,-0.5762081784384475,-0.9999999999993672,6.851851847146895,0.2688679245281751,0.0,237.0,119.0,158.0,212.0,66.0,52.0,0.0,57.0,1.3857350800580224,1.832599118941924,1
0.18329466357304333,0.3457943925230413,0.2348668280871102,0.972602739724695,0.6109768156835814,-0.5596330275227647,-0.9874213836471778,4.1410817663440165,0.2823529411763599,0.006329113924046627,153.0,176.0,158.0,255.0,112.0,35.0,1.0,72.0,1.8526315789471246,1.1023622047239754,1
0.14478114478109605,-0.04201680672265377,0.24087591240867123,0.9999999999982456,0.6117647058326172,-0.49779735682797455,-0.9999999999990384,4.151515149785875,0.3352941176468616,0.0,119.0,127.0,104.0,170.0,217.0,62.0,0.0,57.0,1.8710865561690844,1.2462311557785815,1
0.14285714285710122,0.20312499999984132,0.2604501607716204,0.7701149425278504,0.49454884516759356,-0.43589743589727625,-0.839999999999328,2.956861074497285,0.39285714285694245,0.08695652173905481,219.0,147.0,115.0,196.0,100.0,51.0,10.0,77.0,1.6586741889983556,1.4623655913973255,1
0.3207547169810312,0.8701298701287401,0.4141414141412747,0.7777777777768176,0.30508474573670863,-0.4893617021274861,-0.8124999999991537,1.8780487800326384,0.3428571428569796,0.10344827586195006,183.0,108.0,87.0,210.0,96.0,5.0,9.0,72.0,1.418719211822427,0.22471910112346927,1
0.21632653061215662,0.7300613496928037,0.3303571428569954,0.6491228070171643,0.3254437869489604,-0.027586206896542214,-0.4285714285710204,1.964912280106698,0.9463087248315797,0.39999999999946667,151.0,96.0,75.0,149.0,133.0,22.0,30.0,141.0,1.5609756097557803,0.5534591194966814,1
-0.061371841155212506,0.795555555555202,0.11587982832613053,0.8116591928247482,0.7501348714798973,0.21686746987945277,-0.6612903225801119,7.004318213520254,1.5538461538449588,0.2038834951454331,116.0,147.0,103.0,130.0,80.0,23.0,21.0,202.0,2.1777777777773744,0.5609756097559265,1
-0.1741935483870406,0.9552238805963021,-0.16612377850157456,0.8321678321672503,1.0,0.011583011583007112,-0.8743455497377621,0.0,1.0234374999992006,0.06703910614521395,92.0,182.0,179.0,128.0,130.0,3.0,12.0,131.0,2.49315068493108,0.08988764044940455,1
-0.3052631578946565,0.7272727272719008,-0.24571428571421552,0.46153846153801775,1.0,-0.2692307692306398,-0.7723577235769219,0.0,0.5757575757571396,0.12844036697241815,146.0,248.0,218.0,132.0,79.0,12.0,28.0,76.0,2.56330749353972,0.5363128491617116,1
0.18867924528297436,0.6964285714282605,0.2695214105792772,0.7272727272723968,0.4592235239602824,-0.14027149321263796,-0.6571428571424817,2.698385725421386,0.7539682539679549,0.20689655172399526,151.0,172.0,145.0,252.0,61.0,34.0,30.0,190.0,1.842034805889981,0.8526645768022406,1
0.12234042553188236,0.36690647481988,0.18207282913160167,0.43939393939360655,0.4140544969624741,-0.3790849673201376,-0.595628415300221,2.41328671196011,0.4502369668244312,0.253424657534073,192.0,165.0,146.0,211.0,26.0,44.0,37.0,95.0,1.8008185538878851,1.6842105263149838,1
0.15915915915911136,0.8360655737698065,0.07520891364900412,0.8823529411757292,0.842915811000187,-0.2655737704917162,-0.9190751445081393,10.0,0.5803108808287148,0.04216867469876978,167.0,140.0,166.0,193.0,10.0,10.0,7.0,112.0,1.7499999999997264,0.5633802816897442,1
0.2944162436547476,0.5384615384610782,0.3492063492062568,0.9999999999988889,0.4823529411403949,-0.4782608695650788,-0.999999999999187,2.863636362813898,0.35294117647044987,0.0,118.0,139.0,123.0,255.0,118.0,27.0,0.0,90.0,1.7081413210442844,0.8244274809157159,1
-0.22580645161278184,0.7215189873408588,-0.42168674698778247,0.9999999999985294,1.0,-0.028571428571408167,-0.9999999999994351,0.0,0.9444444444431327,0.0,145.0,114.0,177.0,72.0,113.0,11.0,0.0,68.0,2.0494382022467303,0.4334975369455993,1
-0.15942028985501472,-0.9999999999970588,-0.2587859424919301,-0.9999999999666667,0.5888324873456389,-0.9999999999991379,-0.969999999999515,3.864197532229828,0.0,0.015228426395931357,170.0,160.0,197.0,116.0,74.0,34.0,3.0,0.0,2.1122112211217634,1.91549295774513,1
-0.4583333333331969,0.3013698630134922,-0.4739884393062214,0.519999999999584,1.0,0.02150537634407446,-0.7894736842102493,0.0,1.0439560439548967,0.11764705882348328,230.0,245.0,255.0,91.0,32.0,51.0,30.0,95.0,2.4167694204682593,1.7816593886455103,1
0.040816326530603915,-0.1333333333328889,0.01796407185628384,0.23809523809410432,0.8596881956547581,-0.9029850746265288,-0.9370078740153792,10.0,0.05098039215684275,0.03252032520323882,255.0,235.0,246.0,255.0,75.0,17.0,8.0,13.0,1.9183673469385796,1.114754098359742,1
0.01391650099403302,0.03448275862057075,0.13333333333330372,0.666666666662963,0.6666666665818517,-0.8888888888885597,-0.96969696969648,4.999999996223333,0.05882352941174164,0.015384615384607496,220.0,248.0,195.0,255.0,192.0,14.0,3.0,15.0,2.0432543769307885,0.4765957446806483,1
-0.16173120728925702,0.37499999999960937,-0.16173120728925702,0.4042553191485061,1.0,-0.47199999999981124,-0.8021201413424728,0.0,0.3586956521737181,0.1098039215685844,199.0,255.0,255.0,184.0,52.0,30.0,28.0,66.0,2.2844344904812672,1.3483146067408156,1
0.5454545454543802,0.61386138613831,0.38586956521728644,0.61386138613831,0.2280531782966909,-0.22009569377985166,-0.48684210526283767,1.5908520425381416,0.6392156862742592,0.3451327433625264,235.0,75.0,113.0,255.0,80.0,39.0,39.0,163.0,0.9374999999998535,0.9719626168221271,1
0.0031545741324911186,0.010101010100999898,-0.12637362637359165,0.030927835051514505,-1.0,-0.5215311004782194,-0.6269841269838782,0.0,0.3144654088048337,0.229268292682815,183.0,158.0,205.0,159.0,80.0,49.0,47.0,50.0,1.9209726443766075,1.719298245613281,1
0.32317073170721855,0.47150259067333083,0.2764705882352128,0.8322580645155921,0.5012835871530132,-0.20891364902501144,-0.8088235294111701,3.0102951258833457,0.6543778801840303,0.10569105691048318,167.0,111.0,123.0,217.0,193.0,51.0,13.0,142.0,1.4653465346532235,0.9336384439357132,1
0.38108882521479054,0.46391752577303647,0.3930635838149153,0.7108433734936904,0.2878682732689314,-0.0616740088105591,-0.48936170212731256,1.8084691703405509,0.8838174273855254,0.34285714285681634,181.0,108.0,105.0,241.0,252.0,78.0,36.0,213.0,1.3542319749214178,1.0048309178742343,1
-0.20171673819733832,0.43884892086299365,-0.1948051948051105,0.851851851851063,1.0,0.03626943005179468,-0.8904109589034997,0.0,1.0752688172031448,0.05797101449271162,167.0,140.0,138.0,93.0,132.0,39.0,8.0,100.0,2.07407407407369,1.006451612902901,1
-0.08219178082189904,0.9473684210518005,-0.054117647058810794,0.8974358974351304,1.0,-0.288461538461446,-0.9478260869561097,0.0,0.5522388059698745,0.02678571428570233,169.0,237.0,224.0,201.0,136.0,3.0,6.0,111.0,2.2464454976300656,0.0948616600790139,1
0.015384615384603551,0.7816091954018497,-0.13725490196069462,0.7415730337074486,1.0,0.40271493212651466,-0.5818181818176529,0.0,2.34848484848129,0.26436781609165017,139.0,64.0,87.0,66.0,56.0,19.0,23.0,155.0,1.537537537537076,0.610441767068028,1
0.04918032786883634,0.5630252100835604,0.035598705501606605,0.3676470588232591,0.8234391594794321,-0.2648221343872471,-0.5520833333330458,10.0,0.5812499999996368,0.288590604026652,201.0,145.0,149.0,160.0,47.0,26.0,43.0,93.0,1.7818740399382822,1.0833333333327693,1
-0.10394265232971185,0.7681159420284289,-0.2038216560508905,0.6486486486482105,1.0,-0.012145748987849335,-0.7581395348833684,0.0,0.9759999999992192,0.13756613756606478,213.0,154.0,189.0,125.0,64.0,16.0,26.0,122.0,1.9071207430337604,0.587155963302483,1
-0.07728337236532148,0.8699186991862846,0.06775067750675672,0.9658119658111404,0.8688987494116247,-0.2628205128204286,-0.9770114942523122,10.0,0.5837563451773687,0.011627906976737426,119.0,230.0,172.0,197.0,88.0,8.0,2.0,115.0,2.371134020618251,0.292237442922241,1
0.2934782608694855,0.3124999999996745,0.3222222222221327,0.44827586206845027,0.16360019888435973,-0.5813953488370162,-0.671232876711869,1.3912009508155492,0.26470588235283,0.19672131147524857,142.0,130.0,122.0,238.0,85.0,33.0,24.0,63.0,1.624999999999746,1.2336448598125078,1
-0.09913793103446139,-0.15789473684168975,-0.047835990888371795,-0.483870967741155,0.8200663351457141,-0.8577777777773966,-0.6666666666664252,10.0,0.07655502392340835,0.19999999999991305,199.0,255.0,230.0,209.0,118.0,22.0,46.0,16.0,2.22222222222198,0.9887640449432649,1
0.003937007874014973,0.55999999999944,0.0,0.6082474226797853,0.9999999998355932,-0.5315315315313719,-0.8613138686128243,10.0,0.30588235294105653,0.07450980392153941,255.0,253.0,255.0,255.0,111.0,22.0,19.0,78.0,1.9921259842517722,0.7553648068666287,1
0.14349775784750146,0.6173913043472892,0.15124153498867918,0.7222222222215535,0.6536970566370919,-0.4655172413791766,-0.8522167487680532,4.775290212427986,0.36470588235279816,0.07978723404251076,178.0,191.0,188.0,255.0,129.0,22.0,15.0,93.0,1.874846625766641,0.6616541353380971,1
0.11450381679384943,0.7844311377240812,0.13618677042796257,0.8509316770181051,0.7240720790569424,0.010169491525420281,-0.8048780487798334,6.248269738090216,1.0205479452047805,0.1081081081080107,160.0,116.0,111.0,146.0,130.0,18.0,12.0,149.0,1.7249070631967052,0.457142857142712,1
-0.14356435643560803,0.5245901639339963,-0.17814726840850875,0.978723404254278,1.0,-0.3007518796991351,-0.9919678714855454,0.0,0.5375722543349494,0.0040322580645145035,133.0,231.0,248.0,173.0,129.0,29.0,1.0,93.0,2.4062499999996865,0.8285714285711326,1
0.1304347826086602,0.5094339622636703,0.03740648379051437,0.720430107526107,0.9012808717230437,-0.44444444444429015,-0.8737864077665661,10.0,0.38461538461519973,0.06735751295333298,200.0,160.0,193.0,208.0,29.0,26.0,13.0,80.0,1.7582417582415166,1.291925465837707,1
-0.10512129380051075,0.24137931034455012,-0.15089514066492304,0.42105263157839334,1.0,-0.5090909090906777,-0.8218623481778049,0.0,0.32530120481908115,0.09777777777773433,198.0,205.0,225.0,166.0,106.0,33.0,22.0,54.0,2.1188630490953333,1.168141592919837,1
0.21428571428566326,0.7173913043475661,0.0,0.7686567164176237,0.999999999869903,-0.0365853658536511,-0.7832167832165094,10.0,0.9294117647055179,0.12156862745093272,255.0,165.0,255.0,255.0,242.0,39.0,31.0,237.0,1.5714285714283842,0.560143626570815,1
-0.15384615384611905,0.7916666666650173,-0.15384615384611905,0.535714285713329,1.0,-0.626086956521467,-0.9029850746265288,0.0,0.22994652406404817,0.05098039215684275,219.0,255.0,255.0,187.0,71.0,5.0,13.0,43.0,2.227074235807617,0.3225806451610302,1
0.2421874999999054,0.6714285714280919,0.12765957446803985,0.4096385542166207,0.5248091602075782,-0.15217391304342312,-0.4302325581392848,3.2088353388510784,0.7358490566033108,0.3983739837395135,119.0,97.0,123.0,159.0,41.0,23.0,49.0,117.0,1.6440677966098212,0.9019607843132834,1
0.04977375565608608,0.4347826086951796,0.22751322751310715,0.4999999999994318,0.3745454544937105,-0.2747252747251238,-0.5368421052625928,2.1976744176373617,0.5689655172408888,0.3013698630132858,119.0,105.0,73.0,116.0,105.0,26.0,22.0,66.0,1.887640449437778,0.9327354260085504,1
0.45631067961150285,0.7662337662334345,0.7928286852586484,0.9999999999995098,0.1155555555490648,-0.048951048951037544,-0.999999999996154,1.2613065325041113,0.9066666666662637,0.0,216.0,84.0,26.0,225.0,135.0,27.0,0.0,204.0,1.1034482758618878,0.5496183206105472,1
0.5454545454543802,0.6478873239434338,0.4739884393062214,0.6774193548384669,0.17668016192794153,-0.04294478527606484,-0.3382352941173984,1.4291896141751665,0.9176470588231695,0.49450549450495107,166.0,75.0,91.0,255.0,185.0,50.0,45.0,234.0,1.050788091068117,0.7707129094410846,1
0.008771929824557557,0.608391608391183,0.06481481481478481,0.7968749999993775,0.8495634653143919,0.0,-0.7719298245607263,10.0,0.9999999999991305,0.12871287128700126,51.0,113.0,101.0,115.0,112.0,28.0,13.0,115.0,2.3061224489790035,0.7915194346286956,1
-0.11627906976740807,0.8962962962956325,-0.12138728323695915,0.9999999999992188,1.0,-0.0857142857142551,-0.9999999999994846,0.0,0.8421052631573408,0.0,93.0,192.0,194.0,152.0,8.0,7.0,0.0,128.0,2.4419713831474654,0.3733333333330845,1
0.09465020576127793,0.5714285714280612,0.11297071129702387,0.9999999999988636,0.796992481131267,-0.20361990950217032,-0.9999999999990565,8.851851844009968,0.6616541353378484,0.0,106.0,110.0,106.0,133.0,78.0,24.0,0.0,88.0,1.9172113289756172,0.8971962616818238,1
0.3527851458885006,0.024390243902409278,0.19437939110065705,0.999999999997619,0.6745098038645099,-0.7171717171714758,-0.9999999999994187,5.144578310595299,0.1647058823528766,0.0,246.0,122.0,172.0,255.0,52.0,40.0,0.0,42.0,1.3100671140937838,1.8390804597690582,1
0.17717717717712397,0.9368421052621717,0.023498694516965145,0.8585858585849913,0.9467200860015852,-0.36111111111098576,-0.9278350515459135,10.0,0.46938775510180136,0.03743315508019389,255.0,137.0,187.0,196.0,88.0,3.0,7.0,92.0,1.511724137930826,0.12903225806444676,1
-0.03614457831324212,0.8641975308636641,0.0,0.8083832335324501,0.9999999998762963,-0.028938906752402273,-0.8181818181813534,10.0,0.9437499999994102,0.09999999999993751,100.0,172.0,160.0,160.0,131.0,11.0,16.0,151.0,2.278145695363861,0.2894736842104311,1
0.16129032258059314,0.6271186440667337,0.058823529411747406,0.2972972972968955,0.6696428569545274,-0.5789473684207987,-0.7204301075264944,5.054054045456819,0.26666666666651856,0.16249999999989845,111.0,130.0,160.0,180.0,90.0,11.0,26.0,48.0,1.887477313974249,0.5499999999996563,1
-0.12831858407076807,0.7323943661966674,-0.1025056947607967,0.9069767441853435,1.0,-0.23124999999992774,-0.9516129032254228,0.0,0.6243654822331857,0.02479338842974182,213.0,255.0,242.0,197.0,118.0,19.0,6.0,123.0,2.217391304347585,0.5448028673833173,1
-0.07109004739334808,0.6521739130430733,-0.13082039911305304,0.641975308641579,1.0,-0.19148936170206945,-0.7957746478870438,0.0,0.6785714285710824,0.11372549019603384,203.0,226.0,255.0,196.0,80.0,28.0,29.0,133.0,2.1245593419503965,0.8327137546465306,1
-0.5361216730035985,0.7777777777770576,-0.5611510791364889,0.7777777777770576,1.0,0.22292993630559052,-0.8951965065498275,0.0,1.5737704918006987,0.05529953917048143,179.0,202.0,217.0,61.0,123.0,12.0,12.0,96.0,2.509316770185946,0.39506172839489917,1
0.0642201834862189,0.857142857142245,0.13725490196073947,0.7333333333328445,0.6846846846059482,-0.14473684210521556,-0.7368421052626732,5.342857138962673,0.7471264367811798,0.15151515151503675,204.0,153.0,132.0,174.0,45.0,10.0,20.0,130.0,1.7894736842102645,0.4102564102561999,1
0.07341772151896876,0.9285714285707654,-0.020785219399533306,0.6265060240960082,1.0,-0.22190201729100234,-0.7539682539679549,0.0,0.6367924528298884,0.1402714932126062,236.0,183.0,221.0,212.0,132.0,5.0,31.0,135.0,1.7985257985255774,0.14440433212991177,1
0.39560439560428695,0.9999999999991597,0.26683291770566914,0.8593749999993286,0.5261391550580964,-0.3619302949060692,-0.8846153846148176,3.2206483632772773,0.4685039370076896,0.061224489795876726,123.0,110.0,147.0,254.0,105.0,0.0,9.0,119.0,1.474036850921026,0.0,1
0.03896103896102884,0.6638655462179295,0.005025125628139441,0.559055118109796,0.9821829403421434,-0.33779264214035526,-0.7522123893801982,10.0,0.4949999999997525,0.14141414141407,150.0,185.0,198.0,200.0,129.0,20.0,28.0,99.0,2.05555555555527,0.5970149253729116,1
0.32812499999991457,0.691228070175196,0.0,0.983539094649801,0.9999999998983263,-0.028225806451607213,-0.9844357976649867,10.0,0.9450980392153157,0.007843137254898885,255.0,129.0,255.0,255.0,123.0,44.0,2.0,241.0,1.343749999999825,0.7787610619467303,1
-0.2259887005649079,0.6037735849050908,-0.30102040816318854,0.8888888888879012,1.0,-0.23423423423412873,-0.9615384615380917,0.0,0.6204379562039267,0.019607843137247213,188.0,217.0,255.0,137.0,45.0,21.0,5.0,85.0,2.28722002635016,0.9767441860459438,1
0.27131782945715405,0.21153846153825814,-0.10382513661196513,0.5949367088600064,1.0,-0.13103448275853033,-0.7264957264951055,0.0,0.7682926829258923,0.15841584158400157,151.0,47.0,101.0,82.0,39.0,41.0,16.0,63.0,1.1498470948008717,1.7826086956512053,1
0.21739130434769108,0.4792899408281188,0.16666666666656746,0.8796992481196394,0.6814371256833369,0.12107623318380221,-0.7948717948707757,5.27819548555406,1.275510204080331,0.11428571428555102,80.0,63.0,70.0,98.0,129.0,44.0,8.0,125.0,1.65789473684156,1.0292397660815704,1
0.16049382716039476,0.6666666666662698,0.18987341772139882,0.8064516129027056,0.6188524589542761,0.1965811965811126,-0.6202531645561769,4.24731182572002,1.4893617021260752,0.2343749999996338,149.0,68.0,64.0,94.0,82.0,28.0,15.0,140.0,1.4353562005273257,0.8057553956831635,1
0.1506172839505801,0.7232142857139628,0.13658536585362524,0.8122065727695718,0.7120857369689921,-0.09389671361500143,-0.7969543147204077,5.946512403424975,0.8283261802571553,0.11299435028242205,202.0,172.0,177.0,233.0,121.0,31.0,20.0,193.0,1.7663671373553573,0.659574468084931,1
-0.13712374581935213,0.7355371900820368,-0.0038610038610023705,0.6935483870962149,1.0,-0.10256410256405873,-0.7449664429525202,0.0,0.8139534883714621,0.14615384615373375,33.0,170.0,130.0,129.0,32.0,16.0,19.0,105.0,2.709163346613006,0.7573964497036939,1
-0.1709401709400979,0.24528301886746173,-0.24806201550377982,0.31999999999935996,1.0,-0.49230769230731364,-0.8089887640444894,0.0,0.3402061855666596,0.10559006211173566,143.0,137.0,161.0,97.0,53.0,20.0,17.0,33.0,2.1322957198439427,1.269841269840262,1
0.0769230769230512,0.6319018404904099,-0.024242424242416898,0.9999999999992483,1.0,-0.09523809523806284,-0.9999999999994084,0.0,0.8260869565212261,0.0,133.0,138.0,169.0,161.0,74.0,30.0,0.0,133.0,1.936842105262818,0.8988764044940454,1
0.05555555555554153,0.9999999999988763,-0.08131868131866345,0.9999999999988763,1.0,-0.4026845637582542,-0.9999999999995935,0.0,0.42583732057395896,0.0,200.0,187.0,246.0,209.0,36.0,0.0,0.0,89.0,1.9106002554275976,0.0,1
0.2043010752687623,0.9837398373975742,0.2655367231637668,0.8208955223874471,0.5111766531660656,-0.2947976878611865,-0.8309859154923727,3.0914576044234123,0.5446428571426141,0.09230769230762131,249.0,148.0,130.0,224.0,93.0,1.0,12.0,122.0,1.5396618985693706,0.03686635944698762,1
0.37499999999985356,0.8171428571423902,0.4136546184737295,0.7569060773476481,0.29323678820749816,-0.050746268656701274,-0.5368421052625928,1.8298020700395923,0.9034090909085777,0.3013698630132858,145.0,80.0,73.0,176.0,172.0,16.0,22.0,159.0,1.330561330561054,0.35261707988971003,1
0.05468749999997864,0.6543209876535132,0.09756097560971644,0.8108108108097151,0.7851959360527112,-0.33663366336617,-0.8813559322026429,8.310810802284378,0.4962962962959287,0.06306306306300624,114.0,121.0,111.0,135.0,87.0,14.0,7.0,67.0,1.9714867617103928,0.6153846153842774,1
0.06153846153843787,0.9999999999993104,0.3142857142855646,0.9999999999993104,0.5217391303950074,0.024734982332146736,-0.9999999999986111,3.1818181808051063,1.050724637680398,0.0,105.0,122.0,72.0,138.0,57.0,0.0,0.0,145.0,2.004106776180287,0.0,1
-0.0045045045045034905,0.2786885245899355,-0.05150214592273573,0.6421052631572188,1.0,-0.4782608695650575,-0.8702290076332557,0.0,0.35294117647042855,0.0693877551020125,138.0,223.0,245.0,221.0,0.0,44.0,17.0,78.0,2.216149068322706,2.1204819277095663,1
-0.0414507772020618,0.27835051546377404,-0.023746701846959435,0.7714285714280205,1.0,-0.19741100323618208,-0.847619047618644,0.0,0.670270270269908,0.0824742268040812,165.0,201.0,194.0,185.0,119.0,70.0,16.0,124.0,2.138297872340141,1.46214099216672,1
0.21428571428566326,0.398058252426798,0.15909090909087295,0.9199999999987734,0.705139005831596,-0.5596330275227647,-0.9680851063824638,5.782857139215807,0.2823529411763599,0.016216216216207453,198.0,165.0,185.0,255.0,147.0,31.0,3.0,72.0,1.6858237547890567,0.8825622775797571,1
0.3527851458885006,0.849315068492569,0.19158878504668422,0.7647058823524414,0.5993101465310443,-0.30769230769222883,-0.811518324606905,3.9913916765376802,0.5294117647056747,0.10404624277450635,255.0,122.0,173.0,255.0,219.0,11.0,18.0,135.0,1.29442970822264,0.2340425531914271,1
-0.025974025974020352,0.687150837988443,-0.04862579281182904,0.9483870967735818,1.0,-0.19680851063824553,-0.9682539682535841,0.0,0.6711111111108129,0.016129032258058014,57.0,237.0,248.0,225.0,158.0,28.0,4.0,151.0,2.507936507936176,0.6136986301368181,1
-0.26315789473674317,0.6888888888885062,-0.29999999999989285,0.6612021857919884,1.0,0.21599999999991362,-0.7089201877930944,0.0,1.5510204081616825,0.17032967032957674,82.0,168.0,182.0,98.0,136.0,28.0,31.0,152.0,2.6046511627901925,0.6511627906974852,1
-0.14285714285710205,0.7142857142853062,-0.18699186991864852,0.9999999999993334,1.0,0.0,-0.9999999999995435,0.0,0.9999999999993334,0.0,102.0,200.0,219.0,150.0,112.0,25.0,0.0,150.0,2.453987730060973,0.6410256410254356,1
-0.16372795969769177,0.7303370786508647,-0.1075268817204012,0.9999999999987013,1.0,-0.3662551440327711,-0.9999999999995146,0.0,0.4638554216864676,0.0,161.0,231.0,206.0,166.0,103.0,12.0,0.0,77.0,2.3422053231936193,0.470588235293887,1
0.1684587813619468,0.09411764705876817,0.15194346289747282,0.6034482758615487,0.5977094926217349,-0.2734374999998932,-0.678321678321204,3.9715316734066106,0.5705521472389138,0.19166666666650695,133.0,116.0,120.0,163.0,142.0,77.0,23.0,93.0,1.7575757575754245,1.5835475578402098,1
0.06249999999996745,0.071428571428535,0.051546391752550755,0.5789473684206173,0.8364888122597194,0.014492753623181405,-0.5333333333328889,10.0,1.029411764704873,0.3043478260866257,88.0,90.0,92.0,102.0,112.0,91.0,28.0,105.0,1.94594594594542,1.8245614035083146,1
0.26872246696023405,0.24999999999987982,0.2203389830507541,0.49425287356293435,0.3833151580706129,-0.05109489051093026,-0.35294117647032874,2.2431476559223777,0.902777777777151,0.47826086956469754,135.0,83.0,92.0,144.0,104.0,78.0,44.0,130.0,1.4921348314603389,1.5999999999995898,1
-0.24696356275293646,0.21739130434769108,-0.05583756345174831,0.6198347107432893,1.0,0.026178010471190484,-0.637795275590049,0.0,1.053763440859082,0.2211538461536335,107.0,154.0,104.0,93.0,70.0,63.0,23.0,98.0,2.4251968503932235,1.7142857142851313,1
-0.10982658959531225,-0.39999999999933333,0.06206896551719858,0.9999999999944446,0.883116883033197,-0.6210526315782936,-0.9999999999985294,10.0,0.23376623376593017,0.0,148.0,96.0,68.0,77.0,47.0,42.0,0.0,18.0,1.8417266187045944,2.2550335570454667,1
-0.22388059701475832,0.4093959731540877,-0.3882352941174187,0.3375796178341799,-1.0,0.3375796178341799,-0.3882352941174187,0.0,2.019230769226886,0.44067796610132143,235.0,82.0,118.0,52.0,140.0,44.0,52.0,105.0,1.4545454545451322,1.0570570570567397,1
0.24444444444433583,0.6235294117643392,0.09803921568623607,0.6829268292678763,0.7489283526291004,-0.007194244604313959,-0.6312056737584176,6.965853651429899,0.9857142857135818,0.22608695652154254,214.0,85.0,115.0,140.0,144.0,32.0,26.0,138.0,1.2977099236638743,0.73988439306337,1
0.15649867374001156,0.8016528925613209,0.24216524216517318,0.9999999999990825,0.6100917430699523,-0.3333333333332314,-0.9999999999992483,4.129411762998066,0.4999999999997707,0.0,172.0,159.0,133.0,218.0,86.0,12.0,0.0,109.0,1.7966101694912715,0.4383561643833615,1
0.09677419354836629,0.7886178861782206,0.3456464379946318,0.9999999999990908,0.48627450976753833,-0.3972602739724939,-0.9999999999991935,2.8931297701534793,0.4313725490194387,0.0,255.0,210.0,124.0,255.0,83.0,13.0,0.0,110.0,1.8064516129030315,0.47488584474864165,1
0.5913043478258299,0.743589743589267,0.5061728395059646,0.6894409937883917,0.15328373523592273,-0.14733542319744597,-0.4117647058818685,1.3620663533134139,0.7431693989066978,0.4166666666659722,149.0,47.0,60.0,183.0,41.0,20.0,25.0,136.0,0.8826291079810135,0.7373271889397525,1
0.456896551723941,0.7777777777773663,0.681592039800656,0.953488372092469,0.16628927256267337,-0.0029673590504442236,-0.7777777777756173,1.3989135968070323,0.9940828402360983,0.12499999999960937,162.0,63.0,32.0,169.0,112.0,21.0,4.0,168.0,1.1028446389494304,0.5217391304346206,1
0.17054263565884864,0.7090909090902644,0.21285140562240448,0.9999999999989362,0.6490066224628539,-0.23265306122439486,-0.9999999999989796,4.698113205336831,0.6225165562909785,0.0,124.0,107.0,98.0,151.0,100.0,16.0,0.0,94.0,1.7505112474434048,0.5663716814156786,1
-0.03664921465967627,-0.8367346938758433,0.11515151515148025,-0.7142857142831633,1.0,-0.9574468085101291,-0.7176470588231073,0.0,0.021739130434770795,0.16438356164372303,116.0,198.0,146.0,184.0,26.0,45.0,24.0,4.0,2.27586206896519,2.9999999999974998,1
-0.12802768166085535,0.5789473684204433,-0.1157894736841699,0.28205128205104096,1.0,-0.25373134328345587,-0.5820895522385164,0.0,0.5952380952376228,0.2641509433960603,127.0,163.0,159.0,126.0,47.0,20.0,42.0,75.0,2.252158894645552,0.9876543209870448,1
0.2474576271185602,0.6483516483512921,-0.01075268817204012,0.886792452829631,1.0,-0.10179640718559826,-0.9086294416239044,0.0,0.8152173913039048,0.047872340425506456,175.0,111.0,188.0,184.0,101.0,32.0,9.0,150.0,1.5283993115315784,0.8126984126981547,1
0.3934426229507122,0.9999999999994975,0.17241379310340865,0.9134615384610993,0.6824427480286888,-0.1233480176211182,-0.9047619047614262,5.298076920002709,0.7803921568624391,0.049999999999972226,205.0,111.0,180.0,255.0,153.0,0.0,9.0,199.0,1.3020527859235627,0.0,1
-0.19239904988118947,0.7619047619043084,-0.19999999999995294,0.7309941520463562,1.0,-0.06918238993708517,-0.8345323741004192,0.0,0.8705882352936056,0.09019607843133719,188.0,251.0,255.0,170.0,95.0,20.0,23.0,148.0,2.334883720929961,0.5653710247347826,1
-0.019920318725091667,0.8166666666659861,0.08849557522119979,0.8793103448268281,0.817121235923698,-0.06034482758618089,-0.8727272727264793,9.93620688531964,0.8861788617878974,0.06796116504847771,196.0,128.0,103.0,123.0,140.0,11.0,7.0,109.0,1.7808695652170814,0.3247232472323525,1
-0.18059299191369796,0.594936708860383,-0.041009463722384544,0.9999999999992063,1.0,-0.09352517985608147,-0.999999999999394,0.0,0.8289473684205073,0.0,206.0,219.0,165.0,152.0,140.0,32.0,0.0,126.0,2.2010050251253515,0.7757575757573407,1
-0.3253012048191465,0.40689655172385736,-0.3057851239668158,0.9999999999990196,1.0,0.09677419354833508,-0.9999999999993672,0.0,1.2142857142842687,0.0,255.0,165.0,158.0,84.0,61.0,43.0,0.0,102.0,1.9730941704032925,1.3815261044171159,1
-0.031249999999990237,0.37499999999985356,-0.031249999999990237,0.5107296137336864,1.0,0.06344410876131014,-0.48648648648626736,0.0,1.1354838709670094,0.3454545454543361,86.0,165.0,165.0,155.0,255.0,80.0,57.0,176.0,2.3117338003498578,1.0829103214888183,1
-0.03361344537813714,-0.3786407766988453,-0.02953586497889049,-0.14093959731534167,0.6534883724762848,-0.28491620111715926,-0.17874396135257067,4.771812096691717,0.5565217391299508,0.6967213114748387,69.0,123.0,122.0,115.0,168.0,142.0,85.0,64.0,2.2883720930227236,2.2015503875964724,1
0.3945578231291175,-0.04812834224596357,0.6205533596835492,0.10559006211173566,-0.7091757386271205,-0.3945578231291175,0.19999999999983334,0.1701546860507947,0.43414634146320286,1.499999999996875,80.0,89.0,48.0,205.0,92.0,98.0,72.0,89.0,1.5377969762415686,2.0795755968164245,1
-0.31944444444422265,0.0,-0.32413793103425925,-0.16455696202510814,-0.3265451947794746,-0.19512195121927423,-0.3521126760560901,0.507675734064222,0.6734693877537276,0.47916666666616753,69.0,95.0,96.0,49.0,50.0,33.0,46.0,33.0,2.4675324675316666,1.7718120805357238,1
-0.056603773584870065,0.6999999999993,-0.16201117318426705,0.42857142857106845,1.0,0.06249999999996094,-0.5072463768112266,0.0,1.1333333333318223,0.32692307692276257,170.0,84.0,104.0,75.0,148.0,15.0,34.0,85.0,1.6271186440674026,0.4562737642583817,1
-0.5692307692303314,0.7717391304343633,-0.5942028985502941,0.5825242718443775,-1.0,0.7068062827221431,-0.43790849673174,0.0,5.821428571407781,0.39090909090873555,196.0,102.0,110.0,28.0,198.0,21.0,43.0,163.0,1.906542056074321,0.4168734491314102,1
0.036036036036019806,0.8367346938771242,0.05022831050226017,0.9999999999994446,0.9043478260008379,0.22033898305077276,-0.9999999999990384,10.0,1.5652173913029868,0.0,234.0,107.0,104.0,115.0,100.0,16.0,0.0,180.0,1.5204262877439572,0.4102564102562788,1
0.17293233082702433,0.7350993377478576,0.38461538461527084,0.679487179486744,0.27710843370873894,-0.2821917808218405,-0.6124031007747192,1.7666666662067236,0.5598290598288206,0.24038461538438424,205.0,165.0,104.0,234.0,97.0,20.0,25.0,131.0,1.7165149544861227,0.5970149253729116,1
0.3350785340313259,0.5555555555550411,0.42857142857130853,0.6633663366330066,0.21502590671572058,-0.5044247787609132,-0.714285714285114,1.5478547851162827,0.3294117647057532,0.16666666666650326,185.0,127.0,102.0,255.0,168.0,24.0,17.0,84.0,1.4639769452447458,0.6399999999997867,1
0.8071065989843619,0.41052631578904153,0.6952380952377643,0.4888888888883457,-0.1742627345700417,-0.453061224489611,-0.16363636363606612,0.7031963469303723,0.37640449438181106,0.7187499999977539,156.0,19.0,32.0,178.0,148.0,28.0,23.0,67.0,0.4086021505375246,0.8265682656823519,1
0.3527851458885006,0.8235294117642216,0.4739884393062214,0.8235294117642216,0.2693920335220761,-0.24390243902433076,-0.7169811320747953,1.7374461976243132,0.6078431372546637,0.1648351648349837,209.0,122.0,91.0,255.0,100.0,15.0,15.0,155.0,1.378531073446133,0.42105263157879963,1
0.2556634304206292,0.90849673202555,0.2679738562090628,0.9210526315783415,0.5492550267148653,-0.14117647058819377,-0.8983050847450014,3.4370988433888945,0.752577319587241,0.05357142857138074,138.0,115.0,112.0,194.0,45.0,7.0,6.0,146.0,1.6370106761562921,0.2731707317071838,1
0.37837837837827615,-0.06060606060596878,0.4782608695650788,0.4090909090899793,-0.0779510022193723,-0.7832167832165094,-0.7475728155332547,0.8553719006458995,0.12156862745093272,0.14444444444428395,221.0,115.0,90.0,255.0,108.0,35.0,13.0,31.0,1.3031161473085973,1.3397129186596461,1
-0.06185567010307684,-0.3770491803272507,-0.016216216216211835,0.999999999994737,1.0,-0.8109452736314374,-0.9999999999994682,0.0,0.10439560439554704,0.0,253.0,206.0,188.0,182.0,83.0,42.0,0.0,19.0,1.9456906729631704,1.8064516129022548,1
-0.0274314214463772,0.2740740740738711,0.03174603174602335,0.7731958762878627,0.9211221791902454,-0.3879003558717481,-0.886597938143873,10.0,0.44102564102541486,0.060109289617453494,205.0,206.0,183.0,195.0,119.0,49.0,11.0,86.0,2.0295566502460556,1.2937293729368669,1
0.18248175182475093,0.766497461928545,0.03514376996803989,0.9999999999994253,0.9320987653420366,0.03571428571427509,-0.9999999999993379,10.0,1.0740740740734112,0.0,132.0,112.0,151.0,162.0,122.0,23.0,0.0,174.0,1.7297297297293956,0.5380116959062754,1
0.31944444444433356,0.8842975206604262,0.14114114114109877,0.48051948051916854,0.5459222081931147,-0.24999999999991776,-0.5628415300543372,3.4045316361608564,0.5999999999996842,0.2797202797200841,255.0,98.0,143.0,190.0,110.0,7.0,40.0,114.0,1.2230889235567515,0.23529411764695998,1
0.32631578947359835,0.4615384615381657,0.45244956772321254,0.5510204081628906,0.09822998475147512,-0.37704918032776585,-0.48437499999962164,1.2178603922950215,0.45238095238077286,0.3473684210522659,182.0,128.0,95.0,252.0,73.0,42.0,33.0,114.0,1.4840579710142776,1.2398523985235277,1
0.2228571428570792,0.7966101694910754,0.5123674911658967,0.8275862068960762,0.2352459761576597,-0.14745308310988003,-0.6428571428563775,1.6152199759031833,0.7429906542052603,0.21739130434751103,255.0,136.0,69.0,214.0,55.0,18.0,15.0,159.0,1.468286099864849,0.5759999999997696,1
-0.059649122806996614,0.5118110236216442,-0.07266435986156655,0.9999999999989583,1.0,-0.165217391304276,-0.999999999999355,0.0,0.7164179104472266,0.0,255.0,151.0,155.0,134.0,44.0,31.0,0.0,96.0,1.748191027496129,1.22772277227662,1
-0.10810810810807159,0.5937499999998145,-0.18266253869963386,0.5596330275227647,1.0,0.317829457364259,-0.4524714828895618,0.0,1.9318181818167186,0.376963350785143,51.0,164.0,191.0,132.0,255.0,65.0,72.0,255.0,2.567514677103216,0.812499999999873,1
-0.25477707006361316,0.24696356275293646,-0.17605633802810702,0.18007662835242144,1.0,0.13653136531360277,-0.21897810218970112,0.0,1.3162393162381911,0.6407185628738679,101.0,197.0,167.0,117.0,112.0,93.0,107.0,154.0,2.5751633986923896,1.6460176991146802,1
0.39130434782589796,0.5306122448974178,0.26872246696023405,-0.11242603550289207,-1.0,-0.3150684931505411,0.062146892655332124,0.0,0.5208333333329717,1.1325301204805631,69.0,63.0,83.0,144.0,159.0,23.0,94.0,75.0,1.4867256637163757,0.6571428571426224,1
0.09012875536476819,-0.999999999994737,-0.07971014492750736,-0.99999999998,0.8523489933648476,-0.9999999999992126,-0.935064935064328,10.0,0.0,0.033557046979843255,150.0,106.0,149.0,127.0,0.0,19.0,5.0,0.0,1.734151329242999,3.9999999999894733,1
0.15915915915911136,0.7635467980291806,0.029333333333325513,0.6574074074071031,0.9145723221621376,-0.03763440860214042,-0.6621004566207023,10.0,0.9274611398958925,0.2032967032965916,181.0,140.0,182.0,193.0,155.0,24.0,37.0,179.0,1.7125382262994322,0.5026178010469888,1
0.009174311926601297,0.6780821917805897,-0.017857142857134887,0.7883211678829241,1.0,0.380281690140738,-0.5944055944051788,0.0,2.2272727272707025,0.25438596491205756,102.0,108.0,114.0,110.0,149.0,47.0,29.0,245.0,2.0186915887845753,0.7704918032785306,1
0.6095890410956817,0.43010752688148923,0.5359477124181256,0.7852348993283321,0.1886848832818106,-0.27717391304340294,-0.6321839080452504,1.465133409449482,0.5659574468082699,0.22535211267573893,241.0,57.0,71.0,235.0,44.0,53.0,16.0,133.0,0.7728813559320723,1.4982332155471738,1
0.2733333333332422,0.6630434782605092,0.49803921568607923,0.7586206896547365,0.20736037876313845,-0.11046511627903766,-0.5058823529405813,1.5232147702613519,0.8010471204184288,0.3281249999994873,214.0,109.0,64.0,191.0,102.0,31.0,21.0,153.0,1.399678972712456,0.7823343848577974,1
0.2239999999999104,0.9999999999995576,0.31896551724124184,0.7519379844958326,0.40430577219315367,0.1926121372031154,-0.42342342342304196,2.357427193897514,1.4771241830055706,0.40506329113872774,135.0,97.0,79.0,153.0,92.0,0.0,32.0,226.0,1.6099585062237325,0.0,1
0.5235109717866697,0.7541899441336569,0.2959999999999211,0.815028901733633,0.46716057600045113,-0.21499999999994626,-0.7837837837832543,2.753476018440887,0.646090534979158,0.1212121212120294,164.0,76.0,132.0,243.0,82.0,22.0,16.0,157.0,1.0876565295168,0.6219081272082608,1
0.2655086848634577,0.22222222222201646,0.40883977900541196,0.5903614457824212,0.18166677767772577,-0.5887850467287885,-0.7258064516123179,1.4439921846015067,0.2588235294116632,0.15887850467274872,223.0,148.0,107.0,255.0,106.0,42.0,17.0,66.0,1.529715762273704,1.3124999999994873,1
0.30645161290310224,-0.04444444444439506,0.14084507042248562,0.7916666666650173,0.6979232220770096,-0.5804878048777656,-0.9212598425189596,5.62083332933281,0.2654320987652683,0.040983606557343455,252.0,86.0,122.0,162.0,76.0,47.0,5.0,43.0,1.1740614334468986,1.7652582159616126,1
0.2878787878787152,0.4109589041093076,0.5454545454543802,0.9999999999990291,0.2941176470394873,-0.4245810055864736,-0.9999999999986666,1.8333333329959975,0.4039215686272926,0.0,231.0,141.0,75.0,255.0,153.0,43.0,0.0,103.0,1.4687499999998086,1.0058479532160802,1
0.14511873350919655,0.510204081632306,0.3312883435581806,0.9304347826078866,0.4748636420914427,-0.32317073170721855,-0.9292035398221865,2.8085346207287576,0.5115207373269532,0.03669724770638835,229.0,162.0,109.0,217.0,68.0,36.0,4.0,111.0,1.6831168831166645,1.14741035856528,1
0.04411764705880731,0.742574257425375,0.02527075812273456,0.7959183673465328,0.9384532566594417,0.10691823899367707,-0.7419354838704891,10.0,1.2394366197174371,0.14814814814803842,127.0,130.0,135.0,142.0,196.0,26.0,20.0,176.0,1.9659735349712728,0.4905660377357334,1
0.26283987915399915,0.734042553191099,0.0745501285346852,0.9999999999993866,0.8612440190585607,-0.12365591397846139,-0.9999999999994446,10.0,0.7799043062197226,0.0,172.0,122.0,180.0,209.0,20.0,25.0,0.0,163.0,1.56159999999975,0.858369098712078,1
0.29971988795509813,0.6767676767669931,0.09433962264148718,0.8863636363626292,0.807608220293532,-0.47301587301572284,-0.9492385786797213,9.395454535486904,0.357758620689501,0.026041666666653106,227.0,125.0,192.0,232.0,82.0,16.0,5.0,83.0,1.4104372355428194,0.6497461928930712,1
0.20329670329664745,0.2631578947366113,0.30746268656707243,0.35849056603739765,0.0766238159556972,-0.5051546391750842,-0.5466666666663023,1.1659644619757692,0.3287671232875211,0.2931034482756094,255.0,145.0,116.0,219.0,16.0,42.0,34.0,72.0,1.5183246073296441,1.9534883720918876,1
-0.14049586776853698,0.9687499999992433,-0.29966329966319877,0.8260869565211406,1.0,0.09565217391300189,-0.882926829267862,0.0,1.2115384615372966,0.0621761658030766,188.0,138.0,193.0,104.0,63.0,2.0,12.0,126.0,1.9436619718306436,0.08290155440410213,1
-0.019108280254770984,0.7234042553183794,-0.10724637681156313,0.9999999999987654,1.0,-0.31063829787220826,-0.9999999999994765,0.0,0.5259740259736845,0.0,190.0,160.0,191.0,154.0,100.0,13.0,0.0,81.0,1.9277108433732035,0.5024154589369554,1
-0.11278195488717566,0.740614334470737,-0.1161048689138142,0.9391634980985023,1.0,0.36729222520097393,-0.8980891719739503,0.0,2.161016949150711,0.05369127516774921,223.0,148.0,149.0,118.0,231.0,38.0,8.0,255.0,1.858712715855281,0.5409252669038183,1
-0.3707865168537937,0.5436893203880856,-0.2398190045247784,0.31404958677672973,1.0,0.308641975308515,-0.2454545454544339,0.0,1.8928571428548895,0.605839416057952,125.0,183.0,137.0,84.0,101.0,47.0,83.0,159.0,2.5460869565212962,1.0621468926550672,1
0.33333333333321385,0.9299999999995351,0.06590257879654272,0.5019455252916335,0.767886593754644,0.01846965699207956,-0.436123348017429,7.61647774178327,1.0376344086015927,0.3926380368095751,255.0,93.0,163.0,186.0,202.0,7.0,64.0,193.0,1.1866028708132077,0.1369193154033895,1
0.12582781456950864,-0.9999999999960001,0.40883977900541196,-0.9999999999,1.0,-0.9999999999996079,-0.9814814814805727,0.0,0.0,0.00934579439251463,255.0,198.0,107.0,255.0,0.0,25.0,1.0,0.0,1.748344370860734,3.9999999999919997,1
0.3421052631578047,0.690322580644716,0.44067796610157045,0.8321678321672503,0.3075705372696225,-0.32124352331597894,-0.7837837837830777,1.8883808494900072,0.513725490195877,0.12121212121199877,180.0,125.0,99.0,255.0,104.0,24.0,12.0,131.0,1.459854014598327,0.6784452296817391,1
0.23919308357341812,0.6101694915251652,0.35220125786152445,0.8095238095234241,0.3936581592854583,-0.061728395061713154,-0.674796747966931,2.2984693871021293,0.8837209302321472,0.19417475728136488,146.0,132.0,103.0,215.0,181.0,46.0,20.0,190.0,1.6895999999997295,0.7948164146866534,1
0.37837837837827615,0.6440677966096237,0.30769230769222883,0.5396825396821113,0.2737752161057713,-0.44886363636350884,-0.64634146341424,1.7539682533972716,0.3803921568625959,0.21481481481465572,187.0,115.0,135.0,255.0,70.0,21.0,29.0,97.0,1.3690476190474152,0.8038277511957876,1
-0.13636363636359208,0.4576271186438093,-0.1307189542483233,0.8695652173906743,1.0,-0.015267175572513258,-0.9010989010984061,0.0,0.969924812029346,0.05202312138725317,255.0,175.0,173.0,133.0,59.0,48.0,9.0,129.0,1.8970189701894447,1.352112676055862,1
-0.09538461538458604,0.6341463414630281,-0.07255520504729572,0.8611111111105132,1.0,-0.046263345195713075,-0.8888888888883951,0.0,0.9115646258497201,0.05882352941173011,124.0,178.0,170.0,147.0,64.0,30.0,10.0,134.0,2.271132376395172,0.9302325581391744,1
0.31617647058811904,-0.12068965517230974,0.3716475095784017,0.324675324674903,-0.06745748176867289,-0.5565217391301929,-0.5185185185180384,0.8736109249214525,0.28491620111715926,0.31707317073132063,157.0,93.0,82.0,179.0,86.0,65.0,26.0,51.0,1.425287356321566,1.9475655430704317,1
0.5928571428569311,0.07142857142850766,0.411392405063161,0.48148148148088704,0.07849829350611043,-0.5759717314485597,-0.631578947367867,1.1703703700848056,0.26905829596400493,0.2258064516126604,234.0,57.0,93.0,223.0,12.0,52.0,21.0,60.0,0.798598949211769,2.363636363635021,1
-0.2507204610950286,-0.12162162162153946,-0.32467532467524035,0.16071428571414223,-1.0,-0.3333333333331624,-0.6887417218540766,0.0,0.4999999999996154,0.18431372549012381,254.0,217.0,255.0,130.0,123.0,83.0,47.0,65.0,2.1222493887527967,1.8757062146887358,1
0.30102040816318854,0.41798941798919687,0.38964577656665134,0.6645962732915127,0.26080395553921637,-0.3110539845757555,-0.6115107913664666,1.705642183464717,0.5254901960782253,0.24107142857121333,160.0,137.0,112.0,255.0,142.0,55.0,27.0,134.0,1.590711175616605,1.1398963730566996,1
0.07268170426063342,0.4556962025313572,0.31692307692297944,0.5032679738558803,0.22719693994859688,-0.300911854103252,-0.4899328859057115,1.587981470403903,0.5373831775698423,0.3423423423420339,141.0,185.0,111.0,214.0,72.0,43.0,38.0,115.0,2.0413793103445457,1.2600732600727986,1
0.10904872389788653,0.7321428571425304,0.04595185995622627,0.8130841121491528,0.8930152834269434,-0.10392609699766653,-0.8319327731088942,10.0,0.8117154811712085,0.09174311926601297,158.0,192.0,218.0,239.0,61.0,30.0,20.0,194.0,1.9667093469907853,0.7619047619045201,1
0.24507042253514225,-0.1538461538459566,0.12755102040813074,0.09999999999983333,-0.1210762331313436,-0.7401574803146692,-0.72727272727236,0.7839999993842373,0.14932126696825823,0.15789473684201294,255.0,134.0,171.0,221.0,16.0,45.0,27.0,33.0,1.4408602150535696,2.5899280575520938,1
0.43661971830973617,-0.77999999999922,0.2814070351758087,-0.35294117646955014,1.0,-0.917293233082362,-0.7228915662646248,0.0,0.04313725490194387,0.16083916083904837,174.0,100.0,143.0,255.0,70.0,89.0,23.0,11.0,1.271860095389305,2.749034749033688,1
0.5309734513271988,-0.015384615384603551,0.28148148148137725,0.10344827586197979,-0.4625082945051222,-0.45991561181415197,-0.3020134228185893,0.36751361148450024,0.3699421965315781,0.5360824742262514,255.0,53.0,97.0,173.0,74.0,66.0,52.0,64.0,0.7940074906365554,1.9555555555548314,1
0.12408759124083063,0.4206896551721237,-0.06097560975607897,0.9999999999990291,1.0,-0.19844357976645977,-0.9999999999994253,0.0,0.6688311688307346,0.0,213.0,120.0,174.0,154.0,48.0,42.0,0.0,103.0,1.58154859967025,1.4297872340419449,1
-0.12258064516125078,0.7499999999995066,-0.1880597014924812,0.9999999999992483,1.0,-0.011152416356873179,-0.9999999999994975,0.0,0.9779411764698692,0.0,173.0,174.0,199.0,136.0,92.0,19.0,0.0,133.0,2.118721461186892,0.5779467680606167,1
