NDPI_Pre,NDPI_Post,NDBI_Pre,NDBI_Post,NORMALIZED_NDBI,NORMALIZED_VV,NORMALIZED_VH,RBR_NDBI,RBR_VV,RBR_VH,HH_Pre,HV_Pre,VH_Pre,VV_Pre,HH_Post,HV_Post,VH_Post,VV_Post,IRV_Pre,IRV_Post,Burn_Classification
-0.4752186588919898,-0.5457875457873459,-0.4610778443112392,-0.45614035087699295,-0.005383117627503346,-0.1842105263156683,-0.19024390243897799,0.9892914105584649,0.6888888888881235,0.6803278688521802,72.0,253.0,244.0,90.0,197.0,211.0,166.0,62.0,3.0299401197600253,2.4787077826721764,0
-0.24087591240870052,-0.9999999999995328,-0.24087591240870052,-0.9999999999995284,0.6117647059315825,-0.9999999999993591,-0.09207708779441283,4.151515153237711,0.0,0.8313725490192818,170.0,255.0,255.0,156.0,143.0,214.0,212.0,0.0,2.4401913875595165,2.9982486865143607,0
-0.46296296296274864,-0.9999999999995349,-0.4020618556698959,-0.9999999999994253,0.4264705882656873,-0.9999999999982758,0.12258064516125078,2.487179487797946,0.0,1.2794117647049417,118.0,158.0,136.0,58.0,227.0,215.0,174.0,0.0,2.5691056910563885,2.6179604261792058,0
0.013698630136980047,-0.8631578947363878,0.09359605911325439,-0.8767772511844186,1.0,-0.7903225806445239,0.36551724137918434,0.0,0.1171171171170116,2.152173913041139,40.0,108.0,92.0,111.0,149.0,177.0,198.0,13.0,2.3542234332418652,2.744186046511096,0
-0.2368421052630021,-0.03004291845492273,0.34883720930191997,-0.259016393442538,-1.0,0.3216374269003967,0.7454545454542066,0.0,1.9482758620656064,6.857142857118368,137.0,94.0,28.0,58.0,71.0,120.0,192.0,113.0,1.9634464751953098,2.2641509433956926,0
-0.6814159292029368,-0.06878306878305059,-0.6571428571422313,0.2893772893771834,-1.0,0.8144329896903019,0.05434782608692699,0.0,9.777777777723458,1.1149425287343506,62.0,95.0,87.0,18.0,35.0,202.0,97.0,176.0,2.8148148148137726,2.627642276422337,0
-0.23999999999976,-0.23841059602641113,-0.17391304347807182,0.09004739336488624,-1.0,0.5032679738558803,0.27999999999981334,0.0,3.02631578946572,1.7777777777744856,35.0,62.0,54.0,38.0,45.0,187.0,96.0,115.0,2.517766497460651,2.8014981273402992,0
-0.5735294117642842,-0.3043478260868242,-0.49565217391261246,-0.10112359550556117,-0.6611001965743463,0.4678899082564515,0.06521739130431238,0.2040212892192262,2.75862068964566,1.139534883719605,52.0,107.0,86.0,29.0,96.0,150.0,98.0,80.0,2.9016949152532536,2.521008403360815,0
-0.6265060240960082,-0.19844357976645977,-0.6945812807878352,-0.12711864406774276,-0.6905959458240054,0.53731343283542,-0.12786885245897447,0.18301478545730276,3.3225806451505724,0.7732558139530389,95.0,135.0,172.0,31.0,51.0,154.0,133.0,103.0,2.7272727272720387,2.6666666666660896,0
0.45222929936276934,-0.48255813953474347,0.22580645161278184,-0.29083665338633835,1.0,-0.12315270935954525,0.38461538461522027,0.0,0.7807017543852801,2.249999999996875,138.0,43.0,72.0,114.0,13.0,255.0,162.0,89.0,1.0177514792896398,3.3333333333327886,0
-0.0746268656715861,-0.7670682730920615,-0.09489051094883585,-0.7819548872177512,0.7835638731569646,-0.3626373626369641,0.5192307692306029,8.240601512446641,0.46774193548311654,3.1599999999957866,82.0,72.0,75.0,62.0,79.0,220.0,237.0,29.0,1.9999999999993057,3.211678832116202,0
0.06306306306303466,-0.29186602870799433,0.09767441860460574,-0.4079999999998368,1.0,-0.22916666666654734,0.2893772893771834,0.0,0.6271186440672651,1.8144329896888511,81.0,104.0,97.0,118.0,70.0,135.0,176.0,74.0,2.044226044225542,2.608695652173283,0
-0.13207547169803016,0.13364055299533012,-0.11538461538454142,-0.2360248447204236,0.34330387501286297,0.28124999999985356,0.3916083916082547,2.045548656017791,1.7826086956495903,2.287356321836451,71.0,90.0,87.0,69.0,52.0,94.0,199.0,123.0,2.249999999999297,2.0716253443520465,0
0.03225806451611169,-0.5225806451609533,-0.030303030303015,-0.663636363636062,0.9126637555900389,-0.4436090225560575,0.28421052631568977,10.0,0.3854166666662652,1.7941176470570646,73.0,90.0,102.0,96.0,36.0,118.0,183.0,37.0,2.0630372492830764,3.055016181228785,0
-0.20999999999989502,-0.3734939759033895,-0.1813471502589734,-0.251798561150898,0.16265060244709156,-0.20610687022885033,-0.13432835820888842,1.3884892093984667,0.6582278481004326,0.7631578947361727,17.0,121.0,114.0,79.0,88.0,114.0,87.0,52.0,2.8639053254429396,2.478260869564544,0
-0.08154506437764741,-0.18461538461531363,-0.16731517509721117,-0.36526946107773495,0.3716860618425113,-0.00469483568074897,0.20634920634915177,2.183122129142341,0.9906542056065508,1.5199999999989868,93.0,126.0,150.0,107.0,63.0,154.0,228.0,106.0,2.2300884955747278,2.5828092243181167,0
-0.36781609195381165,-0.07692307692305227,-0.39226519336994903,0.0706319702601968,-1.0,0.4472361809042979,-0.003984063745018333,0.0,2.618181818177058,0.9920634920627047,49.0,119.0,126.0,55.0,147.0,168.0,125.0,144.0,2.783625730993338,2.1435406698561175,0
0.15957446808502151,-0.32467532467524035,0.14736842105255402,-0.32467532467524035,1.0,0.08786610878657412,0.5178571428569888,0.0,1.1926605504576213,3.1481481481442617,42.0,79.0,81.0,109.0,40.0,255.0,255.0,130.0,2.045307443365034,2.9999999999995586,0
-0.1741935483870406,-0.35907335907322047,-0.20496894409931524,-0.4334470989759613,0.35788285302456624,-0.2132701421799937,0.0396039603960298,2.114696453612062,0.6484374999994935,1.0824742268035659,64.0,182.0,194.0,128.0,121.0,176.0,210.0,83.0,2.618705035970752,2.5323741007189686,0
-0.27272727272716,-0.7910447761190095,-0.28455284552833965,-0.7980769230765394,0.4743302765980478,-0.6146788990820049,0.0840579710144684,2.8046703306557625,0.23863636363609245,1.1835443037967193,83.0,154.0,158.0,88.0,144.0,180.0,187.0,21.0,2.5720250521915298,2.74285714285662,0
-0.22580645161275756,-0.554817275747324,0.07142857142850766,-0.5379310344825732,1.0,0.05511811023617707,0.6218181818179558,0.0,1.1166666666648055,4.288461538453292,83.0,95.0,52.0,60.0,255.0,234.0,223.0,67.0,2.282282282281597,2.369620253164257,0
0.27804878048766923,-0.26872246696023405,0.22429906542045594,-0.33599999999986563,1.0,-0.22429906542045594,0.33599999999986563,0.0,0.6335877862590584,2.01204819276866,108.0,74.0,83.0,131.0,204.0,144.0,167.0,83.0,1.5297157622735065,2.0034782608692168,0
-0.39130434782584395,-0.8181818181812461,-0.2096774193546696,-0.8266666666661157,0.595351732782124,-0.580645161289386,0.2924528301885413,3.9425641044449544,0.26530612244843815,1.826666666664231,37.0,112.0,75.0,49.0,91.0,130.0,137.0,13.0,2.890322580644229,2.8571428571420725,0
-0.454545454545225,-0.5038167938929375,-0.42857142857120184,-0.5357142857140944,0.11111111112271864,0.09243697478983828,0.22857142857136328,1.2500000002918816,1.2037037037014746,1.592592592591413,56.0,144.0,135.0,54.0,61.0,197.0,215.0,65.0,2.894472361808318,3.0307692307686476,0
-0.6723163841804112,-0.3975903614456235,-0.6374999999996016,-0.4525547445253823,-0.1696660249589391,0.442307692307267,0.20606060606054363,0.7098897954457319,2.5862068965428064,1.5190839694644893,27.0,148.0,131.0,29.0,75.0,174.0,199.0,75.0,3.363636363635408,2.795180722891005,0
-0.06593406593402971,-0.3958333333331272,-0.08108108108103726,-0.4170854271354688,0.6744820066784784,-0.1888111888110568,0.17012448132773025,5.144053607684561,0.6823529411756678,1.40999999999859,24.0,97.0,100.0,85.0,78.0,134.0,141.0,58.0,2.561056105609716,2.653465346533997,0
-0.33603238866383156,0.23880597014916463,-0.38576779026202784,0.05396825396823684,-1.0,0.33870967741921826,-0.10778443113769229,0.0,2.0243902438999704,0.8054054054049701,95.0,165.0,185.0,82.0,153.0,102.0,149.0,166.0,2.6035502958574748,1.5602294455063936,0
0.17596566523597598,-0.3358208955222628,0.16595744680844002,-0.48255813953474347,1.0,-0.2123893805308795,0.44475920679874087,0.0,0.6496350364958763,2.6020408163238753,169.0,96.0,98.0,137.0,144.0,179.0,255.0,89.0,1.5421686746984855,2.423011844331231,0
-0.5396825396821113,-0.22222222222209878,-0.4912280701750077,-0.5454545454543683,0.05230769231301347,0.4141414141409958,0.47368421052616916,1.1103896106162674,2.4137931034399527,2.799999999996706,69.0,97.0,85.0,29.0,113.0,110.0,238.0,70.0,2.6575342465744325,2.1836228287835775,0
0.390070921985539,0.042553191489346616,0.5076923076919172,0.0388692579505163,-0.8577680523594174,0.19999999999991838,0.6190476190472506,0.07656065958448056,1.4999999999984694,4.249999999986718,36.0,43.0,32.0,98.0,72.0,135.0,136.0,147.0,1.563636363635653,2.208588957054763,0
-0.15879828326173442,0.0,-0.06666666666663493,0.11111111111105967,1.0,0.10091743119261426,-0.07692307692303994,0.0,1.224489795917118,0.8571428571420918,56.0,135.0,112.0,98.0,85.0,120.0,96.0,120.0,2.547169811320154,2.1573033707860323,0
0.3047619047617596,-0.15999999999984,0.33658536585349436,-0.4362416107379623,1.0,-0.5307262569829437,0.22285714285701552,0.0,0.3065693430654697,1.573529411762392,6.0,73.0,68.0,137.0,56.0,58.0,107.0,42.0,2.0207612456740414,2.1682242990644074,0
-0.22065727699520157,-0.20714285714278316,-0.2132701421799937,-0.18081180811801448,-0.08236442710880415,0.1443298969071421,0.11111111111107254,0.8478064784623968,1.33734939758875,1.2499999999990237,29.0,130.0,128.0,83.0,77.0,169.0,160.0,111.0,2.7956989247304316,2.570342205322705,0
-0.09999999999992858,-0.6907216494841801,-0.2674418604649608,-0.6774193548383455,0.4339023422452255,-0.3548387096770378,0.1773584905659708,2.532959327735436,0.4761904761897203,1.4311926605491456,69.0,77.0,109.0,63.0,28.0,164.0,156.0,30.0,2.153846153845401,3.3989637305690676,0
0.038674033149149904,-0.16967509025264632,-0.07843137254898117,-0.21232876712321497,0.46050808329931653,0.10047846889947346,0.23344947735183505,2.707191784273987,1.2234042553178475,1.6090909090894463,49.0,87.0,110.0,94.0,75.0,162.0,177.0,115.0,2.1955835962138184,2.521400778209626,0
-0.12328767123279227,-0.783018867924159,-0.16339869281035074,-0.8345323741004192,0.6725250907709546,-0.47126436781555026,0.48255813953474347,5.107338132623594,0.35937499999943845,2.865168539322623,57.0,82.0,89.0,64.0,73.0,189.0,255.0,23.0,2.3017543859641045,3.1898734177208463,0
0.0,-0.17535545023688373,0.07432432432429922,-0.27499999999988545,1.0,-0.2926829268291493,0.05517241379308443,0.0,0.5471698113204106,1.1167883211670682,57.0,159.0,137.0,159.0,105.0,124.0,153.0,87.0,2.382022471909666,2.2545454545449424,0
-0.14782608695645746,-0.7517241379305161,-0.0967741935483425,-0.7942857142852605,0.7827885809732229,-0.6896551724131985,0.13768115942023998,8.207619056099347,0.18367346938756768,1.3193277310913283,53.0,132.0,119.0,98.0,121.0,127.0,157.0,18.0,2.544578313252399,2.5852417302792405,0
-0.08771929824556274,-0.5057034220530396,0.061224489795876726,-0.5819935691316457,1.0,-0.09090909090902734,0.5619047619045835,0.0,0.8333333333322649,3.5652173912991807,53.0,93.0,69.0,78.0,139.0,198.0,246.0,65.0,2.3470031545733923,2.6399999999995596,0
0.8924731182786102,-0.6858638743451907,0.22222222222206792,-0.6531791907510676,1.0,-0.491525423728397,0.43718592964802155,0.0,0.3409090909087035,2.5535714285668685,110.0,5.0,56.0,88.0,161.0,161.0,143.0,30.0,0.19230769230759986,2.5107212475628633,0
-0.11450381679380574,0.09523809523806284,-0.1407407407406365,0.17948717948711376,1.0,0.4703196347029816,0.18518518518508723,0.0,2.7758620689607314,1.4545454545435654,47.0,73.0,77.0,58.0,93.0,133.0,112.0,161.0,2.326693227090707,2.0461538461534525,0
-0.2090395480224808,-0.4047619047617442,-0.2553191489360344,-0.4505494505492855,0.2765816495920917,0.034482758620665875,0.25316455696194523,1.7646520153434624,1.0714285714270408,1.6779661016934933,109.0,107.0,118.0,70.0,104.0,177.0,198.0,75.0,2.1781170483455017,2.656660412757475,0
-0.5294117647056429,-0.27358490566024835,-0.4057142857140539,-0.4499999999998393,0.051752921542047955,0.1937984496122529,0.2453987730060597,1.1091549298510859,1.4807692307663831,1.6504065040636988,6.0,169.0,123.0,52.0,129.0,135.0,203.0,77.0,3.414141414140552,2.2689075630247335,0
-0.39080459770092485,-0.01626016260161941,-0.3496932515335278,-0.08679245283015594,-0.6023125067678091,0.39080459770092485,0.13385826771648274,0.24819596167315247,2.283018867920221,1.309090909089719,0.0,121.0,110.0,53.0,19.0,125.0,144.0,121.0,3.2813559322022776,2.5641025641019066,0
-0.19587628865969287,-0.18333333333325696,-0.19587628865969287,-0.10502283105018036,-0.3019399250064519,0.11363636363629907,0.02109704641349321,0.536169190372294,1.2564102564086457,1.0431034482749628,87.0,116.0,116.0,78.0,52.0,142.0,121.0,98.0,2.337531486145507,2.6175115207367243,0
-0.14285714285704568,0.06106870229005303,-0.18709677419342768,-0.04137931034481332,-0.637779941856466,0.37623762376219,0.2427983539093651,0.22116527954752635,2.206349206345704,1.6413043478243028,117.0,84.0,92.0,63.0,134.0,123.0,151.0,139.0,1.9310344827580659,1.895953757225068,0
-0.09803921568621043,0.1312217194569542,0.014705882352930365,0.09649122807013312,0.7354988392458236,0.2886597938142842,0.2117647058822284,6.561403464156332,1.811594202895925,1.5373134328335263,56.0,84.0,67.0,69.0,146.0,96.0,103.0,125.0,2.293515358360992,1.6587473002156246,0
-0.13846153846143197,-0.10097719869703552,-0.11811023622037944,0.06153846153843787,-1.0,0.4226804123709162,0.26424870466307554,0.0,2.4642857142813135,1.7183098591525094,15.0,74.0,71.0,56.0,69.0,169.0,122.0,138.0,2.703196347030729,2.480733944953673,0
-0.5764705882346159,0.0,-0.38983050847391554,0.04150943396224849,-1.0,0.7692307692302762,0.5119047619044572,0.0,7.666666666624075,3.097560975602201,85.0,67.0,41.0,18.0,29.0,138.0,127.0,138.0,2.261603375526472,2.4920993227985346,0
-0.24999999999985797,-0.13157894736836334,-0.2542372881354496,0.12499999999992899,-1.0,0.1999999999998788,-0.18085106382969104,0.0,1.4999999999977272,0.6936936936930688,28.0,110.0,111.0,66.0,43.0,129.0,77.0,99.0,2.8025477706997446,2.5799999999993553,0
-0.1842105263156683,-0.3215547703179076,-0.16778523489921626,-0.3663366336632454,0.37173426232403634,0.21518987341758533,0.4081632653059836,2.1833663379356945,1.5483870967716962,2.379310344824851,37.0,90.0,87.0,62.0,55.0,187.0,207.0,96.0,2.580645161289398,2.8495238095232667,0
-0.05333333333329778,-0.35905044510375106,0.0,-0.18181818181811296,1.0,0.20670391061440968,0.3744493392068835,0.0,1.5211267605612377,2.1971830985884546,16.0,79.0,71.0,71.0,110.0,229.0,156.0,108.0,2.5795918367336412,2.710059171597232,0
-0.07382550335565516,-0.19083969465641573,-0.13207547169803016,-0.2177121771216909,0.24482484083444578,0.21142857142845062,0.2941176470587082,1.6483921994561932,1.5362318840557445,1.8333333333312962,38.0,80.0,90.0,69.0,160.0,156.0,165.0,106.0,2.3970037453174546,2.1591695501726367,0
-0.10822510822506139,-0.27840909090901184,0.02487562189053489,-0.14478114478109605,1.0,0.10434782608691116,0.2686567164178102,0.0,1.233009708736667,1.7346938775492502,94.0,128.0,98.0,103.0,235.0,225.0,170.0,127.0,2.260485651213629,2.2167487684726335,0
-0.08074534161488175,-0.7837837837832543,0.1003717472118586,-0.7793103448270489,1.0,-0.8048780487799971,0.0319999999999872,0.0,0.10810810810803508,1.0661157024784578,87.0,174.0,121.0,148.0,149.0,132.0,129.0,16.0,2.3876500857628837,2.461538461537888,0
0.0274509803921461,-0.6538461538455251,0.23584905660366234,-0.6974789915960525,1.0,-0.7583892617444575,0.10989010989004952,0.0,0.13740458015256687,1.2469135802453741,118.0,124.0,81.0,131.0,70.0,86.0,101.0,18.0,1.9959758551303832,2.6461538461528287,0
-0.09999999999992858,-0.31162790697659926,-0.038167938931268575,-0.4307692307690651,0.837215126649916,0.0802919708028611,0.46456692913367537,10.0,1.1746031746013101,2.7352941176430363,48.0,77.0,68.0,63.0,62.0,141.0,186.0,74.0,2.3245283018859153,2.69856459330079,0
0.044776119402918244,-0.26415094339610184,-0.32038834951425205,-0.35269709543553834,0.048000957632498654,0.3805309734509907,0.41125541125523324,1.1008424497343756,2.2285714285650613,2.3970588235258865,141.0,32.0,68.0,35.0,53.0,134.0,163.0,78.0,1.0666666666662223,2.6867167919792765,0
0.19587628865959186,-0.13725490196071705,0.08411214953263167,-0.12437810945267444,1.0,0.2054794520546538,0.3950617283948179,0.0,1.5172413793077288,2.3061224489748855,68.0,39.0,49.0,58.0,83.0,116.0,113.0,88.0,1.5294117647051326,2.302729528535409,0
-0.333333333333145,-0.5348837209299216,-0.4326923076920997,-0.6279069767438941,0.1840607210799806,-0.19191919191899806,0.08024691358022215,1.451162791033077,0.6779661016937661,1.174496644294514,51.0,118.0,149.0,59.0,73.0,132.0,175.0,40.0,2.728323699421177,2.801061007956817,0
-0.6727272727260496,-0.43820224719084716,-0.5384615384601578,-0.32432432432417824,-0.24819277111211202,0.7857142857133503,0.6610169491521689,0.6023166024297343,8.333333333240741,4.899999999983667,73.0,46.0,30.0,9.0,113.0,192.0,147.0,75.0,2.114942528734417,2.6853146853142156,0
0.3478260869562697,-0.1162790697673968,0.28275862068946017,0.013333333333327408,-0.9099378878914206,0.10144927536226983,0.36196319018382705,0.04715447152805043,1.2258064516115852,2.1346153846112794,57.0,45.0,52.0,93.0,32.0,144.0,111.0,114.0,1.4999999999993752,2.6543778801837203,0
0.38202247190989774,-0.44939271255042534,0.2746113989635883,-0.2486187845302494,-1.0,-0.28795811518309533,0.23497267759550003,0.0,0.552845528454835,1.6142857142834082,57.0,55.0,70.0,123.0,41.0,179.0,113.0,68.0,1.5172413793098216,3.0663811563162597,0
0.47126436781555026,-0.15669515669511205,0.17431192660534467,0.1384615384614852,-0.1146209385912493,0.39622641509415274,0.42675159235641613,0.7943319833503955,2.3124999999963864,2.488888888883358,27.0,23.0,45.0,64.0,99.0,203.0,112.0,148.0,1.3430656934296767,2.4869831546703693,0
0.014925373134320933,-0.284634760705218,0.19999999999988236,0.15447154471538438,-0.12844036693615332,0.16393442622944102,0.20930232558127368,0.7723577231911973,1.392156862743733,1.5294117647036332,52.0,99.0,68.0,102.0,167.0,255.0,104.0,142.0,2.249999999999361,2.4908424908421867,0
0.3582089552236133,-0.2681564245809307,0.5826086956516673,-0.1118644067796231,-1.0,0.18018018018009901,0.7446808510634337,0.0,1.4395604395588577,6.833333333304862,27.0,43.0,24.0,91.0,118.0,227.0,164.0,131.0,1.6862745098030951,2.583214793740742,0
-0.2056737588651024,-0.09417040358740172,-0.2727272727270956,0.02020202020201,-1.0,0.2866242038214735,-0.005128205128202498,0.0,1.8035714285682078,0.989795918366337,100.0,85.0,98.0,56.0,67.0,122.0,97.0,101.0,2.0858895705515073,2.3689320388343766,0
-0.20769230769222782,-0.5842696629210201,-0.1921568627450227,-0.5163398692807083,0.4575645757102356,-0.47142857142823474,-0.1343283582089051,2.687074831329646,0.359223300970525,0.7631578947363401,46.0,157.0,152.0,103.0,42.0,141.0,116.0,37.0,2.7127429805609693,3.1246537396113228,0
-0.2510638297871272,-0.44755244755229107,-0.21428571428561863,-0.4357142857141301,0.34065934071178927,-0.05389221556883001,0.19287833827887452,2.033333334282404,0.8977272727262525,1.4779411764695016,44.0,147.0,136.0,88.0,78.0,207.0,201.0,79.0,2.760563380281042,2.900175131348003,0
0.11111111111104253,-0.4102564102562788,0.05882352941173011,-0.42138364779860965,1.0,0.010989010989004951,0.47712418300638004,0.0,1.0222222222210864,2.824999999996469,41.0,72.0,80.0,90.0,134.0,220.0,226.0,92.0,2.094545454544693,2.6426426426422456,0
-0.12592592592587928,-0.08539944903578915,-0.1355311355310859,-0.026392961876825105,-0.6740082265008787,0.16901408450698274,0.06060606060604224,0.19473725939708703,1.406779661015757,1.1290322580637877,59.0,152.0,155.0,118.0,125.0,197.0,175.0,166.0,2.5280665280660024,2.300729927006963,0
-0.381818181818043,-0.2188365650968923,-0.3410852713176973,-0.2166666666666065,-0.22307157752430673,0.2477876106193594,0.11734693877548028,0.6352272729135796,1.658823529409813,1.2658959537564938,124.0,190.0,173.0,85.0,194.0,220.0,219.0,141.0,2.580645161289884,2.270967741935191,0
-0.40310077519364224,0.041666666666652204,-0.35021097046398725,0.07913669064745354,-1.0,0.3215859030835588,-0.11111111111107254,0.0,1.948051948049418,0.7999999999995001,133.0,181.0,160.0,77.0,121.0,138.0,128.0,150.0,2.531468531468089,2.0182815356486254,0
-0.999999999999,-0.999999999999,-0.9999999999986486,-0.9999999999988636,1.0746958878922231e-13,0.0,0.08641975308636642,1.000000000100215,0.0,1.189189189187582,101.0,100.0,74.0,0.0,216.0,100.0,88.0,0.0,2.657807308969217,1.9230769230764608,0
-0.45323741007161644,-0.524324324324041,-0.4794520547941922,-0.4698795180720061,-0.010083449236069578,0.07317073170722783,0.06086956521736484,0.9800344236124054,1.1578947368390582,1.1296296296285837,91.0,101.0,108.0,38.0,82.0,141.0,122.0,44.0,2.441087613292314,2.7647058823522634,0
-0.5182481751821035,-0.17575757575746925,-0.5714285714282005,-0.13924050632902582,-0.6081424937242449,0.34653465346500345,-0.14691943127955123,0.24367088611859578,2.060606060599816,0.7438016528919472,123.0,104.0,121.0,33.0,49.0,97.0,90.0,68.0,2.2857142857136576,2.495176848873796,0
-0.23287671232860763,-0.9999999999988763,-0.15789473684198657,-0.9999999999988763,0.7272727273354495,-0.9999999999982142,0.07228915662646249,6.333333337342089,0.0,1.1558441558426547,77.0,90.0,77.0,56.0,148.0,89.0,89.0,0.0,2.3003194888171565,2.1840490797539314,0
-0.006711409395968651,-0.5220125786160239,0.09629629629622498,-0.4452554744522298,1.0,-0.32142857142828446,0.23749999999985158,0.0,0.5135135135128196,1.6229508196694706,53.0,75.0,61.0,74.0,213.0,121.0,99.0,38.0,2.1660649819486766,1.9634888438129892,0
-0.08641975308631306,0.014388489208627918,-0.08641975308631306,-0.1778425655976158,0.3459547808450305,0.5842696629210201,0.6422764227639666,2.0578925471562277,3.810810810800511,4.5909090908986565,122.0,44.0,44.0,37.0,137.0,137.0,202.0,141.0,1.4251012145743218,1.9855072463764518,0
0.21285140562240448,-0.35371179039285866,0.2226720647772378,-0.35087719298230224,1.0,-0.34222222222207016,0.23199999999990722,0.0,0.4900662251652384,1.6041666666649956,106.0,98.0,96.0,151.0,128.0,155.0,154.0,74.0,1.7306843267104348,2.4218749999995266,0
0.5358649789027276,-0.31858407079631923,0.2771929824560431,-0.3662551440327711,1.0,-0.4054054054052489,0.23420074349433673,0.0,0.42307692307669065,1.6116504854353284,92.0,55.0,103.0,182.0,91.0,149.0,166.0,77.0,1.145833333333035,2.5579399141625414,0
-0.3230769230767574,-0.5591836734691595,-0.3265306122447314,-0.6197183098589367,0.30984204134508786,-0.09999999999991667,0.27777777777770063,1.89788732452519,0.8181818181805784,1.7692307692294085,56.0,129.0,130.0,66.0,113.0,191.0,230.0,54.0,2.715789473683496,2.7832422586515877,0
-0.03546099290778885,-0.6761133603236129,0.14767932489445246,-0.7288135593217868,1.0,-0.5454545454542356,0.43258426966279984,0.0,0.29411764705860727,2.524752475245025,80.0,146.0,101.0,136.0,138.0,207.0,255.0,40.0,2.2992125984247442,2.7972972972968244,0
0.30656934306558153,0.04845814977971434,0.31617647058811904,-0.25624999999991993,-1.0,-0.2013422818791271,0.36734693877538527,0.0,0.6648044692733717,2.161290322578321,79.0,95.0,93.0,179.0,63.0,108.0,201.0,119.0,1.6964285714281928,2.1708542713562387,0
-0.5804195804191746,-0.25842696629203804,-0.5890410958900075,-0.014925373134320933,-0.9505754910172307,0.534883720929818,-0.06422018348620907,0.025338424162584763,3.299999999989,0.8793103448268281,115.0,113.0,116.0,30.0,153.0,168.0,102.0,99.0,2.4366576819400443,2.285714285713897,0
-0.2622950819671056,-0.9999999999994152,-0.15887850467282297,-0.9999999999992308,0.7258064516754619,-0.9999999999988889,0.02362204724408519,6.294117651018515,0.0,1.048387096773348,52.0,154.0,124.0,90.0,47.0,171.0,130.0,0.0,2.7377777777771692,3.5167095115672193,0
-0.34234234234218813,-0.8784530386735478,-0.27722772277214003,-0.899082568806927,0.528648648693603,-0.7380952380943594,0.23214285714278807,3.2431192672250027,0.1506849315066429,1.604651162789454,31.0,149.0,129.0,73.0,76.0,170.0,207.0,11.0,2.9651741293524965,3.185011709601128,0
0.36274509803903787,-0.17180616740080537,0.3429951690819599,-0.358361774743905,1.0,-0.19313304721021754,0.4906367041196665,0.0,0.6762589928052689,2.9264705882309903,38.0,65.0,68.0,139.0,121.0,133.0,199.0,94.0,1.693811074918015,2.212058212057752,0
0.16625310173693145,-0.14935064935060086,0.2144702842376707,-0.2084592145014476,-1.0,-0.28415300546440325,0.13636363636359763,0.0,0.5574468085104011,1.315789473683345,80.0,168.0,152.0,235.0,176.0,177.0,200.0,131.0,2.064516129031941,2.1422087745836396,0
-0.24299065420549396,-0.4641509433960513,-0.22115384615373984,-0.5069444444442684,0.39251650775756136,-0.06578947368416725,0.26162790697666816,2.2922705324377772,0.8765432098754611,1.7086614173214891,69.0,133.0,127.0,81.0,226.0,194.0,217.0,71.0,2.557692307691693,2.2656934306566034,0
-0.9178082191776632,-0.04615384615382841,-0.8799999999994134,0.008130081300809704,-1.0,0.8646616541346883,-0.07224334600757709,0.0,10.0,0.865248226949741,42.0,210.0,141.0,9.0,108.0,136.0,122.0,124.0,3.5668789808909627,2.1587301587297305,0
-0.3705583756343297,-0.4666666666663839,-0.36082474226785527,-0.4322580645158502,0.09007044617029973,-0.16981132075455677,-0.0864197530863842,1.1979723505622688,0.709677419353694,0.8409090909084539,88.0,135.0,132.0,62.0,220.0,121.0,111.0,44.0,2.571428571427959,1.9130434782604915,0
-0.48792270531377396,-0.9318181818176524,-0.5203619909499908,-0.9148936170206278,0.27488596728493125,-0.7966101694901753,-0.10891089108907297,1.7581868643522274,0.11320754716959772,0.8035714285709503,61.0,154.0,168.0,53.0,49.0,170.0,135.0,6.0,2.9194312796201616,3.4430379746826727,0
-0.9999999999990741,-0.4823529411761869,-0.999999999998969,-0.3282442748089098,-0.5057471264747583,0.9999999999977273,-0.05434782608692699,0.32824427484207264,10.0,0.8969072164939207,7.0,108.0,97.0,0.0,30.0,126.0,87.0,44.0,3.874439461881671,3.0920245398763524,0
-0.6296296296292411,-0.22794117647050444,-0.6178343949040651,-0.023255813953477558,-0.9274491683516796,0.5555555555551441,-0.07172995780587692,0.03764085351844602,3.4999999999883333,0.8661417322827826,18.0,132.0,127.0,30.0,128.0,167.0,110.0,105.0,3.3846153846143,2.356261022927274,0
-0.225806451612539,0.0809248554913061,-0.35135135135087653,0.18354430379741027,-1.0,0.7725118483408662,0.4413407821226585,0.0,7.791666666634202,2.5799999999948398,39.0,38.0,50.0,24.0,170.0,159.0,129.0,187.0,2.187050359710657,1.884444444444165,0
-0.23076923076913217,0.03971119133572574,-0.14285714285707485,-0.05263157894735111,-0.46153846177449837,0.23076923076913217,0.14285714285709183,0.3684210528895279,1.5999999999982222,1.3333333333322221,100.0,144.0,120.0,90.0,238.0,133.0,160.0,144.0,2.41004184100368,1.6419753086417217,0
-0.22164948453602534,-0.28723404255303875,-0.13960113960109982,-0.4745098039213826,0.5453553106443826,-0.38532110091725447,-0.03092783505153842,3.399039618280797,0.44370860927122935,0.9399999999995301,145.0,237.0,200.0,151.0,122.0,121.0,188.0,67.0,2.4623376623373425,2.245939675173493,0
-0.1363636363635589,-0.33999999999983,-0.0318471337579415,-0.2747252747251238,0.7922374431808084,-0.07042253521121802,0.17766497461919917,8.626373653461195,0.8684210526304362,1.4320987654303308,78.0,100.0,81.0,76.0,177.0,134.0,116.0,66.0,2.2598870056490794,2.0978473581209203,0
-0.05579399141628507,-0.31288343558263015,-0.1164658634537685,-0.5465587044532201,0.6486831135413594,-0.32530120481908115,0.15757575757570982,4.6928661215778895,0.5090909090904463,1.374100719423472,81.0,123.0,139.0,110.0,148.0,107.0,191.0,56.0,2.251716247139073,2.0478468899516633,0
-0.15094339622636763,-0.3427230046946748,-0.14826498422708256,-0.3886462882094373,0.44771141223440536,-0.31707317073155267,-0.06744868035188638,2.621295179692033,0.5185185185181345,0.8736263736258937,90.0,183.0,182.0,135.0,131.0,143.0,159.0,70.0,2.477157360405672,2.349075975358861,0
-0.08487084870845577,0.054263565891451836,-0.0814814814814513,0.17241379310337396,1.0,0.04615384615382841,-0.20661157024784851,0.0,1.0967741935475026,0.6575342465748921,76.0,147.0,146.0,124.0,78.0,122.0,96.0,136.0,2.380566801618951,2.1310043668117618,0
-0.9999999999986301,0.06707317073168687,-0.9999999999981132,-0.04371584699452358,-0.9162303665798026,0.9999999999994287,0.5655737704915715,0.043715846998977646,10.0,3.603773584898861,93.0,73.0,53.0,0.0,131.0,153.0,191.0,175.0,2.4435146443504423,1.9999999999996732,0
-0.6226415094335707,-0.2812499999999268,-0.5714285714281633,-0.07999999999997334,-0.7543859650280036,0.6428571428567602,0.191176470588165,0.14000000002455334,4.599999999984667,1.472727272725934,36.0,129.0,110.0,30.0,31.0,246.0,162.0,138.0,3.1851851851842023,2.9773071104382787,0
-0.016759776536303488,-0.24390243902424155,-0.03296703296701486,-0.4178403755866583,0.8537422753095564,-0.1733333333332178,0.23265306122439486,10.0,0.7045454545446539,1.6063829787216952,40.0,91.0,94.0,88.0,41.0,102.0,151.0,62.0,2.348387096773436,2.657980456025193,0
0.2512315270934723,-0.45054945054920303,0.16513761467882335,-0.3055555555553434,1.0,-0.43502824858732486,0.016216216216207453,0.0,0.3937007874012648,1.0329670329658978,89.0,76.0,91.0,127.0,72.0,132.0,94.0,50.0,1.6521739130430293,2.7357512953360787,0
0.5023474178401398,0.13178294573638302,0.5165876777248737,-0.05806451612901353,-1.0,-0.045751633986913155,0.5255813953485928,0.0,0.9124999999994298,3.2156862745034984,39.0,53.0,51.0,160.0,105.0,112.0,164.0,146.0,1.3901639344257737,1.8863157894732872,0
-0.3374233128832286,-0.6281407035172724,-0.31210191082782673,-0.6725663716811183,0.3660770508129216,-0.1868131868129815,0.2945205479451046,2.1549575589354215,0.6851851851839164,1.834951456308898,62.0,109.0,103.0,54.0,152.0,162.0,189.0,37.0,2.610778443112991,2.5263157894731916,0
-0.5714285714283314,-0.2639999999997888,-0.4426229508194303,-0.5911111111108485,0.14364251481518592,-0.05154639175252418,0.15112540192921187,1.3354732513306609,0.9019607843119569,1.3560606060595788,56.0,187.0,132.0,51.0,101.0,79.0,179.0,46.0,3.1101871101864638,2.072131147540304,0
-0.38679245283000624,-0.22171945701347434,-0.40909090909072315,-0.04444444444441976,-0.8040089088632626,0.13907284768202713,-0.2449799196786165,0.10864197533518793,1.3230769230748876,0.6064516129028346,83.0,147.0,155.0,65.0,154.0,135.0,94.0,86.0,2.660633484162294,2.117647058823114,0
-0.34939759036123536,-0.681592039800656,-0.24999999999982642,-0.6521739130431239,0.4457831325795931,-0.2558139534880746,0.25619834710733214,2.608695653217785,0.5925925925914952,1.6888888888870124,79.0,112.0,90.0,54.0,99.0,169.0,152.0,32.0,2.5098039215679244,2.8827292110868052,0
-0.9999999999992,-0.9065420560739191,-0.9999999999992063,-0.92063492063419,-0.04132231405173826,0.99999999998,-0.02024291497974889,0.9206349207269842,10.0,0.9603174603166982,4.0,125.0,126.0,0.0,38.0,102.0,121.0,5.0,3.9370078740141983,3.3036437246950188,0
-0.17587939698483626,-0.12056737588648207,-0.17587939698483626,-0.2249999999999297,0.12253212162263684,0.2038834951455321,0.25239616613410465,1.2792857150133226,1.5121951219493754,1.6752136752122433,75.0,117.0,117.0,82.0,143.0,158.0,196.0,124.0,2.393861892582508,2.1680960548881356,0
-0.6111111111102623,-0.34459459459447817,-0.6923076923069316,-0.28148148148137725,-0.42188414281657627,0.7477477477470741,0.3839999999998464,0.4065843621989428,6.928571428521939,2.246753246750329,34.0,58.0,77.0,14.0,194.0,199.0,173.0,97.0,2.829268292681202,2.310595065311711,0
-0.34426229508177913,0.0,-0.3142857142855347,0.0,-1.0,0.4444444444442387,0.15129151291507334,-0.0,2.5999999999956667,1.3565217391292552,85.0,123.0,115.0,60.0,109.0,156.0,156.0,156.0,2.5166240409200724,2.1629116117847205,0
-0.7629629629626804,0.19883040935666701,-0.713004484304613,0.19883040935666701,-1.0,0.729957805906865,-0.16463414634141324,0.0,6.4062499999799805,0.7172774869106193,94.0,238.0,191.0,32.0,49.0,137.0,137.0,205.0,3.162790697673893,2.0757575757571822,0
-0.9999999999994507,-0.18631178707217252,-0.999999999999394,-0.053097345132719874,-0.8991596639509128,0.9999999999990654,-0.16197183098585846,0.05309734513806178,10.0,0.7212121212116842,156.0,182.0,165.0,0.0,136.0,156.0,119.0,107.0,2.799999999999461,2.2486486486482433,0
-0.06930693069303501,-0.41249999999974224,-0.10900473933644124,-0.3472222222219811,0.5221468764669874,-0.33333333333309695,-0.09345794392518998,3.185386476351495,0.4999999999994681,0.8290598290591205,161.0,108.0,117.0,94.0,188.0,113.0,97.0,47.0,1.8343949044582093,1.9609544468542384,0
0.05306122448977427,0.003831417624519605,0.011764705882348328,-0.12374581939795193,1.0,0.007692307692304734,0.14285714285709428,0.0,1.0155038759682051,1.3333333333322752,72.0,116.0,126.0,129.0,128.0,130.0,168.0,131.0,2.143187066974101,2.00385356454682,0
0.007751937984493119,-0.10943396226410965,0.06122448979589338,-0.12267657992560496,1.0,-0.04838709677417404,0.13533834586461077,0.0,0.9076923076916096,1.3130434782597278,43.0,128.0,115.0,130.0,91.0,147.0,151.0,118.0,2.3869463869458305,2.337972166997547,0
-0.24637681159384583,0.07692307692305653,-0.49019607843089197,0.13091922005567383,-1.0,0.7729257641918023,0.3448275862067479,0.0,7.807692307662279,2.0526315789446676,68.0,43.0,76.0,26.0,155.0,174.0,156.0,203.0,1.9111111111100496,1.9716713881017036,0
-0.5128205128198553,-0.11617312072890293,-0.5064935064928487,-0.13585746102446863,-0.5769992796283723,0.8215962441310697,0.6293929712458053,0.26823139746059105,10.0,4.396551724130351,0.0,59.0,58.0,19.0,152.0,245.0,255.0,194.0,3.44525547445004,2.3444976076552217,0
-0.13812154696124967,-0.09374999999996339,-0.2081218274110619,0.04977375565608608,-1.0,0.19587628865969287,-0.0624999999999721,0.0,1.4871794871775805,0.8823529411757292,69.0,103.0,119.0,78.0,116.0,140.0,105.0,116.0,2.3342776203959392,2.187499999999573,0
0.5087719298243383,-0.6682926829265033,0.2932330827066567,-0.6402116402113015,1.0,-0.6699029126210341,0.2449799196786165,0.0,0.19767441860453625,1.6489361702110117,118.0,56.0,94.0,172.0,135.0,171.0,155.0,34.0,1.1144278606962403,2.677103718199085,0
0.33333333333301585,-0.07443365695790471,0.09374999999992677,0.059259259259237314,-0.22541603616110648,0.3427230046946748,0.3729729729727714,0.6320987647581198,2.0428571428542246,2.189655172410018,29.0,35.0,58.0,70.0,115.0,166.0,127.0,143.0,1.6568047337268303,2.2508474576267368,0
-0.3265306122447314,-0.5830618892506244,-0.27868852459001164,-0.45064377682384094,0.23577078915065358,-0.015384615384603551,0.18181818181811826,1.6170159056548892,0.9696969696955005,1.4444444444432099,85.0,130.0,117.0,66.0,66.0,243.0,169.0,64.0,2.5304136253035208,3.1558441558436434,0
-0.36458333333314347,-0.6540540540537005,-0.32967032967014853,-0.5076923076919172,0.21259842522213457,-0.311827956988912,-0.10502283105018036,1.540000000466795,0.5245901639335663,0.8099173553712314,27.0,131.0,121.0,61.0,138.0,153.0,98.0,32.0,2.994285714284859,2.571428571428031,0
-0.7547169811313634,-0.7692307692303466,-0.7903225806445239,-0.6793893129765807,-0.07547960124495669,0.23529411764636676,-0.004524886877826007,0.859635457345137,1.6153846153721894,0.9909909909900982,90.0,93.0,111.0,13.0,48.0,161.0,110.0,21.0,2.5743944636669296,3.294117647057981,0
-0.3999999999996667,-0.41666666666641866,-0.30097087378611553,-0.5420560747661018,0.2859756754189347,0.1529411764704083,0.4224137931032662,1.8010250232101053,1.3611111111073302,2.4626865671605036,55.0,84.0,67.0,36.0,74.0,119.0,165.0,49.0,2.594594594593593,2.637119113572677,0
-0.10734463276830095,-0.14035087719292091,0.11267605633794883,-0.07109004739333125,-1.0,0.10734463276830095,0.2840909090907477,0.0,1.2405063291123537,1.7936507936479464,34.0,98.0,63.0,79.0,54.0,130.0,113.0,98.0,2.5372168284781433,2.5242718446595815,0
-0.7090909090902644,-0.13392857142851164,-0.7037037037030521,-0.2239999999999104,-0.5170871926457725,0.716814159291401,0.24897959183663307,0.318315789519086,6.06249999996211,1.663043478259062,41.0,94.0,92.0,16.0,59.0,127.0,153.0,97.0,3.069387755100788,2.4780487804872005,0
-0.7450980392149558,-0.5781249999997742,-0.73999999999926,-0.5748031496060729,-0.12564378968466797,0.6119402985065493,0.3937282229963785,0.776761013086924,4.153846153814201,2.298850574710001,3.0,89.0,87.0,13.0,58.0,202.0,200.0,54.0,3.6701030927816136,3.131782945735827,0
0.09333333333320888,-0.42122186495163305,-0.09890109890099022,-0.29961089494151766,0.5036480687961749,0.3740458015264321,0.5391705069121939,3.0293990519195106,2.195121951214158,3.33999999999332,84.0,34.0,50.0,41.0,22.0,221.0,167.0,90.0,1.4093264248697361,3.191335740071626,0
-0.9259259259250686,-0.018518518518509944,-0.9272727272718843,-0.14170040485824223,-0.734885002134462,0.9272727272718843,0.14170040485824223,0.15281416211864482,10.0,1.330188679244028,12.0,104.0,106.0,4.0,0.0,110.0,141.0,106.0,3.714285714284056,2.699386503066657,0
0.09734513274333412,-0.053763440860186154,0.04201680672267731,-0.23809523809513503,1.0,-0.35766423357651184,-0.0891719745222646,0.0,0.47311827956963814,0.8362573099410315,189.0,153.0,171.0,186.0,145.0,98.0,143.0,88.0,1.7973568281935686,1.8275058275054015,0
0.06367041198499489,0.2230769230768373,0.04411764705880731,0.18656716417903488,0.6175071357932084,0.05647840531559586,-0.08786610878657412,4.228855711807606,1.1197183098583665,0.8384615384608936,141.0,125.0,130.0,142.0,146.0,101.0,109.0,159.0,1.8761726078795729,1.5936883629188179,0
0.022421524663667078,-0.14438502673789072,0.1121951219511648,-0.21951219512184417,1.0,-0.17525773195867256,0.15740740740733455,0.0,0.7017543859642967,1.3736263736248642,54.0,109.0,91.0,114.0,119.0,107.0,125.0,80.0,2.259067357512368,2.072639225181096,0
0.01960784313724529,-0.7361111111106,0.19540229885046242,-0.7532467532462642,1.0,-0.6910569105685438,0.31707317073155267,0.0,0.18269230769213202,1.9285714285686735,47.0,100.0,70.0,104.0,41.0,125.0,135.0,19.0,2.27920227920163,3.225806451611863,0
-0.7379310344822497,0.12299465240638423,-0.7639751552790286,0.13513513513509862,-1.0,0.8340611353708148,0.05960264900660278,0.0,10.0,1.1267605633794884,56.0,126.0,142.0,19.0,114.0,164.0,160.0,210.0,3.082568807338507,2.012269938649998,0
-0.13761467889895632,-0.26684636118591193,-0.2479999999998016,-0.3043478260868787,0.10201511336886465,0.4863387978139419,0.5315315315313719,1.227208976652593,2.893617021270439,3.269230769226578,30.0,62.0,78.0,47.0,84.0,235.0,255.0,136.0,2.467661691541061,2.724637681159025,0
-0.4456928838949642,0.027586206896542214,-0.5099337748342683,-0.11044776119399688,-0.6439360143794867,0.33632286995500615,-0.10144927536229434,0.21659236290350123,2.0135135135107927,0.8157894736838528,125.0,193.0,228.0,74.0,93.0,141.0,186.0,149.0,2.639316239315788,2.15267175572478,0
-0.5923076923074645,-0.4017094017090584,-0.6227758007115222,-0.6969696969693953,0.056218336333686975,-0.2045454545452221,-0.07547169811318975,1.119134199313814,0.66037735848932,0.8596491228066405,87.0,207.0,228.0,53.0,201.0,82.0,196.0,35.0,2.989169675089713,1.63999999999959,0
-0.6415094339616589,-0.33770491803267616,-0.7266187050354486,-0.4127906976742986,-0.27543041740953356,0.6833333333327639,0.33884297520651824,0.5680980889570826,5.315789473656233,2.0249999999983124,61.0,87.0,120.0,19.0,198.0,204.0,243.0,101.0,2.740157480313882,2.3083451202259817,0
-0.742574257425375,-0.3827160493825586,-0.7523809523805941,-0.5454545454543802,-0.15943962642981238,0.4851485148510048,0.16173120728925702,0.7249712313968277,2.8846153846042903,1.3858695652166382,52.0,176.0,184.0,26.0,65.0,168.0,255.0,75.0,3.2744186046504016,2.8235294117641128,0
-0.2950819672128729,-0.5809523809521966,-0.3435114503814172,-0.47410358565718164,0.15972325548764932,0.21100917431173302,0.35531135531122515,1.3801682164270754,1.534883720926663,2.1022727272703383,38.0,79.0,88.0,43.0,255.0,249.0,185.0,66.0,2.64435146443404,2.432234432234135,0
-0.5448275862065208,-0.9999999999992308,-0.6071428571424958,-0.9999999999993422,0.24444444445962485,-0.9999999999969696,0.05923344947733128,1.6470588238005888,0.0,1.125925925925092,169.0,112.0,135.0,33.0,158.0,130.0,152.0,0.0,2.103286384976032,2.4880382775113667,0
-0.04516129032255151,-0.3050847457624533,-0.06329113924046628,-0.45695364238380337,0.7566870771676785,-0.2869565217388809,0.13402061855663194,7.219867561076052,0.5540540540533053,1.3095238095222506,90.0,81.0,84.0,74.0,152.0,77.0,110.0,41.0,1.9877300613490836,1.7752161383280187,0
-0.014925373134317221,-0.041666666666644966,0.21100917431173302,-0.16363636363628928,-1.0,0.1645569620252123,0.49707602339152224,0.0,1.393939393937282,2.9767441860395887,85.0,68.0,43.0,66.0,119.0,100.0,128.0,92.0,1.895470383274601,1.9464720194642466,0
-0.07017543859642968,-0.40540540540518627,0.02912621359220473,-0.28571428571410024,1.0,0.01851851851850137,0.3288590604024639,0.0,1.0377358490546458,1.97999999999604,84.0,61.0,50.0,53.0,77.0,130.0,99.0,55.0,1.8841698841691568,2.6530612244891194,0
-0.11515151515144537,-0.9999999999993507,0.08955223880590332,-0.999999999999482,1.0,-0.9999999999986301,0.5196850393698742,0.0,0.0,3.1639344262243214,35.0,92.0,61.0,73.0,53.0,154.0,193.0,0.0,2.5205479452046164,3.412742382270523,0
-0.7024793388423947,-0.3269230769229198,-0.6538461538455251,-0.49820788530448096,-0.13509632644436095,0.5909090909084194,0.4169491525422316,0.7619650011711806,3.8888888888672843,2.430232558136709,64.0,103.0,86.0,18.0,59.0,138.0,209.0,70.0,2.8611111111101177,2.725925925925253,0
-0.9999999999989583,-0.494949494948995,-0.9999999999988095,-0.6240601503754707,-0.23148148149552714,0.9999999999960001,0.1249999999999349,0.6240601504386196,10.0,1.285714285712755,16.0,96.0,84.0,0.0,55.0,74.0,108.0,25.0,3.6923076923059175,2.596491228069037,0
0.13705583756338222,-0.14166666666660765,0.14285714285707,0.08421052631574516,-0.25827814558162676,-0.041860465116259606,0.01754385964911255,0.5894736837978852,0.919642857142036,1.0357142857130528,152.0,85.0,84.0,112.0,255.0,137.0,87.0,103.0,1.566820276497335,1.7341772151895989,0
-0.36718749999985656,-0.5525114155248619,-0.32217573221743845,-0.4463276836155671,0.1615502922387292,-0.24615384615365682,-0.10489510489506822,1.385354758665911,0.6049382716041914,0.8101265822779683,85.0,175.0,158.0,81.0,196.0,170.0,128.0,49.0,2.7131782945731175,2.324786324785927,0
-0.552742616033522,-0.9999999999995216,-0.5203619909499908,-0.9999999999989247,0.3154761904966601,-0.9999999999981132,-0.28735632183897036,1.921739130802894,0.0,0.5535714285710991,122.0,184.0,168.0,53.0,197.0,209.0,93.0,0.0,2.7108655616937916,2.7186991869914277,0
-0.2450331125826192,-0.5260115606933377,-0.3333333333331384,-0.4810126582275437,0.18134715028131315,-0.16326530612228238,0.012987012987007366,1.4430379751163862,0.7192982456127731,1.026315789472784,37.0,94.0,114.0,57.0,26.0,132.0,117.0,41.0,2.666666666665721,3.1903323262830243,0
-0.47368421052581716,-0.13414634146337373,-0.4047619047614229,-0.043771043771029035,-0.8048257374447003,0.7005988023947901,0.4485981308409119,0.10814022581409395,5.67999999997728,2.627118644063344,45.0,70.0,59.0,25.0,91.0,186.0,155.0,142.0,2.666666666665397,2.459504132230998,0
0.041666666666644966,-0.46488294314365725,0.11111111111104939,-0.5076923076921515,1.0,-0.11111111111104939,0.5076923076921515,0.0,0.7999999999992,3.062499999996172,85.0,92.0,80.0,100.0,92.0,219.0,245.0,80.0,1.9945799457989175,2.8721311475405127,0
-0.34439834024881977,-0.1194968553458368,-0.3899613899612394,-0.39393939393922345,0.0050746268662956355,-0.060402684563717855,-0.05571847507329745,1.0102010203610146,0.886075949365967,0.8944444444439476,47.0,162.0,180.0,79.0,184.0,89.0,161.0,70.0,2.87999999999936,1.6481481481477667,0
-0.5285171102659587,-0.1018518518518047,-0.5664335664333684,-0.07177033492819533,-0.7750865053117852,0.22012578616338357,-0.3333333333332341,0.1267056530437952,1.5645161290297347,0.4999999999997768,73.0,201.0,224.0,62.0,155.0,119.0,112.0,97.0,2.9944134078206712,1.9428571428567465,0
-0.4130434782607199,-0.3451957295372437,-0.4193548387095271,-0.46198830409343217,0.0483732876767544,0.06358381502886498,0.11607142857140267,1.1016644177166686,1.1358024691344002,1.262626262625625,140.0,195.0,198.0,81.0,201.0,189.0,250.0,92.0,2.553191489361284,2.2533532041725404,0
-0.7684210526311746,-0.13170731707310648,-0.7874396135261897,-0.368794326241004,-0.3620766290649513,0.6036036036030598,0.021164021164015567,0.4683461689669906,4.045454545436157,1.0432432432426795,52.0,168.0,185.0,22.0,89.0,116.0,193.0,89.0,3.2780487804870053,2.2634146341457897,0
-0.14492753623177906,-0.49122807017529496,0.017241379310329964,-0.49122807017529496,1.0,0.19178082191767687,0.6346153846151812,0.0,1.4745762711839414,4.473684210518467,12.0,79.0,57.0,59.0,255.0,255.0,255.0,87.0,2.759825327509712,2.3943661971828174,0
-0.4801223241588746,-0.9999999999992188,-0.4817073170730239,-0.9999999999991305,0.34979423870648724,-0.9999999999988235,-0.35754189944124093,2.0759493675183918,0.0,0.47325102880638964,129.0,242.0,243.0,85.0,166.0,128.0,115.0,0.0,2.7736389684809777,2.4265402843596147,0
-0.38308457711423727,-0.36956521739110354,-0.3641025641023774,-0.14705882352930363,-0.4246090292953157,-0.033333333333305556,-0.2606635071088812,0.40389395205781475,0.9354838709662331,0.5864661654130929,24.0,139.0,133.0,62.0,160.0,126.0,78.0,58.0,3.054945054944216,2.1446808510633737,0
-0.5471698113204106,-0.5624999999997071,-0.3846153846150559,-0.3538461538458817,-0.04166666667226633,0.0769230769229783,0.04142011834317076,0.9200000002392787,1.1666666666634258,1.0864197530850785,129.0,123.0,81.0,36.0,214.0,150.0,88.0,42.0,2.3941605839410234,2.158273381294576,0
0.08411214953267097,-0.8064516129029007,0.25405405405391673,-0.7142857142852892,1.0,-0.6571428571423878,0.35211267605617275,0.0,0.20689655172395957,2.0869565217361057,94.0,98.0,69.0,116.0,100.0,224.0,144.0,24.0,1.9310344827581452,3.132867132866585,0
0.23012552301245603,-0.6724738675955846,0.43414634146320286,-0.5523809523806894,1.0,-0.5154639175255076,0.47511312217173074,0.0,0.3197278911562451,2.8103448275813614,89.0,92.0,58.0,147.0,21.0,240.0,163.0,47.0,1.7523809523805352,3.5036496350358566,0
-0.2160804020099417,-0.6263736263732822,-0.042944785276047275,-0.5928143712571301,0.8649023461432095,-0.3928571428567921,0.22018348623843112,10.0,0.435897435896877,1.5647058823511004,94.0,121.0,85.0,78.0,106.0,148.0,133.0,34.0,2.3381642512071648,2.7155963302746065,0
-0.7222222222218211,-0.4867256637163834,-0.6453900709215281,-0.4867256637163834,-0.14014857524253535,0.0740740740739369,-0.15999999999992,0.7541573471944215,1.15999999999536,0.7241379310338585,0.0,155.0,116.0,25.0,94.0,84.0,84.0,29.0,3.701492537312328,2.3092783505146706,0
-0.5921052631575052,0.24844720496886696,-0.5039999999995968,0.13881019830024396,-1.0,0.7327586206893394,0.2357723577234814,0.0,6.48387096772102,1.6170212765940244,26.0,121.0,94.0,31.0,203.0,121.0,152.0,201.0,3.2374581939788505,1.4984520123836689,0
-0.5627530364370191,-0.0769230769230512,-0.5748031496060729,-0.12101910828021624,-0.6521551103719211,0.4374999999997722,-0.06382978723402558,0.21054009252421058,2.555555555550823,0.87999999999956,72.0,193.0,200.0,54.0,79.0,161.0,176.0,138.0,3.0156249999994107,2.389610389609946,0
-0.48235294117628147,-0.0977443609022189,-0.5074626865669748,-0.26605504587147827,-0.3120906355510264,0.2903225806450052,0.012224938875302635,0.5242849434384825,1.8181818181790632,1.0247524752470174,82.0,189.0,202.0,66.0,111.0,146.0,207.0,120.0,2.874524714828351,2.2332695984699362,0
-0.22857142857131973,-0.67999999999966,-0.30172413793090447,-0.6783919597986541,0.38430939230437344,-0.43362831858368706,0.050314465408789213,2.2483847817931157,0.395061728394574,1.1059602648999298,54.0,129.0,151.0,81.0,108.0,168.0,167.0,32.0,2.6259541984726145,2.8235294117641128,0
-0.2695652173910699,-0.1298701298700877,-0.20754716981112495,-0.08219178082188966,-0.4326494203096506,0.5227272727269757,0.4234234234232327,0.39601494415119465,3.190476190468594,2.4687499999961426,77.0,73.0,64.0,42.0,104.0,174.0,158.0,134.0,2.203773584904829,2.375426621160004,0
-0.28834355828203173,-0.5806451612900104,-0.0719999999999424,-0.7142857142854526,0.8168604652202396,-0.19587628865959186,0.554817275747324,9.920634934417881,0.6724137931022889,3.492537313427623,83.0,105.0,67.0,58.0,178.0,147.0,234.0,39.0,2.3931623931617114,2.301369863013248,0
-0.8840579710132115,-0.11340206185563113,-0.8857142857130204,0.24038461538449982,-1.0,0.9398496240594438,0.08965517241373128,0.0,10.0,1.1969696969678834,24.0,65.0,66.0,4.0,255.0,162.0,79.0,129.0,3.2911392405042466,1.8305084745760125,0
0.21487603305776246,-0.12970711297065704,0.2510638297871272,-0.11111111111106363,-1.0,-0.17131474103578834,0.19266055045862723,0.0,0.7074829931967976,1.4772727272710484,34.0,95.0,88.0,147.0,208.0,135.0,130.0,104.0,2.048517520215081,1.8556701030924645,0
-0.2546125461253673,-0.5128205128201841,-0.25185185185175857,-0.6709956709953806,0.45418534352881146,-0.45323741007161644,0.06629834254141816,2.6642475182463907,0.3762376237620037,1.142011834318851,107.0,170.0,169.0,101.0,97.0,118.0,193.0,38.0,2.4817518248170654,2.5444743935303116,0
-0.7449664429525202,-0.1165644171778426,-0.7912087912083565,-0.272727272727135,-0.4873239437077587,0.5824175824169424,-0.12802768166085535,0.34469696974055086,3.789473684190582,0.773006134968851,25.0,130.0,163.0,19.0,68.0,91.0,126.0,72.0,3.421052631577822,2.2608695652166895,0
-0.8504672897188313,-0.5178571428569888,-0.741935483869771,-0.5178571428569888,-0.1778692272654253,0.820224719100202,0.6504854368929934,0.6979813665546213,10.0,4.722222222213477,111.0,99.0,54.0,8.0,218.0,255.0,255.0,81.0,2.4984227129329657,2.5216316440046325,0
-0.5887850467287885,-0.9999999999992063,-0.5887850467287885,-0.9999999999992,0.2588235294278275,-0.9999999999984848,-0.3421052631578047,1.6984126987003294,0.0,0.49019607843118035,111.0,255.0,255.0,66.0,127.0,126.0,125.0,0.0,2.969432314410048,2.659630606859457,0
-0.492682926829028,-0.46323529411747677,-0.45549738219871444,-0.27722772277214003,-0.24329678107316263,0.1679999999998656,-0.03731343283580697,0.6086263800130026,1.4038461538434541,0.928057553956167,89.0,153.0,139.0,52.0,49.0,199.0,129.0,73.0,2.7382550335564346,3.0615384615378725,0
-0.43999999999984,-0.5563139931738715,-0.34745762711849687,-0.43722943722924795,0.11440460051015693,-0.08450704225346162,0.02153846153845491,1.2583676489737037,0.8441558441547479,1.0440251572320478,54.0,198.0,159.0,77.0,111.0,228.0,166.0,65.0,3.005692599619923,2.886075949366632,0
-0.3589743589741289,-0.840707964601398,-0.30069930069909045,-0.847457627118285,0.4762052235369883,-0.4705882352934256,0.4019292604500315,2.8182893190302565,0.35999999999928,2.344086021502856,22.0,106.0,93.0,50.0,168.0,208.0,218.0,18.0,2.9859154929566953,2.7641196013284444,0
-0.12676056338022218,-0.17948717948708745,0.09411764705876817,-0.5092024539875739,1.0,-0.0751445086704768,0.5232198142413241,0.0,0.8602150537625158,3.1948051948010456,71.0,120.0,77.0,93.0,85.0,115.0,246.0,80.0,2.376237623761788,2.329113924050043,0
-0.07189542483655433,-0.5274725274722377,0.05185185185181345,-0.5449735449732567,1.0,-0.24561403508750385,0.39047619047600457,0.0,0.6056338028160484,2.2812499999964353,111.0,82.0,64.0,71.0,174.0,139.0,146.0,43.0,1.8959537572248857,2.246464646464193,0
-0.5555555555552983,-0.622857142856787,-0.5223880597012327,-0.5796178343945353,0.05193236715440142,-0.18518518518495655,-0.10469314079418604,1.109554140339634,0.6874999999985677,0.8104575163393396,43.0,168.0,153.0,48.0,192.0,142.0,124.0,33.0,3.14754098360582,2.2318271119838444,0
-0.02953586497889049,0.09417040358740172,0.04072398190043407,-0.05791505791503556,1.0,0.02953586497889049,0.12757201646085287,0.0,1.0608695652164688,1.2924528301874598,96.0,122.0,106.0,115.0,195.0,101.0,137.0,122.0,2.145054945054474,1.556840077070991,0
-0.41293532338287914,-0.0752688172042741,-0.3979591836732664,-0.08833922261480978,-0.6366871803785243,0.37234042553171687,0.05841924398623422,0.22198061072900474,2.1864406779623957,1.1240875912400554,93.0,142.0,137.0,59.0,99.0,150.0,154.0,129.0,2.605504587155366,2.272727272726842,0
-0.8494623655909412,-0.14563106796109437,-0.8469945355186629,-0.14563106796109437,-0.7065740246569501,0.7254901960777201,-0.17770034843199384,0.17193861574220198,6.285714285669388,0.6982248520705928,39.0,172.0,169.0,14.0,182.0,118.0,118.0,88.0,3.4659949622157518,1.8656126482209752,0
-0.7278106508871434,-0.940119760478479,-0.7444444444440309,-0.934210526315175,0.11304650758376104,-0.642857142854847,-0.032894736842094444,1.2549096623836813,0.21739130434688092,0.9363057324834801,63.0,146.0,157.0,23.0,148.0,162.0,147.0,5.0,3.0899470899462727,2.716981132074902,0
-0.02953586497889049,-0.04280155642021681,-0.045643153526952016,-0.05384615384613314,0.08245107483425286,0.03361344537813714,0.04182509505701832,1.1797202823049755,1.0695652173903742,1.0873015873007243,32.0,122.0,126.0,115.0,76.0,134.0,137.0,123.0,2.496163682863812,2.295503211990943,0
-0.22466960352413012,-0.04522613065324361,-0.04864864864862235,-0.11627906976738778,0.4100609758584182,0.03825136612019768,0.10599078341008941,2.3901808834663014,1.0795454545442278,1.2371134020605803,44.0,139.0,97.0,88.0,208.0,104.0,120.0,95.0,2.712195121950558,1.6281800391386247,0
-0.06726457399100123,0.05854800936766779,0.034825870646748844,0.2988505747125578,0.7912596398657332,0.36969696969685767,0.1141552511415004,8.581280763538608,2.1730769230748335,1.25773195876159,99.0,119.0,97.0,104.0,215.0,201.0,122.0,226.0,2.1587301587296692,1.9074733096083145,0
0.13043478260863264,0.1921568627450227,0.38461538461515704,0.0033003300330022114,-0.9829842929403112,0.1301115241635204,0.4876847290637992,0.008580858083579803,1.2991452991441887,2.9038461538405693,22.0,90.0,52.0,117.0,212.0,103.0,151.0,152.0,2.2570532915353425,1.4456140350874656,0
-0.366459627328965,-0.9999999999985714,-0.3061224489793836,-0.9999999999992594,0.5312500000406521,-0.9999999999980392,0.16883116883109575,3.2666666677335803,0.0,1.4062499999985352,46.0,110.0,96.0,51.0,18.0,70.0,135.0,0.0,2.7760252365921843,3.5443037974661116,0
-0.8461538461531953,-0.5124999999996798,-0.8701298701293052,-0.3858267716532395,-0.38560495036458275,0.5918367346926697,-0.24137931034472357,0.4434128570258658,3.899999999961,0.6111111111106868,0.0,120.0,144.0,10.0,0.0,121.0,88.0,39.0,3.839999999998464,3.44483985765002,0
-0.6461538461533491,-0.4909090909088678,-0.6434108527126796,-0.6387096774191489,-0.0036667186769203755,0.417721518986813,0.4111111111109969,0.9926933542161422,2.434782608685066,2.396226415092079,97.0,107.0,106.0,23.0,177.0,164.0,254.0,56.0,2.562874251496239,2.3386809269158038,0
-0.462499999999711,-0.36842105263125574,-0.422818791946025,-0.510204081632306,0.09365825015683336,-0.0886075949365967,0.023041474654367265,1.2066731457340323,0.8372093023236343,1.0471698113197667,45.0,117.0,106.0,43.0,85.0,78.0,111.0,36.0,2.9068322981357433,2.2527075812266237,0
-0.33766233766211845,-0.47747747747726244,-0.12820512820501861,-0.5450980392154725,0.619175627332247,0.06422018348617961,0.4980988593154,4.251764709200697,1.1372549019585543,2.9848484848439623,72.0,103.0,66.0,51.0,66.0,164.0,197.0,58.0,2.5045592705159563,2.902654867255995,0
-0.3716475095784017,-0.07317073170729725,-0.2612612612611436,-0.1658536585365449,-0.22337689067880862,0.3517786561263432,0.26121372031655377,0.6348191760210783,2.0853658536559934,1.7071428571416378,77.0,179.0,140.0,82.0,89.0,198.0,239.0,171.0,2.769825918761553,2.414634146341095,0
-0.5733333333329511,-0.6507936507933926,-0.5328467153280783,-0.6521739130432205,0.10069630424005027,0.1578947368418975,0.33121019108269706,1.2239428233391019,1.374999999995703,1.9904761904742947,51.0,118.0,105.0,32.0,129.0,208.0,209.0,44.0,2.959247648901894,2.825127334464715,0
-0.3124999999998605,-0.5657142857139625,-0.22999999999988502,-0.5555555555552307,0.4144271570541353,-0.3391304347823138,0.03906249999998474,2.4154589382480625,0.4935064935058526,1.081300813007251,69.0,147.0,123.0,77.0,140.0,137.0,133.0,38.0,2.6727272727266653,2.4247787610614107,0
-0.8074074074068094,-0.41637010676141767,-0.7999999999993846,-0.31950207468866415,-0.42920681990476234,0.7263157894729196,0.15217391304342312,0.3993775934110596,6.307692307643787,1.3589743589731975,88.0,122.0,117.0,13.0,112.0,199.0,159.0,82.0,2.828985507245557,2.6891891891887347,0
-0.17808219178076093,0.17412935323374423,-0.1143911439113969,-0.1719298245613432,0.20095866878684532,-0.008403361344534285,0.050314465408789213,1.5029994353829834,0.9833333333325138,1.1059602648999298,137.0,172.0,151.0,120.0,255.0,83.0,167.0,118.0,2.2895174708814823,1.231910946196432,0
0.2012779552715012,0.08823529411762111,0.45173745173727736,0.3028169014083441,-0.1973622571897837,-0.008042895442357093,0.1647058823528443,0.6703382687814499,0.984042553190966,1.3943661971811347,176.0,125.0,71.0,188.0,112.0,155.0,99.0,185.0,1.6286644951137412,2.042833607907406,0
-0.16535433070853123,-0.15850144092214452,-0.00934579439251463,-0.05194805194803508,0.6950495060846157,0.46733668341685064,0.4999999999997686,5.558441617920274,2.7547169811268777,2.9999999999944444,110.0,74.0,54.0,53.0,130.0,201.0,162.0,146.0,1.9035369774913493,2.3716814159288537,0
-0.9999999999985714,-0.17058823529406747,-0.9999999999986301,0.08880308880305451,-1.0,0.9999999999992909,0.23560209424071435,0.0,10.0,1.6164383561621691,164.0,70.0,73.0,0.0,206.0,199.0,118.0,141.0,1.842105263157289,2.1369127516775652,0
-0.9701492537298952,-0.02873563218389979,-0.9722222222208718,0.16955017301032196,-1.0,0.9882352941170658,0.25654450261766676,0.0,10.0,1.690140845068042,37.0,66.0,71.0,1.0,103.0,179.0,120.0,169.0,3.1058823529393496,2.273015873015512,0
-0.10655737704913666,0.04845814977971434,0.02830188679243948,-0.12177121771213219,1.0,0.04385964912278778,0.1921568627450227,0.0,1.0917431192650535,1.475728155338373,34.0,135.0,103.0,109.0,168.0,108.0,152.0,119.0,2.615012106536897,1.7176938369777897,0
-0.2930232558138172,0.0,-0.14606741573025503,-0.1027027027026472,-0.17431640632006098,0.04402515723267672,0.0,0.7031185035998838,1.0921052631564578,0.9999999999990196,44.0,139.0,102.0,76.0,144.0,83.0,102.0,83.0,2.793969849245529,1.6895674300250154,0
0.004115226337446866,-0.003095975232197184,0.2708333333331923,-0.003095975232197184,-1.0,0.13780918727910324,0.39655172413776013,0.0,1.3196721311464592,2.3142857142824083,159.0,121.0,70.0,122.0,119.0,162.0,162.0,161.0,1.8508604206497417,2.145695364238055,0
-0.003984063745018333,0.01369863013698161,0.020408163265297794,0.03859649122805663,0.30825242666207137,0.08424908424905339,0.06614785992215326,1.8912280609085292,1.1839999999990527,1.1416666666657154,78.0,126.0,120.0,125.0,165.0,144.0,137.0,148.0,2.2153846153841283,1.9168053244589156,0
0.2209302325580111,0.007812499999996949,0.2209302325580111,0.14159292035391965,-0.21884757303068153,0.10256410256405873,0.18292682926818116,0.6408942707859199,1.2285714285702585,1.4477611940276898,8.0,67.0,67.0,105.0,139.0,127.0,97.0,129.0,2.170040485829081,1.946360153256332,0
-0.022471910112346928,-0.6033057851234683,-0.10309278350510151,-0.6496350364958763,0.7260821754438052,-0.5675675675670563,0.02727272727271488,6.3014598601256635,0.27586206896520016,1.0560747663541532,26.0,91.0,107.0,87.0,17.0,97.0,113.0,24.0,2.467796610168655,3.3021276595730633,0
-0.09452736318403258,-0.7260273972597767,-0.089999999999955,-0.7619047619043084,0.7887087759449953,-0.6396396396390633,0.15175097276258687,8.465608475013891,0.21978021977997825,1.3577981651363689,30.0,110.0,109.0,91.0,147.0,126.0,148.0,20.0,2.580645161289566,2.405727923627111,0
-0.04615384615382249,-0.999999999999355,0.016393442622941862,-0.9999999999988889,1.0,-0.9999999999989247,0.0,0.0,0.0,0.9999999999988889,23.0,102.0,90.0,93.0,114.0,155.0,90.0,0.0,2.549999999999203,2.924528301886103,0
-0.2783505154638219,-0.8333333333328373,-0.21933085501850583,-0.8041958041952418,0.5714213146955639,-0.7647058823522985,-0.11945392491463501,3.666587651309012,0.13333333333320635,0.786585365853179,38.0,186.0,164.0,105.0,110.0,154.0,129.0,14.0,2.889320388348953,2.8518518518511917,0
-0.2631578947367267,-0.06249999999998698,-0.12041884816747622,0.036866359446996115,-1.0,0.45631067961150285,0.32278481012648014,0.0,2.67857142856824,1.9532710280355576,76.0,144.0,107.0,84.0,159.0,255.0,209.0,225.0,2.5714285714279974,2.281879194630617,0
-0.03999999999998222,-0.5619834710741479,0.033492822966491156,-0.6344827586204709,1.0,-0.341614906832086,0.40236686390520643,0.0,0.49074074074028634,2.3465346534630234,24.0,117.0,101.0,108.0,22.0,189.0,237.0,53.0,2.557377049179629,3.3377483443701244,0
-0.5406698564590715,0.0,-0.4576271186438093,-0.06569343065691033,-0.7489361703558345,0.4545454545451963,0.06181818181815934,0.14355231146692066,2.666666666661111,1.1317829457355568,106.0,161.0,129.0,48.0,86.0,128.0,146.0,128.0,2.705882352940608,2.1787234042548556,0
-0.93999999999906,-0.5144508670517258,-0.9478260869556975,-0.6639999999997345,-0.17608977126663167,0.8666666666647407,0.2999999999999063,0.7005504587898367,10.0,1.857142857141199,88.0,97.0,112.0,3.0,94.0,131.0,208.0,42.0,2.7228070175429044,2.6331658291450672,0
0.17441860465111209,0.3737373737372479,0.4798534798533041,0.416666666666522,-0.07048008170816576,0.004926108374383023,0.08387096774188138,0.8683206105060841,1.00990099009851,1.1830985915476293,148.0,142.0,71.0,202.0,76.0,93.0,84.0,204.0,1.7917981072552378,1.5965665236048077,0
0.1584415584415173,0.3110539845757555,0.45276872964154635,0.36729222520097393,-0.10423189145319525,0.06694560669454666,0.168316831683085,0.8112137633944709,1.143497757847021,1.4047619047602324,179.0,162.0,84.0,223.0,41.0,134.0,118.0,255.0,1.7851239669419028,1.9007092198578188,0
0.20634920634909718,0.19266055045865668,0.09090909090904742,0.0833333333333102,-0.0434782608445123,0.26213592233001226,0.2692307692306657,0.9166666656585174,1.710526315787973,1.7368421052613296,165.0,75.0,95.0,114.0,206.0,132.0,165.0,195.0,1.3986013986010726,1.5879699248117911,0
0.19708029197065907,-0.027139874739034002,-0.01204819277107708,0.12832929782079217,1.0,0.4793650793649272,0.3636363636362259,0.0,2.841463414630681,2.142857142854592,188.0,55.0,84.0,82.0,64.0,246.0,180.0,233.0,1.1578947368418007,2.494296577946452,0
-0.4457831325295834,-0.6223175965662565,-0.4102564102558843,-0.5829383886253162,0.17386516580769323,0.3134328358204277,0.5045045045042773,1.4209123226223774,1.913043478252552,3.0363636363581157,27.0,60.0,55.0,23.0,111.0,189.0,167.0,44.0,2.823529411763045,2.836772983113914,0
-0.022624434389130036,0.4029850746266652,0.11917098445589681,0.12350597609556833,0.01786321877459754,0.13253012048187449,0.12820512820506247,1.0363762333241293,1.3055555555543468,1.294117647057301,58.0,113.0,85.0,108.0,128.0,60.0,110.0,141.0,2.3061224489790035,1.2339331619534104,0
-0.46666666666640744,-0.24590163934416154,-0.41104294478502396,0.11515151515144537,-1.0,0.31428571428548985,-0.22340425531903013,0.0,1.9166666666626735,0.6347826086951002,80.0,132.0,115.0,48.0,67.0,152.0,73.0,92.0,2.693877551019721,2.626349892008072,0
-0.6363636363632749,-0.12156862745093272,-0.5789473684206717,-0.22491349480961076,-0.44041685551456233,0.5555555555551698,0.19191919191912732,0.3884869456475947,3.4999999999890625,1.4749999999987708,127.0,144.0,120.0,32.0,180.0,143.0,177.0,112.0,2.5771812080531147,1.979238754324917,0
-0.14932126696825823,0.014705882352935771,-0.055276381909519966,-0.06756756756754474,0.10005527924128735,0.18965517241371135,0.2015209125474519,1.2223587245702816,1.4680851063814169,1.5047619047604717,99.0,127.0,105.0,94.0,142.0,134.0,158.0,138.0,2.2729306487690666,1.9562043795616866,0
0.05434782608692699,0.09762532981527768,-0.025125628140690894,0.30817610062883394,1.0,0.3639344262293889,0.037735849056585974,0.0,2.1443298969050058,1.0784313725479624,27.0,87.0,102.0,97.0,84.0,171.0,110.0,208.0,2.335570469797874,2.157728706624265,0
0.3725490196075997,-0.3982300884952228,0.3725490196075997,-0.3061224489792795,-1.0,-0.5107913669061074,0.1428571428570153,0.0,0.3238095238092154,1.3333333333305555,78.0,48.0,48.0,105.0,84.0,79.0,64.0,34.0,1.376344086021012,2.2898550724629385,0
-0.460317460317095,-0.8148148148140604,-0.4848484848481176,-0.8425196850387067,0.26945892506073216,-0.5454545454533057,0.08837209302321472,1.7376968507520487,0.29411764705795845,1.19387755101919,0.0,92.0,98.0,34.0,136.0,98.0,117.0,10.0,3.3761467889892773,2.292397660818043,0
-0.2916666666664641,-0.8064516129025754,-0.3061224489793836,-0.8554216867464727,0.4729043184150028,-0.6190476190466364,0.23199999999990722,2.794377510953208,0.23529411764659747,1.6041666666649956,12.0,93.0,96.0,51.0,70.0,112.0,154.0,12.0,2.987951807227716,2.928104575162442,0
-0.225296442687658,-0.9448275862062451,-0.19999999999991838,-0.9333333333325555,0.6470588235863816,-0.9215686274500768,-0.11787072243341526,4.666666668998015,0.040816326530570594,0.7891156462579667,89.0,155.0,147.0,98.0,161.0,141.0,116.0,4.0,2.494969818912979,2.5234899328853415,0
-0.2660550458714376,-0.22596153846148415,-0.16666666666657987,-0.22596153846148415,0.1510204082018663,0.33609958506210125,0.38964577656665134,1.3557692315830725,2.0124999999974844,2.2767857142836814,53.0,138.0,112.0,80.0,178.0,255.0,255.0,161.0,2.6992665036668217,2.402826855123392,0
0.17582417582407922,-0.37837837837825056,-0.044642857142837215,-0.3947368421051333,0.7967914440316334,-0.07537688442207267,0.2887537993920095,8.84210528296525,0.8598130841113459,1.8119658119642632,49.0,75.0,117.0,107.0,21.0,204.0,212.0,92.0,1.9607843137248495,3.132437619961011,0
-0.32432432432421476,-0.13183279742761034,-0.22779922779913986,0.03846153846152367,-1.0,0.14893617021270258,-0.11971830985911278,0.0,1.34999999999865,0.7861635220120843,100.0,196.0,159.0,100.0,152.0,176.0,125.0,135.0,2.648648648648201,2.2034428794988727,0
-0.21457489878533825,-0.27777777777766754,-0.21774193548378318,-0.14553990610321807,-0.19874934867381364,-0.0319148936170043,-0.10622710622706732,0.6684054950035017,0.93814432989594,0.8079470198670147,68.0,150.0,151.0,97.0,63.0,161.0,122.0,91.0,2.580645161289768,2.705882352940608,0
0.39490445859860035,-0.3589743589742056,0.67816091953997,-0.07975460122694494,-1.0,-0.48979591836718034,0.3538461538458817,0.0,0.3424657534245012,2.0952380952331064,194.0,95.0,42.0,219.0,0.0,159.0,88.0,75.0,1.2603648424541856,3.2366412213732225,0
0.20110192837460025,-0.4049586776857831,0.3841269841268622,-0.26903553299478733,-1.0,-0.5034482758618953,0.12612612612606933,0.0,0.3302752293576467,1.2886597938131044,163.0,145.0,97.0,218.0,64.0,170.0,125.0,72.0,1.7287630402381924,2.857142857142257,0
0.23741007194227526,0.1877133105801407,-0.05494505494502476,0.19178082191774254,1.0,0.3384615384614083,0.10280373831770898,0.0,2.0232558139511356,1.2291666666653862,122.0,53.0,96.0,86.0,113.0,119.0,118.0,174.0,1.3503184713371497,1.8133333333329877,0
0.32903225806430386,-0.17948717948713347,0.26380368098143325,-0.22891566265054725,-1.0,0.2167300380227313,0.6190476190474226,0.0,1.553398058250919,4.249999999992917,43.0,52.0,60.0,103.0,172.0,230.0,255.0,160.0,1.6639999999993345,2.3232323232320296,0
-0.4128440366968689,-0.3380281690139655,-0.2727272727269628,-0.31884057971002944,0.07795100224073326,0.4920634920631015,0.52941176470566,1.1690821260334334,2.9374999999908202,3.249999999994196,16.0,77.0,56.0,32.0,254.0,190.0,182.0,94.0,3.04950495049354,2.087912087911801,0
0.23863636363622806,0.13882352941173204,0.21111111111099384,0.6747404844288323,0.5233713813914528,0.37891737891727095,-0.2033898305083022,3.1961391352559674,2.220183486236495,0.6619718309849831,26.0,67.0,71.0,109.0,120.0,183.0,47.0,242.0,1.9925650557613412,2.0109890109887347,0
0.14285714285703546,0.03448275862067777,0.2561983471072263,-0.06832298136643841,-1.0,0.3274336283184392,0.5852534562209285,0.0,1.973684210523719,3.8222222222137283,185.0,57.0,45.0,76.0,192.0,140.0,172.0,150.0,1.2159999999996758,1.8006430868164307,0
-0.01315789473683345,0.03999999999998546,-0.1573033707864285,-0.10344827586203655,-0.20653789012366636,0.31192660550444407,0.2616487455196195,0.6576354683985272,1.9066666666641243,1.708737864076011,107.0,77.0,103.0,75.0,52.0,132.0,176.0,143.0,1.8333333333327877,2.3006535947707407,0
0.14285714285708456,0.2653061224489022,0.3526570048307475,0.2259887005649079,-0.21890476860506253,0.2156862745097435,0.3431372549017926,0.6408172740232002,1.549999999998893,2.044776119399933,120.0,105.0,67.0,140.0,10.0,126.0,137.0,217.0,1.7872340425528113,2.104384133611252,0
0.145374449339143,-0.3511904761903717,0.2560386473428715,-0.2158273381294188,-1.0,-0.08786610878657412,0.37398373983724637,0.0,0.8384615384608936,2.194805194802344,54.0,97.0,77.0,130.0,118.0,227.0,169.0,109.0,2.05291005290951,2.666666666666275,0
0.2663316582913235,-0.4553990610326501,0.3404255319147126,-0.1212121212120294,-1.0,-0.36956521739110354,0.08823529411758219,0.0,0.460317460317095,1.1935483870948491,74.0,73.0,62.0,126.0,162.0,155.0,74.0,58.0,1.6878612716758128,2.3396226415089925,0
0.02941176470586073,-0.2972972972971634,0.119999999999904,-0.17894736842095846,1.0,0.05405405405401754,0.3413173652692567,0.0,1.1142857142841225,2.036363636359934,38.0,66.0,55.0,70.0,176.0,144.0,112.0,78.0,2.1999999999990836,2.1254612546121536,0
-0.1515151515150597,-0.9999999999992063,-0.02777777777775849,-0.9999999999988889,0.945945946037962,-0.9999999999985714,0.09756097560969662,10.0,0.0,1.2162162162145727,0.0,95.0,74.0,70.0,113.0,126.0,90.0,0.0,2.923076923075799,2.761643835615682,0
-0.6326530612240595,-0.386138613861195,-0.608695652173472,-0.3297297297295515,-0.2972702229216513,0.3932584269658503,0.05128205128202937,0.5416988417879348,2.2962962962877915,1.1081081081071098,65.0,120.0,111.0,27.0,228.0,140.0,123.0,62.0,2.89156626505937,1.9649122807014094,0
0.34715025906717767,-0.43258426966279984,0.3684210526313851,-0.43258426966279984,1.0,-0.1255411255410712,0.6190476190474226,0.0,0.7769230769224794,4.249999999992917,51.0,63.0,60.0,130.0,165.0,255.0,255.0,101.0,1.641693811074384,2.6288659793811044,0
-0.21912350597600833,-0.12831858407076807,-0.2283464566928235,-0.11856823266216587,-0.3164415558949376,0.3355932203388693,0.2315270935960021,0.519247088092946,2.0102040816306017,1.6025641025630755,47.0,153.0,156.0,98.0,154.0,255.0,250.0,197.0,2.713968957870795,2.3693379790938014,0
-0.17088607594931302,0.4897119341561771,-0.0709219858155777,0.13479623824447184,1.0,0.1602564102563589,-0.044982698961922155,0.0,1.3816793893119226,0.9139072847676067,64.0,185.0,151.0,131.0,154.0,62.0,138.0,181.0,2.6194690265482086,1.0806100217862569,0
-0.5915492957742313,-0.2032520325202426,-0.641975308641579,-0.23137254901951712,-0.47014801269302675,0.5433070866137454,0.08275862068962664,0.36040723987522605,3.3793103448159334,1.1804511278186613,63.0,113.0,133.0,29.0,62.0,148.0,157.0,98.0,2.8427672955965906,2.596491228069606,0
0.4999999999996324,-0.36363636363618,0.45714285714253067,-0.4497816593884499,-1.0,-0.23636363636349314,0.6274509803918493,0.0,0.6176470588229238,4.368421052620083,120.0,34.0,38.0,102.0,71.0,135.0,166.0,63.0,0.9379310344824352,2.6732673267320117,0
-0.09756097560971644,-0.9999999999994187,-0.07499999999996876,-0.9999999999995193,0.8604651163591046,-0.999999999999099,0.23442136498509364,10.0,0.0,1.612403100773944,44.0,135.0,129.0,111.0,111.0,172.0,208.0,0.0,2.5411764705876374,3.0241758241751597,0
-0.6761904761898322,0.11007025761121544,-0.6964285714279496,0.13397129186599666,-1.0,0.8661417322831236,0.31159420289843787,0.0,10.0,1.9052631578927313,29.0,88.0,95.0,17.0,124.0,190.0,181.0,237.0,3.171171171169743,2.0512820512817744,0
-0.32283464566903713,0.14004914004910565,-0.13131313131299868,-0.04722792607801905,-0.4709572493340998,0.6872727272724773,0.6398713826364503,0.3596588219453255,5.395348837196755,4.553571428563297,12.0,84.0,56.0,43.0,218.0,175.0,255.0,232.0,3.013452914796855,1.749999999999781,0
-0.21126760563365404,-0.15646258503397814,0.30232558139499727,0.07514450867049852,-0.6018518516921295,0.5371900826444062,0.6842105263154294,0.24855491321280057,3.3214285714226404,5.333333333315556,56.0,86.0,30.0,56.0,167.0,255.0,160.0,186.0,2.422535211266753,2.3638470451909193,0
-0.27619047619021314,0.016949152542368777,-0.26213592232984256,0.04218362282877365,-1.0,0.6935483870964946,0.49612403100755964,0.0,5.526315789459141,2.969230769226201,62.0,67.0,65.0,38.0,35.0,203.0,193.0,210.0,2.2905982905973117,2.4946236559135953,0
0.2589285714284558,0.032745591939538354,0.389162561576163,0.13888888888885031,-0.47395698358468796,0.1849710982658425,0.4285714285712311,0.3568917017367797,1.4539007092188272,2.4999999999959677,158.0,83.0,62.0,141.0,137.0,192.0,155.0,205.0,1.4279569892470048,2.1157024793385513,0
0.1330472103003721,-0.15740740740733455,0.17333333333325632,-0.19823788546246776,1.0,-0.18385650224207004,0.18777292576411014,0.0,0.6893939393934172,1.462365591396277,111.0,101.0,93.0,132.0,90.0,125.0,136.0,91.0,1.8157303370782436,2.3201856148486497,0
-0.2371134020617742,-0.14576271186435738,-0.02631578947367267,-0.07352941176467885,0.4728682175278924,0.06329113924047963,0.11026615969577556,2.794117657676669,1.1351351351341126,1.2478632478621814,107.0,180.0,117.0,111.0,0.0,169.0,146.0,126.0,2.491349480968427,2.913793103447648,0
-0.05357142857140466,-0.37837837837827615,0.019230769230759986,-0.37837837837827615,1.0,0.04072398190043407,0.42857142857130853,0.0,1.084905660376335,2.499999999997549,43.0,118.0,102.0,106.0,154.0,255.0,255.0,115.0,2.451948051947415,2.6187419768931166,0
-0.1353711790392422,-0.29813664596264033,-0.0875576036865956,-0.22866894197944415,0.446234954881039,0.06603773584902546,0.20805369127509798,2.6116400245386755,1.1414141414129884,1.5254237288122665,119.0,130.0,118.0,99.0,127.0,209.0,180.0,113.0,2.1757322175727665,2.5410334346500694,0
-0.8909090909074711,-0.32520325203238815,-0.7692307692278108,-0.34645669291324943,-0.3789359392290116,0.9302325581384532,0.7628865979377512,0.4503937008475077,10.0,7.434782608663328,26.0,52.0,23.0,3.0,172.0,163.0,171.0,83.0,3.127819548869829,2.244406196213039,0
0.1698113207543966,-0.5094339622638305,-0.27906976744153594,-0.5094339622638305,0.29215358935282165,0.11428571428555102,0.3714285714283592,1.8254716987683095,1.2580645161249742,2.1818181818142146,0.0,22.0,55.0,31.0,102.0,120.0,120.0,39.0,2.3466666666635376,2.5196850393694175,0
-0.25388601036256275,-0.1206434316353564,-0.3239436619716789,0.07189542483657782,-1.0,0.3898305084744111,0.003533568904592391,0.0,2.277777777774614,1.007092198580846,0.0,121.0,141.0,72.0,165.0,209.0,142.0,164.0,3.082802547769719,2.2382864792500348,0
0.005780346820805908,-0.7269076305217964,-0.09844559585487128,-0.7647058823526766,0.7718926554566937,-0.43801652892525783,0.41274238227135385,7.767801865476926,0.3908045977007002,2.405660377356221,48.0,86.0,106.0,87.0,222.0,215.0,255.0,34.0,2.241042345276143,2.5072886297372436,0
-0.12499999999996281,-0.16937354988395142,-0.013422818791941805,-0.17511520737323155,0.8576115490113191,0.09815950920242388,0.2561576354679172,10.0,1.2176870748291038,1.6887417218531864,87.0,189.0,151.0,147.0,125.0,252.0,255.0,179.0,2.4705882352937136,2.495049504950186,0
-0.2197802197801594,0.034700315457402306,-0.10126582278477808,0.6565656565653251,1.0,0.07189542483657782,-0.6730769230765995,0.0,1.1549295774639754,0.19540229885046242,65.0,222.0,174.0,142.0,47.0,153.0,34.0,164.0,2.728110599077922,2.3675048355894837,0
-0.9999999999991379,0.19469026548663954,-0.9999999999991803,0.14406779661010846,-1.0,0.9999999999992594,-0.09417040358740172,0.0,10.0,0.8278688524583377,57.0,116.0,122.0,0.0,73.0,91.0,101.0,135.0,3.211072664358751,1.8666666666661882,0
0.414141414141205,-0.6124031007747192,0.23893805309723942,-0.618320610686551,1.0,-0.6969696969692746,0.10416666666661242,0.0,0.17857142857130104,1.2325581395334504,62.0,58.0,86.0,140.0,104.0,104.0,106.0,25.0,1.459119496854887,2.468842729969594,0
-0.2413793103447087,-0.9999999999989362,-0.3245614035086296,-0.9999999999995238,0.5099337748729215,-0.9999999999987013,0.16343490304704614,3.081081082030271,0.0,1.3907284768202712,108.0,126.0,151.0,77.0,162.0,94.0,210.0,0.0,2.3066361556058794,2.148571428570815,0
-0.3873873873872129,-0.08666666666663778,-0.3429951690819599,-0.2574525745256755,-0.14246467820258643,0.33658536585349436,0.2506738544473718,0.7506011682025072,2.014705882349978,1.6690647482002383,63.0,154.0,139.0,68.0,68.0,163.0,232.0,137.0,2.806378132117812,2.45574387947223,0
-0.38308457711423727,-0.26406926406914977,-0.2914285714284049,-0.3772893772892391,0.1283961437528683,0.15646258503390717,0.24916943521586407,1.2946204127119694,1.3709677419332726,1.6637168141578198,56.0,139.0,113.0,62.0,107.0,146.0,188.0,85.0,2.808080808080099,2.413223140495369,0
-0.5658914728677784,-0.988636363635802,-0.5789473684206173,-0.9915966386550455,0.262742889343834,-0.9310344827554102,0.38596491228058893,1.7127578307012974,0.03571428571415817,2.2571428571407073,83.0,101.0,105.0,28.0,73.0,175.0,237.0,1.0,2.581469648561476,3.3018867924520516,0
-0.9999999999987952,-0.0679611650485107,-0.9999999999992063,-0.36212624584705577,-0.4682926829610287,0.9999999999989583,0.23867069486397624,0.3621262458835558,10.0,1.6269841269828358,24.0,83.0,126.0,0.0,45.0,110.0,205.0,96.0,3.494736842103424,2.4376731301932306,0
0.22619047619034158,0.13157894736837777,0.1573033707864285,-0.13131313131309816,-1.0,0.25090909090899965,0.49832775919715777,0.0,1.669902912619738,2.986666666662684,131.0,65.0,75.0,103.0,31.0,132.0,224.0,172.0,1.4285714285710363,2.261241970020929,0
-0.23076923076897718,-0.7159090909086842,-0.3577981651372864,-0.7005988023947901,0.3238866397068576,-0.16666666666638888,0.3148148148146691,1.9580838328832129,0.7142857142836734,1.9189189189163258,114.0,56.0,74.0,35.0,86.0,151.0,142.0,25.0,1.716475095784783,2.9249394673116407,0
0.08823529411758219,-0.5576923076920396,-0.06918238993706341,-0.6017316017313413,0.7937667398310333,-0.23333333333313888,0.37037037037023324,8.697756801239796,0.6216216216207816,2.1764705882327333,51.0,62.0,85.0,74.0,27.0,162.0,185.0,46.0,1.9919678714851439,3.264483627203208,0
-0.2486187845302494,-0.21718377088300306,-0.1111111111110385,-0.21718377088300306,0.3231017771583778,0.4137931034480975,0.49999999999985295,1.9546539397074933,2.4117647058788063,2.9999999999964704,86.0,113.0,85.0,68.0,70.0,255.0,255.0,164.0,2.3789473684204268,2.741935483870599,0
-0.4275092936801385,-0.3969230769229548,-0.3888888888887346,-0.3855799373039544,-0.004272543288119586,0.11999999999993144,0.11616161616158684,0.9914912676083739,1.2727272727256198,1.2628571428564213,134.0,192.0,175.0,77.0,120.0,227.0,221.0,98.0,2.5815126050415826,2.70238095238055,0
-0.9999999999978723,-0.35323383084559545,-0.9999999999970588,-0.4537815126048514,-0.375722543377363,0.9999999999984616,0.6714975845407385,0.4537815126515642,10.0,5.088235294102682,0.0,47.0,34.0,0.0,84.0,136.0,173.0,65.0,3.9999999999957447,2.584323040379434,0
0.649122807016405,-0.27710843373477284,0.021739130434758978,-0.35135135135116147,1.0,0.12149532710269019,0.47058823529384086,0.0,1.2765957446781349,2.777777777771605,10.0,10.0,45.0,47.0,70.0,106.0,125.0,60.0,1.0389610389596897,2.479532163741965,0
0.13846153846146747,-0.15824915824910496,0.19354838709667016,-0.32065217391295636,1.0,0.059322033898279954,0.5283018867922867,0.0,1.1261261261251116,3.23999999999568,87.0,84.0,75.0,111.0,196.0,172.0,243.0,125.0,1.8360655737699902,2.069172932330516,0
-0.7454545454538678,-0.5639097744356663,-0.6989247311820441,-0.7410714285710978,0.029268617910207267,0.3488372093015143,0.42335766423342214,1.0603021979545695,2.0714285714137755,2.4683544303766225,47.0,96.0,79.0,14.0,255.0,104.0,195.0,29.0,3.0355731225284446,1.691056910568762,0
-0.04580152671753977,-0.19999999999992857,0.09649122807013312,-0.38964577656665134,1.0,-0.05485232067508234,0.4245810055864736,0.0,0.8959999999992831,2.475728155337402,136.0,137.0,103.0,125.0,124.0,168.0,255.0,112.0,2.0485981308407384,2.349650349649939,0
-0.11320754716977573,-0.24723247232463202,-0.07540983606554905,-0.2791519434627989,0.5746307673820306,-0.1604938271604278,0.0492753623188263,3.701797516047235,0.723404255318636,1.103658536584693,115.0,177.0,164.0,141.0,132.0,169.0,181.0,102.0,2.3213114754094555,2.3636363636359503,0
-0.7729729729725552,-0.0389610389610221,-0.7846153846149823,0.3214285714283801,-1.0,0.6818181818176654,-0.5064935064932873,0.0,5.285714285689116,0.3275862068963635,42.0,164.0,174.0,21.0,79.0,120.0,57.0,111.0,3.3554987212267635,2.2325581395343645,0
0.3764258555131649,-0.5636363636358512,0.1455696202531185,-0.6595744680846387,1.0,-0.7658536585362118,-0.07142857142854309,0.0,0.13259668508279968,0.8666666666660248,107.0,82.0,135.0,181.0,85.0,86.0,117.0,24.0,1.4513274336279975,2.4483985765115843,0
-0.6491228070169744,-0.9999999999983606,-0.6899224806196202,-0.9999999999989899,0.18348623854285426,-0.9999999999950001,-0.048076923076899966,1.4494382024569377,0.0,0.9082568807331117,88.0,94.0,109.0,20.0,166.0,61.0,99.0,0.0,2.5405405405396824,1.6944444444438562,0
-0.25888324873083307,-0.9821428571419802,-0.14619883040927123,-0.9879518072283205,0.742187985404319,-0.9729729729716581,0.25475285171092976,6.7575903660678565,0.013698630136967536,1.6836734693860371,37.0,124.0,98.0,73.0,79.0,111.0,165.0,1.0,2.770949720669617,2.940397350992404,0
-0.31428571428541496,-0.4153846153842959,-0.3898305084742459,-0.5681818181814954,0.18616807400428814,0.027027027026990502,0.25454545454533883,1.4575098817972152,1.0555555555526235,1.6829268292662403,0.0,69.0,82.0,36.0,67.0,92.0,138.0,38.0,3.1724137931016254,2.546712802767285,0
-0.4374999999996583,-0.5999999999995863,-0.49999999999965283,-0.6777777777774013,0.15094339623929892,-0.10769230769214201,0.16602316602310194,1.355555555826855,0.8055555555533178,1.3981481481468536,64.0,92.0,108.0,36.0,110.0,116.0,151.0,29.0,2.5915492957737354,2.5013477088942047,0
-0.8545454545439009,-0.1359999999998912,-0.8490566037719829,-0.22302158273365252,-0.583945302662339,0.8620689655157551,0.26865671641771,0.26266986413995635,10.0,1.73469387754748,11.0,51.0,49.0,4.0,62.0,71.0,85.0,54.0,3.4871794871765065,2.201550387596046,0
-0.1304347826085066,0.14953271028030396,-0.4545454545450413,0.0,-1.0,0.6078431372545047,0.21182266009841783,-0.0,4.099999999986333,1.537499999998078,94.0,39.0,80.0,30.0,13.0,91.0,123.0,123.0,1.54455445544478,2.289308176099909,0
-0.25925925925909926,-0.8930481283417685,-0.13043478260860114,-0.8941798941794211,0.7453973956722537,-0.7142857142846939,0.39299610894926346,6.855379193969654,0.16666666666638888,2.2948717948688526,118.0,102.0,78.0,60.0,64.0,177.0,179.0,10.0,2.1361256544497027,3.308411214952498,0
-0.2566371681413658,-0.19642857142848374,-0.2566371681413658,-0.30769230769218936,0.09047044633714822,0.3636363636360882,0.41078838174256815,1.1989389925102132,2.1428571428520407,2.394366197179726,52.0,71.0,71.0,42.0,25.0,134.0,170.0,90.0,2.4067796610159293,2.7989556135762927,0
0.07317073170728139,-0.08196721311472051,0.34146341463393814,-0.38964577656665134,1.0,0.009009009009004951,0.6504854368929934,0.0,1.0181818181808926,4.722222222213477,100.0,95.0,54.0,110.0,87.0,132.0,255.0,112.0,1.899999999999525,2.280777537796484,0
0.10580204778153386,-0.98989898989849,0.15302491103197402,-0.9915966386550455,1.0,-0.9877300613490874,0.33146067415721026,0.0,0.00617283950616903,1.9915966386537884,78.0,131.0,119.0,162.0,139.0,197.0,237.0,1.0,2.0876494023900225,2.951310861422668,0
-0.15789473684198657,-0.9999999999993828,-0.15789473684198657,-0.9999999999992755,0.7272727273355437,-0.9999999999982142,0.28372093023242617,6.333333337344617,0.0,1.7922077922054647,0.0,77.0,77.0,56.0,33.0,162.0,138.0,0.0,2.9333333333319365,3.6302521008393196,0
0.11578947368408864,-0.7541899441336569,-0.13821138211370876,-0.6422764227637054,0.6458333334160807,-0.4133333333327822,0.18128654970749633,4.647058826891696,0.4150943396218583,1.4428571428550816,33.0,42.0,70.0,53.0,76.0,157.0,101.0,22.0,1.9764705882341316,3.0485436893196485,0
0.10132158590303907,-0.9999999999990741,0.1312217194569542,-0.9999999999994382,1.0,-0.9999999999992,0.2992700729925915,0.0,0.0,1.8541666666647352,87.0,102.0,96.0,125.0,120.0,108.0,178.0,0.0,1.96153846153799,2.571428571427806,0
-0.6708860759485179,-0.6703296703289336,-0.6749999999991563,-0.7297297297290724,0.03896103896398681,0.07142857142831634,0.17791411042933872,1.0810810812416187,1.1538461538372782,1.4328358208933838,31.0,66.0,67.0,13.0,236.0,76.0,96.0,15.0,2.9999999999982956,1.5086848635231989,0
0.17391304347813485,-0.017857142857134887,0.37288135593188737,-0.27152317880785715,-1.0,0.15183246073290482,0.676855895196211,0.0,1.358024691356348,5.189189189175164,98.0,57.0,37.0,81.0,117.0,114.0,192.0,110.0,1.5563139931735304,2.004395604395164,0
-0.08064516129025755,-0.20930232558129802,0.07547169811313635,-0.29166666666654517,1.0,0.19718309859141045,0.5196078431370003,0.0,1.4912280701728224,3.1632653061159934,54.0,67.0,49.0,57.0,255.0,130.0,155.0,85.0,2.1877551020399233,1.7333333333330443,0
-0.4748603351952655,-0.2286995515694042,-0.4534883720927596,-0.11794871794865747,-0.5871856413424288,0.29323308270654647,-0.06837606837603916,0.2600920447648008,1.82978723403866,0.8719999999993023,34.0,132.0,125.0,47.0,95.0,137.0,109.0,86.0,3.060869565216504,2.4087912087906793,0
0.18791946308718527,-0.39705882352911986,0.23344947735183505,-0.24770642201812137,1.0,-0.6238532110088881,-0.23595505617964274,0.0,0.23163841807896518,0.6181818181812562,97.0,121.0,110.0,177.0,120.0,95.0,68.0,41.0,1.8759689922476983,2.1652421652415486,0
-0.5208333333327908,-0.687499999999463,-0.40259740259687976,-0.6116504854362994,0.20611636004036965,-0.06976744186030287,0.21167883211663382,1.5192608835598234,0.8695652173875237,1.5370370370341906,83.0,73.0,54.0,23.0,185.0,108.0,83.0,20.0,2.317460317459398,2.052256532066021,0
0.09374999999995118,-0.20779220779207289,0.22807017543846314,-0.21290322580631427,-1.0,-0.2650602409636958,0.17499999999989063,0.0,0.5809523809518277,1.4242424242402663,22.0,87.0,66.0,105.0,110.0,93.0,94.0,61.0,2.3122923588032185,2.0840336134447943,0
-0.5294117647052595,-0.4878048780481856,-0.6296296296290467,-0.6216216216210616,-0.006400000000499001,0.024390243902379535,0.011235955056173464,0.9872813992029331,1.04999999999475,1.0227272727261105,34.0,65.0,88.0,20.0,38.0,61.0,90.0,21.0,2.8260869565202036,2.6961325966835936,0
0.3333333333330065,-0.20754716981119023,0.10569105691048318,-0.2124999999998672,1.0,-0.038167938931268575,0.27631578947350244,0.0,0.9264705882339317,1.763636363633157,63.0,34.0,55.0,68.0,163.0,96.0,97.0,63.0,1.3668341708535845,1.83732057416224,0
0.167567567567477,-0.38317757009309983,0.17391304347816636,-0.38317757009309983,1.0,-0.5319148936166441,-0.013333333333324445,0.0,0.30555555555527264,0.9736842105250346,90.0,77.0,76.0,108.0,121.0,74.0,74.0,33.0,1.7499999999995028,1.9602649006616026,0
-0.21333333333319113,-0.0824742268040812,-0.2848484848483122,0.1194968553458368,-1.0,0.20270270270256577,-0.20454545454533835,0.0,1.5084745762686296,0.6603773584899431,21.0,91.0,106.0,59.0,106.0,105.0,70.0,89.0,2.778625954197413,2.074074074073562,0
0.3703703703700274,-0.9858156028361803,0.5257731958757467,-0.9902912621354417,1.0,-0.9733333333320355,0.7982456140347377,0.0,0.013513513513495251,8.913043478222118,35.0,34.0,23.0,74.0,51.0,140.0,205.0,1.0,1.5367231638409398,3.3734939759025986,0
0.08064516129025755,-0.3643410852710354,0.0634920634920131,-0.4459459459456447,1.0,-0.24074074074051782,0.28915662650584995,0.0,0.6119402985065493,1.8135593220308244,43.0,57.0,59.0,67.0,119.0,88.0,107.0,41.0,2.035714285713377,2.095238095237472,0
-0.9679999999992256,-0.6296296296292411,-0.9611650485427561,-0.5652173913039383,-0.2594026548841363,0.8749999999972656,0.033492822966491156,0.5880544576810014,10.0,1.0693069306920107,89.0,123.0,101.0,2.0,138.0,132.0,108.0,30.0,2.919881305637116,2.444444444443879,0
0.07509881422921934,-0.7580645161287266,0.3399014778323449,-0.7510373443980286,1.0,-0.6385542168670852,0.5179856115106051,0.0,0.22058823529395546,3.1492537313385833,106.0,117.0,67.0,136.0,51.0,218.0,211.0,30.0,1.9663865546214356,3.373307543519657,0
0.251798561150898,-0.5102040816323928,-0.022471910112346928,-0.48663101604252057,0.9117195800209363,-0.2888888888886749,0.20869565217382233,10.0,0.5517241379304003,1.527472527470849,4.0,52.0,91.0,87.0,159.0,148.0,139.0,48.0,2.1333333333322395,2.3538767395621565,0
0.37999999999962,-0.12359550561790811,0.06976744186041103,-0.2571428571427347,1.0,0.061224489795876726,0.3749999999998047,0.0,1.1304347826070573,2.1999999999963333,21.0,31.0,60.0,69.0,58.0,100.0,132.0,78.0,1.6315789473673479,2.3809523809516726,0
-0.3285714285711939,-0.5862068965512188,-0.3285714285711939,-0.5428571428566259,0.24590163937236864,-0.3239436619713747,-0.06896551724133967,1.6521739135459204,0.5106382978712539,0.8709677419345473,31.0,93.0,93.0,47.0,126.0,92.0,81.0,24.0,2.8181818181807508,2.2035928143705976,0
0.32258064516077,-0.3333333333330065,-0.1458333333331814,-0.2916666666663628,0.3333333334095238,-0.09333333333320888,0.05982905982900869,2.0000000013714287,0.8292682926809042,1.1272727272706777,51.0,21.0,55.0,41.0,217.0,68.0,62.0,34.0,1.2537313432826467,1.4056847545216007,0
0.3717948717946335,0.17837837837828197,0.24418604651148595,0.08457711442781862,-0.48548301938423577,0.009259259259254972,0.1719745222928841,0.3463634208484716,1.0186915887840946,1.4153846153824379,117.0,49.0,65.0,107.0,255.0,76.0,92.0,109.0,1.217391304347448,1.1782945736431825,0
-0.3199999999997867,0.011363636363629907,-0.3419354838707472,-0.15639810426532874,-0.3723156216232947,0.27142857142837756,0.07964601769907981,0.45739068241945563,1.7450980392122644,1.1730769230757951,104.0,99.0,104.0,51.0,255.0,87.0,122.0,89.0,2.2436260623223108,1.343629343629084,0
0.015624999999987794,0.14864864864859845,-0.23076923076909422,0.16438356164377932,-1.0,0.4468085106381078,0.07964601769907981,0.0,2.6153846153805915,1.1730769230757951,97.0,63.0,104.0,65.0,163.0,126.0,122.0,170.0,1.7499999999993925,1.7230769230766283,0
0.151515151515075,-0.9999999999986666,0.3902439024387865,-0.9999999999988372,1.0,-0.9999999999991228,0.26470588235274656,0.0,0.0,1.7199999999965598,90.0,84.0,50.0,114.0,188.0,75.0,86.0,0.0,1.8064516129027404,1.7751479289935577,0
-0.4456521739128013,-0.591836734693475,-0.32450331125806325,-0.6938775510200542,0.3627073656627558,-0.25925925925893917,0.24812030075178643,2.138275719109909,0.5882352941164937,1.65999999999834,95.0,133.0,100.0,51.0,122.0,117.0,166.0,30.0,2.5825242718440333,2.4248704663206153,0
-0.04635761589400904,-0.9999999999994792,0.2631578947366113,-0.999999999998969,1.0,-0.9999999999986111,0.39568345323712545,0.0,0.0,2.3095238095183106,59.0,79.0,42.0,72.0,132.0,192.0,97.0,0.0,2.186851211071908,2.9767441860459343,0
-0.9999999999986486,-0.9999999999993903,-0.999999999998305,-0.99999999999875,2.224886941463334e-13,0.0,0.1510791366905388,1.000000000100445,0.0,1.3559322033875323,93.0,74.0,59.0,0.0,60.0,164.0,80.0,0.0,2.4564315352686905,3.381443298968201,0
0.714285714282313,-0.9999999999993828,0.05882352941159169,-0.9999999999987341,1.0,-0.9999999999944446,0.6631578947361441,0.0,0.0,4.937499999969141,43.0,3.0,16.0,18.0,76.0,162.0,79.0,0.0,0.35820895522334595,3.23999999999919,0
-0.42995169082104834,-0.1111111111110385,-0.4326923076920997,-0.116883116883041,-0.5746421268939836,0.07086614173222766,-0.26808510638286465,0.2701298701922546,1.1525423728794024,0.577181208053304,44.0,148.0,149.0,59.0,34.0,85.0,86.0,68.0,2.967418546365171,2.499999999999081,0
-0.5555555555551698,-0.32967032967014853,-0.5038759689918575,-0.15862068965506304,-0.5211426727706917,0.311827956988912,-0.07182320441984982,0.3148010610704604,1.9062499999940428,0.8659793814424062,19.0,112.0,97.0,32.0,125.0,121.0,84.0,61.0,3.2581818181806335,2.2616822429901258,0
0.451612903225078,-0.4685990338161988,0.40624999999936523,-0.44444444444422,1.0,0.0999999999999,0.7654320987649597,0.0,1.222222222219506,7.526315789434073,0.0,17.0,19.0,45.0,98.0,152.0,143.0,55.0,1.721518987339593,2.660831509846245,0
-0.8245614035080486,-0.6895306859203287,-0.8319327731085446,-0.3812949640285027,-0.3714371138435992,0.6226415094327874,-0.06341463414631053,0.45832424974630315,4.299999999957,0.8807339449533204,38.0,104.0,109.0,10.0,134.0,234.0,96.0,43.0,3.249999999998731,2.9023255813948987,0
-0.4205607476631584,-0.9999999999993151,-0.5810810810806885,-0.999999999999375,0.26495726497404654,-0.9999999999967742,0.15523465703965517,1.720930232854387,0.0,1.3675213675201987,82.0,76.0,117.0,31.0,0.0,146.0,160.0,0.0,2.294339622640644,3.9999999999986304,0
0.01851851851850137,-0.9542857142851691,0.02803738317754389,-0.967611336031997,1.0,-0.8644067796595518,0.6474576271184246,0.0,0.0727272727271405,4.673076923067936,98.0,53.0,52.0,55.0,129.0,171.0,243.0,4.0,1.637065637065005,2.8799999999993937,0
-0.17999999999982,0.22881355932193695,-0.5147928994079795,0.12403100775188991,-1.0,0.559139784945936,-0.06224066390038911,0.0,3.5365853658450326,0.8828124999993104,18.0,59.0,128.0,41.0,144.0,91.0,113.0,145.0,2.66666666666516,1.5456475583860838,0
-0.13846153846132545,0.07602339181282104,-0.18840579710117622,0.02222222222220988,-1.0,0.5333333333328889,0.3643410852710354,0.0,3.2857142857025514,2.146341463409399,53.0,37.0,41.0,28.0,97.0,79.0,88.0,92.0,1.9096774193536068,1.8213256484144609,0
-0.7699115044240974,-0.34939759036123536,-0.8059701492531299,-0.17557251908383545,-0.6422518863103597,0.6119402985065493,-0.22222222222211,0.2178399774089867,4.153846153814201,0.6363636363631104,30.0,100.0,121.0,13.0,162.0,112.0,77.0,54.0,3.292181069957493,2.0363636363631734,0
-0.6880733944947816,-0.23170731707302947,-0.7118644067790577,0.06779661016943407,-1.0,0.5749999999992812,-0.29487179487160586,0.0,3.7058823529193776,0.5445544554450054,55.0,92.0,101.0,17.0,30.0,101.0,55.0,63.0,2.874999999998877,2.7389830508465294,0
-0.29323308270654647,0.2885375494070006,-0.38562091503242774,0.5233644859810639,1.0,0.5523809523806894,-0.3503184713373565,0.0,3.4680851063755997,0.4811320754712442,71.0,86.0,106.0,47.0,148.0,90.0,51.0,163.0,2.37241379310263,1.4663951120159946,0
0.03846153846151381,0.004081632653059559,-0.13368983957212102,0.22999999999988502,1.0,0.20588235294107557,-0.15846994535510467,0.0,1.5185185185166439,0.7264150943389374,94.0,75.0,106.0,81.0,255.0,122.0,77.0,123.0,1.8461538461532783,1.5691318327971753,0
0.5405405405401753,0.007633587786256629,0.4249999999997344,0.15283842794753152,-0.4709994331320947,0.07317073170728733,0.35664335664310726,0.35961983038038836,1.1578947368410895,2.1086956521693287,90.0,34.0,46.0,114.0,161.0,130.0,97.0,132.0,0.9999999999996324,1.880650994574705,0
-0.15999999999989334,-0.8085106382970122,-0.0802919708028611,-0.8105263157886204,0.819734345443011,-0.7499999999989583,0.07499999999995313,10.0,0.1428571428569161,1.1621621621605915,187.0,87.0,74.0,63.0,183.0,85.0,86.0,9.0,1.641509433961877,1.8784530386735143,0
-0.30516431924868304,-0.18688524590157807,-0.29857819905199123,-0.04247104247102607,-0.7509389421667266,0.252525252525125,-0.0073529411764678854,0.142244285149081,1.6756756756734112,0.9854014598532954,76.0,139.0,137.0,74.0,72.0,181.0,135.0,124.0,2.5981308411208883,2.5949820788525813,0
-0.11363636363629907,-0.6242038216558522,-0.012658227848093255,-0.6026936026933998,0.958858567824487,-0.1386861313867601,0.4968553459117935,10.0,0.7564102564092866,2.9749999999962813,100.0,98.0,80.0,78.0,61.0,255.0,238.0,59.0,2.096256684491418,3.238095238094724,0
-0.6632653061221107,-0.5596330275227647,-0.5319148936166441,-0.46666666666649387,-0.06534090909728381,0.37142857142821767,0.29411764705872745,0.8773333334985692,2.18181818181157,1.8333333333316357,126.0,163.0,108.0,33.0,86.0,255.0,198.0,72.0,2.6886597938138785,3.0538922155684047,0
0.594594594593791,-0.42465753424642994,0.29670329670297063,-0.3333333333332011,1.0,0.17482517482505258,0.67999999999966,0.0,1.4237288135569088,5.249999999983594,19.0,15.0,32.0,59.0,114.0,208.0,168.0,84.0,1.1111111111100822,2.7100977198692653,0
-0.5157894736836676,-0.3648648648646184,-0.4772727272721849,-0.23577235772338553,-0.33868877952390414,0.34285714285665303,0.07801418439710779,0.4939992258102071,2.0434782608606805,1.1692307692289703,36.0,72.0,65.0,23.0,58.0,101.0,76.0,47.0,2.8374384236439227,2.6319218241033773,0
-0.43790849673174,-0.13953488372087616,-0.36296296296269415,-0.09387755102036985,-0.5890138982095646,0.4415584415581549,0.18584070796451954,0.2586422324745099,2.581395348831206,1.4565217391288516,59.0,110.0,92.0,43.0,66.0,147.0,134.0,111.0,2.7329192546575363,2.496815286623674,0
-0.16363636363621487,-0.5151515151513201,-0.15596330275215048,-0.4775510204079684,0.507625014857478,0.16363636363621487,0.483606557376851,3.0619447798759714,1.3913043478230622,2.8730158730113127,21.0,64.0,63.0,46.0,98.0,200.0,181.0,64.0,2.625641025639679,2.8469750889674645,0
-0.6320754716978151,-0.9137254901957201,-0.5666666666663519,-0.917293233082362,0.23627765581739182,-0.55999999999888,0.2878787878787152,1.6187527645495532,0.28205128205055885,1.8085106382965899,107.0,173.0,141.0,39.0,66.0,244.0,255.0,11.0,2.8130081300807293,3.4548672566365566,0
-0.08620689655164981,-0.9999999999993057,-0.21481481481465572,-0.9999999999993057,0.6463414634678525,-0.9999999999981132,0.27433628318571934,4.655172415960382,0.0,1.7560975609734681,92.0,63.0,82.0,53.0,51.0,144.0,144.0,0.0,1.8597785977852916,3.398230088494573,0
-0.4418604651159366,-0.3877551020406581,-0.41463414634112633,-0.4423791821559694,0.0323741007234224,0.3513513513510348,0.3807829181493307,1.0669144983990495,2.083333333327546,2.2298850574687012,9.0,93.0,87.0,36.0,152.0,170.0,194.0,75.0,3.2207792207778265,2.3985890652553086,0
-0.2962962962961134,0.03517587939696725,-0.30487804878030195,0.17714285714275593,-1.0,0.28749999999982034,-0.195530726256874,0.0,1.8070175438564788,0.6728971962610534,42.0,105.0,107.0,57.0,16.0,96.0,72.0,103.0,2.718446601940868,2.469453376204994,0
-0.2682926829266111,0.1270718232043497,-0.18181818181801654,0.07936507936503738,-1.0,0.3877551020405526,0.14473684210516793,0.0,2.2666666666616297,1.3384615384594793,15.0,78.0,65.0,45.0,31.0,79.0,87.0,102.0,2.8888888888875517,2.171821305841178,0
-0.3298429319370001,-0.19999999999990478,-0.3435897435895674,-0.08196721311470931,-0.6147767682203338,0.13513513513504383,-0.13913043478254822,0.238561291970574,1.3124999999979492,0.7557251908391178,40.0,127.0,131.0,64.0,100.0,126.0,99.0,84.0,2.8379888268148497,2.311926605504057,0
-0.7241379310339834,-0.7070063694263014,-0.6825396825391409,-0.7415730337074486,0.04145272386025885,0.06976744186030287,0.18773946360146065,1.086490723963982,1.14999999999425,1.4622641509420167,22.0,125.0,106.0,20.0,29.0,134.0,155.0,23.0,3.424657534245403,3.3499999999989534,0
-0.19444444444430942,0.12258064516121125,-0.0719999999999424,0.3488372093020552,1.0,0.1999999999998621,-0.22935779816492718,0.0,1.4999999999974138,0.6268656716408554,71.0,86.0,67.0,58.0,130.0,68.0,42.0,87.0,2.2857142857135266,1.5410764872516882,0
0.5748792270528624,-0.30169491525413505,0.41125541125523324,-0.041860465116259606,-1.0,-0.2255639097743513,0.24444444444430866,0.0,0.6319018404904099,1.6470588235269896,152.0,44.0,68.0,163.0,167.0,192.0,112.0,103.0,0.873449131513431,2.34862385321065,0
0.5106382978721594,-0.39649122807003634,0.48432055749112046,-0.19626168224289894,-1.0,-0.4247491638794566,0.267326732673135,0.0,0.4037558685444114,1.7297297297273921,236.0,69.0,74.0,213.0,122.0,199.0,128.0,86.0,0.9403747870526507,2.6270627062701934,0
0.11884057971011049,0.03448275862067644,0.2953020134227197,0.14893617021270258,-0.329476052642042,-0.17682926829262902,-0.02439024390242713,0.5043520307769382,0.6994818652846118,0.9523809523800454,178.0,152.0,105.0,193.0,187.0,126.0,100.0,135.0,1.8014814814812146,1.7560975609753038,0
-0.17408906882584047,-0.06183368869934716,-0.20930232558131423,0.06537530266342242,-1.0,0.3664596273290788,0.106017191977047,0.0,2.156862745095925,1.2371794871786943,52.0,145.0,156.0,102.0,62.0,249.0,193.0,220.0,2.612612612612024,2.5538461538458264,0
-0.08502024291494534,-0.23157894736836013,-0.07755102040813161,-0.2718204488777377,0.5560540731110837,0.12741312741307823,0.317829457364259,3.505053161102459,1.292035398228945,1.9318181818167186,147.0,134.0,132.0,113.0,69.0,234.0,255.0,146.0,2.0303030303026457,2.740849194728735,0
-0.14953271028030396,0.030640668523668348,-0.17272727272719424,-0.09313725490193796,-0.2993630574373453,0.34057971014480415,0.2670454545453787,0.5392156865868002,2.032967032964799,1.7286821705412958,120.0,123.0,129.0,91.0,130.0,174.0,223.0,185.0,2.1531728665203165,2.0995475113119,0
-0.31386861313845704,0.089108910891045,-0.27692307692286394,-0.1698113207546529,-0.2397660819248312,0.4012738853500629,0.30252100840323426,0.6132075473914876,2.340425531909914,1.8674698795158222,95.0,90.0,83.0,47.0,116.0,92.0,155.0,110.0,2.2360248447198026,1.7951219512190744,0
-0.9687499999992433,-0.9999999999992909,-0.9622641509424884,-0.9999999999988095,0.019230769231625772,-0.99999999995,-0.10638297872334768,1.03921568638225,0.0,0.807692307691531,83.0,126.0,104.0,2.0,60.0,141.0,84.0,0.0,2.991097922847777,3.2982456140341236,0
-0.28971962616795355,-0.48387096774162336,-0.3274336283182943,-0.5652173913040407,0.26637931037482765,0.025641025640992767,0.3150684931505411,1.7262044658626818,1.0526315789445984,1.91999999999744,63.0,69.0,75.0,38.0,126.0,115.0,144.0,40.0,2.309623430961377,2.3232323232317365,0
-0.27131782945715405,-0.8248175182475732,-0.33333333333309695,-0.8867924528297705,0.453608247459952,-0.5932203389820454,0.3605442176869522,2.660377359289311,0.25531914893562696,2.1276595744658215,60.0,82.0,94.0,47.0,55.0,125.0,200.0,12.0,2.4206642066411734,3.1545741324911187,0
-0.37499999999983263,-0.8313253012043186,-0.32367149758438474,-0.895910780668812,0.46920924757201654,-0.666666666665873,0.30102040816318854,2.7679631590422464,0.19999999999971427,1.8613138686117803,91.0,154.0,137.0,70.0,86.0,152.0,255.0,14.0,2.626865671641231,3.009900990098265,0
-0.27638190954759984,-0.14124293785302755,-0.3009708737862617,-0.28971962616808894,-0.019047619050834623,0.02702702702700877,0.014705882352935771,0.9626168227497612,1.0555555555540894,1.0298507462678883,33.0,127.0,134.0,72.0,65.0,101.0,138.0,76.0,2.8300835654588217,2.3556851311946487,0
-0.4634146341461531,-0.23163841807896518,-0.30158730158714203,-0.3928571428569675,0.13142857144753775,0.014925373134317221,0.11827956989243073,1.3026315793794014,1.0303030303014693,1.268292682925798,70.0,180.0,123.0,66.0,70.0,109.0,156.0,68.0,2.9032258064510277,2.449438202246503,0
-0.2857142857141497,-0.9999999999993672,-0.24623115577877075,-0.99999999999875,0.6048387097257157,-0.9999999999986666,-0.2156862745096982,4.061224491442237,0.0,0.6451612903220604,84.0,135.0,124.0,75.0,2.0,158.0,80.0,0.0,2.517482517481931,3.974842767294348,0
-0.7024793388423947,-0.4434782608691796,-0.7096774193542664,-0.21951219512168352,-0.5275190517080641,0.27999999999944,-0.3589743589741289,0.30931263862438846,1.7777777777679014,0.47169811320710214,21.0,103.0,106.0,18.0,49.0,83.0,50.0,32.0,3.363265306121076,2.6882591093106525,0
-0.8510638297863287,-0.7181818181814917,-0.8352941176460761,-0.621951219511816,-0.14640149651464254,0.631578947366759,0.2606635071088812,0.7445894882379658,4.428571428508163,1.705128205126019,6.0,87.0,78.0,7.0,0.0,189.0,133.0,31.0,3.7219251336878494,3.696821515891517,0
-0.5433070866137454,-0.5670995670993216,-0.43689320388307096,-0.5670995670993216,0.12968854656375112,0.2658227848097901,0.4196078431370904,1.2980278983257008,1.7241379310285376,2.4459459459426407,46.0,98.0,74.0,29.0,133.0,181.0,181.0,50.0,2.8929889298882316,2.656880733944466,0
-0.4239999999996608,0.4076923076921509,-0.3898305084742459,0.8208955223876514,1.0,0.6712328767120223,-0.63999999999936,0.0,5.083333333319213,0.21951219512168352,37.0,89.0,82.0,36.0,225.0,77.0,18.0,183.0,2.836653386453053,1.0960854092524739,0
0.48898678414075375,-0.5811965811963329,0.4444444444442545,-0.5775862068963028,1.0,-0.5504587155960778,0.4758064516127114,0.0,0.2899408284021953,2.815384615380284,103.0,58.0,65.0,169.0,162.0,185.0,183.0,49.0,1.1958762886594856,2.5473321858859643,0
0.3934426229507122,-0.2608695652172968,0.41274238227135385,-0.41040462427733804,-1.0,-0.42857142857130853,0.39428571428560166,0.0,0.39999999999984315,2.3018867924506585,255.0,111.0,106.0,255.0,112.0,174.0,244.0,102.0,1.2131147540981948,2.4768683274016943,0
0.1578947368420459,-0.019354838709671175,0.31063829787220826,0.05555555555553627,-0.6965784375115017,-0.006535947712416165,0.2534562211980399,0.17884322673087344,0.9870129870123462,1.6790123456769395,158.0,112.0,81.0,154.0,93.0,158.0,136.0,152.0,1.671641791044464,2.253119429589616,0
-0.19402985074617213,-0.10787172011658663,-0.09999999999994445,-0.2444444444443841,0.41935483883155283,0.3076923076921762,0.4358974358973117,2.444444446889643,1.888888888886557,2.545454545451974,29.0,120.0,99.0,81.0,130.0,190.0,252.0,153.0,2.742857142856359,2.2926093514325347,0
-0.037037037037017446,-0.24398625429544882,-0.1291866028707516,-0.3972602739724939,0.5092131475071606,0.09452736318403258,0.36729222520097393,3.07508878979853,1.2087912087898804,2.161016949150711,183.0,98.0,118.0,91.0,131.0,181.0,255.0,110.0,1.6680851063826239,2.401326699833764,0
0.2755102040814921,-0.5932203389827158,0.05042016806720571,-0.6129032258061221,1.0,-0.5527950310555573,0.14068441064633436,0.0,0.2879999999997696,1.3274336283174093,151.0,71.0,113.0,125.0,31.0,141.0,150.0,36.0,1.3588516746408232,3.2320916905434864,0
-0.17241379310338223,-0.9999999999990908,0.04347826086954422,-0.9999999999989011,1.0,-0.9999999999990741,-0.04210526315787258,0.0,0.0,0.9191919191909907,106.0,153.0,99.0,108.0,85.0,110.0,91.0,0.0,2.353846153845701,2.8852459016383984,0
-0.9999999999990741,-0.9999999999985916,-0.9999999999986111,-0.9999999999992648,3.268496584663357e-13,0.0,0.30769230769215977,1.0000000001006537,0.0,1.8888888888862654,111.0,108.0,72.0,0.0,72.0,71.0,136.0,0.0,2.6422018348615772,2.6542056074753955,0
-0.649999999998375,-0.6477987421379574,-0.740740740739369,-0.6137931034478527,-0.09372053555226037,0.5999999999982857,0.4268292682924227,0.8286206897679993,3.9999999999428573,2.489361702122363,53.0,33.0,47.0,7.0,95.0,131.0,117.0,28.0,2.0952380952364322,2.722077922077215,0
-0.5584415584408332,-0.32124352331597894,-0.6344086021498555,-0.12374581939795193,-0.6735603833539846,0.7702702702697499,0.37704918032771434,0.19505696959043956,7.705882352895848,2.210526315786565,71.0,60.0,76.0,17.0,76.0,255.0,168.0,131.0,2.307692307691198,2.8451882845184313,0
-0.6530612244891295,-0.7226890756299484,-0.6091954022981504,-0.6958525345618913,0.06640149363316034,0.31999999999935996,0.4488188976376186,1.142248500318711,1.9411764705768169,2.6285714285676733,57.0,81.0,70.0,17.0,67.0,205.0,184.0,33.0,2.7457627118632435,3.2156862745091734,0
-0.6202531645561769,-0.3670886075947044,-0.6153846153838264,-0.25925925925906723,-0.40716612382482803,0.5384615384607101,0.1486486486485482,0.42129629636498506,3.3333333333111113,1.3492063492042077,26.0,64.0,63.0,15.0,14.0,108.0,85.0,50.0,3.0295857988147756,3.0857142857131836,0
-0.8736842105253961,-0.1544117647058256,-0.8620689655162505,0.08490566037731845,-1.0,0.9008264462802472,0.08988764044938771,0.0,10.0,1.1975308641960525,137.0,89.0,81.0,6.0,49.0,157.0,97.0,115.0,2.2180685358248544,2.6276150627609565,0
-0.38235294117618945,-0.9999999999994382,-0.2631578947366113,-0.9999999999993104,0.5833333333795758,-0.999999999997619,0.33640552995376205,3.800000001444713,0.0,2.013888888886092,56.0,94.0,72.0,42.0,83.0,178.0,145.0,0.0,2.6293706293697103,3.2437357630972112,0
-0.9999999999933333,-0.9999999999993244,-0.9999999999977778,-0.9999999999987952,5.087041899095536e-13,0.0,0.2968749999997681,1.0000000001010174,0.0,1.8444444444403456,0.0,15.0,45.0,0.0,88.0,148.0,83.0,0.0,3.999999999986667,3.0833333333325306,0
0.9999999999937501,-0.8918918918915476,0.6842105263121885,-0.8857142857139243,1.0,-0.06666666666644445,0.974358974358558,0.0,0.8749999999945314,10.0,18.0,0.0,3.0,16.0,90.0,245.0,231.0,14.0,0.0,3.2996632996627437,0
-0.03759398496237775,-0.1238938053096797,-0.06569343065688636,-0.31249999999989153,0.6525934863005302,0.21472392638023638,0.4427480916028845,4.756944451687391,1.546874999997583,2.589041095886864,47.0,69.0,73.0,64.0,55.0,127.0,189.0,99.0,2.2168674698786277,2.4901960784307624,0
-0.29100529100513706,-0.04999999999997917,-0.4096916299557667,0.31034482758602855,-1.0,0.2596685082871494,-0.454545454545248,0.0,1.7014925373108933,0.37499999999976563,64.0,122.0,160.0,67.0,252.0,126.0,60.0,114.0,2.602666666665973,1.6310679611647845,0
0.4162679425835329,-0.30821917808208626,0.7011494252869535,-0.3355263157893633,-1.0,-0.1887550200802455,0.7729257641918023,0.0,0.6824324324319714,7.807692307662279,144.0,61.0,26.0,148.0,188.0,191.0,203.0,101.0,1.1787439613523722,2.2771982116241016,0
0.38586956521728644,-0.24489795918354854,0.4782608695650788,-0.4657039711189655,-1.0,-0.5501519756837234,0.3856655290101073,0.0,0.2901960784312588,2.2555555555530495,232.0,113.0,90.0,255.0,59.0,122.0,203.0,74.0,1.267882187938111,2.5888594164449366,0
-0.1842105263156683,-0.5389830508472749,-0.24390243902424155,-0.41880341880323985,0.26391947157183765,0.04615384615381066,0.23880597014916463,1.7170940177983387,1.096774193546618,1.6274509803905612,31.0,90.0,102.0,62.0,60.0,227.0,166.0,68.0,2.6373626373616714,3.1202749140888106,0
-0.014705882352935771,-0.5527950310555573,0.3333333333331675,-0.6666666666663581,1.0,-0.576470588234955,0.4574898785423249,0.0,0.26865671641771,2.6865671641750946,74.0,138.0,67.0,134.0,194.0,125.0,180.0,36.0,2.280991735536719,2.083333333332899,0
0.0,-0.4179104477608822,-0.017699115044239957,-0.6157635467977263,0.944119468871081,-0.47999999999968,0.17562724014330625,10.0,0.3513513513510348,1.426086956520499,138.0,111.0,115.0,111.0,83.0,95.0,164.0,39.0,1.8853503184709373,2.4358974358966554,0
-0.310606060605943,-0.9999999999991935,-0.30534351145026517,-0.9999999999990477,0.5321637427306221,-0.9999999999989011,-0.23913043478252208,3.2750000010706932,0.0,0.6140350877189392,103.0,173.0,171.0,91.0,18.0,124.0,105.0,0.0,2.562962962962488,3.729323308269275,0
-0.33333333333318715,-0.999999999999115,-0.3274336283184392,-0.9999999999990291,0.5066666667046391,-0.9999999999986842,-0.18577075098806886,3.0540540549851647,0.0,0.6866666666662089,44.0,152.0,150.0,76.0,52.0,113.0,103.0,0.0,2.8679245283012107,3.2517985611499096,0
-0.8604651162784028,-0.9777777777766914,-0.837837837837083,-0.9718309859141242,0.07404291123648536,-0.799999999992,-0.1860465116277988,1.159927305907959,0.11111111110987654,0.6862745098032488,81.0,120.0,102.0,9.0,53.0,89.0,70.0,1.0,2.9090909090900277,3.0689655172400565,0
-0.4666666666663556,-0.6975609756094159,-0.4244604316543709,-0.6684491978606052,0.2232469727042657,-0.12676056338010316,0.22352941176461824,1.5748209919420504,0.7749999999980625,1.575757575755984,60.0,110.0,99.0,40.0,42.0,174.0,156.0,31.0,2.7499999999991407,3.3064133016619226,0
-0.4754098360647944,-0.6887417218540766,-0.5897435897428337,-0.6887417218540766,0.0774339221741478,0.492063492062711,0.6088328075707858,1.1678663981260045,2.937499999981641,4.112903225799818,86.0,45.0,62.0,16.0,3.0,255.0,255.0,47.0,1.8749999999990237,3.642857142856492,0
-0.2857142857138775,-0.8719211822655804,-0.2857142857138775,-0.8854625550656893,0.5120902740903006,-0.3157894736833795,0.6525096525094006,3.0991189438190316,0.51999999999792,4.755555555544987,59.0,45.0,45.0,25.0,184.0,190.0,214.0,13.0,2.06896551724019,2.6343154246095954,0
-0.9999999999984127,-0.3303964757707796,-0.9999999999985294,-0.17837837837828197,-0.6972477064809495,0.9999999999986842,0.23163841807896518,0.17837837839638213,10.0,1.6029411764682309,31.0,63.0,68.0,0.0,124.0,151.0,109.0,76.0,3.2101910828005034,2.406374501991553,0
-0.9999999999988889,-0.037499999999988286,-0.9999999999992483,0.016501650165011057,-1.0,0.9999999999993507,0.05673758865246215,0.0,10.0,1.120300751878857,72.0,90.0,133.0,0.0,113.0,166.0,149.0,154.0,2.8571428571417234,2.2170283806340203,0
-0.6290322580640089,-0.47058823529391997,-0.5257731958757467,-0.4545454545452578,-0.0726577437929651,0.4651162790692266,0.3884297520659552,0.8645276293984584,2.7391304347706997,2.2702702702672024,0.0,101.0,74.0,23.0,147.0,175.0,168.0,63.0,3.591111111109515,2.4999999999995532,0
-0.4285714285710204,-0.39860139860111987,-0.393939393938996,-0.6090909090906322,0.21450151059566847,0.17808219178057796,0.43902439024372397,1.5461538465471905,1.4333333333285556,2.56521739130063,26.0,75.0,69.0,30.0,28.0,100.0,177.0,43.0,2.9126213592218875,2.9520295202941136,0
-0.8181818181809917,-0.515151515151255,-0.7599999999989866,-0.6655052264806044,-0.06628861948010821,0.6842105263145891,0.5672131147539125,0.8756647718013925,5.333333333274074,3.6212121212066344,37.0,90.0,66.0,9.0,14.0,150.0,239.0,48.0,3.1858407079631923,3.3149171270709075,0
-0.09890109890099022,-0.057268722466935124,-0.2807017543857187,-0.044642857142837215,-0.7255657200110686,0.4459459459456447,0.23157894736829918,0.15904017862815514,2.60975609755461,1.6027397260252016,44.0,50.0,73.0,41.0,118.0,120.0,117.0,107.0,2.1621621621609934,2.064516129031814,0
-0.22743682310461105,-0.31092436974776855,-0.32063492063481885,-0.2869565217390057,-0.05542935030450154,-0.1322751322750623,-0.1685393258426493,0.8949634096634341,0.7663551401861997,0.7115384615381195,91.0,170.0,208.0,107.0,181.0,156.0,148.0,82.0,2.527881040891723,2.170434782608318,0
-0.11587982832613053,-0.09465020576127793,-0.046296296296274866,-0.31677018633530535,0.7449706955956866,0.032863849765242786,0.3046153846152909,6.842236039624993,1.0679611650475067,1.8761061946886053,123.0,130.0,113.0,103.0,93.0,133.0,212.0,110.0,2.139917695472811,2.2686567164174267,0
0.4277108433733652,-0.2619926199261026,0.3427762039659086,-0.1228070175438058,-1.0,-0.4065281899108586,0.04918032786883231,0.0,0.4219409282698642,1.1034482758611177,205.0,95.0,116.0,237.0,97.0,171.0,128.0,100.0,1.20253164556943,2.5380333951757814,0
-0.7540983606551196,-0.13333333333330372,-0.7810218978096489,-0.09722222222219971,-0.7785986379738151,0.857142857142449,0.3203342618383509,0.1244807892164156,10.0,1.94262295081808,14.0,107.0,122.0,15.0,123.0,255.0,237.0,195.0,3.5226337448545175,2.4637681159417313,0
-0.4173228346453407,-0.5128205128201841,-0.24489795918342358,-0.3274336283182943,0.1442095298453957,0.013333333333315555,0.10294117647051255,1.337020649513683,1.0270270270242512,1.2295081967192958,31.0,90.0,61.0,37.0,113.0,118.0,75.0,38.0,2.9032258064504424,2.4392764857874836,0
0.333333333333157,-0.0117647058823391,0.4482758620687079,-0.18446601941729662,-1.0,-0.4999999999997024,0.11926605504576214,0.0,0.3333333333330688,1.2708333333306858,56.0,63.0,48.0,126.0,65.0,43.0,61.0,42.0,1.6363636363631051,1.7823834196881958,0
-0.0826446280991394,-0.9999999999990291,-0.02631578947367267,-0.999999999999187,0.9487179488103693,-0.999999999999099,0.024999999999989586,10.0,0.0,1.0512820512811527,56.0,131.0,117.0,111.0,52.0,103.0,123.0,0.0,2.4428904428898734,3.1937984496111653,0
-0.17365269461067448,-0.9999999999992308,-0.23756906077334944,-0.999999999999225,0.6160714286211402,-0.9999999999985507,0.07053941908710766,4.2093023273522805,0.0,1.151785714284686,35.0,98.0,112.0,69.0,57.0,130.0,129.0,0.0,2.6133333333324624,3.2807570977907634,0
-0.8627450980383699,-0.2933333333331378,-0.8526315789464709,-0.25352112676038485,-0.5416164053564403,0.7666666666653889,0.005649717514121102,0.29733959314921776,7.571428571320408,1.0113636363624872,63.0,95.0,88.0,7.0,26.0,97.0,89.0,53.0,2.923076923075799,2.842490842489801,0
-0.1486486486485482,-0.3969849246229161,-0.20754716981119023,-0.5161290322578564,0.42640874690510405,-0.024390243902419194,0.3239436619717169,2.4868035202603322,0.9523809523794406,1.9583333333312933,84.0,85.0,96.0,63.0,133.0,139.0,188.0,60.0,2.1451104100939604,2.3609341825897325,0
-0.449999999999625,-0.9491525423724793,-0.5251798561147302,-0.9540229885053817,0.2899150268533849,-0.6923076923059172,0.41274238227135385,1.8165643209259408,0.18181818181763085,2.405660377356221,80.0,87.0,106.0,33.0,64.0,230.0,255.0,6.0,2.4250871080130922,3.471698113206892,0
-0.08928571428563456,-0.2323232323231541,-0.29655172413772657,-0.17391304347819786,-0.2606755896027381,0.38181818181795046,0.26562499999989625,0.5864509607641771,2.2352941176426757,1.7234042553173154,89.0,61.0,94.0,51.0,175.0,183.0,162.0,114.0,1.8625954198466175,2.2351145038164524,0
-0.5245901639339963,0.11811023622042595,-0.5359999999995712,0.036496350364950185,-1.0,0.660818713449906,0.15789473684203603,0.0,4.896551724121046,1.3749999999985676,81.0,93.0,96.0,29.0,86.0,112.0,132.0,142.0,2.5135135135126645,1.9823008849553136,0
-0.9259259259252401,-0.3162393162391811,-0.9382716049376925,-0.25581395348825314,-0.5715316182252589,0.8823529411754325,-0.07534246575339885,0.2726438188785488,10.0,0.8598726114644205,55.0,130.0,157.0,5.0,113.0,154.0,135.0,80.0,3.2499999999989844,2.4590818363268547,0
-0.3260073260072066,-0.7305699481861501,-0.3698630136985035,-0.7234042553187642,0.3233804319143252,-0.5593220338978311,-0.10497237569057874,1.9558707649098417,0.28260869565186675,0.809999999999595,124.0,181.0,200.0,92.0,56.0,167.0,162.0,26.0,2.5051903114182514,3.21153846153769,0
-0.16129032258055845,-0.9999999999993866,-0.19170984455948617,-0.9999999999990099,0.6782608696220048,-0.9999999999987179,-0.06481481481478481,5.216216218934646,0.0,0.8782608695644537,109.0,108.0,115.0,78.0,74.0,163.0,101.0,0.0,2.143920595532967,3.259999999999185,0
-0.5593220338978311,-0.6493506493502278,-0.4583333333328559,-0.6645962732915127,0.18368287625532537,0.018867924528266286,0.31372549019592466,1.450028232953908,1.0384615384575444,1.9142857142829794,33.0,92.0,70.0,26.0,125.0,127.0,134.0,27.0,3.028806584360894,2.5024630541865758,0
-0.41333333333305783,-0.6531791907510676,-0.4567901234565082,-0.48275862068923897,0.027639329409253444,-0.18918918918893352,-0.15686274509796233,1.0568499536327831,0.6818181818166322,0.7288135593214162,12.0,106.0,118.0,44.0,172.0,143.0,86.0,30.0,3.1641791044764314,2.344262295081487,0
-0.17293233082700266,-0.6190476190472506,-0.23611111111102914,-0.5761589403969695,0.41863888579481345,-0.5492957746475006,-0.19865319865313177,2.440202572127392,0.29090909090882644,0.6685393258423211,31.0,156.0,178.0,110.0,125.0,136.0,119.0,32.0,2.7549668874166104,2.536130536129945,0
-0.22957198443570834,-0.6521739130431632,-0.2325581395347936,-0.5999999999996667,0.4413407821758476,-0.466666666666321,-0.049504950495033166,2.5800000011089668,0.36363636363599633,0.905660377357921,77.0,158.0,159.0,99.0,137.0,171.0,144.0,36.0,2.5691056910563885,2.6563106796111344,0
0.02857142857141691,-0.5740072202163993,0.02024291497974889,-0.5335968379444531,1.0,-0.36216216216196645,0.23174603174595818,0.0,0.4682539682535966,1.6033057851226418,93.0,119.0,121.0,126.0,75.0,218.0,194.0,59.0,2.083150984682258,3.0596491228064804,0
-0.6753926701567144,-0.3421052631578047,-0.6025641025637164,-0.3421052631578047,-0.27571428574329754,0.6025641025637164,0.3421052631578047,0.5677491602288152,4.032258064503122,2.039999999998368,84.0,160.0,125.0,31.0,102.0,255.0,255.0,125.0,2.9425287356315075,2.767978290365974,0
-0.02777777777776492,-0.9999999999993903,0.049999999999975,-0.9999999999991526,1.0,-0.9999999999990477,0.1079812206572263,0.0,0.0,1.2421052631565872,62.0,111.0,95.0,105.0,126.0,164.0,118.0,0.0,2.282776349613809,2.889867841409055,0
0.267326732673135,0.006622516556287005,0.18518518518509947,0.006622516556287005,-0.9309462910747616,-0.2549019607841888,-0.07975460122694494,0.035761589384655124,0.5937499999995361,0.8522727272717587,106.0,74.0,88.0,128.0,166.0,75.0,75.0,76.0,1.5497382198948824,1.5306122448975688,0
0.27499999999982816,0.008695652173909264,0.23636363636349314,0.171717171717085,-0.15841584154528948,0.06422018348620907,0.13103448275853033,0.7264957261884363,1.1372549019596694,1.3015873015852355,41.0,58.0,63.0,102.0,105.0,114.0,82.0,116.0,1.7915057915050998,2.0311804008904164,0
0.22222222222206792,-0.6595744680846387,0.40799999999967357,-0.7055214723922053,1.0,-0.5714285714280612,0.5795454545451253,0.0,0.2727272727269628,3.7567567567466034,16.0,56.0,37.0,88.0,81.0,117.0,139.0,24.0,2.074074074073114,2.7610619469018407,0
-0.9999999999990654,-0.20634920634909718,-0.99999999999875,-0.08536585365848454,-0.842696629291032,0.9999999999986666,0.05325443786979098,0.08536585366712783,10.0,1.1124999999986094,0.0,107.0,80.0,0.0,87.0,114.0,89.0,75.0,3.9999999999981313,2.338461538460939,0
-0.9290780141837384,-0.040816326530591425,-0.9310344827579787,-0.2419354838708702,-0.5874822191111577,0.898989898988991,0.04761904761903142,0.25985663085235766,10.0,1.0999999999992143,61.0,136.0,140.0,5.0,62.0,102.0,154.0,94.0,3.2189349112416514,2.2666666666660373,0
-0.9999999999991228,-0.549999999999725,-0.9999999999992858,-0.6385542168672135,-0.2205882353074313,0.9999999999977778,0.1860465116278529,0.6385542169315249,10.0,1.4571428571418164,21.0,114.0,140.0,0.0,108.0,155.0,204.0,45.0,3.662650602408168,2.6781857451398103,0
-0.2674418604649608,0.22480620155030048,-0.2499999999998512,-0.021671826625380287,-0.840455840765163,0.4298642533934707,0.22222222222213991,0.08668730653624768,2.507936507932527,1.5714285714270748,52.0,109.0,105.0,63.0,56.0,100.0,165.0,158.0,2.618618618617832,1.9323671497579875,0
0.01657458563534996,-0.04605263157893222,0.12195121951212078,0.1788617886178135,0.18918918912639454,0.223628691983028,0.1676300578033713,1.4666666654642981,1.576086956520026,1.4027777777758295,89.0,89.0,72.0,92.0,107.0,159.0,101.0,145.0,1.983286908077442,2.231578947368029,0
-0.6119402985071583,-0.2608695652172495,-0.609999999999695,-0.3584905660375668,-0.25969218783120374,0.27102803738292425,-0.05573770491801452,0.5876894526172377,1.7435897435852727,0.8944099378876433,21.0,162.0,161.0,39.0,140.0,116.0,144.0,68.0,3.374999999999121,2.1090909090904297,0
-0.26881720430097894,-0.23584905660366234,-0.38922155688611104,-0.33877551020394336,-0.0692942993448308,-0.11475409836059304,-0.17171717171712836,0.8703924649017082,0.794117647058045,0.7068965517238333,255.0,177.0,232.0,102.0,107.0,131.0,164.0,81.0,1.9915611814343188,2.3288888888883714,0
0.16078431372542715,-0.9572649572645482,-0.026315789473675556,-0.9453551912563141,0.9458339500751304,-0.9346405228752062,0.06586826347303418,10.0,0.03378378378376096,1.1410256410249098,178.0,107.0,156.0,148.0,204.0,229.0,178.0,5.0,1.5851851851848915,2.74662668665626,0
-0.3818181818174876,-0.5999999999997,-0.4769230769223432,-0.5209580838320235,0.04412850812896802,0.40350877192911666,0.4514285714283135,1.0923314663301218,2.352941176456748,2.645833333327821,23.0,38.0,48.0,17.0,142.0,160.0,127.0,40.0,2.6206896551701546,2.549800796812241,0
-0.07954545454540936,-0.6343283582087186,-0.16923076923068245,-0.3836477987418971,0.3878193910396447,-0.24615384615365682,-0.017857142857134887,2.267009721179242,0.6049382716041914,0.964912280700908,0.0,95.0,114.0,81.0,255.0,219.0,110.0,49.0,2.8044280442794083,2.3611859838271747,0
0.2566371681413658,-0.43722943722924795,-0.05960264900658305,-0.39814814814796384,0.7395847288957068,-0.04411764705879109,0.3073593073591743,6.680041163472331,0.9154929577451895,1.8874999999976405,67.0,42.0,80.0,71.0,186.0,166.0,151.0,65.0,1.513513513512832,2.2778730703255095,0
-0.046511627906958716,-0.31944444444433356,-0.0855018587360277,-0.2659176029961551,0.5133914423013988,-0.11312217194565018,0.07301587301584984,3.110079795202324,0.796747967479027,1.1575342465745497,76.0,135.0,146.0,123.0,134.0,190.0,169.0,98.0,2.30277185501017,2.4836601307185484,0
0.3586956521737181,-0.3513513513512564,0.5243902439021193,-0.31623931623922613,-1.0,-0.020408163265297794,0.7111111111108478,0.0,0.959999999999232,5.9230769230617355,141.0,59.0,39.0,125.0,0.0,250.0,231.0,120.0,1.2291666666663466,3.2258064516123826,0
-0.6967509025268243,-0.24723247232463202,-0.6440677966098967,-0.42857142857130853,-0.20090293455590696,0.41666666666637736,0.13585746102446863,0.6654135339379962,2.4285714285656463,1.3144329896900442,175.0,235.0,194.0,42.0,215.0,169.0,255.0,102.0,2.736535662299456,2.064122137404265,0
0.19218241042339018,-0.5063829787231888,0.17684887459801388,-0.4999999999997845,1.0,-0.5186721991699093,0.15231788079465156,0.0,0.31693989071020934,1.3593749999989382,107.0,124.0,128.0,183.0,203.0,177.0,174.0,58.0,1.8438661710033746,2.3024390243898694,0
-0.11999999999996,-0.16012084592140177,-0.0927835051546073,0.0692307692307426,-1.0,0.025830258302573496,-0.13571428571423724,0.0,1.0530303030295054,0.7610062893076975,133.0,168.0,159.0,132.0,232.0,192.0,121.0,139.0,2.2362728785354014,2.0344370860924457,0
-0.08391608391605458,-0.2511415525113009,-0.01132075471697686,-0.1276595744680172,0.8370883888171887,-0.23004694835669953,-0.11666666666661807,10.0,0.6259541984728046,0.7910447761188127,71.0,155.0,134.0,131.0,241.0,137.0,106.0,82.0,2.4218749999995266,1.835845896147096,0
0.10112359550556117,-0.8227848101260616,0.342465753424423,-0.7971014492747848,1.0,-0.7499999999993303,0.4418604651160222,0.0,0.14285714285699708,2.583333333327951,81.0,80.0,48.0,98.0,62.0,144.0,124.0,14.0,1.887905604719207,3.1648351648342956,0
-0.9999999999984127,-0.6231884057968005,-0.9999999999982758,-0.5155279503102388,-0.319672131168139,0.9999999999974358,0.35555555555535806,0.5155279503626804,10.0,2.103448275858442,22.0,63.0,58.0,0.0,169.0,168.0,122.0,39.0,3.405405405403105,2.4705882352936634,0
-0.9999999999985074,0.10989010989004952,-0.9999999999984848,0.030612244897943567,-1.0,0.9999999999990099,0.1801242236023726,0.0,10.0,1.4393939393917585,47.0,67.0,66.0,0.0,57.0,81.0,95.0,101.0,2.9613259668491927,2.024999999999367,0
-0.8709677419340791,0.13684210526308588,-0.8904109589028898,-0.07296137339052663,-0.8485292323593985,0.9285714285705995,0.2886597938142842,0.08194123474021403,10.0,1.811594202895925,22.0,58.0,69.0,4.0,66.0,82.0,125.0,108.0,3.267605633800516,1.9408284023662898,0
-0.22943722943713013,-0.627906976743821,-0.12315270935954525,-0.5328467153280783,0.6245340934957011,-0.47107438016489994,-0.04109589041094014,4.326715331979419,0.3595505617973488,0.9210526315781394,53.0,142.0,114.0,89.0,22.0,140.0,105.0,32.0,2.666666666666041,3.353293413172649,0
0.27722772277214003,-0.4932126696830348,0.3870967741933403,-0.5151515151512922,1.0,-0.39459459459438134,0.5086206896549532,0.0,0.4341085271314465,3.0701754385911046,40.0,73.0,57.0,129.0,170.0,165.0,175.0,56.0,1.8539682539676654,2.374100719424033,0
-0.14893617021272068,0.07122507122505094,-0.11392405063287535,0.0444444444444321,-1.0,0.14634146341458953,-0.011494252873559915,0.0,1.3428571428561837,0.9772727272721721,57.0,189.0,176.0,140.0,116.0,163.0,172.0,188.0,2.629565217390847,2.069841269840941,0
-0.18407960198995818,0.08759124087588044,-0.2579185520360824,0.16862745098032603,-1.0,0.2900432900431645,-0.13469387755096543,0.0,1.8170731707294914,0.7625899280570054,158.0,119.0,139.0,82.0,41.0,125.0,106.0,149.0,1.9916317991627632,2.2727272727267565,0
-0.05802047781567986,-0.2009803921568135,-0.09803921568624248,-0.21634615384610184,0.37631184419769576,0.08305647840528803,0.20190023752964326,2.206730771481825,1.1811594202889992,1.5059523809514848,81.0,155.0,168.0,138.0,131.0,245.0,253.0,163.0,2.3440453686195943,2.499999999999681,0
-0.7032967032963169,-0.23188405797095848,-0.6842105263153894,-0.006249999999998047,-0.981896141161737,0.7096774193544572,0.05573770491801452,0.009134615385952932,5.888888888867078,1.1180555555547793,55.0,155.0,144.0,27.0,90.0,255.0,161.0,159.0,3.1632653061216423,2.687747035572768,0
-0.5783783783780658,-0.42857142857130853,-0.5031847133754758,-0.3355048859933761,-0.19993073424098579,0.44680851063798105,0.269349845201155,0.66676287482863,2.6153846153779092,1.737288135591748,31.0,146.0,118.0,39.0,213.0,255.0,205.0,102.0,3.2265193370156835,2.472727272726973,0
-0.3606557377047702,-0.3509933774833275,-0.40229885057455855,-0.28205128205117874,-0.1757105943409129,0.11363636363629907,-0.022346368715077558,0.701098901273186,1.2564102564086457,0.956284153004942,105.0,166.0,183.0,78.0,85.0,204.0,175.0,98.0,2.578640776698528,2.761421319796487,0
0.28205128205117874,-0.21718377088300306,0.4583333333331424,-0.15681233933157923,-1.0,-0.032448377581111375,0.5517241379308443,0.0,0.9371428571423217,3.461538461533136,255.0,98.0,65.0,175.0,37.0,255.0,225.0,164.0,1.252396166133985,2.8691983122358833,0
0.3567839195978107,-0.2944162436547476,0.22171945701347434,-0.2944162436547476,1.0,0.014598540145980074,0.49560117302038253,0.0,1.029629629628867,2.9651162790663195,226.0,64.0,86.0,135.0,100.0,255.0,255.0,139.0,1.0470347648259617,2.7236315086778737,0
-0.2135593220338259,-0.2048192771083515,-0.2240802675584535,-0.2639405204459985,0.08167736677509961,-0.07906976744182369,-0.036827195467411665,1.1778838156507265,0.8534482758613332,0.9289617486333722,91.0,179.0,183.0,116.0,110.0,150.0,170.0,99.0,2.5345132743358345,2.3575638506871597,0
0.09550561797750126,-0.05676855895195267,-0.039408866995064185,0.0854271356783705,1.0,0.05109489051093648,-0.07379134860049014,0.0,1.1076923076917398,0.8625592417057524,144.0,161.0,211.0,195.0,156.0,242.0,182.0,216.0,1.9485627836608246,2.26168224299039,0
-0.34384858044153194,0.049723756906063614,-0.36585365853647384,-0.14221218961622073,-0.4401820547029918,0.2925170068026216,0.06079664570229334,0.3887133183907035,1.8269230769213203,1.1294642857137815,107.0,213.0,224.0,104.0,204.0,172.0,253.0,190.0,2.6750392464673975,1.864498644986197,0
-0.13253012048187449,-0.39534883720911845,-0.14285714285708617,-0.2896174863386396,0.3393501805838161,-0.24855491329465404,-0.09923664122133617,2.0273224057904073,0.6018518518512945,0.8194444444438754,95.0,141.0,144.0,108.0,144.0,150.0,118.0,65.0,2.325773195875809,2.3575638506871597,0
-0.3095238095236253,-0.7923497267755234,-0.22666666666651558,-0.7624999999995234,0.5417017692207428,-0.5064935064928487,0.2103004291844591,3.3639705897195387,0.3275862068959869,1.532608695650508,47.0,110.0,92.0,58.0,47.0,164.0,141.0,19.0,2.7076923076914747,3.3299492385778353,0
0.09836065573762429,-0.6108108108104807,-0.04285714285711225,-0.6936170212763006,0.8836153529883557,-0.30097087378611553,0.46323529411747677,10.0,0.5373134328350189,2.7260273972565394,16.0,55.0,73.0,67.0,125.0,149.0,199.0,36.0,2.2797927461128085,2.5969498910669726,0
-0.14754098360643644,-0.3214285714283801,-0.14049586776847892,-0.23999999999984,0.2615117290001677,0.04587155963298544,0.1481481481480567,1.7082352953337818,1.0961538461517382,1.3478260869545684,65.0,70.0,69.0,52.0,211.0,111.0,93.0,57.0,2.178988326847401,1.812244897958814,0
-0.09999999999991667,0.08602150537629784,-0.12195121951209598,0.3289473684208363,1.0,0.3032258064514173,-0.149999999999875,0.0,1.8703703703669066,0.7391304347815375,42.0,66.0,69.0,54.0,139.0,85.0,51.0,101.0,2.315789473683195,1.6585365853654492,0
-0.3902439024387865,0.11458333333327367,-0.3288590604024639,-0.13360323886634268,-0.42220916577861306,0.3630573248405331,0.17154811715473994,0.4062629101459538,2.13999999999572,1.4141414141399857,57.0,114.0,99.0,50.0,92.0,85.0,140.0,107.0,2.72238805970068,1.8428184281837825,0
0.24719101123581622,0.018518518518509944,0.3874999999997578,-0.24914675767909586,-1.0,-0.004524886877826007,0.5775862068963028,0.0,0.9909909909900982,3.7346938775433984,53.0,67.0,49.0,111.0,213.0,106.0,183.0,110.0,1.798657718120202,1.5850467289716663,0
0.013422818791941805,0.1685393258426335,0.2276422764226717,-0.14986376021794282,-1.0,0.01628664495113476,0.3790849673201376,0.0,1.0331125827807728,2.2210526315766095,75.0,147.0,95.0,151.0,175.0,111.0,211.0,156.0,2.2615384615380263,1.6057866184445557,0
0.08225108225104664,0.1978891820579953,-0.007936507936504788,0.2171581769436415,1.0,0.28977272727264497,0.0695970695970441,0.0,1.8159999999985472,1.149606299211693,132.0,106.0,127.0,125.0,63.0,152.0,146.0,227.0,1.8081023454153928,2.0471380471377025,0
0.1681415929203044,0.1111111111110869,0.09392265193367572,0.0,-0.9999999989352942,0.12582781456950864,0.21718377088300306,0.0,1.2878787878781375,1.5548780487795397,110.0,141.0,164.0,198.0,93.0,204.0,255.0,255.0,1.911864406779337,2.158730158729873,0
-0.4395280235986904,-0.16173120728925702,-0.40624999999987305,-0.16173120728925702,-0.43050507589979925,0.318996415770495,0.06249999999998698,0.3981075872716759,1.936842105261119,1.1333333333328297,101.0,244.0,225.0,95.0,66.0,255.0,255.0,184.0,2.8538011695902257,2.6842105263154363,0
-0.5141955835960523,-0.5015384615383073,-0.3913043478259323,-0.5178571428569888,0.13919726730827048,0.02531645569618651,0.18329466357304333,1.3234126987510333,1.0519480519466857,1.4488636363628133,143.0,240.0,176.0,77.0,125.0,244.0,255.0,81.0,2.7428571428567508,2.81268011527337,0
-0.42857142857130104,-0.29512893982799565,-0.4234234234232963,-0.27002967359042435,-0.2212027756679803,0.12328767123282042,-0.05099778270508847,0.6377296548005298,1.2812499999986653,0.9029535864975093,92.0,240.0,237.0,96.0,148.0,226.0,214.0,123.0,2.8742514970055577,2.500691562931881,0
0.020100502512557763,-0.3262411347516574,0.20833333333327134,-0.45714285714272657,1.0,-0.36241610738242874,0.3144329896906406,0.0,0.46798029556627196,1.9172932330812653,203.0,195.0,133.0,203.0,90.0,187.0,255.0,95.0,1.959798994974628,2.676207513416337,0
0.019999999999993336,-0.895910780668812,-0.031645569620243154,-0.895910780668812,0.9317657206189293,-0.832335329340819,0.22009569377985166,10.0,0.0915032679737964,1.5644171779131508,88.0,147.0,163.0,153.0,205.0,255.0,255.0,14.0,2.1981308411210843,2.7983539094646366,0
0.5223880597012976,-0.6108597285065109,0.34653465346523216,-0.5804878048777656,1.0,-0.6518218623479143,0.24137931034473512,0.0,0.2107843137253869,1.6363636363619833,183.0,64.0,99.0,204.0,138.0,178.0,162.0,43.0,0.9941747572813603,2.6517690875227835,0
0.1976744186045937,0.09442060085834884,0.0299999999999925,0.005917159763312443,-0.6705107065351369,0.10629067245117,0.1300448430492982,0.1972386581196685,1.2378640776693022,1.298969072164279,101.0,138.0,194.0,206.0,130.0,211.0,252.0,255.0,1.8936535162947008,2.091697645600732,0
-0.02531645569619452,-0.1420118343194846,0.05479452054792644,-0.05228758169932932,-1.0,-0.03010033444815047,0.0769230769230512,0.0,0.9415584415578302,1.1666666666658214,74.0,162.0,138.0,154.0,171.0,193.0,161.0,145.0,2.347826086956096,2.199430199429886,0
-0.14427860696510236,-0.44067796610157045,-0.19626168224289894,-0.2747252747251741,0.1665939817188046,0.07027027027023229,0.15231788079465156,1.3997906862183394,1.1511627906963358,1.3593749999989382,25.0,115.0,128.0,86.0,140.0,255.0,174.0,99.0,2.6979472140754552,2.7236315086778737,0
-0.02727272727271488,-0.3529411764704585,-0.09322033898301135,-0.298804780876375,0.5244165017270971,-0.09743589743584748,0.11643835616434368,3.2053603801136763,0.8224299065412874,1.2635658914718888,40.0,113.0,129.0,107.0,126.0,184.0,163.0,88.0,2.4235924932969373,2.5292096219926923,0
0.21568627450971936,-0.9263157894731967,0.20155038759682112,-0.929648241205563,1.0,-0.9135802469130164,0.30169491525413505,0.0,0.04516129032255151,1.8640776699011028,45.0,100.0,103.0,155.0,117.0,183.0,192.0,7.0,1.9999999999995,2.9877551020402064,0
-0.2704918032785777,-0.36480686695263315,-0.3206106870227784,-0.18681318681308418,-0.2636799471507365,-0.09202453987724417,-0.23131672597856537,0.5826792257180111,0.8314606741563692,0.624277456647038,91.0,155.0,173.0,89.0,255.0,159.0,108.0,74.0,2.530612244897443,1.9659969088095879,0
0.2468619246860892,0.019920318725091667,0.2627118644066684,0.35449735449716696,0.14871049761479374,-0.07581227436820367,-0.175675675675557,1.3493770262826055,0.8590604026839873,0.7011494252865504,58.0,90.0,87.0,149.0,170.0,123.0,61.0,128.0,1.860465116278589,1.808823529411432,0
-0.45833333333301507,0.22957198443570834,-0.4428571428568266,0.28455284552833965,-1.0,0.6040609137052771,-0.06878306878303239,0.0,4.051282051271663,0.8712871287120086,55.0,105.0,101.0,39.0,209.0,99.0,88.0,158.0,2.7631578947359334,1.4017699115041766,0
-0.03658536585363623,0.13220338983046367,-0.02469135802467612,0.3149606299211359,1.0,0.357723577235627,0.023529411764692042,0.0,2.1139240506302355,1.0481927710830745,45.0,85.0,83.0,79.0,199.0,128.0,87.0,167.0,2.3129251700672406,1.6463022508035938,0
-0.2269938650305356,0.261904761904658,-0.059701492537268884,0.08904109589038046,1.0,0.43243243243223767,0.303921568627302,0.0,2.5238095238055176,1.87323943661708,62.0,100.0,71.0,63.0,255.0,93.0,133.0,159.0,2.461538461537704,1.2399999999997933,0
0.230769230769104,0.4823529411761869,0.02283105022830008,-0.07352941176467885,1.0,0.058823529411739996,0.15415019762839757,0.0,1.1249999999989955,1.364485981307136,103.0,70.0,107.0,112.0,66.0,44.0,146.0,126.0,1.5774647887319502,1.2571428571424081,0
0.24653739612181538,0.24468085106369966,0.2569832402233919,-0.22516556291383275,-1.0,-0.3157894736841182,0.16352201257856494,0.0,0.5199999999997689,1.390977443607977,173.0,136.0,133.0,225.0,34.0,71.0,185.0,117.0,1.6238805970146828,1.9385665529003624,0
-0.007692307692304734,0.23870967741920085,-0.05494505494503482,-0.45299145299132393,0.7836538463081438,-0.1466666666666015,0.2781954887217348,8.244444459450005,0.7441860465110511,1.7708333333321038,136.0,131.0,144.0,129.0,22.0,59.0,255.0,96.0,1.9886148007586357,1.9999999999991527,0
-0.325227963525737,-0.043478260869553406,-0.2815533980581613,-0.14769975786921363,-0.3118291347933088,0.2264808362368549,0.0896551724137725,0.5245887953771445,1.5855855855841572,1.1969696969690926,214.0,218.0,198.0,111.0,111.0,192.0,237.0,176.0,2.2917214191849813,2.289120715349882,0
-0.5310344827584376,-0.14360313315923143,-0.46456692913367537,-0.15245478036171772,-0.5058365759574164,0.4137931034480975,0.09046454767723949,0.328165374747686,2.4117647058788063,1.1989247311821511,163.0,222.0,186.0,68.0,152.0,219.0,223.0,164.0,2.6311111111107213,2.3236074270553946,0
-0.3371428571427608,-0.6545454545451571,-0.2491909385112462,-0.6481481481478482,0.44460028055439954,-0.5064935064931776,-0.04043126684635029,2.601010102053521,0.3275862068962693,0.9222797927456362,157.0,234.0,193.0,116.0,70.0,182.0,178.0,38.0,2.526315789473343,3.084745762711211,0
0.017421602787450377,-0.30769230769221667,-0.006802721088433061,-0.3352272727271775,0.9602214942348632,-0.11026615969577556,0.22715404699732974,10.0,0.8013698630131498,1.587837837836765,92.0,141.0,148.0,146.0,103.0,221.0,235.0,117.0,2.169230769230352,2.6706948640479347,0
0.19557195571948505,-0.4114114114112879,0.15302491103197402,-0.28467153284661145,1.0,-0.2461538461537515,0.19322033898298535,0.0,0.6049382716045649,1.4789915966374125,207.0,109.0,119.0,162.0,101.0,235.0,176.0,98.0,1.4855195911411438,2.81016442451378,0
-0.04436860068257872,-0.19999999999995294,-0.04761904761903142,-0.11227154046994459,0.4043545881222901,0.09677419354835588,0.16076294277924774,2.3577023548208134,1.214285714284847,1.383116883115985,114.0,153.0,154.0,140.0,92.0,255.0,213.0,170.0,2.185714285713895,2.642487046631782,0
0.2771929824560431,-0.4065281899108586,0.3840304182508046,-0.3006993006991956,-1.0,-0.2907801418438685,0.3932584269661449,0.0,0.5494505494502476,2.296296296293461,65.0,103.0,81.0,182.0,161.0,237.0,186.0,100.0,1.8189845474609672,2.579591836734343,0
-0.41078838174256815,-0.3881578947367144,-0.4251012145747267,-0.4655172413791766,0.04537973195906881,0.13414634146333285,0.18329466357304333,1.0950738918833476,1.3098591549277325,1.4488636363628133,13.0,170.0,176.0,71.0,174.0,211.0,255.0,93.0,3.207547169810564,2.449927431059151,0
-0.3358490566036469,0.03529411764704499,-0.3178294573642179,-0.11999999999996,-0.4518413598765499,0.1999999999999091,-0.005917159763311859,0.37756097572857017,1.4999999999982954,0.9882352941170658,25.0,177.0,170.0,88.0,162.0,123.0,168.0,132.0,3.032119914346246,1.8222222222218847,0
-0.22222222222212726,-0.4377224199286699,-0.071428571428535,-0.42335766423342214,0.7112750264873094,-0.07058823529407612,0.2999999999999,5.927007307568743,0.8681318681309141,1.8571428571410884,25.0,143.0,105.0,91.0,115.0,202.0,195.0,79.0,2.845771144277899,2.7023411371232937,0
-0.4863387978139419,-0.1428571428571064,-0.45664739884366673,-0.037249283667611106,-0.8491616366574706,0.5627906976741569,0.17915309446248237,0.0815712161507801,3.574468085098778,1.4365079365067963,85.0,136.0,126.0,47.0,228.0,224.0,181.0,168.0,2.6930693069300267,2.1232227488149142,0
-0.09352517985604783,-0.29337539432167403,-0.16556291390717515,-0.11111111111106703,-0.19680851070930405,0.27999999999984004,0.22807017543849648,0.6711111115166404,1.777777777774956,1.590909090907283,30.0,76.0,88.0,63.0,253.0,205.0,140.0,112.0,2.4816326530602115,2.1161290322577915,0
-0.9999999999992,-0.8737864077665661,-0.9999999999993008,-0.7833333333326805,-0.12149532710968265,0.9999999999923077,-0.1439999999999424,0.7833333334115615,10.0,0.7482517482512251,79.0,125.0,143.0,0.0,255.0,193.0,107.0,13.0,3.039513677810626,2.3608562691127886,0
-0.6589147286816598,0.019867549668867595,-0.6302521008398065,0.11999999999995636,-1.0,0.7499999999995739,0.11009174311921556,0.0,6.999999999968183,1.247422680411085,48.0,107.0,97.0,22.0,206.0,148.0,121.0,154.0,3.0140845070411926,1.8048780487802125,0
-0.9999999999988889,-0.03867403314916059,-0.9999999999986666,0.3132075471696931,-1.0,0.9999999999994253,0.09638554216861664,0.0,10.0,1.2133333333317156,66.0,90.0,75.0,0.0,75.0,188.0,91.0,174.0,2.926829268291493,2.4063999999996146,0
-0.5833333333328472,-0.9999999999969696,-0.47916666666616753,-0.9999999999954546,0.35211267607860824,-0.9999999999960001,-0.526881720429541,2.086956522167357,0.0,0.309859154929141,16.0,95.0,71.0,25.0,26.0,33.0,22.0,0.0,3.290043290041866,2.8695652173881854,0
-0.21397379912654413,-0.9999999999954546,-0.12195121951213564,-0.9999999999976744,0.7826086957215721,-0.9999999999988889,-0.4556962025313572,8.20000000670893,0.0,0.37391304347793575,69.0,139.0,115.0,90.0,0.0,22.0,43.0,0.0,2.544622425628708,3.999999999990909,0
0.16091954022979257,-0.9999999999981132,0.06315789473680887,-0.9999999999964286,1.0,-0.9999999999990099,-0.5213675213670758,0.0,0.0,0.3146067415726802,52.0,73.0,89.0,101.0,0.0,53.0,28.0,0.0,1.9531772575244304,3.999999999996226,0
0.041322314049552625,-0.26388888888879725,-0.19230769230756906,-0.23465703971110663,0.09918699189328802,0.2544378698223347,0.29545454545443356,1.2202166071330491,1.6825396825370118,1.8387096774173777,121.0,58.0,93.0,63.0,85.0,182.0,171.0,106.0,1.5466666666661513,2.6234234234229503,0
-0.08717948717944247,-0.30102040816318854,0.09876543209870448,-0.2534059945503397,1.0,0.2123893805308795,0.5181518151813471,0.0,1.5393258426948997,3.1506849315025334,144.0,106.0,73.0,89.0,187.0,255.0,230.0,137.0,1.9056179775276618,2.4460431654673327,0
-0.3721682847895236,-0.2809667673715163,-0.23015873015863883,-0.19322033898298535,-0.08724661627526493,0.1018518518518047,0.06344410876131014,0.839509059394608,1.2268041237100755,1.1354838709670094,97.0,212.0,155.0,97.0,165.0,212.0,176.0,119.0,2.7443365695788438,2.395480225988362,0
-0.16129032258058737,-0.396226415094215,-0.1672597864768088,-0.4498567335242264,0.4579312624668298,-0.09859154929572837,0.21342925659467304,2.689568982892117,0.8205128205121192,1.5426829268283277,104.0,162.0,164.0,117.0,85.0,222.0,253.0,96.0,2.3779816513757104,2.841599999999545,0
-0.2180451127818729,-0.2455696202531024,-0.22097378277145283,-0.25685785536153194,0.0750977326193751,0.17786561264815104,0.21445783132524954,1.162390634111704,1.4326923076909301,1.546012269937702,152.0,162.0,163.0,104.0,123.0,246.0,252.0,149.0,2.234482758620304,2.575916230366155,0
0.06315789473680887,-0.19718309859150301,-0.07762557077622027,-0.19718309859150301,0.43505733692414106,0.25735294117637597,0.36729222520097393,2.5401822733640507,1.6930693069290168,2.161016949150711,168.0,89.0,118.0,101.0,81.0,255.0,255.0,171.0,1.5928411633106057,2.677165354330357,0
-0.20655737704911262,-0.2515337423312112,-0.16838487972502805,-0.32596685082863924,0.31876488215991067,0.004115226337446866,0.17073170731703152,1.9358439519897894,1.008264462809084,1.4117647058815226,100.0,184.0,170.0,121.0,135.0,204.0,240.0,122.0,2.4991511035649405,2.4541353383454956,0
-0.46579804560245414,-0.24691358024683738,-0.4100719424458957,-0.22539682539675385,-0.2906124209772825,0.19607843137245293,-0.007712082262208815,0.5496519076807055,1.4878048780469662,0.9846938775505181,131.0,225.0,196.0,82.0,79.0,202.0,193.0,122.0,2.714932126696423,2.6710743801648476,0
-0.25475285171092976,-0.0073529411764678854,-0.21285140562240448,0.12499999999994792,-1.0,0.15879828326173442,-0.1796874999999298,0.0,1.3775510204067576,0.6953642384101356,75.0,165.0,151.0,98.0,81.0,137.0,105.0,135.0,2.624254473160512,2.2367346938770947,0
0.025641025641009205,-0.22330097087371414,0.13475177304954983,-0.3002915451894168,1.0,0.1999999999999,0.5704225352110668,0.0,1.499999999998125,3.6557377049120396,120.0,76.0,61.0,80.0,108.0,189.0,223.0,120.0,1.7272727272722366,2.495049504950083,0
0.13274336283174093,-0.03630363036302432,-0.10489510489503155,-0.2718204488777377,0.44310711982894235,0.39047619047600457,0.5269461077842734,2.591354948440003,2.2812499999964353,3.227848101261737,133.0,49.0,79.0,64.0,108.0,157.0,255.0,146.0,1.3288135593215835,2.2112676056334135,0
-0.9999999999985916,-0.40236686390520643,-0.9999999999988235,-0.4293785310733251,-0.39920948619356106,0.9999999999990099,0.4970414201181962,0.4293785311167681,10.0,2.976470588231792,65.0,71.0,85.0,0.0,228.0,237.0,253.0,101.0,2.7439613526556794,2.3611457036111627,0
-0.454545454544938,-0.3805970149252311,-0.40740740740690445,-0.36882129277552517,-0.049709724244004036,0.5514018691583632,0.518987341771933,0.9052886279450684,3.4583333333189237,3.157894736836565,122.0,64.0,57.0,24.0,222.0,185.0,180.0,83.0,1.8686131386854494,2.1925925925922676,0
-0.02499999999996875,0.1680672268906857,-0.10344827586195006,0.10317460317456224,-1.0,0.5617977528086732,0.40372670807428346,0.0,3.5641025640934254,2.354166666661762,48.0,41.0,48.0,39.0,127.0,99.0,113.0,139.0,1.9408284023657156,1.7068965517237702,0
-0.9999999999981132,-0.48014440433195665,-0.9999999999986666,-0.3974895397487877,-0.43113772458137667,0.9999999999986111,0.38016528925604126,0.39748953978906665,10.0,2.226666666663698,102.0,53.0,75.0,0.0,25.0,205.0,167.0,72.0,2.0384615384605587,3.234714003944135,0
-0.9807692307682877,-0.9999999999990291,-0.9661016949136167,-0.9999999999967742,0.01724137931045658,-0.9999999999,-0.30337078651651306,1.0350877194038017,0.0,0.5344827586197681,32.0,103.0,58.0,1.0,129.0,103.0,31.0,0.0,3.447698744768432,2.4597014925365794,0
-0.5999999999985,-0.9999999999985714,-0.67999999999864,-0.9999999999937501,0.19047619048548048,-0.9999999999875,-0.4482758620681926,1.4705882355041306,0.0,0.3809523809514739,0.0,32.0,42.0,8.0,0.0,70.0,16.0,0.0,3.555555555550617,3.999999999997143,0
-0.612244897958559,-0.999999999999115,-0.6082474226797853,-0.9999999999971428,0.243589743604031,-0.999999999994737,-0.3805309734509907,1.644067796877463,0.0,0.4487179487173734,0.0,79.0,78.0,19.0,9.0,113.0,35.0,0.0,3.5706214689245366,3.846808510636661,0
0.0,-0.8680203045680873,-0.9999999999888889,-0.86868686868643,-0.07027027026875382,0.9999999999923077,0.9072164948448932,0.8686868687829508,10.0,10.0,0.0,0.0,9.0,0.0,71.0,184.0,185.0,13.0,0.0,3.2566371681408723,0
0.40799999999967357,-0.5133531157268506,0.6146788990820049,-0.5133531157268506,-1.0,-0.03529411764703806,0.8478260869562146,0.0,0.931818181817123,10.0,68.0,37.0,21.0,88.0,115.0,255.0,255.0,82.0,1.286956521738571,2.885431400282477,0
-0.13445378151254855,-0.15540540540535291,-0.06787330316739011,-0.24242424242416896,0.5625276183872588,0.09649122807013312,0.269349845201155,3.5717171769800347,1.2135922330085305,1.737288135591748,84.0,135.0,118.0,103.0,178.0,171.0,205.0,125.0,2.363238512034494,2.1209302325578108,0
-0.06166219839140438,-0.17098445595846065,-0.005681818181816568,-0.478827361563362,0.9765460867594808,-0.37254901960769704,0.12376237623759313,10.0,0.45714285714259595,1.2824858757054902,78.0,198.0,177.0,175.0,45.0,113.0,227.0,80.0,2.4406779661013185,2.575498575497842,0
-0.08670520231211368,-0.3877551020406845,-0.09971509971507131,-0.4782608695650788,0.6549507073572086,-0.27419354838698623,0.13839285714282626,4.796273296735419,0.5696202531641965,1.3212435233153776,139.0,188.0,193.0,158.0,122.0,204.0,255.0,90.0,2.2347696879640067,2.632258064515704,0
-0.39999999999980956,-0.09580838323350425,-0.42727272727253307,-0.2561576354679172,-0.25037677744299863,0.4112149532708359,0.2378640776698452,0.5995178703846468,2.3968253968215922,1.6242038216550165,73.0,147.0,157.0,63.0,124.0,183.0,255.0,151.0,2.7348837209295964,2.283931357253934,0
-0.576470588235068,-0.11597374179428535,-0.576470588235068,-0.05164319248825079,-0.8355610272170694,0.5781249999997742,0.054117647058810794,0.0895851298421329,3.740740740733813,1.114427860695963,83.0,201.0,201.0,54.0,255.0,255.0,224.0,202.0,2.9833024118732867,2.1096173733193266,0
-0.0677966101694628,-0.3527851458885006,0.052631578947343244,-0.3405405405404485,1.0,0.05172413793101219,0.4293948126799915,0.0,1.1090909090899008,2.5050505050479748,95.0,126.0,99.0,110.0,80.0,255.0,248.0,122.0,2.205689277898861,2.86516853932544,0
-0.343749999999821,-0.7383966244722623,-0.23636363636349314,-0.6395348837205584,0.46029447265695383,-0.34042553191453145,0.1604938271604278,2.705724509194886,0.492063492062711,1.3823529411751154,39.0,129.0,102.0,63.0,76.0,206.0,141.0,31.0,2.8666666666658704,3.1753371868972686,0
-0.4953271028035069,-0.9999999999995615,-0.5113122171943388,-0.9999999999995349,0.3233532934345635,-0.9999999999981481,0.1256544502617472,1.9557522127718523,0.0,1.287425149699828,123.0,160.0,167.0,54.0,161.0,228.0,215.0,0.0,2.5754527162972685,2.956239870339877,0
-0.9347826086946361,-0.4389140271491227,-0.9220779220767246,-0.3673469387753228,-0.4302158273711732,0.9076923076909112,0.28846153846139977,0.3983903420958338,10.0,1.8108108108083638,43.0,89.0,74.0,3.0,88.0,159.0,134.0,62.0,3.17857142857001,2.717948717948137,0
-0.8813559322026429,-0.6883116883113903,-0.8813559322026429,-0.7525773195873703,-0.0788150999938792,0.6744186046495944,0.3934426229507122,0.8538858050140462,5.142857142783673,2.2972972972952275,17.0,111.0,111.0,7.0,204.0,195.0,255.0,36.0,3.6097560975595084,2.476190476190083,0
-0.2777777777775849,-0.30886850152895756,-0.2972972972970964,-0.25657894736833664,-0.07351524880924813,0.36969696969674565,0.3310104529615572,0.8630382778025556,2.173076923072744,1.989583333331261,82.0,92.0,96.0,52.0,11.0,214.0,191.0,113.0,2.3144654088043035,3.1014492753617566,0
0.17557251908383545,-0.7185929648237596,0.04761904761901523,-0.6111111111106868,1.0,-0.4666666666662222,0.2473118279568563,0.0,0.36363636363589136,1.6571428571404898,81.0,54.0,70.0,77.0,149.0,171.0,116.0,28.0,1.6240601503753294,2.6358381502885093,0
-0.2544378698223347,-0.23867069486397624,-0.09999999999992858,-0.21739130434775858,0.3698630138153366,0.333333333333157,0.43589743589727625,2.1739130456530513,1.9999999999968254,2.5454545454512396,105.0,106.0,77.0,63.0,55.0,205.0,196.0,126.0,2.231578947367834,2.774957698815097,0
-0.9999999999993903,-0.9999999999994084,-0.9999999999992701,-0.999999999998969,-1.5054624214683108e-13,0.0,-0.1709401709400979,1.000000000099699,0.0,0.7080291970797752,21.0,164.0,137.0,0.0,163.0,169.0,97.0,0.0,3.7593123209158286,2.698602794410639,0
-0.13725490196051518,-0.635220125785764,-0.3333333333328283,-0.4476190476186213,0.14634146343364837,0.13725490196051518,0.26666666666644445,1.342857143260756,1.3181818181758265,1.7272727272688015,0.0,29.0,44.0,22.0,35.0,130.0,76.0,29.0,2.899999999996375,3.209876543208886,0
-0.9999999999965518,-0.4064516129029636,-0.9999999999972222,-0.2812499999997803,-0.5609756097991969,0.9999999999978261,0.3898305084742459,0.28125000002868655,10.0,2.2777777777714503,14.0,29.0,36.0,0.0,10.0,109.0,82.0,46.0,3.222222222217747,3.1824817518236563,0
-0.9999999999941177,-0.12775330396470144,0.0,-0.29537366548032196,1.0,0.9999999999989899,0.9999999999994507,0.0,10.0,10.0,0.0,17.0,0.0,0.0,22.0,128.0,182.0,99.0,3.999999999988235,2.7161803713520647,0
0.3640167364015213,-0.27722772277214003,0.5377358490563502,-0.5548780487803187,1.0,-0.3813559322032283,0.6776315789471455,0.0,0.4478527607359216,5.20408163264244,113.0,76.0,49.0,163.0,195.0,129.0,255.0,73.0,1.4205607476632196,1.961977186311414,0
-0.10373443983398185,-0.22516556291383275,0.048543689320364784,-0.24516129032250156,1.0,0.03999999999998222,0.3264604810995442,0.0,1.0833333333323303,1.9693877551000312,139.0,133.0,98.0,108.0,194.0,185.0,193.0,117.0,2.0740740740736694,2.173274596181766,0
0.15044247787606183,-0.2610441767067225,0.1854103343464482,-0.12380952380946486,-1.0,-0.35888501742147777,-0.0634920634920383,0.0,0.47179487179462987,0.8805970149247161,27.0,144.0,134.0,195.0,109.0,157.0,118.0,92.0,2.258823529411322,2.4388349514558367,0
-0.2125435540068946,-0.38167938931283146,-0.24916943521586407,-0.4937499999998457,0.329215461627933,-0.1649484536081624,0.11943793911004229,1.981583334128648,0.716814159291401,1.2712765957440046,116.0,174.0,188.0,113.0,86.0,181.0,239.0,81.0,2.412478336221419,2.737240075613849,0
0.12087912087898804,-0.6028368794324104,-0.10526315789464451,-0.5172413793101219,0.6618075802813662,0.04672897196257315,0.47280334728013695,4.913793108118572,1.0980392156841214,2.7936507936463593,47.0,40.0,63.0,51.0,151.0,226.0,176.0,56.0,1.7977528089877541,2.743550834597459,0
-0.3333333333331909,-0.06738544474391715,-0.312775330396338,-0.19158878504668422,-0.2402759071533743,0.37848605577674166,0.26237623762369744,0.6125444256270597,2.2179487179458746,1.7114093959720058,96.0,156.0,149.0,78.0,225.0,198.0,255.0,173.0,2.567901234567373,1.9949622166244338,0
-0.25088339222605976,-0.6612377850160713,-0.17829457364334175,-0.6612377850160713,0.5752526468442872,-0.3417721518985179,0.2530712530711909,3.708681491954272,0.49056603773538626,1.6776315789462648,59.0,177.0,152.0,106.0,171.0,255.0,255.0,52.0,2.7283236994214395,2.7830832196449133,0
-0.5165562913905575,-0.6066666666664645,-0.4895104895103184,-0.5902777777775728,0.09332134023801186,-0.10606060606052573,0.03619909502261624,1.205853174849516,0.8082191780810846,1.075117370891514,59.0,229.0,213.0,73.0,195.0,241.0,229.0,59.0,3.1050847457621855,2.619565217390948,0
-0.7717391304343633,-0.6874999999997613,-0.8090909090905414,-0.6999999999997667,-0.072289156631236,0.36363636363581264,0.1233480176211182,0.8651685394328785,2.142857142846939,1.2814070351752356,72.0,163.0,199.0,21.0,136.0,243.0,255.0,45.0,3.112171837708088,2.914542728635245,0
-0.8225806451606269,-0.5740740740738969,-0.8103448275855083,-0.38666666666649485,-0.35394661036163155,0.7249999999990937,0.19540229885049987,0.47716312062645916,6.272727272670248,1.4857142857128707,0.0,113.0,105.0,11.0,94.0,255.0,156.0,69.0,3.814345991559572,3.031203566121392,0
-0.25683060109275585,-0.7813765182183072,-0.13924050632902582,-0.7403846153842595,0.6834094369118281,-0.43157894736796676,0.33579335793345544,5.317307696127295,0.3970588235288278,2.0111111111088764,43.0,115.0,90.0,68.0,167.0,220.0,181.0,27.0,2.6979472140754552,2.7760252365926217,0
-0.3737373737369962,-0.34730538922145293,-0.20512820512794214,-0.37891737891727095,0.29756097566115874,0.5571428571424593,0.6747404844288323,1.8472222231245852,3.5161290322467225,5.148936170201811,105.0,68.0,47.0,31.0,1.0,225.0,242.0,109.0,1.9999999999992648,3.21428571428514,0
0.3678756476682032,-0.5981735159814621,0.3538461538459724,-0.5829383886253162,1.0,-0.49999999999971595,0.4521739130432817,0.0,0.33333333333308085,2.650793650789443,147.0,61.0,63.0,132.0,84.0,175.0,167.0,44.0,1.216957605984734,2.9288702928864168,0
-0.028391167192420068,-0.2865497076022554,0.13235294117642193,-0.2865497076022554,1.0,-0.11594202898546524,0.3017751479289048,0.0,0.7922077922072779,1.864406779659437,108.0,163.0,118.0,154.0,122.0,220.0,220.0,122.0,2.2176870748295547,2.573099415204302,0
-0.9999999999988636,-0.9999999999994765,-0.9999999999989011,-0.9999999999993828,2.408628852046775e-13,0.0,0.28063241106708275,1.0000000001004818,0.0,1.780219780217824,48.0,88.0,91.0,0.0,169.0,191.0,162.0,0.0,3.14285714285574,2.773139745916012,0
-0.06896551724131986,-0.7959183673463974,0.10204081632642649,-0.8214285714280826,1.0,-0.5652173913035287,0.553299492385506,0.0,0.27777777777726337,3.477272727264824,28.0,62.0,44.0,54.0,34.0,132.0,153.0,15.0,2.4077669902900936,3.3738019169318294,0
-0.7894736842094875,-0.8735632183903026,-0.7681159420278723,-0.7999999999992727,0.020332717191954817,0.15789473684127425,0.23749999999985158,1.0415094340984197,1.3749999999828124,1.6229508196694706,0.0,68.0,61.0,8.0,60.0,163.0,99.0,11.0,3.7777777777751544,3.2846347607044626,0
-0.999999999997619,-0.08737864077665662,-0.999999999997619,-0.18260869565209453,-0.6911764706461722,0.9999999999989362,0.5280898876401527,0.1826086956707902,10.0,3.2380952380875283,8.0,42.0,42.0,0.0,106.0,112.0,136.0,94.0,3.6521739130395083,2.113207547169313,0
-0.209876543209747,-0.6870748299315055,-0.19999999999987503,-0.6870748299315055,0.5490797546631054,-0.47126436781555026,0.12727272727266942,3.4353741513773612,0.35937499999943845,1.2916666666653212,110.0,98.0,96.0,64.0,255.0,124.0,124.0,23.0,2.118918918918346,1.8859315589350025,0
-0.11999999999996308,-0.08650519031138876,-0.0034843205574900753,-0.025830258302573496,0.7622807043547285,-0.03999999999998546,-0.017667844522961957,7.413284345602436,0.9230769230762776,0.9652777777771075,128.0,182.0,144.0,143.0,218.0,157.0,139.0,132.0,2.2929133858264104,1.891566265059956,0
0.04347826086955171,0.08383233532931622,0.009009009009006304,0.14920634920630185,0.8861171360993638,0.037249283667611106,-0.10367892976585162,10.0,1.077380952380311,0.81212121212072,81.0,154.0,165.0,168.0,131.0,153.0,134.0,181.0,2.2118491921001415,1.980582524271524,0
-0.5078534031410954,0.1469534050178685,-0.5502392344494975,-0.17948717948713347,-0.5080699395449964,0.5458937198064996,0.1734693877550578,0.32619843930127296,3.404255319141693,1.4197530864188768,67.0,144.0,162.0,47.0,97.0,119.0,230.0,160.0,2.865671641790332,1.9232323232319348,0
0.15879828326173442,-0.2831541218636978,0.16883116883109575,-0.4029850746267454,1.0,-0.14893617021270258,0.4199395770391481,0.0,0.7407407407401921,2.4479166666641166,51.0,98.0,96.0,135.0,118.0,179.0,235.0,100.0,2.052356020941871,2.4861111111106795,0
-0.28617363344042246,-0.4397163120565817,-0.10843373493971549,-0.3629032258063053,0.5398886828603692,-0.16842105263149032,0.10097719869703552,3.346774196634851,0.7117117117110705,1.2246376811585329,125.0,200.0,138.0,111.0,153.0,203.0,169.0,79.0,2.5157232704398558,2.545454545454146,0
-0.17511520737323155,-0.2540540540539854,-0.0652741514360143,-0.2977099236640464,0.6403470241166731,-0.12933753943213586,0.1111111111110869,4.560916037521705,0.7709497206699604,1.2499999999993874,109.0,255.0,204.0,179.0,160.0,232.0,255.0,138.0,2.5563909774432885,2.435695538057423,0
-0.63934426229482,-0.36873156342172014,-0.5707317073167948,-0.3554216867468809,-0.23247771046699686,0.41721854304608136,0.1658031088082472,0.6227473999650637,2.431818181812655,1.3975155279494427,139.0,200.0,161.0,44.0,175.0,232.0,225.0,107.0,2.744425385934349,2.4879356568361275,0
-0.8593749999993286,-0.4328358208953932,-0.8536585365846718,-0.45714285714272657,-0.3024986709425614,0.8269230769222818,0.3821138211381078,0.5355102041446462,10.0,2.2368421052611955,101.0,119.0,114.0,9.0,54.0,240.0,255.0,95.0,2.73563218390726,3.0524642289343316,0
-0.3707865168537243,-0.359999999999904,-0.34117647058803463,-0.359999999999904,0.026845637587881912,0.36363636363615703,0.3821138211381078,1.0551724141027174,2.142857142853316,2.2368421052611955,99.0,122.0,114.0,56.0,95.0,255.0,255.0,120.0,2.4461152882199384,2.8137931034478876,0
0.009999999999995,-0.47586206896535316,0.09189189189184223,-0.5112540192924402,1.0,-0.14124293785302755,0.4733542319747733,0.0,0.7524752475240074,2.7976190476157172,97.0,99.0,84.0,101.0,60.0,214.0,235.0,76.0,1.999999999999495,3.035460992907263,0
-0.039106145251374805,-0.43292682926816073,0.04242424242421672,-0.43292682926816073,1.0,0.039106145251374805,0.4968152866240456,0.0,1.0813953488359518,2.974683544300032,34.0,93.0,79.0,86.0,38.0,235.0,235.0,93.0,2.431372549018813,3.128119800332258,0
-0.2844036697246402,-0.7444933920701566,-0.16129032258055845,-0.7184466019413989,0.6333214667861388,-0.45794392523321686,0.2421052631578098,4.454368934800777,0.37179487179439513,1.6388888888873714,76.0,140.0,108.0,78.0,104.0,198.0,177.0,29.0,2.580645161289728,2.9943289224947076,0
-0.2258064516127992,-0.3642384105959059,-0.05084745762708992,-0.4216867469878248,0.7847882456285341,0.06666666666662964,0.4346504559269196,8.293172707075147,1.1428571428557823,2.537634408599422,102.0,133.0,93.0,84.0,184.0,206.0,236.0,96.0,2.353982300884435,2.381502890173066,0
-0.138888888888696,-0.8071065989843619,0.0689655172412604,-0.8090452261302468,1.0,-0.23999999999952,0.7391304347822517,0.0,0.6129032258044745,6.666666666641976,64.0,41.0,27.0,31.0,172.0,178.0,180.0,19.0,1.8531073446317214,2.603290676416343,0
-0.11515151515144537,-0.9999999999994382,0.013888888888879245,-0.9999999999993104,1.0,-0.9999999999986301,0.342592592592434,0.0,0.0,2.042253521123884,37.0,92.0,71.0,73.0,0.0,178.0,145.0,0.0,2.5034013605433665,3.9999999999988765,0
-0.8181818181793388,-0.9999999999992909,-0.45454545454132234,-0.9999999999994048,0.37500000002943173,-0.9999999999666667,0.9090909090903926,2.2000000005026905,0.0,10.0,12.0,30.0,8.0,3.0,68.0,141.0,168.0,0.0,3.1999999999957334,3.2228571428562223,0
-0.3666666666663611,-0.18518518518512284,-0.3613445378148224,-0.02419354838708702,-0.8744946390033593,0.5220125786160239,0.22115384615373984,0.06695423857819838,3.18421052630741,1.5679012345659655,18.0,82.0,81.0,38.0,120.0,176.0,127.0,121.0,2.9818181818168266,2.374367622259296,0
0.008928571428567443,-0.4809688581313215,-0.07377049180324846,-0.2753623188404467,0.5774072815535861,-0.20212765957436057,0.0038022813688198473,3.7326892160096743,0.6637168141587046,1.0076335877854905,97.0,111.0,131.0,113.0,218.0,214.0,132.0,75.0,2.0555555555550797,2.374479889042666,0
0.030487804878039485,-0.004950495049503725,0.08681672025720681,0.1135734072021846,0.13352297975381883,0.08648648648646312,0.05960264900660278,1.308197392563179,1.189349112425332,1.1267605633794884,151.0,159.0,142.0,169.0,192.0,203.0,160.0,201.0,1.9937304075231983,2.0325406758445514,0
0.03765690376567462,0.15750915750909983,-0.10469314079418604,0.07849829351533158,-1.0,0.12056737588648207,-0.0624999999999783,0.0,1.2741935483860691,0.8823529411758939,162.0,115.0,153.0,124.0,140.0,115.0,135.0,158.0,1.7829457364337629,1.7424242424239123,0
-0.10857142857139755,0.3499999999998906,-0.045871559633013495,0.30513595166153923,1.0,0.1612903225806018,-0.19580419580412736,0.0,1.384615384614497,0.6725146198826477,149.0,194.0,171.0,156.0,75.0,104.0,115.0,216.0,2.239538239537916,1.6673346693383433,0
0.28526645768016134,0.07368421052630028,0.3355048859933761,0.19437939110065705,-0.26633267105044084,0.10869565217388942,0.2554744525546513,0.5793638160207251,1.2439024390237836,1.6862745098022682,104.0,114.0,102.0,205.0,115.0,220.0,172.0,255.0,1.6983240223460523,2.172839506172571,0
0.10249307479221538,-0.3841059602647735,0.2922077922076973,-0.38205980066432493,1.0,-0.3630136986300127,0.3123028391166207,0.0,0.46733668341685064,1.9082568807321942,128.0,162.0,109.0,199.0,233.0,209.0,208.0,93.0,1.990783410137943,2.247311827956687,0
0.039823008849548716,-0.2530712530711909,0.24999999999993353,-0.16253443526166322,-1.0,-0.2144702842376707,0.19886363636357987,0.0,0.6468085106380227,1.4964539007081588,117.0,217.0,141.0,235.0,233.0,255.0,211.0,152.0,2.208651399490813,2.279329608938293,0
0.15102040816320367,-0.24736842105256648,0.17991631799155652,-0.23936170212759592,1.0,0.007042253521124281,0.40785498489413663,0.0,1.0141843971624014,2.377551020405737,175.0,104.0,98.0,141.0,255.0,237.0,233.0,143.0,1.5877862595416816,2.174311926605255,0
-0.20491803278680126,-0.398773006134847,-0.3333333333332188,-0.4415954415953158,0.13970588237099818,0.005128205128202498,0.13199105145410917,1.3247863251838385,1.0103092783494738,1.304123711339534,171.0,147.0,194.0,97.0,199.0,228.0,253.0,98.0,2.0925266903910864,2.4223107569717897,0
-0.31999999999984,-0.4179566563466198,-0.31999999999984,-0.4613180515757991,0.18087135105743202,0.16049382716039476,0.317829457364259,1.4416189116255989,1.3823529411744377,1.9318181818167186,62.0,132.0,132.0,68.0,255.0,229.0,255.0,94.0,2.680203045684599,2.270136307310747,0
-0.11475409836060871,-0.17073170731702692,-0.22857142857134694,-0.1752021563341846,-0.13217623501266546,0.17241379310338223,0.1179487179486877,0.7665094342976793,1.416666666665355,1.2674418604643796,87.0,136.0,172.0,108.0,146.0,216.0,218.0,153.0,2.329764453960957,2.3638850889189653,0
0.26451612903208743,-0.46666666666649387,0.1529411764704983,-0.5294117647057094,1.0,-0.1529411764704983,0.5294117647057094,0.0,0.7346938775502707,3.249999999995486,41.0,57.0,72.0,98.0,57.0,198.0,234.0,72.0,1.802371541501264,3.0171428571422823,0
-0.33593749999986877,-0.9029850746265288,-0.27038626609430455,-0.9029850746265288,0.5391292480328648,-0.7346938775502707,0.2655086848634577,3.3396114677124515,0.1529411764704083,1.7229729729718088,48.0,171.0,148.0,85.0,73.0,255.0,255.0,13.0,2.8799999999993937,3.4228187919457342,0
-0.34117647058803463,-0.2989690721648714,-0.15789473684198657,-0.2989690721648714,0.3087885986426341,0.4166666666664497,0.5319148936168596,1.8934707915781404,2.428571428567092,3.2727272727230226,183.0,114.0,77.0,56.0,184.0,252.0,252.0,136.0,1.9528907922908025,2.446601941747276,0
-0.28813559322017623,-0.7525773195873703,-0.1369863013697692,-0.7073170731704442,0.6755045509308942,-0.27272727272699726,0.4334470989759613,5.1634146379170724,0.5714285714276643,2.5301204819246625,97.0,114.0,83.0,63.0,58.0,255.0,210.0,36.0,2.35051546391692,3.3774834437080496,0
-0.5384615384612199,-0.9999999999994565,-0.47297297297265345,-0.9999999999995123,0.35779816516198754,-0.9999999999974358,0.30573248407633574,2.114285714733132,0.0,1.880733944952403,85.0,130.0,109.0,39.0,53.0,184.0,205.0,0.0,2.7083333333326283,3.4964370546309986,0
-0.5370370370365398,-0.8239999999993408,-0.6031746031741244,-0.8358208955217644,0.16167270333690859,-0.38888888888780865,0.09821428571424187,1.3857030638590233,0.43999999999824,1.217821782177012,48.0,83.0,101.0,25.0,142.0,114.0,123.0,11.0,2.7782426778231053,2.3937007874009466,0
-0.714285714285114,-0.49999999999979167,-0.6851851851845507,-0.5121951219510114,-0.14447378348974432,0.5584415584408332,0.34296028880854046,0.7475280159301858,3.5294117646851215,2.0439560439537976,30.0,102.0,91.0,17.0,128.0,180.0,186.0,60.0,3.25099601593496,2.6277372262768925,0
-0.26136363636348786,-0.45714285714272657,-0.3229166666664985,-0.45714285714272657,0.1720717283701317,0.18749999999988282,0.3350785340313259,1.4156682032037105,1.461538461536213,2.0078740157464505,90.0,111.0,127.0,65.0,155.0,255.0,255.0,95.0,2.3554376657818685,2.6842105263154363,0
-0.24663677130033784,0.2686567164178436,-0.3411764705881015,0.08974358974357056,-1.0,0.5044247787609132,0.10937499999997152,0.0,3.0357142857106716,1.2456140350869909,113.0,139.0,171.0,84.0,200.0,147.0,213.0,255.0,2.341052631578455,1.5700934579437156,0
-0.03999999999998667,-0.1590909090908639,-0.12990936555887314,0.03496503496502274,-1.0,0.01369863013698161,-0.1507692307691844,0.0,1.027777777777064,0.737967914438108,150.0,156.0,187.0,144.0,34.0,204.0,138.0,148.0,2.0594059405937193,2.766101694914785,0
-0.05637982195844025,0.28530259365986016,-0.01547987616098592,0.45751633986913154,1.0,0.16753926701566296,-0.32793522267193204,0.0,1.4025157232695582,0.5060975609753012,133.0,178.0,164.0,159.0,93.0,124.0,83.0,223.0,2.1975308641971916,1.7588652482266383,0
-0.07734806629832118,-0.15348837209298757,-0.040229885057459704,-0.12918660287078249,0.525077098183672,0.04297994269339743,0.1318944844124384,3.2112098507710947,1.0898203592807847,1.3038674033141968,144.0,195.0,181.0,167.0,125.0,248.0,236.0,182.0,2.2253922967186552,2.47073474470704,0
-0.1283422459892705,-0.451505016722257,-0.09695290858723077,-0.44217687074814893,0.6403355471302878,-0.33061224489782426,0.03414634146340631,4.560738585850532,0.5030674846622681,1.07070707070653,23.0,211.0,198.0,163.0,163.0,217.0,212.0,82.0,2.7763157894732275,2.5567010309274583,0
-0.04697986577179632,-0.08490566037733847,-0.0340136054421653,-0.13585746102446863,0.5995362115552569,0.15476190476185872,0.2530712530711909,3.9942093658637123,1.3661971830976296,1.6776315789462648,118.0,156.0,152.0,142.0,22.0,230.0,255.0,194.0,2.1818181818178,2.7218934911238577,0
-0.19999999999993442,-0.1698113207546369,-0.2154340836012169,-0.45171339563848856,0.35416353868556416,-0.1619047619046848,0.10426540284357719,2.0967591956540943,0.7213114754092448,1.2328042328035806,110.0,183.0,189.0,122.0,131.0,124.0,233.0,88.0,2.448160535116647,2.124197002140873,0
-0.18654434250758822,-0.2789968652036743,-0.24216524216517318,-0.37837837837827615,0.21950614223664583,-0.07258064516126106,0.0782241014798989,1.5624801278312448,0.8646616541346883,1.1697247706416654,112.0,194.0,218.0,133.0,215.0,204.0,255.0,115.0,2.4518167456552207,2.2113821138208385,0
0.13888888888882459,-0.47435897435882235,0.06493506493503683,-0.5133531157268506,1.0,-0.19999999999990245,0.4049586776858389,0.0,0.6666666666661246,2.361111111108925,83.0,93.0,108.0,123.0,255.0,230.0,255.0,82.0,1.8979591836729852,2.308657465495319,0
-0.5955882352938987,-0.050955414012722626,-0.6393442622948724,-0.18131868131863152,-0.5581165624650922,0.46078431372526435,-0.0752688172042849,0.2836010144146183,2.7090909090859836,0.859999999999656,43.0,217.0,250.0,55.0,239.0,165.0,215.0,149.0,3.2631578947362283,1.8384401114203566,0
0.0,-0.5982532751089091,0.3378378378376096,-0.5555555555552872,1.0,-0.3655172413790583,0.5333333333330794,0.0,0.4646464646459953,3.28571428570758,92.0,99.0,49.0,99.0,106.0,183.0,161.0,46.0,2.035989717223127,2.8262548262542806,0
-0.1439393939393394,-0.21146953405010344,-0.1660516605165439,-0.3972602739724939,0.4104450826285376,-0.013452914798200245,0.2348668280871102,2.392389651364874,0.9734513274327669,1.6139240506318902,104.0,151.0,158.0,113.0,56.0,169.0,255.0,110.0,2.3275529865120754,2.6825396825391503,0
-0.349999999999875,0.04043126684635029,-0.2121212121211203,-0.13839285714282626,-0.21034349677932318,0.35915492957733836,0.2911392405062554,0.6524234696954629,2.1208791208767903,1.8214285714272707,118.0,189.0,140.0,91.0,179.0,178.0,255.0,193.0,2.57580919931813,1.9560439560436873,0
-0.3483146067413774,-0.19999999999992857,-0.47747747747726244,-0.38964577656665134,-0.10129090704363941,0.3176470588233426,0.21718377088300306,0.8160505888297347,1.9310344827552912,1.5548780487795397,162.0,120.0,164.0,58.0,30.0,168.0,255.0,112.0,2.086956521738677,2.81171548117096,0
-0.42253521126745686,-0.5344827586204594,-0.44027303754251185,-0.6301369863011541,0.17737497271803343,-0.2058823529410251,0.0601336302895189,1.4312413723119113,0.6585365853650506,1.1279620853075223,103.0,202.0,211.0,82.0,67.0,178.0,238.0,54.0,2.7436332767397715,2.985324947588473,0
-0.39393939393922345,0.14181818181813025,-0.4999999999998215,0.13357400722016838,-1.0,0.3832599118941043,-0.2727272727271901,0.0,2.242857142853939,0.5714285714282994,69.0,161.0,210.0,70.0,111.0,118.0,120.0,157.0,2.793926247287897,1.8730158730155015,0
-0.3061224489792795,-0.5769230769227995,-0.227272727272469,-0.5686274509801135,0.42889137743377054,0.12820512820496383,0.4953271028035069,2.5019607854162054,1.2941176470550173,2.962962962957476,9.0,64.0,54.0,34.0,124.0,164.0,160.0,44.0,2.994152046781875,2.6451612903220476,0
0.06666666666660317,-0.34161490683219203,-0.07438016528919472,-0.41274238227135385,0.6946141556084768,0.3086419753084515,0.5937499999998145,5.549092035779901,1.8928571428537626,3.9230769230708873,62.0,49.0,65.0,56.0,255.0,216.0,255.0,106.0,1.8148148148139747,2.179066834804265,0
-0.18454935622309676,-0.30188679245273525,-0.21487603305776246,-0.15267175572513259,-0.16924133200620922,0.07766990291258366,0.013422818791941805,0.7105108635133023,1.168421052630349,1.0272108843530428,70.0,138.0,147.0,95.0,255.0,207.0,151.0,111.0,2.5034013605436503,2.123076923076651,0
-0.07843137254899397,-0.6065573770489318,-0.17058823529406747,-0.6483516483514109,0.5833925330256695,-0.49206349206323174,0.06132075471696667,3.8006820787718576,0.3404255319146522,1.1306532663310902,95.0,165.0,199.0,141.0,86.0,196.0,225.0,48.0,2.3321554770313897,2.9809885931553266,0
-0.10638297872335899,0.011904761904758362,-0.2553191489360797,0.2099644128113132,-1.0,0.23636363636355043,-0.2291666666665871,0.0,1.619047619046077,0.6271186440674423,120.0,130.0,177.0,105.0,108.0,166.0,111.0,170.0,2.1443298969067746,2.177049180327512,0
-0.23684210526305402,-0.5399361022362492,-0.23008849557511946,-0.5555555555553842,0.414267834846277,-0.09433962264145011,0.2890025575446831,2.41452991557963,0.8275862068956005,1.8129496402864658,116.0,141.0,139.0,87.0,185.0,241.0,252.0,72.0,2.325773195875809,2.608930987821027,0
-0.032894736842094444,-0.24087591240870052,-0.04854368932037264,-0.2315270935960021,0.6533469947688206,0.0297029702970199,0.2135922330096569,4.76945813790427,1.0612244897951966,1.5432098765422575,35.0,157.0,162.0,147.0,140.0,255.0,250.0,156.0,2.5322580645156187,2.531017369726733,0
-0.5090909090906777,-0.4696969696967918,-0.5304347826084651,-0.5409836065571997,0.009845662587454491,0.12903225806441207,0.1435523114354882,1.0198871273087493,1.2962962962938958,1.3352272727265142,45.0,166.0,176.0,54.0,121.0,194.0,235.0,70.0,3.0812064965190067,2.6804835924002277,0
0.186119873816976,-0.2103004291844591,0.13595166163137887,-0.17857142857134886,1.0,-0.3428571428570204,-0.03999999999998546,0.0,0.4893617021273993,0.9230769230762776,32.0,129.0,143.0,188.0,129.0,141.0,132.0,92.0,2.15899581589913,2.2425447316098923,0
-0.16209476309222892,-0.22962962962954458,-0.16417910447757111,-0.34384858044153194,0.3536607971038763,-0.23529411764697233,-0.04697986577180157,2.0943504457836832,0.6190476190472506,0.9102564102560213,58.0,233.0,234.0,168.0,126.0,166.0,213.0,104.0,2.6936416184967205,2.3629893238429958,0
-0.17770034843199384,-0.4852320675103438,-0.19727891156455876,-0.6139240506327172,0.5136139271372583,-0.3184357541897663,0.18329466357304333,3.111959844440894,0.5169491525419347,1.4488636363628133,73.0,169.0,176.0,118.0,158.0,176.0,255.0,61.0,2.555765595462655,2.465849387039848,0
-0.43258426966279984,0.03608247422679482,-0.43258426966279984,0.08943089430891886,-1.0,0.3311258278144599,-0.20567375886519962,0.0,1.9900990098990197,0.6588235294115063,47.0,255.0,255.0,101.0,128.0,187.0,168.0,201.0,3.1003039513673096,2.128022759601404,0
-0.5199999999997029,-0.29090909090895867,-0.47499999999970316,-0.30357142857129304,-0.22018348626672765,0.29999999999975,0.10606060606056589,0.6390977444955632,1.8571428571384352,1.2372881355921719,134.0,133.0,118.0,42.0,81.0,142.0,146.0,78.0,2.4072398190039803,2.5643340857782024,0
-0.2388663967610369,-0.3009708737862617,-0.21991701244804154,-0.3009708737862617,0.1556071152657246,-0.1325301204818479,-0.046263345195713075,1.368565671990596,0.7659574468076957,0.9115646258497201,135.0,153.0,147.0,94.0,88.0,134.0,134.0,72.0,2.287850467289292,2.5046728971956767,0
-0.12466843501322954,0.034246575342454025,-0.023668639053247436,-0.07361963190181792,0.5134328363486352,-0.044303797468340414,0.005747126436779958,3.110429460994292,0.9151515151509606,1.011560693641034,88.0,212.0,173.0,165.0,104.0,141.0,175.0,151.0,2.505169867060191,2.100558659217486,0
-0.5088757396448199,-0.05627705627703192,-0.5088757396448199,-0.2296819787985054,-0.3780256490617687,0.13541666666659616,-0.1888111888111448,0.45135179563472955,1.3132530120466106,0.682352941176203,100.0,255.0,255.0,83.0,83.0,122.0,174.0,109.0,2.943722943722519,2.2385321100912297,0
-0.5672131147539125,0.07984790874521679,-0.5887850467287885,-0.18390804597695865,-0.5239816488930504,0.3653846153844397,-0.10629067245117,0.3123517606806805,2.1515151515118918,0.8078431372545852,46.0,239.0,255.0,66.0,29.0,121.0,206.0,142.0,3.2406779661011456,2.3438256658589967,0
-0.3495145631066265,0.002898550724636841,-0.3767441860463364,0.0812499999999746,-1.0,0.4416666666664827,-0.0033898305084734274,0.0,2.582089552234952,0.9932432432425722,35.0,139.0,148.0,67.0,107.0,172.0,147.0,173.0,2.9263157894729144,2.205128205127852,0
0.19672131147524857,-0.7886178861782206,0.22689075630233035,-0.8194444444438754,1.0,-0.6976744186038399,0.4802259887002937,0.0,0.17808219178057796,2.847826086950331,85.0,49.0,46.0,73.0,34.0,110.0,131.0,13.0,1.531249999999402,3.2958801498115,0
0.506666666666329,-0.1111111111110748,0.15306122448971785,-0.24022346368708375,1.0,0.0923694779116095,0.4557377049178834,0.0,1.2035398230077845,2.6746987951775,74.0,37.0,83.0,113.0,215.0,170.0,222.0,136.0,1.134099616857803,1.9681620839360392,0
-0.3140794223825581,-0.21656050955407116,-0.30909090909079673,-0.3404825737264503,0.04832657962627772,0.12844036697241815,0.16279069767438076,1.1015612682953035,1.2947368421039003,1.3888888888881175,65.0,182.0,180.0,95.0,248.0,191.0,250.0,123.0,2.778625954197943,2.02921646746321,0
-0.0891719745222646,-0.9999999999994476,-0.04666666666665111,-0.9999999999994565,0.9108280255647109,-0.9999999999993008,0.07917888563047532,10.0,0.0,1.1719745222922473,178.0,171.0,157.0,143.0,70.0,181.0,184.0,0.0,2.0633484162892812,3.3518518518510763,0
0.42600896860967447,0.15294117647052827,0.37068965517225405,-0.03606557377047998,-1.0,-0.03921568627449699,0.3679653679652087,0.0,0.924528301886211,2.1643835616408706,195.0,64.0,73.0,159.0,109.0,108.0,158.0,147.0,1.0622406639001947,1.8305084745758835,0
0.38333333333317365,-0.16343490304704614,0.10299003322255715,-0.23544303797462396,1.0,-0.047318611987366775,0.28759894459095314,0.0,0.9096385542163196,1.8074074074060686,178.0,74.0,135.0,166.0,209.0,210.0,244.0,151.0,1.2032520325200806,2.1538461538458775,0
-0.43529411764688813,-0.15281501340478476,-0.41935483870950835,-0.2348668280871102,-0.28199617960367945,0.37391304347809834,0.18329466357304333,0.56006705172612,2.1944444444413964,1.4488636363628133,82.0,183.0,176.0,72.0,147.0,215.0,255.0,158.0,2.815384615384074,2.3401360544214502,0
-0.9999999999996079,-0.40740740740725656,-0.9999999999996063,-0.4306049822062525,-0.39800995027656133,0.99999999999875,-0.11648351648349088,0.4306049822494825,10.0,0.7913385826768539,101.0,255.0,254.0,0.0,69.0,190.0,201.0,80.0,3.3387888707032176,2.873345935727245,0
0.06451612903223206,-0.07575757575754706,0.15283842794753152,-0.06870229007630965,-1.0,-0.039370078740141985,0.1814345991560416,0.0,0.9242424242417241,1.443298969070677,55.0,116.0,97.0,132.0,69.0,142.0,140.0,122.0,2.2147971360376575,2.3915789473679174,0
-0.284634760705218,-0.21296296296286438,-0.268041237113333,-0.3172690763050935,0.08410553867172174,-0.25110132158579246,-0.19999999999995122,1.1836577081955184,0.5985915492953532,0.6666666666663957,44.0,255.0,246.0,142.0,75.0,131.0,164.0,85.0,2.9310344827581996,2.483412322274293,0
-0.04871060171918375,-0.419354838709452,0.03105590062110837,-0.5862068965514996,1.0,-0.5090909090906777,0.14049586776855635,0.0,0.32530120481908115,1.3269230769222264,95.0,183.0,156.0,166.0,95.0,132.0,207.0,54.0,2.3349282296646994,2.556900726391633,0
0.215469613259609,-0.16317991631792336,0.17021276595740154,-0.33110367892965514,1.0,-0.3749999999998828,0.12112676056334616,0.0,0.454545454545248,1.275641025640208,191.0,142.0,156.0,220.0,60.0,139.0,199.0,100.0,1.6345323741004842,2.5388127853875484,0
-0.4517766497459636,-0.5744680851060775,-0.5443037974681249,-0.5061728395058605,-0.036298720622416444,-0.14893617021260752,-0.19999999999993442,0.929945449495963,0.740740740739369,0.6666666666663024,208.0,143.0,183.0,54.0,9.0,148.0,122.0,40.0,2.0875912408755313,3.43188405797002,0
-0.2140921409213512,-0.24210526315776734,-0.16666666666661878,-0.3009708737862617,0.2871972318952337,-0.33640552995376205,-0.20474777448065143,1.8058252438015843,0.49655172413758863,0.6600985221671626,111.0,224.0,203.0,145.0,47.0,118.0,134.0,72.0,2.545454545454184,2.6591549295767156,0
-0.12025316455692397,-0.041860465116259606,-0.06081081081079027,-0.20463320463312562,0.5418181820222825,-0.14876033057845092,-0.0031948881789127174,3.3650793706128885,0.7410071942440712,0.9936305732477748,56.0,177.0,157.0,139.0,85.0,112.0,156.0,103.0,2.5792349726771255,2.1747572815528704,0
-0.13082039911305304,-0.8211382113814463,-0.13082039911305304,-0.8294573643404424,0.7275363357239468,-0.8937198067628533,-0.36729222520097393,6.340428332263996,0.05612244897956321,0.46274509803903424,132.0,255.0,255.0,196.0,8.0,112.0,118.0,11.0,2.4343675417658193,3.687242798352392,0
-0.27748691099469175,-0.28455284552833965,-0.24175824175817534,-0.23809523809513503,-0.007633587787929436,-0.22123893805299946,-0.22493224932243228,0.9848484852556982,0.6376811594198278,0.6327433628315785,98.0,244.0,226.0,138.0,85.0,158.0,143.0,88.0,2.6961325966847105,2.5848670756640932,0
-0.03738317757007599,-0.12442396313358323,-0.11965811965806852,-0.2276422764226717,0.31092436983743466,-0.04040404040402,0.0709219858155777,1.902439025980179,0.9223300970864832,1.1526717557243111,24.0,111.0,131.0,103.0,196.0,122.0,151.0,95.0,2.544412607449128,1.8242990654202196,0
0.13043478260865515,-0.6091954022981504,0.13749999999995705,-0.7166666666660695,1.0,-0.8291457286427995,-0.1452282157675746,0.0,0.09340659340654209,0.7463768115936621,143.0,140.0,138.0,182.0,0.0,70.0,103.0,17.0,1.8512396694211815,3.5668789808894483,0
0.21538461538453255,-0.11818181818176447,0.056856187290950884,-0.3378839590442533,1.0,-0.239215686274416,0.16320474777443228,0.0,0.6139240506325229,1.39007092198483,100.0,102.0,141.0,158.0,60.0,123.0,196.0,97.0,1.766233766233384,2.4416873449125456,0
-0.40366972477045704,0.19298245614026624,-0.46938775510184927,-0.22063037249277348,-0.36050847462846447,0.35323383084559545,0.0839694656488336,0.4700386197588479,2.092307692304473,1.183333333332676,54.0,153.0,180.0,65.0,54.0,92.0,213.0,136.0,2.8799999999993227,1.9679144385021476,0
-0.07086614173225557,-0.29411764705869997,-0.09230769230765681,-0.3563218390803233,0.5884903430558898,-0.168316831683085,0.10971786833852361,3.8601532608868188,0.7118644067790577,1.246478873238559,188.0,136.0,142.0,118.0,0.0,154.0,177.0,84.0,1.8823529411761448,3.142857142856341,0
0.2870662460566918,0.16915422885567932,0.4315789473682696,0.243386243386179,-0.27881838431379646,0.07061503416854883,0.27678571428559073,0.5639437345448208,1.151960784313161,1.7654320987632526,217.0,113.0,81.0,204.0,92.0,167.0,143.0,235.0,1.3972179289024114,2.0211800302568803,0
0.5396825396823256,0.006928406466511102,0.2721311475408944,0.023474178403750358,-0.8411789207735377,0.05825242718445188,0.30407523510962253,0.08626053506644892,1.1237113402056065,1.8738738738721856,175.0,58.0,111.0,194.0,199.0,215.0,208.0,218.0,0.9567010309276378,2.030696576150882,0
0.01657458563534996,-0.0275229357798081,-0.12796208530799624,-0.15425531914889515,0.0931665922617889,0.26693227091622834,0.29166666666657987,1.2054767542914022,1.7282608695633388,1.8235294117631735,21.0,89.0,119.0,92.0,170.0,168.0,217.0,159.0,2.4467353951881625,2.0210526315786432,0
-0.5527156549519001,-0.39805825242705567,-0.5541401273883586,-0.35640138408292166,-0.21716609384193958,0.14110429447844106,-0.1090909090908843,0.6431611185187833,1.3285714285695305,0.803278688524261,212.0,243.0,244.0,70.0,34.0,216.0,196.0,93.0,2.5312499999996705,3.0912343470477475,0
-0.30357142857129304,-0.690322580644716,-0.2315270935959451,-0.6756756756752192,0.4895802759564499,-0.5294117647053633,-0.0040160642570265,2.9183438770506265,0.3076923076919132,0.9919999999992064,91.0,146.0,125.0,78.0,58.0,131.0,124.0,24.0,2.533622559652379,3.0465116279060913,0
-0.9999999999994118,-0.9999999999990291,-0.999999999999329,-0.999999999999187,-7.099876242838138e-14,0.0,-0.0955882352940825,1.0000000000998581,0.0,0.825503355704144,3.0,170.0,149.0,0.0,21.0,103.0,123.0,0.0,3.9650145772583194,3.629955947134965,0
-0.5729166666663683,-0.45999999999954,-0.5030303030299982,-0.6785714285710247,0.14856200770629502,-0.2058823529408737,0.06415094339620221,1.3489672980306613,0.6585365853642474,1.1370967741926314,37.0,151.0,124.0,41.0,66.0,73.0,141.0,27.0,3.178947368420216,2.4435146443504423,0
0.07575757575754706,-0.999999999998913,0.11811023622042595,-0.9999999999992909,1.0,-0.9999999999992959,0.11462450592880845,0.0,0.0,1.2589285714274474,115.0,122.0,112.0,142.0,50.0,92.0,141.0,0.0,1.9481037924147808,3.1452991452978014,0
-0.6830188679242706,-0.9999999999993672,-0.6626506024093725,-0.9999999999993789,0.20289855073673577,-0.999999999997619,-0.12499999999996604,1.5090909093183134,0.0,0.7777777777774021,163.0,223.0,207.0,42.0,26.0,158.0,161.0,0.0,2.740399385560255,3.6959064327474573,0
-0.48780487804863176,-0.4409937888196019,-0.4598070739548361,-0.4478527607359216,-0.01317047726839693,-0.3023255813951145,-0.3159420289854157,0.9740014588755793,0.535714285713648,0.5198237885460265,105.0,244.0,227.0,84.0,55.0,116.0,118.0,45.0,2.883308714918333,2.7951807228907244,0
-0.43722943722924795,-0.2184873949578914,-0.39814814814796384,-0.08374384236449077,-0.6524372930838138,0.17721518987330556,-0.1570881226053038,0.21033337157304163,1.4307692307670294,0.7284768211915706,97.0,166.0,151.0,65.0,51.0,145.0,110.0,93.0,2.688259109311197,2.672811059907218,0
-0.22891566265053348,-0.41237113402040604,-0.1741935483870406,-0.2692307692305967,0.21432568555461773,-0.38378378378357636,-0.29537366548032196,1.5455840464708333,0.44531249999965217,0.5439560439557451,151.0,204.0,182.0,128.0,104.0,137.0,99.0,57.0,2.3755458515280385,2.5195402298844782,0
-0.2618025751071838,-0.23875432525943296,-0.16097560975601904,-0.2786885245900726,0.26773372141418866,0.12244897959177427,0.24203821656043248,1.73124689625707,1.279069767440373,1.638655462183497,59.0,147.0,119.0,86.0,161.0,179.0,195.0,110.0,2.6788154897488203,2.276629570746856,0
-0.7058823529407613,-0.23843416370098278,-0.7142857142853062,-0.048888888888867166,-0.87188019978145,0.6212121212116507,-0.11940298507458232,0.06844444445403536,4.279999999982881,0.7866666666661423,82.0,145.0,150.0,25.0,213.0,174.0,118.0,107.0,2.921914357681884,2.083832335329029,0
-0.062034739454078905,-0.418181818181438,0.0,-0.37864077669866153,1.0,-0.7104072398186831,-0.4538461538459793,0.0,0.16931216931207974,0.3756613756611769,63.0,214.0,189.0,189.0,0.0,78.0,71.0,32.0,2.517647058823159,3.3191489361684474,0
-0.022058823529403655,-0.9999999999982758,0.031007751937972478,-0.999999999999099,1.0,-0.9999999999992483,-0.059322033898279954,0.0,0.0,0.8879999999992896,28.0,139.0,125.0,133.0,26.0,58.0,111.0,0.0,2.5330296127556875,3.267605633800516,0
-0.5726495726490832,-0.08571428571416326,-0.5652173913038563,-0.46666666666627776,-0.09550561798676557,0.12280701754364419,-0.011235955056173464,0.8256410257871306,1.2799999999948801,0.9777777777766914,6.0,92.0,90.0,25.0,0.0,38.0,88.0,32.0,3.4232558139518963,2.8148148148122085,0
0.2470588235291211,0.10204081632647856,0.04950495049500049,-0.14960629921253954,1.0,0.341614906832086,0.5051546391749974,0.0,2.037735849052759,3.04166666666033,111.0,32.0,48.0,53.0,56.0,88.0,146.0,108.0,1.1228070175433673,2.0705882352935085,0
0.026022304832704082,-0.21383647798735414,-0.007194244604313959,-0.2537313432835064,0.9448559674403098,-0.049429657794658015,0.19999999999994286,10.0,0.905797101448619,1.4999999999989286,163.0,131.0,140.0,138.0,36.0,193.0,210.0,125.0,1.8614564831257794,2.822669104204237,0
0.02797202797201819,-0.4979757085018227,0.061371841155212506,-0.5824915824913864,1.0,-0.4066985645931069,0.28767123287663354,0.0,0.42176870748270634,1.8076923076909173,114.0,139.0,130.0,147.0,152.0,185.0,235.0,62.0,2.063079777365109,2.534246575342032,0
-0.049999999999984376,0.03529411764704844,-0.06461538461536473,-0.024930747922430767,-0.44317532887868116,0.07317073170729477,0.03351955307261634,0.3858330041586697,1.1578947368413435,1.069364161849093,54.0,168.0,173.0,152.0,119.0,164.0,185.0,176.0,2.479704797047513,2.1059390048150712,0
-0.3050847457626257,-0.17786561264815104,-0.3050847457626257,-0.4206128133703564,0.15919588838313856,-0.0837004405285975,0.049382716049372555,1.3786753331662347,0.8455284552838654,1.103896103895626,144.0,231.0,231.0,123.0,117.0,149.0,255.0,104.0,2.534979423867965,2.296724470134432,0
-0.3712121212119806,-0.45263157894713024,-0.3386454183265583,-0.47999999999976,0.1726688729040484,-0.22962962962945954,-0.06329113924048631,1.4174117651242917,0.6265060240956307,0.8809523809518567,131.0,181.0,168.0,83.0,85.0,138.0,148.0,52.0,2.5138888888884523,2.6731234866821616,0
-0.3854748603349802,-0.6216216216212017,-0.42708333333311094,-0.6291390728472656,0.19130037229941,-0.3253012048188852,-0.05384615384613314,1.4731061221344088,0.5090909090899834,0.897810218977447,44.0,124.0,137.0,55.0,0.0,120.0,123.0,28.0,2.8587896253594067,3.5820895522374694,0
-0.48051948051885646,-0.9999999999958334,-0.5238095238089002,-0.9999999999986301,0.3125000000204269,-0.9999999999950001,0.06569343065688636,1.9090909094550295,0.0,1.1406249999982176,35.0,57.0,64.0,20.0,29.0,24.0,73.0,0.0,2.6982248520694094,2.493506493503255,0
-0.5217391304342155,-0.999999999997561,-0.08333333333315972,-0.9999999999988763,0.8461538462320889,-0.9999999999954546,0.5478260869560454,10.0,0.0,3.4230769230637574,30.0,70.0,26.0,22.0,105.0,41.0,89.0,0.0,2.9166666666651477,1.754010695186228,0
-0.9999999999991935,-0.9999999999988095,-0.9999999999990291,-0.999999999999225,9.792167077692037e-14,0.0,0.11206896551719309,1.0000000001001959,0.0,1.2524271844648034,30.0,124.0,103.0,0.0,60.0,84.0,129.0,0.0,3.568345323739724,2.947368421051339,0
-0.262569832402088,-0.35519125683040703,-0.22352941176457441,-0.25786163521996364,0.07131878267695292,-0.0559999999999552,-0.01960784313724529,1.1535915265008068,0.8939393939380395,0.961538461537537,39.0,113.0,104.0,66.0,100.0,124.0,100.0,59.0,2.7311178247725887,2.4373464373458384,0
-0.9393939393932278,-0.45185185185151716,-0.9316239316231354,-0.463768115941693,-0.33528628497736584,0.8048780487785246,-0.056074766355113985,0.4978061428536586,9.24999999976875,0.8938053097337223,42.0,128.0,113.0,4.0,31.0,98.0,101.0,37.0,3.3907284768200694,2.969696969695845,0
-0.12340425531909643,-0.15587529976015446,-0.2137404580151856,0.18120805369121437,-1.0,0.2616487455196195,-0.13167259786472182,0.0,1.708737864076011,0.7672955974837942,138.0,132.0,159.0,103.0,88.0,241.0,122.0,176.0,2.0910891089104773,2.5844504021444257,0
0.038674033149149904,-0.6140350877190828,-0.13761467889901946,-0.5067264573988759,0.5728514877660889,-0.2617449664427774,0.1506849315067977,3.682212259775928,0.5851063829781009,1.3548387096763268,74.0,87.0,124.0,94.0,169.0,230.0,168.0,55.0,2.0350877192976506,2.6900584795317704,0
-0.5075757575755654,-0.6242038216558522,-0.424778761061759,-0.5677655677653598,0.14406087724764213,-0.04838709677415452,0.14133333333329565,1.3366147744295371,0.9076923076909112,1.3291925465830254,62.0,199.0,161.0,65.0,134.0,255.0,214.0,59.0,3.0323809523803744,2.9018492176382784,0
-0.27499999999993124,-0.022900763358761147,-0.15451895043727273,-0.19999999999987503,0.12828947372023353,-0.38755980861225475,-0.3469387755100861,1.2943396234787357,0.4413793103445232,0.48484848484824,73.0,255.0,198.0,145.0,0.0,67.0,96.0,64.0,2.802197802197417,2.70707070706934,0
-0.07981220657273248,-0.9999999999988095,0.0,-0.9999999999979167,1.0,-0.9999999999989796,-0.342465753424423,0.0,0.0,0.48979591836684716,7.0,115.0,98.0,98.0,3.0,84.0,48.0,0.0,2.746268656715598,3.929824561401211,0
-0.7941176470576556,-0.39999999999942853,-0.7971014492742071,-0.04545454545444215,-0.8921032057353626,0.4999999999982143,-0.4588235294112249,0.057024793395536816,2.9999999999571427,0.3709677419348855,0.0,61.0,62.0,7.0,6.0,49.0,23.0,21.0,3.7829457364311763,3.135999999997491,0
-0.9999999999986301,-0.2367149758452963,-0.9999999999989011,0.09722222222215471,-1.0,0.9999999999987341,-0.16666666666655985,0.0,10.0,0.7142857142849294,59.0,73.0,91.0,0.0,13.0,128.0,65.0,79.0,2.8487804878034884,2.9425287356313383,0
-0.03738317757007599,-0.5586206896547872,-0.05069124423960798,-0.6666666666663195,0.858672376993353,-0.5259259259255364,0.16788321167877085,10.0,0.3106796116501838,1.4035087719285935,82.0,111.0,114.0,103.0,26.0,113.0,160.0,32.0,2.1818181818176456,3.183098591548175,0
-0.48333333333313194,-0.33999999999983,-0.4959349593493919,-0.4903474903473011,-0.005665181413676829,0.03124999999997559,0.023872679045086508,0.988733464342688,1.0645161290305412,1.048913043477691,83.0,178.0,184.0,62.0,51.0,134.0,193.0,66.0,2.84231536926091,2.7844155844148615,0
-0.4754098360654179,0.41441441441422777,-0.4501718213056872,-0.030864197530854672,-0.8716761478197804,0.3248945147677954,-0.11640211640208561,0.06856092735478564,1.9624999999975468,0.7914691943124211,38.0,225.0,211.0,80.0,85.0,65.0,167.0,157.0,3.1690140845064843,1.3978494623652158,0
-0.9366515837099835,-0.279569892472968,-0.9401709401705385,-0.32999999999983504,-0.48038490011186763,0.8108108108097151,-0.2611111111110386,0.35100000003730814,9.571428571291836,0.5859030837001824,112.0,214.0,227.0,7.0,152.0,119.0,133.0,67.0,3.1297989031072886,2.083150984682258,0
-0.1592356687897582,-0.7391304347822071,-0.14285714285709647,-0.7333333333329259,0.6739130435551118,-0.6923076923072485,-0.06024096385540354,5.133333336925482,0.1818181818180441,0.8863636363631328,179.0,182.0,176.0,132.0,169.0,160.0,156.0,24.0,2.157037037036717,2.495126705652535,0
0.03529411764704499,-0.7254901960780757,0.189189189189104,-0.645569620252756,1.0,-0.6499999999995938,0.1818181818180992,0.0,0.21212121212105145,1.4444444444428395,26.0,123.0,90.0,132.0,83.0,176.0,130.0,28.0,2.435643564355833,3.0410367170619783,0
0.012048192771069822,-0.9999999999991305,0.4237288135586038,-0.999999999997619,1.0,-0.999999999997619,0.4237288135586038,0.0,0.0,2.470588235279585,12.0,41.0,17.0,42.0,55.0,115.0,42.0,0.0,2.41176470588058,3.228070175437464,0
-0.9999999999928572,-0.23741007194227526,0.0,-0.045045045045004464,1.0,0.9999999999981132,0.9999999999982758,0.0,10.0,10.0,10.0,14.0,0.0,0.0,44.0,86.0,58.0,53.0,2.9473684210448754,2.5576208178429156,0
-0.8076923076907544,-0.7499999999994141,-0.8113207547154503,-0.5733333333325689,-0.17187500001214429,0.5238095238070295,0.10280373831766093,0.7066666667541586,3.199999999936,1.229166666664106,0.0,47.0,48.0,5.0,76.0,112.0,59.0,16.0,3.7979797979759615,2.8354430379737865,0
0.19999999999933335,-0.23456790123442312,-0.1818181818177686,-0.22981366459613056,0.11659807959018294,0.5499999999993125,0.5839999999995328,1.2639751559767771,3.444444444425309,3.807692307677663,20.0,12.0,26.0,18.0,62.0,100.0,99.0,62.0,1.5483870967716962,2.4691358024683736,0
-0.5714285714279883,-0.5714285714281179,-0.3437499999994629,-0.2987012987009108,-0.07012002527926076,0.12499999999973958,0.07526881720422014,0.8689492328386107,1.2857142857081634,1.1627906976717144,2.0,77.0,43.0,21.0,0.0,99.0,50.0,27.0,3.480225988698599,3.519999999998436,0
-0.15923566878970752,-0.2612612612611828,-0.20958083832322782,-0.3492063492062568,0.24987242732842516,0.30158730158714203,0.43258426966279984,1.6662131527230162,1.8636363636335398,2.524752475245025,97.0,91.0,101.0,66.0,169.0,210.0,255.0,123.0,2.1101449275356203,2.359550561797421,0
-0.19736842105250174,-0.33877551020394336,-0.3405405405403565,-0.4413793103446754,0.12896305126807925,0.14084507042243605,0.2552552552551786,1.2961138482188443,1.3278688524568396,1.6854838709663826,181.0,91.0,124.0,61.0,112.0,164.0,209.0,81.0,1.7169811320750668,2.518234165066695,0
-0.055118110236206004,-0.7338129496400239,0.01123595505617662,-0.7465753424654977,1.0,-0.6589861751149038,0.18329466357304333,0.0,0.20555555555544136,1.4488636363628133,64.0,201.0,176.0,180.0,69.0,241.0,255.0,37.0,2.489164086686921,3.2789115646252927,0
-0.1736842105262701,-0.8810810810806049,-0.11549295774644634,-0.7821782178210077,0.7426831542489835,-0.8690476190471018,-0.3749999999998698,6.772518721145374,0.0700636942674713,0.454545454545225,159.0,223.0,198.0,157.0,95.0,174.0,90.0,11.0,2.3412073490810577,3.06607929515351,0
-0.0057142857142824495,-0.9999999999995169,0.10126582278474604,-0.9999999999982142,1.0,-0.9999999999988506,-0.11811023622037944,0.0,0.0,0.7887323943650862,1.0,88.0,71.0,87.0,35.0,207.0,56.0,0.0,2.6666666666656567,3.6881959910904927,0
-0.8269230769222818,-0.9999999999983606,-0.7831325301195384,-0.9999999999944446,0.12162162162629912,-0.9999999999888889,-0.6086956521732514,1.2769230770805746,0.0,0.24324324324291452,17.0,95.0,74.0,9.0,5.0,61.0,18.0,0.0,3.5185185185168897,3.8425196850363443,0
-0.999999999998305,-0.999999999999115,-0.9999999999981818,-0.9999999999992483,5.332401187548099e-13,0.0,0.4148936170210559,1.0000000001010665,0.0,2.4181818181774215,0.0,59.0,55.0,0.0,38.0,113.0,133.0,0.0,3.9999999999966103,3.424242424241127,0
-0.5438596491218528,-0.6842105263151893,-0.5185185185175583,-0.5662650602402816,0.044014808725071436,0.16129032258012488,0.22641509433940904,1.0920826163903243,1.3846153846047338,1.5853658536546698,0.0,44.0,41.0,13.0,22.0,96.0,65.0,18.0,3.4851485148480346,3.31034482758478,0
-0.9259259259250686,-0.5894736842102161,-0.9215686274500768,-0.5301204819273916,-0.2696501220688471,0.8139534883702001,0.1288888888888316,0.5752371187501529,9.74999999975625,1.2959183673456165,5.0,104.0,98.0,4.0,7.0,151.0,127.0,39.0,3.8341013824867125,3.4712643678150945,0
-0.4666666666662222,0.38255033557021306,-0.41666666666623264,0.20467836257297972,-1.0,0.5725190839690286,0.0,0.0,3.678571428558291,0.9999999999985294,0.0,77.0,68.0,28.0,39.0,46.0,68.0,103.0,3.384615384613525,1.5726495726489007,0
-0.22916666666642796,0.16312056737577085,-0.23711340206161122,-0.1276595744680172,-0.30006013237307266,0.3781512605038839,0.27710843373477284,0.5383903795057748,2.2162162162102264,1.766666666663722,94.0,59.0,60.0,37.0,66.0,59.0,106.0,82.0,1.895582329316508,1.774436090224897,0
0.20710059171591508,-0.006060606060604224,0.14285714285710285,-0.05747126436779958,-1.0,-0.10869565217388351,0.09198813056377092,0.0,0.803921568627057,1.2026143790841815,197.0,134.0,153.0,204.0,192.0,166.0,184.0,164.0,1.6023916292972193,1.930232558139254,0
0.5836734693875169,-0.27810650887565735,0.3956834532372678,-0.20261437908490113,-1.0,-0.2278481012657507,0.37313432835806976,0.0,0.6288659793811192,2.1904761904735826,96.0,51.0,84.0,194.0,141.0,216.0,184.0,122.0,1.0408163265303467,2.4863309352514404,0
0.16339869281035074,-0.48854961832042426,0.48333333333293055,-0.4596774193546534,-1.0,-0.14102564102555062,0.7075471698109871,0.0,0.7528089887631991,5.83870967740052,11.0,64.0,31.0,89.0,99.0,195.0,181.0,67.0,2.2456140350867346,2.805755395682948,0
-0.9999999999966668,-0.12087912087905447,-0.9999999999833333,-0.17098445595846065,-0.7079646018263431,0.99999999999875,0.8991596638647906,0.17098445597840883,10.0,10.0,1.0,30.0,6.0,0.0,45.0,102.0,113.0,80.0,3.9344262295017467,2.480243161093471,0
0.4029850746262642,-0.162162162161943,0.8076923076907544,-0.5507246376807604,-1.0,-0.20512820512794214,0.9107142857134726,0.0,0.659574468083703,10.0,0.0,20.0,5.0,47.0,43.0,43.0,107.0,31.0,1.839080459768001,2.1499999999986565,0
-0.7333333333308889,-0.9999999999985507,-0.7499999999976562,-0.9999999999989362,0.1428571428663157,-0.999999999975,0.5409836065569336,1.3333333335138595,0.0,3.3571428571308677,0.0,26.0,28.0,4.0,0.0,69.0,94.0,0.0,3.7142857142790815,3.999999999997102,0
-0.5619047619042268,-0.9999999999979999,-0.3134328358204277,-0.99999999999875,0.5227272727671595,-0.9999999999956523,0.29032258064492716,3.1904761914948785,0.0,1.8181818181776859,52.0,82.0,44.0,23.0,0.0,50.0,80.0,0.0,2.744769874475839,3.999999999996,0
-0.21649484536071317,0.10163934426226176,-0.1827956989246329,-0.12041884816750775,-0.20571852958869405,0.37704918032771434,0.3209876543208886,0.6587619344535722,2.210526315786565,1.9454545454527767,67.0,118.0,110.0,76.0,215.0,137.0,214.0,168.0,2.4907651715033006,1.6681887366816333,0
-0.32926829268272606,0.022950819672123625,-0.10569105691048318,0.009708737864074527,-1.0,0.4786729857817637,0.3846153846152106,0.0,2.836363636358479,2.249999999996691,93.0,109.0,68.0,55.0,112.0,149.0,153.0,156.0,2.3825136612015347,2.106007067137437,0
-0.14801444043315956,-0.7656903765687173,-0.16607773851584237,-0.8021201413424728,0.6569343066371943,-0.6164383561639614,0.21428571428566326,4.829787236950702,0.23728813559301926,1.5454545454536088,153.0,159.0,165.0,118.0,91.0,211.0,255.0,28.0,2.1595925297110083,3.1201478743062623,0
-0.023668639053247436,-0.8617021276591161,-0.035087719298235356,-0.8731707317068912,0.922736266944131,-0.8539325842691833,0.04065040650405403,10.0,0.07878787878783104,1.0847457627112516,181.0,173.0,177.0,165.0,46.0,175.0,192.0,13.0,1.999999999999711,3.4229828850847377,0
0.18018018018009901,-0.9999999999995799,0.11965811965806852,-0.9999999999995596,1.0,-0.9999999999992367,0.3757575757574619,0.0,0.0,2.2038834951434914,99.0,91.0,103.0,131.0,82.0,238.0,227.0,0.0,1.766990291261707,3.4121863799277037,0
-0.3302325581393813,-0.9999999999994048,-0.25388601036256275,-0.9999999999985074,0.5950413223611906,-0.9999999999986111,-0.28723404255303875,3.938775511751639,0.0,0.5537190082640052,28.0,143.0,121.0,72.0,71.0,168.0,67.0,0.0,2.963730569947419,3.302211302210491,0
-0.8857142857130204,-0.37391304347793575,-0.83999999999832,-0.5955056179771936,-0.17031934879012703,0.799999999998,0.5106382978720688,0.7089352595824739,8.999999999775,3.0869565217324197,0.0,66.0,46.0,4.0,99.0,79.0,142.0,36.0,3.8823529411736164,2.1569965870299805,0
-0.9999999999982142,-0.720430107526107,-0.9999999999978723,-0.7078651685385304,-0.1710526315884756,0.9999999999923077,0.23577235772338553,0.7078651686108232,10.0,1.6170212765923042,0.0,56.0,47.0,0.0,0.0,80.0,76.0,13.0,3.9999999999964286,3.699421965315781,0
-0.20879120879097934,-0.9999999999992701,-0.099999999999875,-0.9999999999993712,0.818181818256301,-0.9999999999972222,0.5665024630539082,10.0,0.0,3.6136363636281508,29.0,55.0,44.0,36.0,0.0,137.0,159.0,0.0,2.5142857142842776,3.9999999999985403,0
-0.5058823529405813,-0.07317073170725759,-0.4545454545448642,0.15151515151499848,-1.0,0.4615384615378698,-0.14285714285699708,0.0,2.714285714272789,0.7499999999986607,0.0,64.0,56.0,21.0,0.0,66.0,42.0,57.0,3.4362416107359492,2.7936507936493156,0
-0.46153846153757394,-0.2857142857138775,-0.12499999999960937,-0.47916666666616753,0.5862068966494353,0.28205128205055885,0.595505617976859,3.833333336407986,1.7857142857015307,3.944444444422531,19.0,38.0,18.0,14.0,0.0,45.0,71.0,25.0,2.7889908256855147,3.1304347826059735,0
0.12612612612606933,0.37777777777756794,0.0917030567685189,-0.12367491166073369,1.0,-0.0040160642570265,0.2091254752850916,0.0,0.9919999999992064,1.5288461538446838,144.0,97.0,104.0,125.0,55.0,56.0,159.0,124.0,1.676025917926204,1.5395189003431136,0
0.44117647058807313,0.09944751381212723,0.3950177935941655,0.010152284263956814,-0.9498863076704981,0.007594936708858837,0.3928571428570026,0.02570082772478096,1.0153061224484616,2.2941176470561246,127.0,76.0,85.0,196.0,4.0,163.0,195.0,199.0,1.2799999999997305,2.4650283553870573,0
0.12280701754381657,-0.09499999999997626,0.2598425196849371,-0.11491442542784477,-1.0,0.061583577712591916,0.41614906832285214,0.0,1.131249999999293,2.4255319148910366,26.0,125.0,94.0,160.0,66.0,219.0,228.0,181.0,2.2935779816508504,2.557664233576269,0
-0.13294797687853588,-0.05970149253729116,-0.23076923076911243,0.13004484304926905,-1.0,0.25373134328345587,-0.10599078341008941,0.0,1.67999999999776,0.8083333333326597,4.0,98.0,120.0,75.0,61.0,142.0,97.0,126.0,2.8509090909080546,2.4118895966024603,0
0.15596330275215048,0.13978494623640883,-0.07352941176465182,0.04950495049500049,-1.0,-0.08620689655164981,-0.20661157024776314,0.0,0.8412698412685059,0.6575342465744417,37.0,46.0,73.0,63.0,0.0,40.0,48.0,53.0,1.9166666666656684,2.406015037592176,0
-0.054054054053981004,-0.9999999999956523,-0.38596491228036317,-0.9999999999984848,0.4430379747152539,-0.9999999999971428,-0.08965517241373128,2.590909091578719,0.0,0.835443037973626,0.0,39.0,79.0,35.0,0.0,23.0,66.0,0.0,2.7610619469002113,3.9999999999913043,0
-0.4838709677414152,-0.9999999999977778,-0.46666666666614814,-0.9999999999979592,0.3636363636607537,-0.9999999999958334,-0.14782608695639318,2.1428571433143344,0.0,0.7424242424231176,26.0,69.0,66.0,24.0,69.0,45.0,49.0,0.0,2.936170212764396,2.2641509433948026,0
0.2631578947367267,-0.1830985915492442,0.27433628318571934,0.07806691449811225,-0.5569454815446967,0.00346020761245555,0.2038834951455321,0.28456649467983824,1.0069444444437452,1.5121951219493754,66.0,84.0,82.0,144.0,201.0,210.0,124.0,145.0,1.7777777777773076,2.193211488250366,0
-0.27710843373477284,-0.369942196531685,-0.18918918918906139,-0.19259259259252126,0.008914525435104223,0.2899408284021953,0.2931726907629345,1.0179894185278089,1.8166666666636389,1.8295454545433756,93.0,106.0,88.0,60.0,180.0,237.0,161.0,109.0,2.32328767123224,2.4849279161202507,0
0.32352941176458694,-0.42142857142842094,0.2543554006967755,-0.48571428571413156,1.0,-0.3793103448274409,0.37243401759519873,0.0,0.44999999999975004,2.1869158878484236,198.0,92.0,107.0,180.0,0.0,199.0,234.0,81.0,1.3096085409250338,3.3235908141955486,0
0.48780487804863176,-0.6981132075467308,0.29442970822273357,-0.7486910994760478,1.0,-0.8208955223877534,0.11333333333329557,0.0,0.09836065573766462,1.2556390977434169,201.0,84.0,133.0,244.0,7.0,135.0,167.0,24.0,1.0962479608481082,3.5880398671084426,0
0.058252427184437745,-0.40579710144912834,-0.1583011583010972,-0.5133531157268506,0.5286230895983874,-0.1413612565444286,0.25925925925919524,3.242889196519426,0.7522935779809612,1.6999999999988669,117.0,97.0,150.0,109.0,16.0,194.0,255.0,82.0,1.8476190476186078,3.193415637859425,0
-0.4319066147858242,-0.20769230769222782,-0.4427480916028845,-0.2642857142856199,-0.2524099637898335,0.17045454545444863,-0.03278688524589268,0.5969211824008464,1.4109589041076562,0.936507936507441,11.0,184.0,189.0,73.0,82.0,157.0,177.0,103.0,3.2566371681408723,2.5170340681357684,0
-0.5652173913038563,-0.5434782608689744,-0.5652173913038563,-0.6347826086951002,0.05797101449758456,-0.08695652173894139,0.021739130434770795,1.1230769232756215,0.8399999999966401,1.0444444444432839,0.0,90.0,90.0,25.0,72.0,71.0,94.0,21.0,3.5121951219495067,2.417021276594716,0
-0.36296296296269415,-0.9999999999986301,-0.37226277372235606,-0.9999999999984127,0.45744680854363445,-0.9999999999976744,-0.1974522292992373,2.686274510523225,0.0,0.6702127659567338,27.0,92.0,94.0,43.0,0.0,73.0,63.0,0.0,2.89763779527445,3.9999999999972604,0
-0.08108108108086194,-0.8979591836725531,-0.028571428571346938,-0.9363057324834801,0.9407770653560229,-0.5454545454520662,0.7882352941171834,10.0,0.2941176470570935,8.444444444397531,1.0,20.0,18.0,17.0,7.0,93.0,152.0,5.0,2.758620689650416,3.75757575757386,0
-0.9512195121928019,-0.19101123595484157,-0.9459459459433893,-0.11111111111097394,-0.7897727273471653,0.9459459459433893,0.11111111111097394,0.11746031747290714,10.0,1.2499999999965277,0.0,40.0,36.0,1.0,0.0,53.0,45.0,36.0,3.95061728394574,2.985915492955644,0
0.42105263157783934,-0.9999999999941177,0.2857142857136054,-0.9999999999979999,1.0,-0.9999999999962964,0.5384615384607101,0.0,0.0,3.3333333333111113,2.0,11.0,15.0,27.0,49.0,17.0,50.0,0.0,1.725490196075048,1.6385542168654956,0
0.19512195121927423,0.9999999999,0.2894736842101454,-0.9574468085086011,1.0,-0.95999999999808,0.26027397260238316,0.0,0.020408163265264474,1.7037037036973939,76.0,33.0,27.0,49.0,0.0,0.0,46.0,1.0,1.3821989528788576,0.0,0
0.15555555555538272,-0.35294117647041523,0.07216494845353386,-0.37735849056585974,1.0,0.11864406779650963,0.5287958115180478,0.0,1.2692307692283284,3.2444444444372342,76.0,38.0,45.0,52.0,77.0,138.0,146.0,66.0,1.490196078430642,2.634844868734455,0
0.044642857142837215,-0.4715447154469628,0.044642857142837215,-0.5517241379308443,1.0,-0.28571428571412877,0.3554216867468809,0.0,0.5555555555550807,2.102803738315792,61.0,107.0,107.0,117.0,182.0,181.0,225.0,65.0,2.183673469387198,2.377668308702401,0
-0.39350180505400956,-0.34346504559260077,-0.34883720930219037,-0.0847457627118285,-0.609090909231399,0.1249999999999349,-0.15231788079465156,0.24293785317697805,1.285714285712755,0.7356321839076233,110.0,193.0,174.0,84.0,138.0,221.0,128.0,108.0,2.662068965516782,2.5697674418600913,0
-0.009900990099005,-0.9999999999989011,0.17647058823519032,-0.9999999999967742,1.0,-0.999999999999,-0.38613861386100384,0.0,0.0,0.4428571428565102,87.0,102.0,70.0,100.0,19.0,91.0,31.0,0.0,2.0869565217385966,3.62189054726188,0
-0.9999999999969696,-0.9999999999988636,-0.9999999999986301,-0.9999999999973683,-6.308842337760517e-13,0.0,-0.31531531531503126,1.0000000000987384,0.0,0.5205479452047663,0.0,33.0,73.0,0.0,70.0,88.0,38.0,0.0,3.999999999993939,2.861788617885016,0
-0.9199999999963201,-0.9999999999990477,-0.8888888888839507,-0.999999999997619,0.05882352941646065,-0.9999999999,0.4237288135586038,1.125000000130134,0.0,2.470588235279585,0.0,24.0,17.0,1.0,138.0,105.0,42.0,0.0,3.9183673469307787,2.413793103447582,0
