NDPI_Pre,NDPI_Post,NDBI_Pre,NDBI_Post,NORMALIZED_NDBI,NORMALIZED_VV,NORMALIZED_VH,RBR_NDBI,RBR_VV,RBR_VH,HH_Pre,HV_Pre,VH_Pre,VV_Pre,HH_Post,HV_Post,VH_Post,VV_Post,IRV_Pre,IRV_Post,Burn_Classification
-0.2834645669290223,-0.26693227091622834,-0.20524017467239947,-0.32352941176458694,0.22370658250529826,0.005464480874313954,0.13207547169807168,1.5763454325578952,1.0109890109879,1.3043478260860115,94.0,163.0,138.0,91.0,82.0,159.0,180.0,92.0,2.551859099803806,2.5853658536580113,0
-0.8620689655164983,-0.1764705882352526,-0.8545454545446777,-0.1860465116278637,-0.642421779825861,0.9125683060104304,0.42857142857130853,0.21771400299445176,10.0,2.499999999997549,49.0,108.0,102.0,8.0,151.0,250.0,255.0,175.0,3.1648351648340056,2.4213075060529756,0
-0.19431279620843872,-0.24352331606211308,-0.25764192139726744,0.06181818181815934,-1.0,0.26406926406914977,-0.05494505494503482,0.0,1.7176470588215087,0.8958333333327113,5.0,126.0,144.0,85.0,170.0,240.0,129.0,146.0,2.94736842105177,2.4120603015072346,0
-0.2097560975608733,-0.2348668280871102,-0.1859296482411126,-0.22549019607837612,0.0961561489876952,0.32217573221743845,0.3586956521738156,1.212771595777123,1.950617283948209,2.118644067794815,59.0,124.0,118.0,81.0,120.0,255.0,250.0,158.0,2.5567010309271763,2.588832487309316,0
-0.01818181818181157,-0.07416879795394522,-0.07849829351533158,0.12772585669777953,1.0,0.1455696202531185,-0.060402684563738124,0.0,1.3407407407397478,0.8860759493665279,173.0,140.0,158.0,135.0,35.0,210.0,140.0,181.0,1.9047619047615807,2.641509433961849,0
-0.25874125874116827,0.2228571428570792,-0.20895522388051907,0.03883495145630125,-1.0,0.33749999999989455,0.09999999999997222,0.0,2.0188679245263974,1.2222222222214678,126.0,180.0,162.0,106.0,156.0,136.0,198.0,214.0,2.4324324324320212,1.6947040498439727,0
-0.4432234432232809,-0.6838487972506241,-0.35319148936155187,-0.6182572614105318,0.272856156195165,-0.24590163934406073,0.10169491525420857,1.7504874273816053,0.6052631578939405,1.2264150943388514,78.0,197.0,159.0,76.0,95.0,245.0,195.0,46.0,2.875912408758599,3.1061806656096502,0
-0.45396825396810986,-0.34057971014480415,-0.4149659863944167,-0.3079847908744076,-0.14797853311530046,0.028248587570605513,-0.09473684210523824,0.7421928568764518,1.0581395348824905,0.8269230769226794,34.0,229.0,208.0,86.0,198.0,185.0,172.0,91.0,3.169550173009832,2.245827010621814,0
-0.13839285714282626,-0.4341085271316147,-0.09176470588233135,-0.09316770186329618,0.007586533906232845,-0.4511278195487026,-0.4499999999998594,1.0152890598733326,0.378238341968716,0.3793103448274227,162.0,255.0,232.0,193.0,183.0,185.0,88.0,73.0,2.3583815028899004,2.3642172523957883,0
-0.44578313252998625,-0.4035087719296476,-0.426791277258434,-0.2608695652172495,-0.24128422300151559,-0.14999999999990626,-0.327536231883963,0.6112345288641154,0.7391304347818053,0.5065502183403902,93.0,240.0,229.0,92.0,209.0,160.0,116.0,68.0,2.8872180451123475,2.144053601339674,0
-0.021897810218972774,-0.2610169491524539,0.11666666666663426,-0.20146520146512767,1.0,-0.2967741935482914,0.01547987616098592,0.0,0.5422885572136605,1.0314465408798545,148.0,210.0,159.0,201.0,141.0,186.0,164.0,109.0,2.1846553966187017,2.392282958198972,0
-0.2795389048990549,-0.2537313432834874,-0.10394265232971185,-0.24242424242415062,0.3998118533609532,-0.11111111111106173,0.03144654088049326,2.332288403497693,0.79999999999936,1.0649350649343734,255.0,222.0,154.0,125.0,136.0,168.0,164.0,100.0,2.155339805824981,2.349650349649939,0
-0.3144329896906406,-0.026415094339612675,-0.3144329896906406,0.07949790794975754,-1.0,-0.015267175572513258,-0.3972602739724939,0.0,0.969924812029346,0.4313725490194387,255.0,255.0,255.0,133.0,202.0,136.0,110.0,129.0,2.2717149220487447,1.8043117744607289,0
0.04722792607801905,-0.1985559566786287,0.11842105263155298,0.08292682926825223,-0.17628307291225978,-0.3934426229507122,-0.3627118644066567,0.7002710021184991,0.43529411764688813,0.46766169154205595,248.0,232.0,201.0,255.0,102.0,166.0,94.0,111.0,1.9193381592552305,2.4366972477059745,0
-0.12087912087909432,0.043771043771029035,-0.11111111111108642,0.29166666666654517,1.0,-0.126760563380246,-0.4925373134326888,0.0,0.7749999999996126,0.339999999999864,185.0,255.0,250.0,200.0,181.0,142.0,85.0,155.0,2.279329608938293,1.8322580645158333,0
-0.41274238227135385,0.5133531157268506,-0.3764705882351834,0.3934426229507122,1.0,0.41274238227135385,-0.35652173913033147,0.0,2.405660377356221,0.47435897435877167,234.0,255.0,234.0,106.0,253.0,82.0,111.0,255.0,2.3999999999997175,0.9761904761903308,0
-0.5307692307690266,-0.07296137339052663,-0.4999999999997951,-0.2258064516128223,-0.3777777778298051,0.2781065088755751,-0.03389830508473619,0.4516129033161523,1.770491803275786,0.9344262295076862,67.0,199.0,183.0,61.0,114.0,125.0,171.0,108.0,3.026615969581173,2.1186440677961613,0
-0.5333333333324445,-0.0508474576270971,-0.6626506024088402,-0.34883720930222417,-0.31024930750948393,0.7777777777771605,0.541528239202478,0.526427061390706,7.999999999942857,3.362318840574837,85.0,46.0,69.0,14.0,148.0,124.0,232.0,112.0,1.9267015706796196,1.9527559055114267,0
-0.16923076923070415,-0.20853080568715437,-0.18490566037728873,-0.20853080568715437,0.06004818402369641,0.21454545454537655,0.2378640776698452,1.1277686436122987,1.5462962962948645,1.6242038216550165,51.0,152.0,157.0,108.0,139.0,255.0,255.0,167.0,2.626349892008072,2.4999999999996936,0
-0.27999999999987557,-0.4594594594593215,-0.30172413793090447,-0.4782608695650788,0.22633349354181886,0.052631578947337644,0.2561576354679172,1.5850931682274323,1.1111111111097394,1.6887417218531864,42.0,144.0,151.0,81.0,115.0,243.0,255.0,90.0,2.802919708028515,2.813314037626221,0
-0.13445378151254855,0.04761904761903682,-0.21072796934857826,0.04288939051917768,-1.0,0.383233532934017,0.1459459459459065,0.0,2.2427184465997643,1.3417721518978851,88.0,135.0,158.0,103.0,247.0,210.0,212.0,231.0,2.3427331887196656,1.8708240534519074,0
-0.1672597864768088,-0.010152284263956814,-0.17894736842098985,0.10795454545451479,-1.0,0.24999999999991987,-0.03384615384614343,0.0,1.666666666665242,0.9345238095232533,131.0,164.0,168.0,117.0,187.0,199.0,157.0,195.0,2.277777777777382,2.0410256410253793,0
-0.6194690265483985,-0.5555555555552616,-0.5962441314551191,-0.6956521739127914,0.0769473850589404,-0.0117647058823391,0.1584158415841192,1.1667237249476012,0.9767441860442401,1.3764705882344845,61.0,183.0,170.0,43.0,130.0,147.0,234.0,42.0,3.114893617020614,2.523605150214051,0
0.0,-0.27598566308233835,0.09352517985608147,-0.3034482758619643,1.0,-0.20158102766790453,0.1999999999999365,0.0,0.6644736842100892,1.4999999999988094,103.0,152.0,126.0,152.0,255.0,178.0,189.0,101.0,2.1753130590336,1.999999999999719,0
-0.03359173126614119,-0.923809523809084,0.05352112676054831,-0.918367346938307,1.0,-0.9179487179482473,0.056179775280883096,0.0,0.04278074866307873,1.119047619046953,127.0,200.0,168.0,187.0,181.0,202.0,188.0,8.0,2.2408963585431034,2.725126475547601,0
-0.1608391608391046,0.0782241014798989,-0.11764705882348617,0.17511520737323155,1.0,0.359999999999904,0.08157099697882732,0.0,2.124999999998229,1.1776315789465936,167.0,166.0,152.0,120.0,244.0,218.0,179.0,255.0,2.1453957996765514,1.8652406417110303,0
-0.4131736526943634,0.0830945558739017,-0.39130434782584395,0.13855421686742816,-1.0,0.5882352941173999,0.12156862745093272,0.0,3.8571428571349853,1.2767857142845742,192.0,118.0,112.0,49.0,124.0,160.0,143.0,189.0,1.979035639412583,2.022116903633172,0
-0.4251968503935334,0.05135951661629869,-0.45318352059908124,0.08074534161488175,-1.0,0.4089068825909276,-0.13450292397656885,0.0,2.3835616438323513,0.7628865979377512,255.0,181.0,194.0,73.0,158.0,157.0,148.0,174.0,2.0985507246373767,1.9442724458201324,0
-0.1913357400721331,-0.18539325842691423,-0.19713261648738456,0.08208955223877534,-1.0,0.12840466926065044,-0.15172413793098216,0.0,1.2946428571417012,0.7365269461073435,180.0,165.0,167.0,112.0,255.0,211.0,123.0,145.0,2.1221864951765075,2.05352798053503,0
0.08900523560207095,0.017543859649117678,0.3376205787780265,0.05135951661629869,-0.7359272761706237,-0.08900523560207095,0.20769230769222782,0.15212199678993366,0.8365384615380594,1.5242718446587142,115.0,174.0,103.0,208.0,114.0,168.0,157.0,174.0,2.0745156482858307,2.1538461538458087,0
0.02439024390243053,0.24043715846987967,0.10943396226410965,0.3552238805969089,0.5289696968558847,0.21390374331545084,-0.044247787610599894,3.246011319730934,1.5442176870737796,0.91525423728736,136.0,140.0,118.0,147.0,255.0,139.0,108.0,227.0,1.9893428063939627,1.4631578947366495,0
-0.26114649681520347,0.22009569377985166,-0.25641025641017423,0.3821138211381078,1.0,0.37466307277617933,-0.26451612903217275,0.0,2.1982758620670704,0.5816326530609278,210.0,198.0,196.0,116.0,237.0,163.0,114.0,255.0,2.1939058171742114,1.5941320293396584,0
-0.38461538461515704,-0.006211180124219745,-0.35403726708052546,-0.01234567901233806,-0.932607785938931,0.21212121212105145,-0.1413612565444286,0.0348711284482296,1.5384615384585798,0.7522935779809612,44.0,117.0,109.0,52.0,46.0,81.0,82.0,80.0,2.836363636362777,2.249999999999219,0
-0.3333333333331066,-0.9999999999993334,-0.40243902438999857,-0.9999999999991305,0.4260869565520146,-0.9999999999979592,0.0,2.484848485465286,0.0,0.9999999999991305,76.0,98.0,115.0,49.0,166.0,150.0,115.0,0.0,2.442367601245345,2.5751072961367867,0
-0.12741312741307823,-0.33870967741921826,-0.04237288135591425,-0.5133531157268506,0.8475044121168642,-0.15897435897427745,0.3492063492062568,10.0,0.725663716813517,2.0731707317056314,6.0,146.0,123.0,113.0,133.0,166.0,255.0,82.0,2.8418491484178,2.4277879341860276,0
0.09890109890106268,-0.1745152354570154,-0.029126213592223584,-0.24937027707802284,0.7908324554999954,-0.003344481605350052,0.21867321867316494,8.561712875743437,0.9933333333326712,1.559748427671975,52.0,123.0,159.0,150.0,109.0,212.0,248.0,149.0,2.1964285714280813,2.486803519061219,0
-0.2558139534882234,0.11842105263155298,-0.36633663366318503,0.1015118790496541,-1.0,0.5987460815045145,0.20231213872826523,0.0,3.9843749999937743,1.5072463768105022,63.0,108.0,138.0,64.0,135.0,201.0,208.0,255.0,2.51895043731705,2.030303030302774,0
0.06166219839140438,-0.046228710462275856,0.09999999999997222,-0.07109004739334808,-1.0,-0.005076142131978407,0.16494845360820493,0.0,0.98989898989849,1.3950617283942006,121.0,175.0,162.0,198.0,156.0,215.0,226.0,196.0,2.092675635276219,2.199488491048312,0
-0.4231974921628768,0.023391812865490236,-0.36111111111098576,0.11821086261977054,-1.0,0.31086142322085736,-0.17365269461072647,0.0,1.9021739130414106,0.7040816326527021,150.0,227.0,196.0,92.0,230.0,167.0,138.0,175.0,2.6091954022984756,1.8078484438427864,0
0.07335907335904504,-0.15989159891594584,0.1119999999999552,-0.031249999999990237,-1.0,0.054421768707464485,0.1956521739129726,0.0,1.1151079136682627,1.4864864864851473,84.0,120.0,111.0,139.0,249.0,214.0,165.0,155.0,2.0734341252695305,2.05769230769206,0
-0.25619834710733214,-0.1925465838508719,-0.2828685258963017,-0.015151515151509413,-0.8983188173968292,0.1818181818180992,-0.09152542372878254,0.053563807103870834,1.4444444444428395,0.8322981366454458,56.0,152.0,161.0,90.0,167.0,192.0,134.0,130.0,2.702222222221622,2.255506607929184,0
-0.08880308880305451,0.32124352331597894,-0.2362459546924802,0.10389610389608141,-1.0,0.36729222520097393,0.040201005025115526,0.0,2.161016949150711,1.083769633507286,129.0,141.0,191.0,118.0,166.0,131.0,207.0,255.0,2.1323251417765343,1.5344070278182234,0
-0.23357664233568118,0.036211699164335316,-0.2631578947367498,0.12048192771080708,-1.0,0.2783505154638219,-0.10429447852757537,0.0,1.7714285714268843,0.8111111111106606,140.0,169.0,180.0,105.0,94.0,173.0,146.0,186.0,2.319039451114525,2.2108626198079535,0
-0.005154639175256404,0.05590062111800085,-0.022784810126576512,0.2944162436547476,1.0,0.13839285714282626,-0.18475073313777574,0.0,1.3212435233153776,0.6881188118808476,165.0,195.0,202.0,193.0,255.0,228.0,139.0,255.0,2.085561497325924,1.8881987577637795,0
-0.3147410358564483,0.18329466357304333,-0.29508196721299385,0.1697247706421629,-1.0,0.49560117302038253,0.0678466076695965,0.0,2.9651162790663195,1.1455696202524397,131.0,165.0,158.0,86.0,255.0,176.0,181.0,255.0,2.4131627056668346,1.6334106728536388,0
0.06471816283923493,0.47400611620780614,0.2378640776698452,0.32417582417573515,0.1535687167532228,-0.028225806451607213,-0.12142857142852807,1.362861627594749,0.9450980392153157,0.7834394904453609,255.0,224.0,157.0,255.0,255.0,86.0,123.0,241.0,1.8705636743213079,1.0299401197603248,0
-0.23943661971822555,0.2378640776698452,-0.23943661971822555,0.38586956521728644,1.0,0.4049586776858389,-0.21799307958469966,0.0,2.361111111108925,0.6420454545450898,186.0,176.0,176.0,108.0,246.0,157.0,113.0,255.0,2.1795665634671546,1.5411042944783384,0
-0.5361445783130916,-0.029810298102972952,-0.5361445783130916,0.06231454005932869,-1.0,0.3984374999998444,-0.2348668280871102,0.0,2.3246753246723055,0.6196078431370119,208.0,255.0,255.0,77.0,84.0,190.0,158.0,179.0,2.5660377358487336,2.3639191290820585,0
0.06666666666663248,-0.28834355828212016,0.10052910052904734,0.36470588235272666,0.5678351617724944,0.05454545454542976,-0.22302158273365252,3.627863773480799,1.115384615383543,0.6352941176463114,91.0,91.0,85.0,104.0,15.0,210.0,54.0,116.0,1.9310344827581085,3.0490018148814793,0
-0.627906976743821,-0.43682310469298313,-0.627906976743821,-0.4285714285712716,-0.1886792453007744,0.418181818181438,0.16417910447756293,0.6825396826485302,2.4374999999923825,1.392857142856148,18.0,140.0,140.0,32.0,163.0,199.0,195.0,78.0,3.3939393939383655,2.4913928012515663,0
-0.14851485148509952,-0.11904761904757181,-0.09473684210522992,-0.2183098591548527,0.39474307377042533,-0.07499999999996876,0.05167173252278065,2.304381849067768,0.8604651162784028,1.1089743589736483,64.0,174.0,156.0,129.0,157.0,141.0,173.0,111.0,2.5730129390013725,2.0509090909087178,0
0.16571428571419103,-0.11528150134045168,0.23636363636349314,-0.15384615384611441,-1.0,0.23595505617968693,0.5624999999998047,0.0,1.6176470588219434,3.5714285714229024,54.0,73.0,63.0,102.0,58.0,208.0,225.0,165.0,1.9337748344364458,2.6040688575895765,0
-0.3866666666665378,-0.19125683060104065,-0.36551724137918434,-0.15669515669511205,-0.39987959974544807,0.23333333333323614,0.012468827930171454,0.42869429673613485,1.6086956521721645,1.0252525252520075,85.0,208.0,198.0,92.0,100.0,218.0,203.0,148.0,2.8060708263064407,2.5497076023388083,0
-0.34391534391525297,0.0032786885245890893,-0.23692307692300404,-0.20519480519475192,-0.0717642805657381,0.10469314079418604,0.07159353348728138,0.8660819703436695,1.2338709677409405,1.154228855720819,103.0,254.0,201.0,124.0,250.0,152.0,232.0,153.0,2.7646258503397596,1.7199434229134765,0
-0.6451612903223726,-0.10215053763438114,-0.6381578947366322,0.05362776025234901,-1.0,0.5045045045042773,-0.2481203007518175,0.0,3.0363636363581157,0.602409638553975,154.0,255.0,249.0,55.0,255.0,205.0,150.0,167.0,2.8372739916546816,1.9711538461536091,0
-0.15748031496056794,-0.38550724637669986,-0.2074074074073306,-0.33956386292824314,0.24161498548908134,-0.00469483568074897,0.13756613756610117,1.637182911336849,0.9906542056065508,1.3190184049071663,45.0,147.0,163.0,107.0,103.0,239.0,215.0,106.0,2.6367713004478395,2.783114992721574,0
-0.27906976744177936,-0.22318840579703678,-0.3297297297296406,-0.10067114093956354,-0.5321982469207082,0.0387596899224656,-0.19999999999995122,0.3053141160569279,1.080645161289451,0.6666666666663957,101.0,220.0,246.0,124.0,195.0,211.0,164.0,134.0,2.6466165413529854,2.2476697736348537,0
-0.41312741312725365,-0.2348668280871102,-0.44117647058807313,-0.04242424242422957,-0.8245484704985419,0.3504273504272007,-0.0652173913043301,0.09616161618341901,2.078947368418317,0.8775510204077156,109.0,183.0,196.0,76.0,150.0,255.0,172.0,158.0,2.6569872958252887,2.4938875305620423,0
-0.005319148936168798,-0.5644171779139373,0.1367781155014782,-0.4910394265231215,1.0,-0.44961240310060097,0.1885714285713747,0.0,0.37967914438482375,1.4647887323933348,96.0,189.0,142.0,187.0,211.0,255.0,208.0,71.0,2.2874432677757506,2.57575757575725,0
0.13782991202342,0.12087912087909432,0.11174785100283331,0.2944162436547476,0.4497403758964464,0.13585746102446863,-0.054421768707464485,2.6346479216304397,1.3144329896900442,0.8967741935478086,166.0,147.0,155.0,194.0,255.0,200.0,139.0,255.0,1.7981651376144039,1.758241758241565,0
0.0836120401337513,0.3527851458885006,0.14487632508828804,0.36363636363626645,0.43019583061663647,0.22302158273375947,-0.008333333333329862,2.5099778253187166,1.5740740740731025,0.9834710743793524,204.0,137.0,121.0,162.0,213.0,122.0,119.0,255.0,1.7124999999997323,1.3707865168537399,0
0.16173120728925702,0.4613180515757991,0.24390243902433076,0.6242038216558522,0.43808160338544,0.0,-0.4485981308409119,2.5592356677403316,0.9999999999996079,0.380645161290077,245.0,184.0,155.0,255.0,255.0,94.0,59.0,255.0,1.6958525345620166,1.077363896847983,0
-0.05952380952379181,0.2990936555890335,-0.05671641791043083,0.15281501340478476,1.0,0.15281501340478476,-0.05671641791043083,0.0,1.360759493670025,0.8926553672311341,218.0,178.0,177.0,158.0,181.0,116.0,158.0,215.0,1.9453551912565648,1.4777070063691913,0
-0.47962382445126034,-0.049382716049367475,-0.4713375796176843,-0.019108280254770984,-0.9220779222659303,0.29957805907160356,-0.18158567774931417,0.040540540549141704,1.8554216867447524,0.6926406926403929,199.0,236.0,231.0,83.0,187.0,170.0,160.0,154.0,2.5039787798405166,1.9970631424372984,0
-0.12592592592583265,-0.5286624203819973,-0.18055555555543018,-0.5417956656345072,0.500089291098603,0.11278195488713326,0.4910179640717093,3.000714457485904,1.2542372881334674,2.929411764702436,38.0,76.0,85.0,59.0,147.0,240.0,249.0,74.0,2.441767068272112,2.738944365192191,0
-0.7723577235766078,0.022556390977435132,-0.7543859649116189,-0.22063037249277348,-0.5474324603570321,0.8133333333327912,0.36102236421713707,0.2924635170643294,9.714285714216327,2.12999999999787,30.0,109.0,100.0,14.0,252.0,130.0,213.0,136.0,3.32824427480789,1.6049382716046905,0
-0.3457249070630685,0.03832752613239083,-0.30158730158718194,0.13307984790869465,-1.0,0.2573839662446171,-0.179856115107849,0.0,1.693181818179894,0.6951219512190884,81.0,181.0,164.0,88.0,188.0,138.0,114.0,149.0,2.7269303201501454,1.800978792821892,0
-0.15909090909081872,-0.04269662921347355,0.04225352112673081,-0.004672897196260591,-1.0,0.48432055749112046,0.5194346289750815,0.0,2.8783783783744887,3.161764705877703,57.0,102.0,68.0,74.0,154.0,232.0,215.0,213.0,2.435820895521661,2.233453670276506,0
-0.36144578313242126,-0.13218390804593902,-0.20895522388051907,-0.12463768115938417,-0.25275580347347226,0.17509727626452332,0.08988764044941296,0.596480331548448,1.4245283018854484,1.1975308641967917,189.0,226.0,162.0,106.0,92.0,197.0,194.0,151.0,2.4203480589019515,2.4740973312398,0
-0.43726235741428243,0.13939393939389716,-0.3018867924526878,0.01897018970189188,-1.0,0.43511450381662786,0.13479623824447184,0.0,2.540540540537107,1.3115942028976004,144.0,189.0,138.0,74.0,174.0,142.0,181.0,188.0,2.5369127516774266,1.7585139318882725,0
-0.6293929712458053,-0.04891304347824758,-0.6293929712458053,-0.11167512690352496,-0.698610351336184,0.5021459227465657,-0.07594936708859157,0.17743306967699563,3.0172413793051427,0.8588235294114279,56.0,255.0,255.0,58.0,56.0,193.0,219.0,175.0,3.269230769230245,2.5024311183140187,0
-0.1911111111110262,-0.31117824773404495,-0.26907630522077547,-0.36490250696368665,0.15115047997872946,0.1121951219511648,0.21588089330019458,1.3561302129516732,1.252747252745876,1.5506329113914237,118.0,134.0,158.0,91.0,21.0,217.0,245.0,114.0,2.2473794549261537,3.0509666080838223,0
-0.3894736842103897,-0.6160714285711536,-0.4041095890409575,-0.5981308411212158,0.19358753275221827,-0.33846153846127813,-0.09042553191486957,1.4801203868701216,0.4942528735626503,0.8341463414630078,95.0,198.0,205.0,87.0,137.0,181.0,171.0,43.0,2.7404844290652695,2.6715867158666655,0
-0.31877729257628,-0.17824773413891898,-0.35269709543553834,-0.3043478260868787,-0.07358594180134553,0.2710280373830509,0.22009569377985166,0.8629156012678172,1.743589743587508,1.5644171779131508,148.0,151.0,163.0,78.0,151.0,195.0,255.0,136.0,2.287878787878354,2.304283604135553,0
-0.39170506912424347,-0.018691588785042363,-0.3623188405795351,-0.09677419354836629,-0.5784114054212165,0.5217391304345936,0.2878787878787152,0.2670967742673387,3.1818181818133606,1.8085106382965899,67.0,151.0,141.0,66.0,246.0,218.0,255.0,210.0,2.777011494252235,1.9551569506724265,0
0.2875536480685461,0.05827505827504469,0.16279069767435553,0.2506887052340907,0.21258134485102675,0.20424403183018455,0.11475409836060871,1.5399449026354732,1.5133333333323247,1.2592592592580933,52.0,83.0,108.0,150.0,193.0,202.0,136.0,227.0,1.8043478260864663,1.9611650485434513,0
-0.27913279132783764,0.19999999999995294,-0.23342939481261285,0.5133531157268506,1.0,0.3144329896906406,-0.4459459459457953,0.0,1.9172932330812653,0.3831775700932789,139.0,236.0,214.0,133.0,95.0,170.0,82.0,255.0,2.5376344086018094,1.9710144927533375,0
0.0,0.5044247787609132,0.0,0.8149466192167919,0.9999999998772926,0.0,-0.8149466192167919,10.0,0.9999999999996079,0.1019607843136855,194.0,255.0,255.0,255.0,53.0,84.0,26.0,255.0,2.127215849843365,1.4117647058820564,0
-0.21718377088300306,0.4812030075186161,-0.21718377088300306,0.36332179930783276,1.0,0.09141274238224614,-0.4697406340056283,0.0,1.2012195121943896,0.36078431372534875,88.0,255.0,255.0,164.0,94.0,69.0,92.0,197.0,2.677165354330357,1.286713286712987,0
-0.35460992907788846,0.2990936555890335,-0.4110032362458217,0.16847826086951945,-1.0,0.40522875816980225,-0.1752021563341846,0.0,2.362637362634766,0.7018348623849991,160.0,191.0,218.0,91.0,136.0,116.0,153.0,215.0,2.4139020537120985,1.5917667238419224,0
-0.9999999999964286,-0.21712538226293054,-0.9999999999977273,-0.3209549071617186,-0.5140562249377755,0.9999999999992188,0.6996587030714336,0.32095490719454356,10.0,5.6590909090780475,0.0,28.0,44.0,0.0,66.0,199.0,249.0,128.0,3.999999999992857,2.6891891891887347,0
-0.14545454545441322,0.13235294117642193,0.0681818181817407,0.15355805243439943,0.3850287906136328,0.5323383084574467,0.467532467532164,2.252184765737214,3.2765957446738794,2.7560975609688874,51.0,63.0,41.0,47.0,86.0,118.0,113.0,154.0,2.2499999999989955,1.9831932773105079,0
-0.5535714285709343,-0.019230769230763067,-0.41860465116230394,0.19531249999992373,-1.0,0.7191011235951017,0.2560975609754536,0.0,6.11999999997552,1.6885245901611663,40.0,87.0,61.0,25.0,105.0,159.0,103.0,153.0,2.9121338912121706,2.20833333333295,0
0.09411764705876817,-0.04057279236275881,0.08771929824556274,-0.03132530120481173,-1.0,0.36734693877538527,0.46575342465737474,0.0,2.161290322578321,2.743589743586226,47.0,77.0,78.0,93.0,203.0,218.0,214.0,201.0,2.0952380952373826,2.076190476190229,0
-0.15862068965511772,-0.21428571428564472,0.12442396313358323,-0.20394736842098554,1.0,-0.004115226337446866,0.3165467625898142,0.0,0.9918032786877117,1.9263157894716565,119.0,168.0,95.0,122.0,82.0,187.0,183.0,121.0,2.3292894280758527,2.592720970536812,0
-0.28384279475970137,-0.4117647058822105,-0.25454545454533883,-0.27966101694903406,0.047014710132842814,0.01796407185627667,0.044982698961922155,1.0986682813033244,1.0365853658523945,1.094202898549932,105.0,147.0,138.0,82.0,154.0,204.0,151.0,85.0,2.4449064449059366,2.5224111282839994,0
-0.19148936170205977,-0.5285714285712398,-0.24252491694344103,-0.5217391304345936,0.3653373653851549,-0.26666666666651856,0.05793450881610632,2.1512805250084712,0.5789473684205447,1.1229946524058168,73.0,168.0,187.0,114.0,99.0,214.0,210.0,66.0,2.569789674951707,2.88701517706528,0
-0.3460076045626061,-0.7809187279149185,-0.32283464566916426,-0.7651515151512254,0.4065464115730933,-0.4700854700850683,0.16209476309222892,2.3701034744962,0.36046511627865063,1.3869047619039365,95.0,177.0,168.0,86.0,54.0,252.0,233.0,31.0,2.646728971962122,3.422750424447636,0
-0.36567164179090833,-0.58454106280165,-0.2735042735041566,-0.5784313725487361,0.35792269110129504,-0.3281249999997437,0.03870967741934235,2.1148897066554766,0.5058823529405813,1.0805369127509528,80.0,183.0,149.0,85.0,90.0,164.0,161.0,43.0,2.757062146892136,2.845986984815001,0
-0.22292993630559052,-0.04624277456646062,-0.389999999999805,-0.06779661016947237,-0.7038134025972239,0.4601769911502389,0.15243902439019744,0.17383746201766673,2.7049180327824507,1.3597122302148492,89.0,96.0,139.0,61.0,52.0,181.0,189.0,165.0,2.245614035087063,2.5008635578579446,0
-0.6417910447756405,0.1961259079902673,-0.6220472440939984,0.17339667458428185,-1.0,0.8228782287819842,0.2563176895305934,0.0,10.0,1.6893203883478745,96.0,110.0,103.0,24.0,162.0,166.0,174.0,247.0,2.588235294116886,1.7921727395409186,0
0.0120481927710795,-0.25925925925917925,0.1402714932126062,-0.1864406779660385,1.0,-0.02439024390242911,0.2962962962961866,0.0,0.9523809523801965,1.8421052631559556,102.0,123.0,95.0,126.0,87.0,204.0,175.0,120.0,2.0759493670881697,2.6536585365849343,0
-0.12087912087909432,-0.07913669064746304,-0.00990099009900745,0.13274336283181926,1.0,-0.020408163265300917,-0.16239316239311613,0.0,0.95999999999952,0.7205882352937645,173.0,255.0,204.0,200.0,162.0,225.0,147.0,192.0,2.310305775764178,2.238805970148975,0
0.0,-0.16245487364615074,0.0,0.22105263157883104,0.999999999547619,-0.37466307277617933,-0.5501519756837234,10.0,0.45490196078413536,0.2901960784312588,195.0,255.0,255.0,255.0,138.0,161.0,74.0,116.0,2.1249999999997784,2.2361111111107226,0
-0.0339805825242636,-0.09589041095886033,-0.02450980392156262,0.31125827814548923,1.0,-0.3355704697985451,-0.601532567049578,0.0,0.49748743718567967,0.24880382775107715,132.0,213.0,209.0,199.0,108.0,120.0,52.0,99.0,2.2509907529719615,2.147651006710929,0
-0.097493036211672,0.3793103448274409,-0.20393120393115383,0.29963898916956694,1.0,0.052631578947353035,-0.4327485380115694,0.0,1.1111111111104253,0.3959183673467772,187.0,197.0,245.0,162.0,246.0,81.0,97.0,180.0,2.1211305518166728,1.102040816326343,0
-0.9999999999988763,-0.5416666666662906,-0.9999999999989011,-0.7142857142854051,-0.1666666666760651,0.9999999999969696,0.37024221453274386,0.7142857143576186,10.0,2.1758241758217847,12.0,89.0,91.0,0.0,103.0,111.0,198.0,33.0,3.7473684210506595,2.4804469273736087,0
0.029850746268634442,-0.062146892655332124,0.43749999999954425,-0.19417475728145914,-1.0,0.09210526315783416,0.6399999999995734,0.0,1.2028985507228944,4.5555555555386835,49.0,65.0,27.0,69.0,86.0,94.0,123.0,83.0,2.096774193547542,2.106442577030222,0
-0.4032258064512877,-0.42702702702679624,-0.21276595744658217,-0.543103448275628,0.43702984718255844,0.17777777777758025,0.5169491525421539,2.5525862080978823,1.4324324324285609,3.140350877187473,45.0,87.0,57.0,37.0,113.0,132.0,179.0,53.0,2.718749999998938,2.455813953487801,0
-0.3499999999995625,0.10917030567680823,-0.3809523809519274,-0.19873817034694047,-0.31433013739510957,0.6601307189538169,0.5322580645159144,0.5216876972982829,4.884615384596598,3.275862068959869,14.0,54.0,58.0,26.0,149.0,102.0,190.0,127.0,2.918918918916947,1.6999999999996458,0
-0.08888888888883952,-0.34920634920621063,-0.07865168539321425,-0.34920634920621063,0.6323468113191644,0.0,0.2781954887216999,4.439909302697913,0.9999999999987804,1.7708333333314887,41.0,98.0,96.0,82.0,148.0,170.0,170.0,82.0,2.4576802507829285,2.385964912280283,0
-0.37209302325566973,-0.3563829787233095,-0.3955223880595539,-0.18518518518512284,-0.362208472218474,0.1980198019801,-0.030303030303021956,0.46820405322810665,1.4938271604919828,0.941176470587732,37.0,177.0,187.0,81.0,227.0,255.0,176.0,121.0,2.9999999999993645,2.3776223776221004,0
-0.19580419580412736,-0.5491803278686274,-0.31343283582080195,-0.6308724832212649,0.33616208765624656,-0.35294117647038065,0.04967602591791584,2.0127836375868102,0.4782608695648015,1.1045454545449525,60.0,171.0,220.0,115.0,115.0,189.0,243.0,55.0,2.64603481624707,2.7591240875907372,0
-0.4716981132073247,-0.2741312741311683,-0.43718592964802155,-0.41065830720990265,-0.031288320764623005,0.2533333333331645,0.2228260869564612,0.9393218753276344,1.678571428568431,1.5734265734254733,82.0,156.0,143.0,56.0,37.0,165.0,225.0,94.0,2.773333333332717,2.863340563990702,0
-0.13450292397652955,-0.1885714285713747,-0.18681318681308418,-0.12615384615380734,-0.19382022478091468,0.3148148148146691,0.25773195876279803,0.6752941180087031,1.9189189189163258,1.6944444444428755,115.0,97.0,108.0,74.0,49.0,208.0,183.0,142.0,2.0261096605738835,2.7413509060951,0
-0.5137614678896726,-0.13008130081295527,-0.4011299435025983,-0.3435582822084836,-0.07730975099931531,0.3374999999997891,0.27696793002907377,0.8564762812126138,2.0188679245244927,1.76612903225664,134.0,165.0,124.0,53.0,74.0,139.0,219.0,107.0,2.553191489361208,2.422657952069189,0
-0.1065989847715195,0.0,0.0602409638553854,0.018518518518512803,-0.5297450418202011,0.30434782608683625,0.34177215189859,0.30740740689720136,1.8749999999978693,2.038461538458925,153.0,109.0,78.0,88.0,78.0,165.0,159.0,165.0,1.8997821350758388,2.3036649214655665,0
0.06574394463665545,-0.19799498746862207,0.1492537313432279,-0.05325443786980673,-1.0,0.019108280254770984,0.21917808219170576,0.0,1.0389610389603643,1.5614035087705602,84.0,135.0,114.0,154.0,72.0,239.0,178.0,160.0,2.1259842519680854,2.692957746478494,0
-0.06249999999998698,-0.09913793103446139,-0.06249999999998698,0.01951219512194646,-1.0,-0.036866359446996115,-0.11842105263155298,0.0,0.9288888888884761,0.788235294117338,178.0,255.0,255.0,225.0,165.0,255.0,201.0,209.0,2.234392113909941,2.3076923076920464,0
-0.317829457364259,-0.09467455621298974,-0.317829457364259,0.0624999999999783,-1.0,0.07368421052628994,-0.30769230769222883,0.0,1.1590909090900312,0.5294117647056747,203.0,255.0,255.0,132.0,166.0,185.0,135.0,153.0,2.414201183431667,2.1480406386063646,0
0.10112359550558958,-0.15624999999995118,0.042553191489350384,0.018867924528294767,-0.385620914404896,-0.1842900302114247,-0.16129032258059314,0.44339622537306383,0.6887755102037303,0.7222222222218211,213.0,160.0,180.0,196.0,255.0,185.0,130.0,135.0,1.7558299039778111,1.9473684210523752,0
-0.2857142857142007,0.6293929712458053,-0.3565683646111645,0.42857142857130853,1.0,0.359999999999904,-0.42535211267593653,0.0,2.124999999998229,0.40316205533580907,129.0,216.0,253.0,120.0,230.0,58.0,102.0,255.0,2.537444933920332,0.7720465890181744,0
-0.6637168141587046,-0.18181818181809,-0.5913978494617297,-0.15183246073290482,-0.5914255416640041,0.6199999999993799,0.19565217391293716,0.2567348881920539,4.263157894714404,1.4864864864844778,16.0,94.0,74.0,19.0,26.0,117.0,110.0,81.0,3.372197309415528,2.744868035189811,0
0.28571428571405894,-0.3977272727270468,0.7052631578939944,-0.2089552238804411,-1.0,-0.2089552238804411,0.7052631578939944,0.0,0.6543209876535132,5.7857142856729595,39.0,45.0,14.0,81.0,56.0,123.0,81.0,53.0,1.714285714284898,2.771830985914712,0
-0.2700729927005328,-0.11111111111104939,-0.08256880733937379,-0.2694063926939409,0.5308259939619764,0.23076923076905329,0.40404040404020003,3.2628107599145704,1.5999999999968,2.355932203385837,38.0,87.0,59.0,50.0,91.0,100.0,139.0,80.0,2.6564885496173067,2.156334231805349,0
-0.8787878787869912,-0.16431924882621393,-0.8518518518508001,0.047058823529384085,-1.0,0.8736842105253961,0.03846153846151381,0.0,10.0,1.07999999999856,0.0,93.0,75.0,6.0,137.0,124.0,81.0,89.0,3.874999999997982,2.0928270042189676,0
-0.23857868020292458,-0.9999999999995169,-0.19786096256673913,-0.9999999999994537,0.669642857198757,-0.9999999999986666,0.24067796610161335,5.054054056608342,0.0,1.6339285714271126,59.0,122.0,112.0,75.0,118.0,207.0,183.0,0.0,2.582010582009899,3.112781954886633,0
-0.631336405529663,-0.15273775216133928,-0.578947368420748,-0.23237597911221086,-0.42716802173275925,0.572192513368678,0.22279792746108218,0.4013766912633587,3.6749999999908125,1.5733333333322845,0.0,177.0,150.0,40.0,218.0,200.0,236.0,147.0,3.5939086294407123,2.0915032679735828,0
-0.10875331564983853,-0.6382252559724785,-0.15999999999996,-0.5583333333331008,0.5545243620260941,-0.5203619909499908,-0.10739856801906746,3.489583335513742,0.3154761904760027,0.8060344827582733,43.0,209.0,232.0,168.0,199.0,240.0,187.0,53.0,2.658187599363647,2.6229508196717726,0
-0.6363636363633735,-0.4224137931032662,-0.5887850467286969,-0.407079646017519,-0.1824599285956705,0.20720720720702054,-0.03343465045591689,0.69138924017925,1.522727272723812,0.9352941176465087,144.0,198.0,170.0,44.0,152.0,165.0,159.0,67.0,2.712328767122823,2.4043715846990152,0
-0.5121951219509697,0.07301587301584984,-0.5192307692305196,-0.12207792207789038,-0.6192849911394138,0.5433789954335418,0.15508021390370186,0.23511303515836815,3.37999999999324,1.3670886075940716,98.0,155.0,158.0,50.0,150.0,146.0,216.0,169.0,2.707423580785435,1.911620294598705,0
-0.19466666666661475,0.18478260869555177,-0.11953352769675815,-0.05627705627703192,-0.3597989951795874,-0.1615384615383994,-0.2229299363056615,0.4708056175408831,0.7218543046352836,0.6354166666663358,148.0,224.0,192.0,151.0,148.0,75.0,122.0,109.0,2.3989290495311377,1.474201474201112,0
0.05194805194803508,-0.4052044609663921,0.26070038910495696,-0.3700787401573346,1.0,-0.33884297520647155,0.29368029739766033,0.0,0.4938271604935224,1.831578947366493,163.0,146.0,95.0,162.0,83.0,189.0,174.0,80.0,1.893030794165009,2.794824399260112,0
0.10609480812638689,-0.31680440771341134,0.3424657534245637,-0.2832369942195713,-1.0,-0.32791327913270246,0.29824561403500055,0.0,0.5061224489793853,1.8499999999984582,140.0,198.0,120.0,245.0,122.0,239.0,222.0,124.0,2.028169014084247,2.6408839779001876,0
-0.028225806451607213,0.03947368421051766,-0.028225806451607213,-0.004201680672268025,-0.7408568465897791,-0.008368200836818333,-0.03238866396760478,0.14885954434491386,0.9834024896261481,0.9372549019604168,255.0,255.0,255.0,241.0,251.0,219.0,239.0,237.0,2.02783300198787,1.8920086393086508,0
-0.17241379310340865,0.4206128133703564,-0.17241379310340865,0.41274238227135385,1.0,0.17241379310340865,-0.41274238227135385,0.0,1.4166666666658798,0.4156862745096409,255.0,255.0,255.0,180.0,255.0,104.0,106.0,255.0,2.1587301587299303,1.1587743732588915,0
-0.21428571428564472,0.3527851458885006,-0.30659025787956834,0.2348668280871102,-1.0,0.3563829787233095,-0.18134715025902037,0.0,2.1074380165271838,0.6929824561400469,251.0,187.0,228.0,121.0,255.0,122.0,158.0,255.0,2.005361930294637,1.29442970822264,0
-0.19287833827887452,0.44886363636350884,-0.13650793650789317,0.6943521594682078,1.0,0.3043478260868787,-0.5911111111108485,0.0,1.8749999999986215,0.25698324022332014,166.0,201.0,179.0,136.0,151.0,97.0,46.0,255.0,2.2840909090905845,1.2933333333331176,0
-0.5757575757571396,-0.9999999999989247,-0.4343434343429956,-0.999999999998913,0.39436619721056065,-0.9999999999964286,0.12883435582814182,2.302325581925242,0.0,1.2957746478854988,30.0,104.0,71.0,28.0,0.0,93.0,92.0,0.0,3.1278195488710048,3.9999999999978497,0
0.9999999999923077,-0.9999999999991526,0.6249999999960938,-0.9999999999992308,1.0,-0.9999999999923077,0.9548872180443949,0.0,0.0,10.0,9.0,0.0,3.0,13.0,52.0,118.0,130.0,0.0,0.0,3.27777777777664,0
-0.1529411764704983,-0.050193050193030816,-0.04635761589400904,0.09333333333329186,1.0,0.26153846153832744,0.1270718232043497,0.0,1.7083333333309607,1.2911392405046946,49.0,98.0,79.0,72.0,110.0,136.0,102.0,123.0,2.473186119873037,2.154455445544128,0
-0.1092436974788998,-0.0666666666666502,-0.3205128205126151,0.08933717579248146,-1.0,0.5619834710741479,0.21072796934857826,0.0,3.566037735842328,1.5339805825227826,41.0,66.0,103.0,53.0,168.0,216.0,158.0,189.0,2.336283185839674,2.190114068440787,0
-0.7499999999995739,-0.3979933110366562,-0.7215189873413156,-0.426751592356552,-0.25670551891000565,0.6071428571423151,0.24444444444437655,0.5914627333484473,4.090909090890496,1.6470588235282009,78.0,154.0,136.0,22.0,130.0,209.0,224.0,90.0,3.019607843136515,2.620689655172003,0
-0.4361702127657255,-0.2944162436547476,-0.3291139240504246,-0.13395638629279316,-0.42144256161689386,0.4479166666664334,0.2682926829267358,0.40702132770587796,2.622641509429014,1.7333333333316825,57.0,135.0,105.0,53.0,255.0,255.0,182.0,139.0,2.842105263157147,2.256637168141343,0
-0.16083916083912336,-0.2643678160918527,-0.17241379310340865,-0.4402332361514752,0.43715129642840217,-0.30434782608684624,-0.015936254980076506,2.5533527711600876,0.5333333333330371,0.9686274509800124,95.0,249.0,255.0,180.0,130.0,165.0,247.0,96.0,2.57697283311739,2.374100719424033,0
-0.4862385321098687,-0.4676258992804074,-0.4509803921566417,-0.27804878048766923,-0.23720808190081247,0.13846153846143197,-0.06093189964155522,0.6165429481748892,1.3214285714262117,0.8851351351345371,122.0,162.0,148.0,56.0,167.0,204.0,131.0,74.0,2.581673306772394,2.5146379044680254,0
-0.4135338345863107,0.06976744186044194,-0.4135338345863107,0.1418439716311554,-1.0,0.34728033472788816,-0.21682847896433113,0.0,2.064102564099918,0.6436170212762534,64.0,188.0,188.0,78.0,149.0,140.0,121.0,161.0,2.9034749034743426,1.8983050847454408,0
-0.028112449799185497,0.029999999999985,0.18048780487796076,0.22619047619034158,0.11238040836871475,-0.08035714285710699,-0.12751677852340437,1.2532175025230183,0.8512396694207841,0.7738095238086026,168.0,128.0,84.0,121.0,130.0,97.0,65.0,103.0,1.8788990825684624,1.817330210772408,0
-0.23776223776215463,-0.37537537537526267,-0.14173228346451114,-0.2925170068026216,0.3472307882877064,-0.02347417840374485,0.13432835820891514,2.0638699938977068,0.9541284403660971,1.3103448275853034,152.0,177.0,145.0,109.0,211.0,229.0,190.0,104.0,2.3024390243898694,2.369987063389085,0
0.037037037037027896,-0.16438356164379808,0.28048780487796326,-0.05181347150257725,-1.0,-0.0687022900763184,0.26479750778807953,0.0,0.8714285714281566,1.7203389830493896,188.0,195.0,118.0,210.0,135.0,255.0,203.0,183.0,1.9796954314718298,2.4637681159417313,0
0.0,0.09706546275392842,0.07594936708859157,0.23037974683538473,0.5041322312403709,-0.024096385542163836,-0.18059299191369796,3.033333329339317,0.9529411764702146,0.6940639269403224,255.0,255.0,219.0,255.0,208.0,200.0,152.0,243.0,1.999999999999804,1.8801410105755723,0
0.012145748987851793,0.3972602739724939,-0.009900990099007941,0.5454545454543802,1.0,0.009900990099007941,-0.5454545454543802,0.0,1.0199999999995921,0.2941176470587082,217.0,244.0,255.0,250.0,237.0,110.0,75.0,255.0,2.0439790575914087,1.2359550561796016,0
-0.10903426791273862,0.5178571428569888,-0.11455108359129582,0.4049586776858389,1.0,0.2814070351758087,-0.2499999999999132,0.0,1.7832167832155363,0.5999999999996667,83.0,178.0,180.0,143.0,117.0,81.0,108.0,255.0,2.4467353951885826,1.2134831460671884,0
-0.23502304147454608,0.2202380952380297,-0.26222222222210567,0.3225806451611863,1.0,0.42361111111096406,-0.14979757085014178,0.0,2.4698795180693134,0.7394366197177892,163.0,134.0,142.0,83.0,164.0,131.0,105.0,205.0,2.085603112840061,1.6608557844688334,0
-0.2660550458714376,-0.6279069767436993,-0.162303664921381,-0.33333333333287035,0.34507042260445164,-0.5384615384610207,-0.39622641509409046,2.0537634421238207,0.299999999999625,0.4324324324320428,45.0,138.0,111.0,80.0,63.0,105.0,48.0,24.0,2.753117206981857,2.828282828281876,0
0.1774193548385666,0.18343195266261336,0.18699186991854716,-0.06542056074763299,-1.0,0.1560693641617595,0.3902439024387865,0.0,1.3698630136967536,2.27999999999544,0.0,51.0,50.0,73.0,129.0,69.0,114.0,100.0,2.331428571427239,1.5040871934600806,0
-0.3814432989688756,-0.48014440433195665,-0.4418604651160736,-0.10559006211173566,-0.6142480212204297,0.09090909090902205,-0.2704918032785777,0.23896698272812122,1.199999999998,0.5741935483867264,31.0,134.0,155.0,60.0,46.0,205.0,89.0,72.0,2.986072423397497,3.1060606060600175,0
-0.21008403361326883,-0.062034739454078905,-0.33333333333309695,-0.02827763496143232,-0.8436018959678219,0.6016949152539823,0.3605442176869522,0.084832904909807,4.021276595736125,2.1276595744658215,71.0,72.0,94.0,47.0,161.0,214.0,200.0,189.0,2.198473282441909,2.200514138817198,0
-0.5505617977524997,-0.32467532467524035,-0.49367088607563697,-0.13043478260865204,-0.5820105821037386,0.5294117647055709,0.17770034843199384,0.26421404687634165,3.249999999991875,1.4322033898292947,68.0,138.0,118.0,40.0,93.0,255.0,169.0,130.0,2.8749999999992513,2.7830832196449133,0
-0.36231884057944763,-0.2718204488777377,-0.3481481481478903,-0.2718204488777377,-0.12311542818241959,0.5368421052628753,0.4739884393062214,0.7807608640225966,3.318181818174277,2.8021978021947227,82.0,94.0,91.0,44.0,160.0,255.0,255.0,146.0,2.3949044585979635,2.4999999999996936,0
-0.22622950819664714,-0.14056224899592748,-0.2236842105262422,-0.13709677419349312,-0.24000000006655736,-0.048888888888867166,-0.1376146788990405,0.6129032260804099,0.9067796610161807,0.7580645161286248,79.0,187.0,186.0,118.0,158.0,142.0,141.0,107.0,2.6199649737298385,2.069216757740971,0
-0.4572490706318003,-0.3357400722020449,-0.45318352059908124,-0.3428571428570204,-0.1385938970465725,0.11515151515144537,-0.0157068062827184,0.756552538537675,1.2602739726010133,0.9690721649479541,92.0,196.0,194.0,73.0,213.0,185.0,188.0,92.0,2.8150807899456343,2.1925925925922676,0
-0.27572016460894005,-0.4222222222219095,-0.17757009345786096,-0.5828877005344477,0.5329915878723774,-0.3858267716532395,0.08029197080289041,3.2825781048599283,0.4431818181813146,1.1746031746022423,49.0,155.0,126.0,88.0,121.0,96.0,148.0,39.0,2.7740492170016164,2.181818181817562,0
0.3088235294115377,-0.0843373493975565,0.2624113475175444,-0.004366812227072329,-1.0,0.12315270935954525,0.3772455089818101,0.0,1.280898876403055,2.2115384615342086,86.0,47.0,52.0,89.0,30.0,135.0,115.0,114.0,1.397769516728105,2.608695652173283,0
-0.9036144578309625,0.05352112676054831,-0.8995815899577827,-0.1362586605080517,-0.7369118251391982,0.8793969849241813,0.04016913319238052,0.1514689296049213,10.0,1.083700440528157,161.0,237.0,227.0,12.0,212.0,168.0,246.0,187.0,2.930448222565235,1.8285714285711796,0
-0.6861313868610635,-0.310526315789392,-0.6518218623479143,-0.32124352331597894,-0.3397288033633676,0.505747126436491,0.1111111111110869,0.4928394426785842,3.046511627899892,1.2499999999993874,128.0,231.0,204.0,43.0,164.0,249.0,255.0,131.0,2.9194312796203916,2.5119798234549164,0
-0.3741935483869761,0.0028653295128931618,-0.36601307189530524,0.13636363636359208,-1.0,0.2867647058822475,-0.22222222222215726,0.0,1.8041237113383461,0.6363636363633319,142.0,213.0,209.0,97.0,255.0,174.0,133.0,175.0,2.5624060150372086,1.7892030848326748,0
-0.168316831683085,0.3527851458885006,-0.2533333333332208,0.5548780487803187,1.0,0.5044247787609132,-0.31775700934564594,0.0,3.0357142857106716,0.5177304964535335,135.0,118.0,141.0,84.0,255.0,122.0,73.0,255.0,2.074725274724819,1.29442970822264,0
-0.1792452830187834,0.48085106382958265,-0.24347826086945937,0.574660633483903,1.0,0.33333333333320564,-0.505263157894471,0.0,1.9999999999977012,0.3286713286710989,76.0,125.0,143.0,87.0,139.0,61.0,47.0,174.0,2.4213075060526825,1.1218390804595122,0
-0.1724137931033492,0.2227074235806888,-0.195530726256874,0.07692307692304734,-1.0,0.3207547169809808,0.057268722466935124,0.0,1.9444444444417437,1.1214953271017556,114.0,102.0,107.0,72.0,124.0,89.0,120.0,140.0,2.092307692307156,1.610859728506423,0
0.08717948717944247,-0.02150537634407446,0.19774011299423858,0.06432748538007935,-0.5090771556302615,-0.07614213197965679,0.05960264900658305,0.32531328304349805,0.858490566036926,1.1267605633786946,84.0,89.0,71.0,106.0,19.0,95.0,80.0,91.0,1.9347826086951265,2.533333333332489,0
0.3154362416105266,-0.030456852791870444,0.2564102564100921,0.6186440677963481,0.41395579831384655,0.3217993079583662,-0.12621359223288717,2.4127118634663463,1.948979591834746,0.7758620689641795,52.0,51.0,58.0,98.0,161.0,203.0,45.0,191.0,1.6190476190469767,2.1424802110815113,0
-0.4622641509431782,-0.7229729729727288,-0.4153846153844024,-0.6480686695276189,0.2188004470589851,-0.16326530612228238,0.16363636363631406,1.5601653159058482,0.7192982456127731,1.3913043478250788,0.0,155.0,138.0,57.0,0.0,255.0,192.0,41.0,3.378746594004529,3.702359346641796,0
-0.8636363636344008,-0.10863509749300596,-0.903225806450156,-0.12087912087908767,-0.7639321565298374,0.9631901840484889,0.5513307984788779,0.13383045527402274,10.0,3.4576271186382073,27.0,41.0,59.0,3.0,183.0,199.0,204.0,160.0,2.9285714285688136,2.148448043184595,0
0.07987220447281794,-0.5178571428569888,0.1118421052631211,-0.4937499999998457,1.0,-0.3519999999998592,0.2780748663100861,0.0,0.4792899408281188,1.7703703703690592,85.0,144.0,135.0,169.0,54.0,255.0,239.0,81.0,2.1254612546121536,3.162790697673928,0
0.0,-0.32608695652165054,-0.01132075471697686,-0.3456464379946318,0.9365725764087559,-0.0274509803921461,0.3110539845757555,10.0,0.9465648854954607,1.9029850746254457,109.0,131.0,134.0,131.0,79.0,244.0,255.0,124.0,2.0876494023900225,2.824891461649374,0
0.3932584269660712,-0.5798319327728656,0.28497409326410106,-0.5073891625613265,1.0,-0.4252873563215947,0.378378378378208,0.0,0.4032258064512877,2.2173913043446123,49.0,54.0,69.0,124.0,140.0,188.0,153.0,50.0,1.5373665480421577,2.6572438162539473,0
-0.44578313252994145,-0.17269076305213948,-0.4945054945053134,-0.2871972318338107,-0.2652008950626159,0.19767441860453625,-0.04615384615383432,0.5807766244926981,1.4927536231862424,0.9117647058819061,142.0,180.0,204.0,69.0,173.0,146.0,186.0,103.0,2.521891418563481,2.056338028168652,0
-0.011494252873556614,-0.6231884057966499,-0.08510638297867815,-0.54385964912233,0.7293768547152902,-0.5357142857138074,-0.07368421052627701,6.390350884699437,0.30232558139499727,0.8627450980383699,93.0,88.0,102.0,86.0,148.0,112.0,88.0,26.0,1.9830985915487371,2.2512562814064694,0
-0.5830115830113579,0.0297029702970199,-0.5324675324673019,0.04697986577179632,-1.0,0.48571428571405445,-0.10971786833852361,0.0,2.888888888883539,0.8022598870051966,27.0,205.0,177.0,54.0,38.0,147.0,142.0,156.0,3.340122199591988,2.409836065573277,0
-0.09826589595370043,0.12820512820509533,0.04697986577178055,0.23249299719881444,0.663796582568996,0.47651006711393407,0.3173076923075398,4.948779501272827,2.8205128205092045,1.9295774647860147,177.0,95.0,71.0,78.0,168.0,170.0,137.0,220.0,1.707865168538942,1.8681318681316115,0
-0.31661442006259666,0.06382978723402316,-0.33536585365843435,-0.08376963350783148,-0.6002742022911204,0.23239436619710127,-0.02816901408450043,0.24978581635245525,1.6055045871544904,0.9452054794516233,164.0,210.0,219.0,109.0,119.0,154.0,207.0,175.0,2.4242424242420744,2.0465116279066367,0
-0.5254237288133813,0.2530712530711909,-0.5035460992906016,0.2686567164178436,-1.0,0.5692307692305941,-0.1810584958216766,0.0,3.6428571428519385,0.6933962264147673,84.0,225.0,212.0,70.0,255.0,152.0,147.0,255.0,2.980132450330632,1.4938574938573101,0
-0.4304635761587979,0.1409395973154047,-0.39860139860125926,0.284634760705218,-1.0,0.49560117302038253,-0.16959064327480422,0.0,2.9651162790663195,0.709999999999645,78.0,216.0,200.0,86.0,255.0,192.0,142.0,255.0,2.899328859059916,1.7181208053689352,0
-0.3073170731705818,0.1891891891891427,-0.16959064327475465,0.6187290969897596,1.0,0.5463258785940747,-0.2738853503182969,0.0,3.4084507042205514,0.56999999999943,95.0,134.0,100.0,71.0,134.0,165.0,57.0,242.0,2.47004608294874,1.8696883852688568,0
-0.23364485981297495,0.02024291497974889,-0.1322751322750623,0.02439024390242911,-1.0,0.21153846153835984,0.057268722466935124,0.0,1.5365853658517845,1.1214953271017556,102.0,132.0,107.0,82.0,116.0,121.0,120.0,126.0,2.357142857142331,1.9999999999995868,0
-0.04285714285711225,-0.5905511811018972,-0.06293706293701894,-0.5839999999995328,0.8054306469594865,-0.4408602150532894,0.13142857142849634,9.27911112585365,0.3880597014919581,1.3026315789456544,30.0,73.0,76.0,67.0,85.0,101.0,99.0,26.0,2.40329218106897,2.581469648561476,0
-0.3260869565213847,-0.39297124600626426,-0.3473684210522659,-0.4099378881986305,0.08262108263236105,0.5079365079361048,0.560137457044481,1.1801242239430931,3.0645161290223726,3.5468749999944578,26.0,61.0,64.0,31.0,103.0,218.0,227.0,95.0,2.7262569832387005,2.750788643532689,0
-0.05072463768114104,-0.6776315789471455,0.0479999999999808,-0.6776315789471455,1.0,-0.4555555555553025,0.36363636363626645,0.0,0.3740458015264321,2.142857142855342,29.0,145.0,119.0,131.0,87.0,255.0,255.0,49.0,2.577777777777205,3.1578947368416164,0
-0.39393939393909555,-0.27027027027017897,-0.4666666666663556,-0.3228840125390838,-0.18210693490907703,0.45945945945914907,0.3146417445481886,0.6918943127324753,2.69999999999325,1.9181818181800743,31.0,92.0,110.0,40.0,203.0,188.0,211.0,108.0,2.88627450980279,2.1892285298395646,0
-0.22033898305077276,-0.505535055350367,-0.12213740458010607,-0.5838509316768373,0.6539959705426223,-0.26373626373611886,0.2686567164178436,4.780279507019784,0.5826086956516673,1.7346938775498404,87.0,180.0,147.0,115.0,9.0,204.0,255.0,67.0,2.562277580070718,3.3719008264455845,0
0.11111111111107129,-0.5720930232555479,0.20155038759682112,-0.6406249999997498,1.0,-0.5422885572136605,0.3418530351436608,0.0,0.2967741935481957,2.0388349514543314,93.0,124.0,103.0,155.0,225.0,169.0,210.0,46.0,1.9999999999995968,2.2200328407221313,0
-0.030674846625757462,-0.31404958677672973,0.012820512820508712,-0.40714285714271176,1.0,-0.3112033195019456,0.1225071225070876,0.0,0.52531645569587,1.2792207792199486,95.0,168.0,154.0,158.0,214.0,159.0,197.0,83.0,2.281833616298424,2.0682926829264927,0
-0.5852534562209285,-0.4860335195528011,-0.6202531645567003,-0.5533980582521586,-0.05696335079022543,0.010989010988998913,-0.09090909090906509,0.892213196101785,1.0222222222199506,0.8333333333328994,122.0,172.0,192.0,45.0,176.0,133.0,160.0,46.0,2.6927592954984947,2.1803278688520122,0
-0.3594771241827716,-0.23893805309727467,-0.42690058479507204,0.18348623853202595,-1.0,0.44943820224693853,-0.15639810426532874,0.0,2.632653061219117,0.7295081967207135,126.0,104.0,122.0,49.0,229.0,210.0,89.0,129.0,2.172323759790556,2.1593830334187456,0
-0.2653061224489022,0.029585798816550542,-0.21495327102797043,-0.2401746724889781,0.05541606887868459,-0.18309859154920982,-0.15727002967354384,1.1173343464471366,0.6904761904756425,0.7282051282047548,35.0,217.0,195.0,126.0,157.0,82.0,142.0,87.0,2.917647058823039,1.607843137254508,0
-0.2651515151514147,-0.4448979591834919,-0.20491803278680126,-0.42616033755256283,0.3505781772901609,-0.17575757575746925,0.06962025316453493,2.0796624482722343,0.7010309278343289,1.1496598639447964,59.0,167.0,147.0,97.0,137.0,177.0,169.0,68.0,2.726530612244342,2.5330948121641264,0
-0.27675276752757316,-0.4999999999997549,-0.21285140562240448,-0.46315789473659835,0.3702707773669573,-0.3154362416105266,-0.04137931034481332,2.175968223464923,0.5204081632647751,0.9205298013238937,130.0,173.0,151.0,98.0,122.0,153.0,139.0,51.0,2.4111498257835517,2.555323590813663,0
-0.08591065292093268,0.16704805491987024,0.055555555555533515,0.1697247706421629,0.5067873300918457,0.3144329896906406,0.20666666666659778,3.0550458660610618,1.9172932330812653,1.5210084033600664,83.0,158.0,119.0,133.0,255.0,182.0,181.0,255.0,2.3759398496236135,1.6659038901599923,0
0.0719424460431396,0.08974358974357056,0.0033670033670022336,0.08050847457625414,0.9197142360186421,0.26237623762369744,0.18904109589035917,10.0,1.7114093959720058,1.4662162162152257,110.0,129.0,148.0,149.0,255.0,213.0,217.0,255.0,1.9961315280460354,1.820512820512626,0
0.007812499999996949,0.2401215805470395,0.0319999999999872,0.10569105691054047,0.5351913080667176,0.2252252252251576,0.15384615384610006,3.3028455181343186,1.5813953488359835,1.3636363636352367,124.0,127.0,121.0,129.0,74.0,125.0,165.0,204.0,2.003944773175147,1.893939393939035,0
-0.1298701298700877,0.33333333333322224,-0.02189781021897011,0.2195121951218843,1.0,0.19760479041910253,-0.04477611940296837,0.0,1.4925373134317221,0.9142857142850613,160.0,174.0,140.0,134.0,169.0,100.0,128.0,200.0,2.168224299065083,1.4059753954303327,0
0.06918238993706341,-0.18181818181809,0.16438356164372303,-0.2735426008967383,1.0,-0.02409638554215416,0.3990147783249266,0.0,0.9529411764694671,2.3278688524552003,72.0,74.0,61.0,85.0,237.0,117.0,142.0,81.0,1.9409836065567407,1.6956521739127361,0
-0.13999999999986,-0.724550898203159,-0.28333333333309724,-0.795555555555202,0.47476828016773975,-0.3030303030298439,0.44802867383496486,2.807843138246997,0.5348837209289886,2.6233766233732165,0.0,57.0,77.0,43.0,65.0,144.0,202.0,23.0,2.904458598724265,3.0638297872332276,0
0.007042253521124281,0.05109489051093026,-0.037037037037024566,-0.24409448818891233,0.736514523083576,0.0034843205574900753,0.21227621483370532,6.590551198897341,1.006993006992303,1.5389610389600397,45.0,141.0,154.0,143.0,135.0,130.0,237.0,144.0,2.399999999999489,1.9294990723558572,0
-0.17482517482505258,-0.09025270758119486,-0.35164835164815844,-0.2124999999999336,-0.24665205750647812,0.36216216216196645,0.22397476340686942,0.6042968751719902,2.1355932203353634,1.5772357723564412,53.0,84.0,123.0,59.0,186.0,151.0,194.0,126.0,2.399999999999143,1.9674267100973992,0
-0.560975609755824,0.023437499999990848,-0.5212765957444037,-0.19631901840484775,-0.4528422010634708,0.48863636363608604,0.15384615384610834,0.3766119945633807,2.911111111104642,1.36363636363541,103.0,160.0,143.0,45.0,10.0,125.0,195.0,131.0,2.7350427350421507,2.557544757032594,0
0.01805054151623897,0.003717472118957726,0.032967032967020894,-0.010989010989006964,-1.0,-0.021739130434774732,0.022222222222213994,0.0,0.9574468085099593,1.0454545454537536,111.0,136.0,132.0,141.0,148.0,134.0,138.0,135.0,2.076335877862199,1.9455535390196104,0
-0.09677419354836629,-0.18413597733705833,-0.025522041763335147,0.0034843205574900753,-1.0,-0.18644067796604905,-0.21428571428565543,0.0,0.6857142857139592,0.647058823529119,118.0,255.0,221.0,210.0,186.0,209.0,143.0,144.0,2.4343675417658193,2.23529411764676,0
-0.2991452991452139,-0.49122807017529496,-0.2453987730060597,-0.21266968325782235,-0.07145021515414705,-0.1714285714284898,-0.20474777448065143,0.8666289596290432,0.7073170731701567,0.6600985221671626,124.0,228.0,203.0,123.0,197.0,255.0,134.0,87.0,2.5945945945942253,2.5692695214102557,0
-0.6181818181815373,-0.21899736147751478,-0.6266666666663882,-0.1685393258426493,-0.5761115298387838,0.5578947368418117,0.06393861892581486,0.26894573277066824,3.5238095238011335,1.1366120218573024,166.0,178.0,183.0,42.0,228.0,231.0,208.0,148.0,2.524822695035013,2.205250596658448,0
-0.19902912621354393,0.4122448979590154,-0.1811414392059104,0.28148148148137725,1.0,0.023668639053247436,-0.4208955223879341,0.0,1.048484848484213,0.40756302520991283,74.0,247.0,238.0,165.0,187.0,72.0,97.0,173.0,2.695770804910955,1.142857142856916,0
0.20666666666659778,-0.3811659192823403,0.08383233532931622,-0.4412955465585258,1.0,-0.4479999999998208,0.07552870090632159,0.0,0.3812154696130491,1.1633986928096973,114.0,119.0,153.0,181.0,117.0,154.0,178.0,69.0,1.7861163227013532,2.493927125505568,0
-0.07103825136610081,-0.30379746835433424,-0.020172910662818396,-0.24398625429544882,0.8472670018953004,-0.21428571428563775,0.011173184357538779,10.0,0.6470588235290312,1.0225988700559194,76.0,196.0,177.0,170.0,183.0,206.0,181.0,110.0,2.4576802507833135,2.3375886524819376,0
-0.2981530343007129,0.13082039911305304,-0.3144329896906406,0.14349775784750146,-1.0,0.3144329896906406,-0.14349775784750146,0.0,1.9172932330812653,0.7490196078428436,106.0,246.0,255.0,133.0,193.0,196.0,191.0,255.0,2.6922024623799325,1.8666666666664444,0
-0.13888888888882459,0.4245810055864736,-0.12264150943390442,0.05154639175256669,-1.0,0.4655172413791766,0.318051575931141,0.0,2.741935483868019,1.9327731092420732,67.0,123.0,119.0,93.0,156.0,103.0,230.0,255.0,2.4236453201964476,1.3354943273903832,0
-0.3959183673467772,0.11214953271022797,-0.45787545787529016,0.07207207207203961,-1.0,0.23316062176153723,-0.3178807947018815,0.0,1.608108108105935,0.5175879396982324,154.0,171.0,199.0,74.0,111.0,95.0,103.0,119.0,2.399999999999579,1.8095238095233788,0
-0.1048158640226332,0.32121212121202386,-0.10227272727269822,0.3172205438065507,1.0,0.15957446808506395,-0.26384364820838313,0.0,1.379746835442165,0.5824742268038235,192.0,195.0,194.0,158.0,135.0,112.0,113.0,218.0,2.1081081081078232,1.552859618717235,0
0.12757201646085287,-0.1269841269840934,0.36999999999981503,-0.09090909090906586,-1.0,0.09271523178804877,0.5172413793101467,0.0,1.2043795620429165,3.142857142852154,132.0,106.0,63.0,137.0,180.0,213.0,198.0,165.0,1.7629937629933965,2.210116731517223,0
-0.006711409395968651,-0.32799999999986884,-0.0573248407642947,-0.2499999999998884,0.626943005385405,0.06329113924046628,0.25560538116580467,4.361111118719658,1.1351351351336012,1.686746987949775,26.0,75.0,83.0,74.0,43.0,166.0,140.0,84.0,2.3999999999990402,2.893246187363204,0
-0.029126213592218873,-0.03870967741934235,0.06951871657750294,0.0,-0.9999999985615385,0.1967871485942985,0.2627118644066684,0.0,1.48999999999851,1.712643678158951,79.0,106.0,87.0,100.0,216.0,161.0,149.0,149.0,2.1687979539636397,1.8748180494902655,0
-0.5302013422815234,-0.4096385542167441,-0.559748427672604,-0.23137254901951712,-0.41507669290683963,0.47368421052595966,0.11743772241988704,0.4133509584348161,2.799999999992,1.2661290322570433,122.0,114.0,124.0,35.0,198.0,234.0,157.0,98.0,2.3688311688305537,2.450261780104391,0
-0.5714285714283164,-0.011709601873533558,-0.5999999999997501,0.23032069970838767,-1.0,0.6293436293433864,-0.18518518518512803,0.0,4.395833333324175,0.687499999999642,177.0,176.0,192.0,48.0,54.0,216.0,132.0,211.0,2.440207972269941,2.479196556671093,0
0.029585798816559296,0.13679245283015642,-0.019718309859149376,0.2887700534758586,1.0,0.16144578313249122,-0.15286624203816787,0.0,1.385057471263572,0.7348066298338483,29.0,164.0,181.0,174.0,89.0,183.0,133.0,241.0,2.4708097928432258,2.1034482758617665,0
0.03108808290154635,-0.24390243902433076,-0.040963855421676874,-0.1798941798941323,0.6290480866439886,-0.12429378531069936,0.01594533029612393,4.391534402254799,0.7788944723614177,1.0324074074069296,97.0,187.0,216.0,199.0,40.0,255.0,223.0,155.0,2.232835820895189,2.893617021276185,0
-0.38562091503255375,-0.22596153846148415,-0.3648648648647416,-0.22596153846148415,-0.23510006601731334,0.26274509803911267,0.11597374179428535,0.6193019944717892,1.7127659574449865,1.2623762376231376,59.0,212.0,202.0,94.0,101.0,255.0,255.0,161.0,2.9393414211433377,2.642487046631782,0
-0.1976744186045937,-0.15934065934061556,-0.2181303116146691,-0.1752021563341846,-0.1091396179808389,0.05154639175255961,0.006928406466511102,0.803199496290099,1.1086956521731097,1.0139534883716215,118.0,206.0,215.0,138.0,142.0,211.0,218.0,153.0,2.4670658682631035,2.354253835425055,0
-0.06694560669454666,-0.15384615384611905,-0.06694560669454666,0.12990936555887314,1.0,-0.08780487804875907,-0.2781954887217348,0.0,0.8385650224211487,0.5647058823527198,115.0,255.0,255.0,223.0,189.0,255.0,144.0,187.0,2.4056603773582066,2.302483069977167,0
0.1143911439113969,-0.01369863013698161,-0.03205128205127178,-0.0068965517241355535,-0.6458569823620145,-0.023728813559313992,-0.048859934853404285,0.21517241446443616,0.9536423841053288,0.9068322981360828,82.0,120.0,161.0,151.0,175.0,148.0,146.0,144.0,2.029598308667647,1.925203252032207,0
0.00904977375565406,0.03859649122805663,-0.006681514476613211,-0.18904109589035917,0.9317246544229162,-0.20215633423175144,-0.02031602708803153,10.0,0.6636771300445454,0.9601769911500176,107.0,219.0,226.0,223.0,167.0,137.0,217.0,148.0,2.281249999999703,1.860780984719548,0
0.07021791767552779,-0.39354838709664725,-0.011185682326619421,-0.26274509803911267,0.9183320526027157,-0.4031746031744752,-0.16795865633070595,10.0,0.4253393665156447,0.7123893805306583,75.0,192.0,226.0,221.0,157.0,216.0,161.0,94.0,2.2588235294114325,2.5300146412880626,0
-0.7435897435893624,0.092198581560251,-0.71264367816051,0.18918918918911615,-1.0,0.7206703910610499,-0.17322834645662472,0.0,6.15999999997536,0.7046979865767083,72.0,170.0,149.0,25.0,174.0,128.0,105.0,154.0,3.112128146452377,1.7534246575339463,0
-0.126760563380246,0.2781954887217348,-0.17553191489357034,0.44475920679874087,1.0,0.24390243902433076,-0.3855799373039544,0.0,1.6451612903215194,0.4434389140269487,119.0,200.0,221.0,155.0,203.0,144.0,98.0,255.0,2.3738872403557307,1.5442359249327688,0
0.19665271966518968,0.2163742690057847,0.06319702602228135,0.24179104477604724,0.5855770628265076,0.18518518518513244,0.003952569169958912,3.82598770246246,1.4545454545444374,1.0079365079357079,149.0,96.0,126.0,143.0,175.0,134.0,127.0,208.0,1.5867768595038043,1.6466973886326195,0
-0.10822510822506139,-0.24714828897329008,-0.06363636363633471,-0.44067796610157045,0.7476321419142493,-0.01980198019801,0.3709677419353842,6.924939478195588,0.9611650485427561,2.179487179485317,98.0,128.0,117.0,103.0,189.0,164.0,255.0,99.0,2.2407002188178904,2.1298701298697837,0
0.0,0.0,0.04832713754645044,-0.3764258555131649,1.0,-0.2645739910312715,0.17152103559865,0.0,0.5815602836875309,1.4140624999988953,112.0,141.0,128.0,141.0,158.0,82.0,181.0,82.0,2.1084112149528766,1.623762376237222,0
-0.3885350318468863,-0.39999999999985714,-0.4285714285711735,-0.3563218390803233,-0.09205020921664346,0.27272727272706615,0.19191919191912732,0.8314176247152466,1.749999999996354,1.4749999999987708,63.0,109.0,120.0,48.0,132.0,196.0,177.0,84.0,2.6504559270508663,2.578947368420628,0
-0.6864864864861154,-0.2348668280871102,-0.6847826086952801,-0.2348668280871102,-0.4892253098433121,0.6898395721921445,0.24390243902433076,0.3429801299552587,5.4482758620501786,1.6451612903215194,157.0,156.0,155.0,29.0,140.0,255.0,255.0,158.0,2.506024096385039,2.524752475247212,0
-0.12499999999995405,-0.5283018867922867,-0.14999999999994643,-0.4880546075083659,0.5298208077856369,-0.2268041237112233,0.15039577836407642,3.2536973855594,0.6302521008398065,1.3540372670799043,134.0,153.0,161.0,119.0,100.0,243.0,218.0,75.0,2.189624329158821,2.940998487140251,0
-0.7433628318580782,-0.5088757396448199,-0.7661290322577556,-0.3897058823527979,-0.3256720706212243,0.48214285714242666,-0.07352941176468786,0.5086687307165675,2.8620689655073726,0.863013698629743,65.0,197.0,219.0,29.0,212.0,255.0,189.0,83.0,3.2295081967206496,2.534161490682915,0
-0.17741935483863813,-0.4912891986061006,-0.12820512820507343,-0.5548780487803187,0.6246280614327477,-0.16571428571419103,0.317829457364259,4.3280487838642125,0.7156862745091023,1.9318181818167186,96.0,146.0,132.0,102.0,104.0,214.0,255.0,73.0,2.3836734693872685,2.8297520661152347,0
-0.2686567164178436,-0.06857142857140898,-0.2686567164178436,-0.22009569377985166,-0.09935710113078568,0.051612903225789805,0.0,0.8192450827079263,1.1088435374142118,0.9999999999996079,71.0,255.0,255.0,147.0,129.0,187.0,255.0,163.0,2.802197802197417,2.2462462462459087,0
-0.019943019943014263,0.007556675062970389,-0.06775067750675672,-0.0074441687344894685,-0.8020032205264087,0.07526881720428084,0.01499999999999625,0.10987593068327119,1.1627906976737425,1.0304568527913551,114.0,179.0,197.0,172.0,52.0,197.0,203.0,200.0,2.223602484471704,2.4396284829717585,0
0.22997416020665892,-0.019867549668869788,0.33333333333324,-0.06918238993709241,-1.0,-0.03478260869564461,0.36363636363626645,0.0,0.9327731092433056,2.142857142855342,46.0,149.0,119.0,238.0,198.0,231.0,255.0,222.0,2.048109965635387,2.0952380952378578,0
-0.11650485436887549,0.15819209039543555,-0.20524017467239947,0.11716621253402802,-1.0,0.385135135135005,0.07999999999997334,0.0,2.252747252744777,1.1739130434774103,43.0,115.0,138.0,91.0,73.0,149.0,162.0,205.0,2.5274725274718333,2.069444444444085,0
0.015936254980076506,0.048888888888878025,0.0,0.11848341232224681,0.999999999156,-0.03869653767819986,-0.15646258503397814,10.0,0.9254901960780685,0.7294117647055963,71.0,247.0,255.0,255.0,122.0,214.0,186.0,236.0,2.4097560975606815,2.178117048345779,0
0.14864864864861518,-0.3141210374638864,0.05809128630704189,-0.29166666666657987,1.0,-0.36363636363626645,-0.02252252252251745,0.0,0.4666666666664837,0.9559471365634555,84.0,189.0,227.0,255.0,138.0,228.0,217.0,119.0,2.108786610878367,2.5582047685830913,0
-0.47524752475224,0.0275229357798102,-0.44502617801023825,0.2307692307691674,-1.0,0.6173285198553728,0.007194244604313959,0.0,4.2264150943316485,1.0144927536224533,130.0,149.0,138.0,53.0,255.0,212.0,140.0,224.0,2.478170478169963,1.8781838316719957,0
-0.015748031496056792,0.19437939110065705,-0.15824915824910496,0.3492063492062568,1.0,0.3421052631578047,-0.16610169491519794,0.0,2.039999999998368,0.7151162790693517,114.0,129.0,172.0,125.0,255.0,172.0,123.0,255.0,2.076458752514673,1.6112412177984061,0
-0.12499999999993991,-0.13043478260865785,-0.26907630522077547,-0.019607843137248494,-0.8641571197756024,0.2448132780081972,-0.006369426751590328,0.07287093944763168,1.648351648349837,0.9873417721512739,114.0,117.0,158.0,91.0,154.0,195.0,156.0,150.0,2.132118451024571,2.2478386167143736,0
-0.3220338983049028,-0.15555555555548642,-0.09090909090902205,-0.19831223628683617,0.37135278527443066,0.22580645161275756,0.3271028037381649,2.181434601556428,1.5833333333306945,1.972222222219483,78.0,117.0,72.0,60.0,236.0,130.0,142.0,95.0,2.516129032257388,1.7597292724193299,0
0.008333333333329862,-0.2556390977442648,0.09999999999995456,-0.07906976744182369,-1.0,-0.09999999999995456,0.07906976744182369,0.0,0.818181818181142,1.1717171717159882,144.0,119.0,99.0,121.0,136.0,167.0,116.0,99.0,1.8926441351884906,2.347978910368656,0
-0.3648648648646184,-0.9398496240594438,-0.4337349397587749,-0.9576719576714511,0.37655197693642656,-0.8431372549003076,0.21710526315782333,2.2079659029195677,0.08510638297854232,1.5546218487381893,0.0,101.0,119.0,47.0,75.0,129.0,185.0,4.0,3.244979919677412,3.0623145400584386,0
-0.08614232209734601,-0.3456464379946318,0.016666666666659724,-0.3456464379946318,1.0,0.008130081300809704,0.36729222520097393,0.0,1.0163934426221177,2.161016949150711,102.0,145.0,118.0,122.0,143.0,255.0,255.0,124.0,2.2568093385209615,2.6254826254822876,0
-0.06963788300833715,-0.39297124600626426,0.0030030030030021014,-0.4328358208953932,1.0,-0.2748091603052386,0.18226600985217187,0.0,0.5688622754487612,1.4457831325292496,38.0,192.0,166.0,167.0,118.0,218.0,240.0,95.0,2.6078098471981987,2.687211093990341,0
-0.7153284671530237,-0.969111969111595,-0.6976744186043807,-0.969111969111595,0.16285083231058456,-0.8139534883702001,0.07594936708859157,1.38906048925959,0.10256410256383958,1.164383561643304,63.0,235.0,219.0,39.0,124.0,255.0,255.0,4.0,3.286713286712712,3.197492163008903,0
-0.26599326599317646,-0.39855072463753677,-0.06837606837603916,-0.45928338762200027,0.7408325860107334,-0.13541666666659616,0.283667621776423,6.717019553798265,0.7614678899075583,1.7919999999985663,111.0,188.0,125.0,109.0,131.0,193.0,224.0,83.0,2.5234899328854823,2.5733333333329043,0
-0.5838509316768373,-0.3811320754715543,-0.5838509316768373,-0.3948339483393377,-0.19313365028556387,0.10067114093952977,-0.14864864864861518,0.6762581456759666,1.2238805970130986,0.7411764705879447,108.0,255.0,255.0,67.0,139.0,183.0,189.0,82.0,2.978102189780587,2.494037478704856,0
-0.11111111111108025,0.10599078341011384,-0.02735562310029564,0.10854503464200727,1.0,0.19999999999995,0.06629834254141816,0.0,1.4999999999990625,1.142011834318851,80.0,200.0,169.0,160.0,10.0,194.0,193.0,240.0,2.499999999999609,2.4326018808773613,0
-0.4306049822062525,-0.029702970297022353,-0.33609958506210125,-0.02244389027430862,-0.8748051950491641,0.42028985507231154,0.12021857923493984,0.06677750071259209,2.4499999999969373,1.2732919254650477,71.0,201.0,161.0,80.0,149.0,208.0,205.0,196.0,2.9077757685347363,2.186596583442551,0
-0.681592039800656,0.037037037037023324,-0.6923076923073596,0.02189781021897011,-1.0,0.627906976743821,-0.13548387096769823,0.0,4.374999999986328,0.7613636363632038,51.0,169.0,176.0,32.0,116.0,130.0,134.0,140.0,3.2114014251773844,2.0155038759686015,0
0.21994134897354256,-0.21897810218970112,0.3550488599347378,-0.30293159609110654,-1.0,-0.32063492063481885,0.33779264214035526,0.0,0.5144230769228296,2.0202020201999797,160.0,133.0,99.0,208.0,218.0,167.0,200.0,107.0,1.6782334384855395,2.0273141122910427,0
0.05785123966940555,-0.323193916349687,-0.010309278350512808,-0.4183006535946346,0.9518943564553821,-0.3665480427044959,0.05084745762710633,10.0,0.46354166666642527,1.1071428571422923,144.0,171.0,196.0,192.0,126.0,174.0,217.0,89.0,2.0176991150439503,2.4724689165182108,0
-0.5178571428569116,0.11597374179428535,-0.4999999999997686,0.07368421052630028,-1.0,0.6504854368929934,0.15183246073294454,0.0,4.722222222213477,1.3580246913571865,138.0,170.0,162.0,54.0,255.0,202.0,220.0,255.0,2.556390977443128,1.768052516411185,0
0.17972350230406464,0.14606741573030427,0.04489795918365515,0.2348668280871102,0.6790306624675178,0.3315926892949526,0.14909090909085487,5.23112479574572,1.9921874999984437,1.350427350426196,118.0,89.0,117.0,128.0,255.0,190.0,158.0,255.0,1.6792452830184719,1.707865168539134,0
-0.2521739130433686,-0.1349206349205814,-0.38351254480272995,-0.1835205992508676,-0.3526988636985714,0.11794871794865747,-0.09971509971507131,0.4785256748071148,1.2674418604636424,0.8186528497405086,130.0,144.0,193.0,86.0,219.0,143.0,158.0,109.0,2.285714285713832,1.8631921824101199,0
-0.17647058823519976,0.07936507936505417,0.15789473684198657,0.25925925925916327,0.24299065414753732,0.37651821862332935,0.28205128205110125,1.641975307602684,2.2077922077893404,1.7857142857110968,116.0,110.0,56.0,77.0,226.0,145.0,100.0,170.0,2.1307506053263605,1.6909620991251177,0
-0.49999999999953704,-0.14361702127655757,-0.4130434782604206,-0.11294765840217275,-0.5705339862177244,0.7127659574464295,0.5131086142320176,0.2734522256717618,5.962962962940878,3.1076923076875267,49.0,81.0,65.0,27.0,121.0,215.0,202.0,161.0,2.7226890756291082,2.4157303370783123,0
-0.03139013452913391,-0.33624454148456934,-0.05676855895194028,-0.2361809045224944,0.6124344571378765,-0.17391304347816636,0.00819672131147205,4.160417479303723,0.7037037037030521,1.0165289256189947,41.0,115.0,121.0,108.0,149.0,153.0,123.0,76.0,2.4274406332447422,2.3050847457622776,0
-0.07792207792205262,-0.9999999999995328,-0.11526479750775226,-0.9999999999996079,0.7932960894565906,-0.9999999999992959,0.17511520737323155,8.67567568320171,0.0,1.4245810055857964,101.0,166.0,179.0,142.0,76.0,214.0,255.0,0.0,2.3095652173909027,3.396825396824723,0
-0.15028901734099703,-0.22666666666659113,-0.11445783132526674,-0.270440251572242,0.40525642298155107,-0.11787072243341526,0.04392764857880002,2.3627937789593716,0.7891156462579667,1.0918918918913016,132.0,199.0,185.0,147.0,146.0,184.0,202.0,116.0,2.351550960117821,2.3365079365075654,0
-0.24495677233422336,-0.3096085409251567,-0.16825396825391484,-0.44886363636350884,0.4547101979516957,-0.14912280701747846,0.16173120728925702,2.667774444124247,0.7404580152666104,1.3858695652166382,51.0,216.0,184.0,131.0,141.0,184.0,255.0,97.0,2.814332247556545,2.429042904290028,0
-0.5015197568387534,0.3103448275861096,-0.46753246753231575,0.12668463611856423,-1.0,0.43642611683833804,-0.16494845360820493,0.0,2.54878048780177,0.7168141592917182,101.0,247.0,226.0,82.0,202.0,110.0,162.0,209.0,2.918759231905034,1.3946117274165777,0
-0.1717171717171139,-0.4545454545452371,-0.22151898734170206,-0.5346938775508022,0.4141358931985792,-0.36666666666646297,-0.01312335958004905,2.413760934034026,0.4634146341459647,0.9740932642482,36.0,174.0,193.0,123.0,124.0,152.0,188.0,57.0,2.7455621301769733,2.507216494844844,0
0.1354466858789235,-0.12386706948636741,0.340136054421653,-0.13690476190472117,-1.0,-0.15204678362568655,0.3263888888887756,0.0,0.7360406091366822,1.9690721649464236,122.0,150.0,97.0,197.0,118.0,186.0,191.0,145.0,1.9386106623583297,2.343307086613804,0
-0.38709677419339233,-0.26684636118591193,-0.394422310756815,-0.1880597014924812,-0.35428151420998893,0.28301886792439485,0.06417112299463525,0.47679782915756774,1.7894736842081718,1.1371428571422075,70.0,172.0,175.0,76.0,169.0,235.0,199.0,136.0,2.8081632653055495,2.42580645161259,0
-0.4416961130740489,-0.26530612244888935,-0.4607508532421636,-0.05263157894734534,-0.7949615117014017,0.1550802139036604,-0.2814371257484187,0.11423001951795843,1.3670886075932063,0.5607476635511399,94.0,204.0,214.0,79.0,157.0,186.0,120.0,108.0,2.808950086058036,2.335949764520826,0
0.016129032258058014,0.11246200607899318,0.13513513513507427,0.19999999999993442,0.1935483870390808,0.18446601941741603,0.11926605504581686,1.4799999989049812,1.4523809523797997,1.2708333333320094,145.0,122.0,96.0,126.0,248.0,146.0,122.0,183.0,1.895145631067593,1.6154910096816575,0
0.04823151125400379,-0.13888888888882459,0.09764309764306477,-0.23140495867759034,1.0,-0.2734374999998932,0.05300353356888587,0.0,0.5705521472389138,1.111940298506633,138.0,148.0,134.0,163.0,132.0,123.0,149.0,93.0,1.9832495812391986,2.0891719745218493,0
0.15204678362568655,0.3451327433627301,0.1225071225070876,-0.002188183807439346,-1.0,0.07294117647057108,0.19582245430804288,0.0,1.1573604060907832,1.4870129870120214,131.0,145.0,154.0,197.0,127.0,111.0,229.0,228.0,1.877022653721379,1.5389948006929741,0
0.3297872340423778,0.3972602739724939,0.22549019607832085,0.13839285714282626,-0.23935530424008597,0.3421052631578047,0.41911764705866944,0.6137422357528272,2.039999999998368,2.443037974680452,105.0,63.0,79.0,125.0,188.0,110.0,193.0,255.0,1.4157303370782541,1.3273001508293623,0
-0.13402061855656286,0.6504854368929934,-0.31147540983581024,0.24694376528111323,-1.0,0.7171717171714758,0.3162393162391811,0.0,6.071428571414115,1.9249999999975937,84.0,55.0,80.0,42.0,171.0,54.0,154.0,255.0,1.864406779660227,0.8089887640447923,0
-0.48571428571382314,-0.3249999999998646,-0.43749999999954425,-0.2894736842103994,-0.2036199095299826,0.49999999999953704,0.36111111111094396,0.6616541354899802,2.999999999988889,2.130434782605608,66.0,78.0,69.0,27.0,168.0,159.0,147.0,81.0,2.506024096384536,2.2433862433858476,0
-0.53999999999946,-0.13110539845754984,-0.4651162790692266,-0.11286089238842183,-0.6094624565419583,0.7604166666662706,0.5418181818179848,0.24265091868755903,7.3478260869245755,3.3650793650740236,73.0,77.0,63.0,23.0,204.0,220.0,212.0,169.0,2.4639999999990145,2.1648216482162157,0
0.19512195121939324,-0.6150943396224094,0.28947368421033587,-0.489999999999755,1.0,-0.3154362416105266,0.46798029556627196,0.0,0.5204081632647751,2.7592592592541494,46.0,66.0,54.0,98.0,132.0,214.0,149.0,51.0,1.9130434782601766,2.801963993452896,0
0.14285714285709308,-0.7142857142854714,0.0445859872611323,-0.6653386454180616,1.0,-0.5922330097084504,0.16434540389967567,0.0,0.2560975609754536,1.3933333333324045,103.0,123.0,150.0,164.0,125.0,252.0,209.0,42.0,1.9181286549703862,3.0044709388967203,0
-0.10136986301367086,-0.15340909090904734,-0.006060606060604224,-0.11044776119399688,0.8959627336882665,-0.04792332268369076,0.056818181818165676,10.0,0.9085365853652997,1.1204819277101685,131.0,201.0,166.0,164.0,171.0,203.0,186.0,149.0,2.3070301291244895,2.236914600550656,0
-0.5895765472310783,0.0,-0.5684931506847368,0.11049723756903025,-1.0,0.5227272727270748,-0.17435897435892966,0.0,3.1904761904711263,0.703056768558645,96.0,244.0,229.0,63.0,255.0,201.0,161.0,201.0,3.0170015455945878,1.8741258741256557,0
-0.3184357541898552,-0.11038961038957455,-0.2650602409637756,0.030075187969913507,-1.0,0.05791505791503556,-0.23893805309727467,0.0,1.1229508196712106,0.6142857142854218,144.0,236.0,210.0,122.0,208.0,171.0,129.0,137.0,2.55826558265548,1.9912663755455615,0
0.36434108527117665,-0.403508771929683,0.1391585760517349,-0.3772893772892391,1.0,-0.34865900383128406,0.17133956386287497,0.0,0.4829545454542711,1.4135338345854034,119.0,82.0,133.0,176.0,116.0,200.0,188.0,85.0,1.4291938997818237,2.662229617304049,0
0.08823529411761462,-0.5159817351595818,0.16996047430823322,-0.5350877192980109,1.0,-0.4726368159201629,0.24999999999991074,0.0,0.3581081081078662,1.6666666666650793,88.0,124.0,105.0,148.0,110.0,166.0,175.0,53.0,2.0495867768590808,2.682828282827741,0
-0.35501355013540514,-0.19718309859150301,-0.33704735376035183,-0.19718309859150301,-0.26180509661944906,0.1793103448275244,0.03030303030302418,0.5850308464080323,1.436974789914759,1.0624999999995572,56.0,250.0,240.0,119.0,219.0,255.0,255.0,171.0,2.9629629629625236,2.266666666666415,0
-0.13623188405793152,-0.0328638497652505,-0.013245033112578396,0.13186813186809565,1.0,0.1605633802816449,0.01607717041800126,0.0,1.382550335569542,1.0326797385614166,100.0,196.0,153.0,149.0,204.0,220.0,158.0,206.0,2.446177847113503,2.070588235293874,0
-0.011494252873559915,0.32467532467524035,0.020771513353109564,0.5740740740738969,0.9301616626611808,0.19437939110065705,-0.41025641025623494,10.0,1.482558139534022,0.41818181818156475,38.0,176.0,165.0,172.0,255.0,130.0,69.0,255.0,2.505338078291369,1.3506493506491752,0
-0.21333333333326224,0.062499999999980474,-0.18055555555549288,0.4166666666664931,1.0,0.18055555555549288,-0.4166666666664931,0.0,1.440677966100474,0.4117647058821108,55.0,182.0,170.0,118.0,178.0,150.0,70.0,170.0,2.711359404096329,1.8518518518515659,0
-0.037383177570084726,0.34317343173419074,-0.037383177570084726,0.19344262295075626,1.0,-0.06185567010307684,-0.2869565217390473,0.0,0.8834951456306391,0.5540540540538045,87.0,222.0,222.0,206.0,176.0,89.0,123.0,182.0,2.4097693351421423,1.328358208954976,0
0.18088737201359015,0.4782608695650788,0.11974110032358586,0.2781954887217348,0.39819004514883566,0.19158878504668422,0.028571428571418367,2.323308268736585,1.4739884393055065,1.0588235294109862,138.0,120.0,136.0,173.0,232.0,90.0,144.0,255.0,1.742286751360845,1.0794602698649056,0
0.6326530612241671,0.7665369649802465,0.6494845360821395,0.3841463414632975,-0.2567049808179783,0.17312661498703538,0.4962962962959287,0.5914634145432042,1.4187499999991133,2.9705882352853803,155.0,36.0,34.0,160.0,46.0,30.0,101.0,227.0,0.7441860465114356,0.7207207207205043,0
0.3285714285711939,-0.5058823529409782,0.5245901639339963,-0.4749999999998021,-1.0,-0.19230769230756906,0.7184466019413989,0.0,0.6774193548379812,6.103448275841023,80.0,47.0,29.0,93.0,65.0,192.0,177.0,63.0,1.4082397003740044,2.999999999999414,0
-0.5159235668786524,-0.18158567774931417,-0.4647887323940389,-0.11602209944748176,-0.6004823152157903,0.616161616161305,0.32026143790839207,0.2496233049257373,4.210526315778393,1.9423076923058247,69.0,119.0,104.0,38.0,85.0,231.0,202.0,160.0,2.7594202898542726,2.613861386138244,0
-0.999999999999099,-0.6204379562041532,-0.9999999999987179,-0.649831649831431,-0.2122448979715969,0.9999999999980769,0.5170278637769298,0.6498316498972474,10.0,3.141025641021614,38.0,111.0,78.0,0.0,152.0,222.0,245.0,52.0,3.415384615383302,2.7407407407403177,0
-0.1255813953487788,-0.16245487364615074,-0.16444444444437137,-0.37466307277617933,0.38993822504018366,0.10476190476185489,0.32124352331597894,2.278356525025428,1.2340425531901764,1.9465648854946975,103.0,121.0,131.0,94.0,62.0,161.0,255.0,116.0,2.205011389521138,2.575999999999485,0
-0.402214022140073,0.15131578947363444,-0.36718749999985656,0.03857566765577491,-1.0,0.36718749999985656,-0.03857566765577491,0.0,2.1604938271578265,0.9257142857137568,54.0,190.0,175.0,81.0,195.0,129.0,162.0,175.0,2.9514563106790384,1.6433121019105663,0
-0.1767955801104484,0.07843137254900039,-0.13372093023251927,0.016166281755192573,-1.0,0.19241192411918906,0.044117647058812715,0.0,1.476510067113103,1.0923076923071322,29.0,213.0,195.0,149.0,248.0,188.0,213.0,220.0,2.821192052979665,1.781990521326803,0
-0.2527472527471139,-0.5833333333331309,-0.13924050632902582,-0.6141479099676482,0.6303619665883561,-0.06249999999995118,0.4721407624632047,4.410698629301766,0.8823529411751729,2.78888888888579,44.0,114.0,90.0,68.0,99.0,228.0,251.0,60.0,2.6823529411756817,2.965853658536103,0
0.17154811715473994,-0.2789968652036743,0.14285714285708456,-0.2812499999999121,1.0,-0.09803921568623607,0.3225806451611863,0.0,0.8214285714279848,1.952380952379093,68.0,99.0,105.0,140.0,92.0,204.0,205.0,115.0,1.9507389162556772,2.6536585365849343,0
-0.31147540983581024,0.21454545454537655,-0.16831683168300166,0.030864197530854672,-1.0,0.5980861244016278,0.45370370370349367,0.0,3.9761904761810087,2.661016949148032,70.0,80.0,59.0,42.0,42.0,108.0,157.0,167.0,2.3529411764697232,2.0329411764701097,0
-0.18867924528295954,-0.6694214876030292,-0.06181818181815934,-0.7288135593217868,0.8436233240855023,-0.5266272189345996,0.2718204488777377,10.0,0.3100775193796046,1.7465753424645574,134.0,189.0,146.0,129.0,204.0,202.0,255.0,40.0,2.358814352573735,2.493827160493442,0
-0.4469453376204351,-0.20446096654267493,-0.4285714285712862,-0.2794612794611854,-0.21059782611670277,0.10880829015538404,-0.061728395061713154,0.6520763188951336,1.244186046510181,0.8837209302321472,119.0,225.0,215.0,86.0,156.0,162.0,190.0,107.0,2.7480916030530156,2.207836456558397,0
0.023872679045086508,0.2378640776698452,-0.07434052757791983,0.359999999999904,1.0,0.13839285714282626,-0.30232558139526094,0.0,1.3212435233153776,0.5357142857140466,81.0,184.0,224.0,193.0,104.0,157.0,120.0,255.0,2.292834890965375,1.8662704309061118,0
-0.19241192411918906,0.18024691358020242,-0.22997416020665892,0.20100502512557764,-1.0,0.23195876288653816,-0.19899244332488691,0.0,1.6040268456365074,0.6680672268904756,140.0,220.0,238.0,149.0,152.0,166.0,159.0,239.0,2.41426611796949,1.8367911479942134,0
-0.8345323741004192,0.40363636363621685,-0.8345323741004192,0.4789272030649506,-1.0,0.7870370370366727,-0.5789473684208735,0.0,8.391304347789603,0.2666666666665621,50.0,255.0,255.0,23.0,197.0,82.0,68.0,193.0,3.499142367066295,1.18411552346549,0
0.01075268817204012,0.4395280235986904,-0.05527638190953385,0.24173027989815732,1.0,0.12962962962959962,-0.16991643454034264,0.0,1.2978723404248416,0.7095238095234717,121.0,184.0,210.0,188.0,255.0,95.0,149.0,244.0,2.174298375184317,1.1030478955005656,0
0.7439999999994048,0.22292993630559052,0.6268656716413233,0.40145985401430556,-0.21919694880800145,-0.06341463414631053,0.2424242424238751,0.6404240527306595,0.8807339449533204,1.63999999999344,65.0,16.0,25.0,109.0,129.0,61.0,41.0,96.0,0.6213592233006693,1.4063400576364824,0
-0.10650887573961346,-0.5823293172688425,-0.04126984126982817,-0.5953307392993793,0.8703430612978388,-0.4876847290637992,0.111111111111081,10.0,0.34437086092692426,1.249999999999238,84.0,187.0,164.0,151.0,8.0,197.0,205.0,52.0,2.4564860426925357,3.4713656387657554,0
-0.4389140271491227,-0.6451612903223726,-0.36082474226785527,-0.6321070234111599,0.27321341762604395,-0.05982905982900869,0.2978723404254527,1.75183946536877,0.8870967741921175,1.8484848484834482,104.0,159.0,132.0,62.0,115.0,255.0,244.0,55.0,2.628099173553176,2.9999999999995586,0
-0.7846153846147811,-0.35897435897424396,-0.7565217391297769,-0.4269340974210811,-0.27849593669428124,0.7543859649116189,0.42285714285702203,0.5643381748270909,7.142857142806123,2.465346534651024,45.0,116.0,101.0,14.0,140.0,212.0,249.0,100.0,3.189003436425021,2.5542168674694947,0
-0.4613180515757991,-0.6413043478257384,-0.41065830720990265,-0.6432432432428956,0.22068943342490968,-0.48031496062954304,-0.19363395225459054,1.5663709514848492,0.35106382978686057,0.6755555555552554,117.0,255.0,225.0,94.0,167.0,151.0,152.0,33.0,2.8294036061022427,2.406374501991553,0
-0.3950617283949398,-0.5315985130109548,-0.39130434782596546,-0.36999999999981503,-0.02798400914140607,-0.21739130434769108,-0.24099722991683076,0.9455555557970184,0.6428571428564869,0.6116071428568699,59.0,226.0,224.0,98.0,252.0,206.0,137.0,63.0,2.968801313628412,2.266850068775479,0
-0.02608695652172779,0.1384615384614852,-0.1913357400721331,-0.2210526315788892,0.0720604497042163,0.1384615384614852,0.16876574307300535,1.1553128109316335,1.3214285714273915,1.406060606059754,102.0,118.0,165.0,112.0,101.0,112.0,232.0,148.0,2.0977777777773117,1.8942917547564706,0
-0.9124087591234217,-0.2177121771216909,-0.9302325581389941,-0.41274238227135385,-0.3853312227464598,0.8928571428563457,0.21140142517809707,0.44369806098966086,10.0,1.5361445783123278,108.0,131.0,166.0,6.0,106.0,165.0,255.0,106.0,2.78723404255245,2.435424354243093,0
0.11235955056173463,-0.35211267605621405,0.11864406779654314,-0.34982332155464674,1.0,-0.036649214659666675,0.42007434944222305,0.0,0.9292929292919906,2.448717948714809,17.0,79.0,78.0,99.0,88.0,192.0,191.0,92.0,2.3065693430648517,2.7234042553186657,0
-0.8453038674028479,-0.13857677902616533,-0.7985611510785623,0.017699115044239957,-1.0,0.7829457364335016,-0.059322033898279954,0.0,8.21428571422704,0.8879999999992896,103.0,167.0,125.0,14.0,125.0,152.0,111.0,115.0,2.962305986695574,2.2352941176466476,0
0.11643835616434368,-0.17391304347816636,0.10135135135131712,-0.43911439114374945,1.0,-0.3640167364015213,0.18902439024384482,0.0,0.4662576687113704,1.4661654135327324,139.0,129.0,133.0,163.0,129.0,108.0,195.0,76.0,1.8428571428568137,2.052256532066021,0
-0.04046242774565305,-0.9999999999989247,-0.04046242774565305,-0.9999999999993712,0.9222222223108326,-0.9999999999993977,-0.061946902654848986,10.0,0.0,0.8833333333328427,43.0,180.0,180.0,166.0,84.0,93.0,159.0,0.0,2.530755711774599,2.755555555554535,0
0.09565217391301575,0.17073170731696907,-0.002638522427439937,-0.2440944881888803,0.9786123277795825,-0.3263157894735697,-0.09195402298847932,10.0,0.5079365079362392,0.8315789473679834,82.0,156.0,190.0,189.0,96.0,68.0,158.0,96.0,2.1406518010287923,1.658536585365348,0
-0.16326530612240733,0.2699386503066657,-0.17171717171712836,0.13114754098357073,-1.0,0.1159029649595375,-0.18670076726337936,0.0,1.26219512195045,0.6853448275859115,212.0,228.0,232.0,164.0,194.0,119.0,159.0,207.0,2.1923076923074287,1.489827856024806,0
-0.8405797101446231,0.4397394136806385,-0.841155234656736,0.5563380281688182,-1.0,0.8189300411519264,-0.6037735849054705,0.0,10.0,0.24705882352931488,194.0,254.0,255.0,22.0,149.0,86.0,63.0,221.0,2.806629834253756,1.269372693726703,0
-0.24561403508764748,0.5044247787609132,-0.30645161290314343,0.284634760705218,-1.0,0.32812499999991457,-0.2623376623375942,0.0,1.9767441860449795,0.584362139917455,96.0,213.0,243.0,129.0,178.0,84.0,142.0,255.0,2.617511520736925,1.1181364392677007,0
0.22388059701484184,0.08870967741931907,0.32793522267193204,0.4210526315787258,0.12432432430766556,-0.09698996655515152,-0.20289855072449067,1.283950616892269,0.8231707317068152,0.6626506024088402,89.0,104.0,83.0,164.0,106.0,113.0,55.0,135.0,1.8047722342729273,1.9357601713057955,0
-0.2977099236640464,-0.7584541062798269,-0.2977099236640464,-0.7950819672127889,0.45513884916841263,-0.6932515337419061,-0.07594936708859157,2.670659942048397,0.18115942028972382,0.8588235294114279,60.0,255.0,255.0,138.0,65.0,182.0,219.0,25.0,2.8813559322029825,3.2070484581490732,0
-0.14975845410620786,-0.3470588235293097,-0.1737089201877119,-0.3934426229507122,0.3874338445520433,0.1155778894471781,0.3421052631578047,2.264953479372555,1.261363636362203,2.039999999998368,87.0,119.0,125.0,88.0,136.0,229.0,255.0,111.0,2.3050847457621537,2.598581560283319,0
-0.39459459459438134,-0.38586956521728644,-0.4256410256408074,-0.36158192090385266,-0.08137352325191395,0.3372781065086762,0.26842105263150834,0.8494996938897912,2.0178571428535395,1.7338129496390406,71.0,129.0,139.0,56.0,153.0,255.0,241.0,113.0,2.680519480518784,2.6288659793811044,0
-0.2978723404254527,-0.6271186440675309,-0.2767123287670475,-0.59069767441833,0.3619803144239017,-0.49999999999971595,-0.1534653465346155,2.134699517234317,0.33333333333308085,0.7339055793988267,85.0,244.0,233.0,132.0,217.0,192.0,171.0,44.0,2.7687943262407417,2.38139534883684,0
-0.35416666666654373,-0.3664122137403182,-0.3450704225350898,-0.5088757396448199,0.19182159764118914,-0.05681818181814954,0.14349775784750146,1.4747011234802168,0.8924731182786102,1.3350785340307147,60.0,195.0,191.0,93.0,255.0,179.0,255.0,83.0,2.872928176795051,2.0574712643675204,0
-0.3757961783437097,-0.06569343065691033,-0.47593582887675084,-0.007751937984493119,-0.9679465205977822,0.4463276836155671,-0.02985074626864558,0.01628777981354573,2.6122448979538526,0.9420289855065639,125.0,108.0,138.0,49.0,200.0,146.0,130.0,128.0,2.2153846153840475,1.8838709677416314,0
-0.6275303643722157,-0.03529411764704844,-0.633466135457915,-0.1206434316353564,-0.6800373927985643,0.5619047619044943,0.009661835748789937,0.19044969399538872,3.5652173912965974,1.0195121951214539,55.0,201.0,205.0,46.0,181.0,176.0,209.0,164.0,3.196819085486442,2.0200860832134833,0
-0.1702127659573563,-0.6013289036542853,-0.05454545454542149,-0.5683453237408028,0.8248635028624098,-0.13043478260860114,0.4295081967211707,10.0,0.7692307692297831,2.5057471264339015,34.0,110.0,87.0,78.0,55.0,241.0,218.0,60.0,2.650602409637756,3.229480737017884,0
-0.5838509316768373,-0.03272727272726083,-0.5838509316768373,-0.1307189542483233,-0.6341324850336407,0.32999999999983504,-0.19158878504668422,0.22389097486799184,1.9850746268627089,0.6784313725487536,172.0,255.0,255.0,67.0,145.0,142.0,173.0,133.0,2.7236315086778737,2.0213523131669,0
-0.20853080568715437,-0.5234374999997956,-0.20853080568715437,-0.29885057471247195,0.178011595482634,-0.4649122807015505,-0.38586956521728644,1.4331243476042148,0.3652694610776256,0.443137254901787,205.0,255.0,255.0,167.0,85.0,195.0,113.0,61.0,2.3129251700677647,2.9104477611934865,0
0.037681159420278935,-0.9999999999994253,0.022857142857136328,-0.9999999999991735,1.0,-0.9999999999994414,-0.17123287671227014,0.0,0.0,0.7076023391808728,140.0,166.0,171.0,179.0,133.0,174.0,121.0,0.0,2.0399385560672747,2.8939708939702924,0
0.19685039370070992,-0.2957746478871851,0.1471698113206992,0.06382978723399729,-0.3949771687627184,-0.33920704845800037,-0.262569832402088,0.4337152206544156,0.49342105263125435,0.5840707964596601,68.0,102.0,113.0,152.0,144.0,138.0,66.0,75.0,1.9245283018863386,2.2303030303025797,0
-0.3691275167783996,0.1719298245613432,-0.39743589743577007,0.357723577235627,-1.0,0.27969348658993115,-0.46801346801331045,0.0,1.776595744678961,0.3623853211007512,103.0,204.0,218.0,94.0,67.0,118.0,79.0,167.0,2.6975206611565787,2.008510638297445,0
-0.5317460317458208,0.29277566539912825,-0.5222672064775213,0.3178294573642179,-1.0,0.48471615720502853,-0.36231884057957886,0.0,2.881355932198506,0.46808510638272977,106.0,193.0,188.0,59.0,95.0,93.0,88.0,170.0,2.8021778584386925,1.649667405764601,0
0.03508771929823023,0.2398190045247784,-0.10943396226410965,0.3631840796018094,1.0,0.07450980392153941,-0.3933649289097662,0.0,1.1610169491515585,0.43537414965956783,84.0,110.0,147.0,118.0,135.0,84.0,64.0,137.0,2.085308056871544,1.5272727272723803,0
-0.5407854984892626,-0.37457044673526646,-0.5407854984892626,-0.04712041884814287,-0.8397008180507395,0.08982035928138335,-0.43661971830973617,0.08713328850069338,1.197368421051056,0.39215686274494427,175.0,255.0,255.0,76.0,189.0,200.0,100.0,91.0,2.6806833114319737,2.352941176470242,0
-0.4745098039213826,-0.641975308641579,-0.4508196721309628,-0.7276995305160904,0.23493877553011103,-0.395833333332921,0.01939058171744615,1.6141698680489505,0.4328358208948764,1.0395480225982827,63.0,188.0,177.0,67.0,102.0,133.0,184.0,29.0,2.9723320158096893,2.6801007556668313,0
-0.2760736196317325,-0.4697406340056283,-0.3058823529409966,-0.4338461538460204,0.17298752143286802,0.21854304635747118,0.3546511627905946,1.4183431957303592,1.5593220338956622,2.099099099097208,26.0,104.0,111.0,59.0,133.0,255.0,233.0,92.0,2.839590443685038,2.7755102040812547,0
-0.7617021276592504,-0.6293929712458053,-0.7704918032783727,-0.6293929712458053,-0.10079317570305484,0.34883720930191997,0.08280254777068306,0.8168717287445272,2.0714285714211735,1.1805555555550091,44.0,207.0,216.0,28.0,103.0,255.0,255.0,58.0,3.4074074074067062,3.0402384500740625,0
-0.19437939110065705,-0.10948905109485056,-0.19437939110065705,-0.27380952380944235,0.1696540225455844,-0.1700680272108265,-0.0874200426439046,1.4086345388772044,0.709302325580983,0.8392156862741807,80.0,255.0,255.0,172.0,206.0,152.0,214.0,122.0,2.677165354330357,1.9240506329110878,0
-0.16610169491519794,0.04561403508770329,-0.15753424657528853,-0.24747474747468498,0.22207037928275208,0.0955882352940825,0.18749999999995492,1.5709266588805177,1.2113821138201533,1.4615384615375968,191.0,172.0,169.0,123.0,255.0,136.0,247.0,149.0,2.0911854103340284,1.6094674556210635,0
-0.4782608695650788,-0.5690607734803487,-0.462686567164041,-0.5851063829784122,0.11683588423591815,-0.3953488372089959,-0.24365482233496355,1.264584763485098,0.43333333333285184,0.6081632653058743,99.0,255.0,245.0,90.0,255.0,142.0,149.0,39.0,2.9184549356219,1.9653979238750923,0
-0.2332439678283557,-0.03857566765577491,-0.2814070351758087,-0.2078239608801448,-0.1504055853041019,0.062295081967192696,-0.015936254980076506,0.7385172898188518,1.1328671328663407,0.9686274509800124,58.0,230.0,255.0,143.0,185.0,175.0,247.0,162.0,2.7836611195154637,2.008608321377043,0
-0.7416267942580184,-0.9052631578942605,-0.6842105263153894,-0.9310344827582641,0.15280898877360388,-0.4999999999986111,0.2727272727272039,1.3607427057694441,0.3333333333320988,1.749999999998785,103.0,182.0,144.0,27.0,59.0,181.0,252.0,9.0,2.947368421052035,3.3674418604643335,0
-0.6776315789471455,0.04439746300210478,-0.6776315789471455,0.1961259079902673,-1.0,0.6689189189186929,-0.21140142517809707,0.0,5.040816326520325,0.6509803921566075,112.0,255.0,255.0,49.0,158.0,226.0,166.0,247.0,3.0402384500740625,2.109684947491002,0
-0.2655086848634577,-0.9646017699110777,-0.2655086848634577,-0.9638009049769395,0.5680360959853454,-0.9473684210520084,-0.08050847457625414,3.630016493944791,0.02702702702700877,0.8509803921565291,199.0,255.0,255.0,148.0,208.0,222.0,217.0,4.0,2.3803967327885203,2.707317073170319,0
0.0,-0.047619047619032503,-0.07103825136610081,-0.06542056074764317,-0.04116766470084638,-0.062499999999980474,-0.06811989100815583,0.92092020259037,0.8823529411759516,0.8724489795913917,149.0,170.0,196.0,170.0,157.0,165.0,171.0,150.0,2.0637329286795048,2.072213500784604,0
0.5147928994079795,-0.4206128133703564,0.18518518518509947,-0.18431372549012381,-1.0,-0.10344827586202437,0.26359832635972236,0.0,0.8124999999993653,1.715909090907141,143.0,41.0,88.0,128.0,165.0,255.0,151.0,104.0,0.9291784702546944,2.6187419768931166,0
-0.5478260869562835,-0.2862745098038093,-0.5937499999997681,-0.09452736318403258,-0.7253218885174247,0.272727272727082,-0.29936305732474544,0.1592039801262988,1.7499999999966345,0.5392156862742455,92.0,178.0,204.0,52.0,128.0,164.0,110.0,91.0,2.8479999999994305,2.3985374771476415,0
-0.11888111888109118,0.2040816326529918,-0.010471204188478935,0.27797833935008015,1.0,-0.03278688524589268,-0.3174061433446016,0.0,0.936507936507441,0.5181347150256383,38.0,240.0,193.0,189.0,7.0,117.0,100.0,177.0,2.7157001414423316,2.23923444976023,0
-0.11042944785272686,0.09459459459456264,-0.12386706948636741,0.26070038910495696,1.0,0.055374592833858184,-0.32384341636999153,0.0,1.1172413793095743,0.5107526881717684,136.0,181.0,186.0,145.0,118.0,134.0,95.0,162.0,2.2519440124413292,1.9562043795616866,0
-0.8085106382975856,-0.0707070707070469,-0.8085106382975856,-0.23119777158767935,-0.5552642079995689,0.672727272726865,-0.07142857142855642,0.2859551385781256,5.111111111092181,0.8666666666663269,237.0,255.0,255.0,27.0,219.0,159.0,221.0,138.0,2.6356589147283414,1.884444444444165,0
-0.9199999999963201,0.08943089430890674,-0.9374999999970702,-0.059649122806996614,-0.88036067745767,0.9851851851844555,0.6593406593402971,0.06362573100111531,10.0,4.870967741919771,3.0,24.0,31.0,1.0,91.0,112.0,151.0,134.0,3.6923076923005915,1.9955456570151457,0
-0.7187499999988769,0.20853080568715437,-0.7464788732383852,0.0,-1.0,0.9318181818178289,0.6088328075707858,-0.0,10.0,4.112903225799818,12.0,55.0,62.0,9.0,235.0,167.0,255.0,255.0,3.358778625951635,1.621359223300774,0
-0.7826086956513232,-0.2499999999999081,-0.837398373983059,-0.42857142857130853,-0.32293577984178407,0.821428571427838,0.38586956521728644,0.5117891817534836,10.0,2.256637168139596,31.0,82.0,113.0,10.0,142.0,170.0,255.0,102.0,3.199999999998439,2.3287671232872724,0
0.03999999999998,0.058823529411738094,-0.05022831050226017,-0.1301115241635204,0.44295933759505646,0.058823529411738094,0.13857677902616533,2.5904021680503444,1.1249999999989182,1.3217391304336332,69.0,96.0,115.0,104.0,255.0,104.0,152.0,117.0,2.1041095890405197,1.4344827586204423,0
0.1204819277107708,-0.1780104712041419,0.1847133757960607,-0.030864197530854672,-1.0,0.2559999999998976,0.4458874458872529,0.0,1.6881720430089373,2.609374999995923,84.0,73.0,64.0,93.0,217.0,225.0,167.0,157.0,1.8080495356031554,2.1844660194172105,0
-0.549488054607321,-0.49122807017529496,-0.5111111111109219,-0.19815668202755846,-0.44123592267269995,0.13725490196069462,-0.22155688622747857,0.3876978562168727,1.3181818181798208,0.637254901960472,97.0,227.0,204.0,66.0,255.0,255.0,130.0,87.0,2.943273905996281,2.3943661971828174,0
-0.2530712530711909,0.08808290155435851,-0.24565756823815246,-0.28571428571418855,0.07538358907351378,-0.18287937743183547,-0.1409090909090589,1.1630591635325034,0.6907894736837561,0.752988047808465,255.0,255.0,251.0,152.0,173.0,88.0,189.0,105.0,2.2246455834239667,1.5506607929512004,0
-0.5454545454543548,-0.21126760563372843,-0.5255474452552826,-0.1578947368420459,-0.5379426644969272,0.2655367231636918,-0.15151515151510977,0.3004385965483916,1.7230769230742722,0.7368421052628054,130.0,221.0,209.0,65.0,159.0,172.0,154.0,112.0,2.7755102040811965,2.237398373983376,0
-0.4239482200645877,-0.10227272727269822,-0.3642857142855842,-0.17060367454063763,-0.36209736784305685,0.27935222672053467,0.0772946859903195,0.46832381259322214,1.7752808988744098,1.1675392670150957,84.0,220.0,191.0,89.0,233.0,194.0,223.0,158.0,2.8711256117450454,1.9922978177147634,0
-0.05357142857141263,-0.3892215568859945,-0.03927492447128723,-0.6061776061773722,0.8783026711882219,-0.5142857142854694,0.09473684210523824,10.0,0.3207547169809304,1.2093023255806923,98.0,177.0,172.0,159.0,227.0,116.0,208.0,51.0,2.317512274958704,1.819607843136898,0
-0.2686567164178436,-0.26249999999991797,-0.2686567164178436,-0.17770034843199384,-0.20377490392546296,-0.10943396226410965,-0.20283018867919744,0.6614401860765666,0.8027210884348281,0.6627450980389559,103.0,255.0,255.0,147.0,163.0,202.0,169.0,118.0,2.6842105263154363,2.3591240875908963,0
-0.6202531645565695,-0.2348668280871102,-0.6774193548383455,-0.2348668280871102,-0.4851027397790888,0.6808510638294252,0.24087591240870052,0.3467081748466251,5.266666666649112,1.634615384614337,112.0,128.0,156.0,30.0,255.0,255.0,255.0,158.0,2.5728643216073936,2.2101841820149284,0
-0.1471698113206992,-0.18688524590157807,-0.1781818181817534,-0.11428571428567347,-0.2184724689912154,0.04641350210968506,-0.018867924528295953,0.6413994172695942,1.0973451327423918,0.9629629629623686,117.0,152.0,162.0,113.0,230.0,181.0,156.0,124.0,2.277153558052008,2.022346368714801,0
-0.20533333333327858,-0.04180064308680328,-0.14613180515755125,0.10780669144977406,-1.0,0.0,-0.2499999999999219,0.0,0.999999999999329,0.5999999999997,115.0,226.0,200.0,149.0,19.0,162.0,120.0,149.0,2.5251396648041164,2.634146341462879,0
-0.2718204488777377,-0.16477272727268047,-0.2718204488777377,-0.05466237942120429,-0.6651439239683637,0.0034129692832752857,-0.21718377088300306,0.20109737757772836,1.0068493150678035,0.6431372549017086,152.0,255.0,255.0,146.0,116.0,205.0,164.0,147.0,2.524752475247212,2.436849925705433,0
-0.6612377850160713,-0.12499999999994792,-0.6612377850160713,-0.11392405063286333,-0.706063829878344,0.3375796178341799,-0.317829457364259,0.17228908152507244,2.019230769226886,0.5176470588233264,159.0,255.0,255.0,52.0,71.0,135.0,132.0,105.0,2.8294036061022427,2.4215246636765873,0
0.0,0.21846153846147126,-0.9999999999952381,0.2452830188678474,-1.0,0.999999999999495,0.7021276595739702,0.0,10.0,5.714285714258504,48.0,0.0,21.0,0.0,150.0,127.0,120.0,198.0,0.0,1.6877076411957328,0
-0.9999999999977273,0.48688046647216127,-0.9999999999967742,0.30769230769222883,-1.0,0.9999999999996079,0.6265060240960082,0.0,10.0,4.354838709663372,18.0,44.0,31.0,0.0,189.0,88.0,135.0,255.0,3.320754716977999,1.1354838709675588,0
-0.49565217391261246,0.3921568627449699,-0.4912280701750077,0.14824797843661772,-1.0,0.7603305785120825,0.30041152263362125,0.0,7.34482758618157,1.8588235294095778,71.0,86.0,85.0,29.0,255.0,93.0,158.0,213.0,2.5294117647049523,1.1376146788989085,0
0.041666666666637736,0.12835820895518557,0.1538461538460355,0.22330097087371414,0.18415841579297007,0.4318181818180183,0.3714285714283592,1.4514563097368118,2.51999999999664,2.1818181818142146,82.0,69.0,55.0,75.0,255.0,146.0,120.0,189.0,1.871186440677332,1.5869565217389148,0
-0.6404494382015276,-0.2977099236640464,-0.6144578313245609,-0.2977099236640464,-0.3472474289547708,0.7922077922072779,0.5838509316768373,0.48450830721896165,8.624999999946095,3.8059701492480507,11.0,73.0,67.0,16.0,202.0,255.0,255.0,138.0,3.37572254335065,2.3999999999997175,0
-0.5671641791040544,-0.2944162436547476,-0.4313725490191849,-0.2944162436547476,-0.1886999451710137,0.6547619047615151,0.5548780487803187,0.6825103831767114,4.793103448259334,3.4931506849267215,17.0,105.0,73.0,29.0,255.0,255.0,255.0,139.0,3.2812499999987184,2.256637168141343,0
-0.12446351931325131,-0.044673539518884996,-0.037735849056585974,0.2034632034631154,1.0,0.15352697095429316,-0.089108910891045,0.0,1.3627450980378797,0.836363636362876,129.0,131.0,110.0,102.0,161.0,152.0,92.0,139.0,2.1257606490867897,2.0132450331122493,0
-0.22147651006703978,-0.08247422680410246,-0.25641025641017423,0.06268656716416039,-1.0,0.2108843537414249,-0.11048158640223499,0.0,1.5344827586193668,0.8010204081628567,112.0,182.0,196.0,116.0,180.0,210.0,157.0,178.0,2.459459459459044,2.1593830334187456,0
-0.44475920679874087,0.13064133016623974,-0.43352601156056836,0.2559366754616739,-1.0,0.4166666666665427,-0.27506426735211437,0.0,2.4285714285689504,0.568548387096545,117.0,255.0,248.0,98.0,255.0,183.0,141.0,238.0,2.8137931034478876,1.704307334109231,0
-0.15211970074809175,0.22162162162150184,-0.17274939172745188,0.1894736842104266,1.0,-0.2014134275617663,-0.5157232704400894,0.0,0.6647058823525502,0.31950207468866415,88.0,231.0,241.0,170.0,226.0,72.0,77.0,113.0,2.56666666666631,1.1925465838506848,0
-0.3527851458885006,-0.13390313390309577,-0.3527851458885006,-0.16939890710377886,-0.35119080670690683,0.10948905109485056,-0.0874200426439046,0.4801758495958211,1.245901639343241,0.8392156862741807,189.0,255.0,255.0,122.0,172.0,199.0,214.0,152.0,2.484774665042328,2.204986149584182,0
-0.5350553505533081,0.01639344262294698,-0.5499999999998036,-0.08050847457625414,-0.7446236560320451,0.5499999999998036,0.08050847457625414,0.14637904471076507,3.444444444438977,1.1751152073727305,98.0,208.0,217.0,63.0,255.0,210.0,255.0,217.0,2.883882149046294,1.8834080717486676,0
-0.4970414201181962,-0.028391167192420068,-0.49999999999985295,-0.08059701492534908,-0.72236503868483,0.2887029288701721,-0.1697247706421629,0.1611940298829844,1.8117647058802213,0.7098039215683491,83.0,253.0,255.0,85.0,255.0,163.0,181.0,154.0,3.0029673590499995,1.774149659863704,0
-0.5268817204299187,-0.9421487603301892,-0.5400696864109616,-0.9119496855340177,0.2561122849556299,-0.8082191780810846,-0.18498659517421315,1.6885778051407514,0.10606060606044536,0.6877828054295531,74.0,213.0,221.0,66.0,81.0,235.0,152.0,7.0,3.010600706713249,3.3691756272395392,0
-0.3421052631578047,-0.2242424242423563,-0.3421052631578047,-0.30810810810802486,-0.052286151834778645,0.011857707509876737,-0.026156941649894135,0.9006237008869535,1.0239999999991807,0.9490196078427652,115.0,255.0,255.0,125.0,238.0,202.0,242.0,128.0,2.7199999999996374,2.098701298701026,0
-0.41666666666655094,-0.5789473684208735,-0.41666666666655094,-0.3492822966505506,-0.0879750130256405,-0.21387283236981858,-0.2878787878787152,0.8382775121627409,0.6476190476184308,0.5529411764703714,144.0,255.0,255.0,105.0,149.0,255.0,141.0,68.0,2.687747035572768,2.8060522696007144,0
0.03333333333327778,0.16438356164379808,0.0,0.3043478260868787,0.9999999996714285,0.7832167832165094,0.6287425149696835,10.0,8.225806451586369,4.387096774179397,82.0,29.0,31.0,31.0,197.0,183.0,136.0,255.0,1.3567251461980372,1.7897310513445244,0
-0.10236220472432885,0.44910179640705117,-0.16176470588223402,0.475609756097416,1.0,0.6187290969897596,0.04242424242421672,0.0,4.245614035080271,1.0886075949353309,49.0,70.0,79.0,57.0,255.0,92.0,86.0,242.0,2.276422764226717,1.0807635829660673,0
-0.7977528089878677,0.13994910941472266,-0.836363636362876,0.386996904024648,-1.0,0.9227467811154838,-0.009999999999995,0.0,10.0,0.9801980198010097,31.0,80.0,101.0,9.0,175.0,169.0,99.0,224.0,3.1999999999984,1.8344640434190183,0
-0.6050955414008885,0.32467532467524035,-0.5947712418296767,0.16173120728925702,-1.0,0.7832167832165094,0.20261437908490113,0.0,8.225806451586369,1.5081967213102392,74.0,126.0,122.0,31.0,200.0,130.0,184.0,255.0,2.823529411763915,1.454545454545251,0
-0.4096385542166207,-0.05445544554454098,-0.2283464566927336,-0.14349775784750146,-0.22818345842212776,0.5916666666664202,0.5315315315313719,0.6284212156768271,3.897959183665514,3.269230769226578,80.0,117.0,78.0,49.0,130.0,213.0,255.0,191.0,2.5785123966935046,2.2811244979916623,0
0.703703703702835,0.2114882506526863,0.7468354430370293,-0.025210084033608148,-1.0,0.541528239202478,0.9212598425193224,0.0,3.362318840574837,10.0,30.0,12.0,10.0,69.0,185.0,151.0,244.0,232.0,0.7804878048774142,1.6801112656464978,0
0.055276381909519966,0.20567375886519962,0.12299465240635135,0.3350785340313259,0.4629912596019857,0.41666666666655094,0.21531100478458598,2.7243341657802786,2.4285714285691156,1.5487804878029892,117.0,94.0,82.0,105.0,213.0,168.0,127.0,255.0,1.8341463414629673,1.671641791044568,0
-0.1619047619047105,0.1554252199413034,-0.07692307692305003,0.07650273224041626,-1.0,0.19756838905769072,0.04643962848295776,0.0,1.492424242423112,1.0974025974018848,130.0,183.0,154.0,132.0,167.0,144.0,169.0,197.0,2.331210191082431,1.7668711656439007,0
-0.6025641025639095,0.16704805491987024,-0.6012861736332472,0.1697247706421629,-1.0,0.6088328075707858,-0.15813953488368415,0.0,4.112903225799818,0.7269076305217964,109.0,250.0,249.0,62.0,255.0,182.0,181.0,255.0,2.980625931445159,1.6659038901599923,0
-0.023529411764698964,0.3092105263156878,-0.06741573033705972,0.6936170212763006,1.0,0.09041095890408482,-0.6814159292032383,0.0,1.1987951807221695,0.1894736842104266,141.0,174.0,190.0,166.0,138.0,105.0,36.0,199.0,2.1251908396943318,1.5356489945152585,0
-0.42857142857130853,-0.3594306049820785,-0.42857142857130853,-0.352517985611384,-0.09736842106513674,-0.06249999999996745,-0.15124153498867918,0.8225419666187195,0.8823529411756055,0.7372549019604953,205.0,255.0,255.0,102.0,203.0,191.0,188.0,90.0,2.4969400244794984,2.263703703703368,0
0.006944444444442034,-0.24571428571421552,-0.11854103343461443,-0.24137931034475824,0.34129295291952616,-0.04693140794222132,0.07999999999998,2.0362511069344165,0.9103448275855791,1.173913043477623,124.0,143.0,184.0,145.0,139.0,218.0,216.0,132.0,2.06126126126089,2.4667609618101176,0
-0.8509803921565291,-0.05740181268880441,-0.8592592592589411,-0.024999999999992188,-0.9434554974888903,0.7828571428566956,-0.20963855421681696,0.029094827589594616,8.210526315746261,0.6533864541830067,177.0,236.0,251.0,19.0,129.0,175.0,164.0,156.0,2.8263473053887984,2.2047244094484717,0
-0.46192893400991786,-0.5637860082302207,-0.49038461538437966,-0.655844155843943,0.14435123653080922,0.0,0.24390243902433076,1.3374076906218018,0.9999999999981132,1.6451612903215194,128.0,144.0,155.0,53.0,4.0,190.0,255.0,53.0,2.4562899786775145,3.4782608695644215,0
-0.44475920679874087,-0.2074074074073306,-0.44475920679874087,-0.3534743202415851,-0.11435862247863214,0.04390243902436883,-0.06471816283923493,0.7947543635246479,1.0918367346927633,0.8784313725486752,144.0,255.0,255.0,98.0,255.0,163.0,224.0,107.0,2.7127659574464476,1.8953488372090268,0
-0.44067796610157045,-0.5118644067794875,-0.44067796610157045,-0.5596330275227647,0.11891807866880186,-0.15789473684201294,0.0,1.269936485820964,0.7272727272719927,0.9999999999996079,196.0,255.0,255.0,99.0,213.0,223.0,255.0,72.0,2.534161490682915,2.4404924760598576,0
-0.99999999999,0.24390243902433076,-0.9999999999972973,0.19999999999995294,-1.0,0.9999999999996079,0.6425120772943756,0.0,10.0,4.594594594582176,73.0,10.0,37.0,0.0,126.0,155.0,170.0,255.0,0.8602150537625158,1.7945007235887416,0
-0.7333333333308889,0.32812499999991457,-0.6521739130406428,0.3972602739724939,-1.0,0.969111969111595,0.7054263565886005,0.0,10.0,5.789473684180056,29.0,26.0,19.0,4.0,208.0,129.0,110.0,255.0,2.447058823526533,1.431345353675252,0
-0.9473684210501384,0.398773006134847,-0.9555555555534321,0.15736040609133062,-1.0,0.9912663755454187,0.5809523809521043,0.0,10.0,3.772727272718698,0.0,37.0,44.0,1.0,114.0,98.0,166.0,228.0,3.9466666666614043,1.4572490706316992,0
-0.5874999999996329,0.43258426966279984,-0.5416666666662906,0.36729222520097393,-1.0,0.7708333333330657,0.030567685589506306,0.0,7.727272727249311,1.0630630630621054,8.0,127.0,111.0,33.0,64.0,101.0,118.0,255.0,3.4440677966090023,1.5508637236081475,0
-0.6904761904753685,0.05338078291813047,-0.4222222222212839,0.027777777777768135,-1.0,0.8385093167696656,0.627906976743821,0.0,10.0,4.374999999986328,50.0,71.0,32.0,13.0,56.0,133.0,140.0,148.0,2.7707317073157216,2.263829787233561,0
0.09090909090902205,0.5740740740738969,0.06666666666661729,0.3527851458885006,0.682124789044924,0.5596330275227647,0.3189189189187466,5.291777180393763,3.541666666661748,1.9365079365048625,76.0,60.0,63.0,72.0,143.0,69.0,122.0,255.0,1.7910447761187347,1.0298507462684645,0
-0.2636363636362438,0.21718377088300306,-0.05813953488368713,0.24390243902433076,1.0,0.5178571428569888,0.26016260162591054,0.0,3.1481481481442617,1.7032967032948314,147.0,139.0,91.0,81.0,149.0,164.0,155.0,255.0,2.1976284584975896,1.7923497267757114,0
-0.19999999999989745,-0.22651933701644944,-0.01886792452829002,-0.27835051546377404,0.873036649508409,-0.05405405405401754,0.2097560975608733,10.0,0.8974358974347468,1.5308641975289743,86.0,117.0,81.0,78.0,125.0,111.0,124.0,70.0,2.3517587939692586,2.1294964028771872,0
-0.30434782608669186,-0.058823529411743083,-0.4326241134748705,-0.1949685534590582,-0.37867803843970005,0.5238095238092121,0.3058419243985203,0.4506650171164111,3.199999999992,1.8811881188100186,48.0,75.0,101.0,40.0,118.0,144.0,190.0,128.0,2.5210084033602853,2.1573033707861127,0
-0.12359550561783865,-0.21893491124247402,-0.3275862068962693,-0.2864864864863316,-0.06692973138120521,0.25714285714261226,0.21428571428560497,0.8745376958575725,1.6923076923033529,1.5454545454525384,90.0,50.0,77.0,39.0,106.0,103.0,119.0,66.0,1.7467248908289317,2.179894179893603,0
-0.5084745762707555,-0.0038022813688198473,-0.6158940397346915,-0.11784511784507817,-0.6787819851407417,0.6374999999996016,0.15277777777772475,0.19133992255384755,4.517241379294768,1.3606557377038027,92.0,89.0,122.0,29.0,102.0,132.0,166.0,131.0,2.381270903009237,2.1247484909452465,0
-0.2340425531913234,-0.4577464788730783,-0.22302158273365252,-0.47796610169475323,0.36369329256526817,0.17557251908383545,0.4389438943892941,2.143138327916391,1.4259259259232853,2.564705882349924,78.0,87.0,85.0,54.0,137.0,207.0,218.0,77.0,2.2745098039208256,2.6369426751588154,0
-0.20689655172395957,-0.3678160919539173,-0.14018691588771945,-0.27392739273918354,0.322955459634343,0.4102564102561473,0.5196850393698742,1.9540154029352,2.3913043478208884,3.1639344262243214,89.0,70.0,61.0,46.0,205.0,238.0,193.0,110.0,2.036363636362896,2.4070796460173947,0
-0.23300970873775098,-0.9716981132070889,-0.23300970873775098,-0.9698492462306685,0.6125735145510226,-0.9268292682915527,0.2136222910216057,4.16226968352828,0.037974683544255726,1.543307086612958,115.0,127.0,127.0,79.0,93.0,209.0,196.0,3.0,2.2678571428566365,3.25291828793711,0
-0.6721311475407633,-0.1834625322996942,-0.6721311475407633,-0.030674846625757462,-0.9127074986988398,0.5192307692305196,-0.20567375886519962,0.045638186450005155,3.15999999999368,0.6588235294115063,255.0,255.0,255.0,50.0,226.0,229.0,168.0,158.0,2.5030674846622696,2.1757719714961787,0
-0.45714285714272657,-0.3129770992365218,-0.45714285714272657,-0.3918918918917595,-0.07685311506137427,-0.02702702702701242,-0.10629067245117,0.8572635137009952,0.9473684210516343,0.8078431372545852,213.0,255.0,255.0,95.0,73.0,172.0,206.0,90.0,2.4938875305620423,2.7140039447726405,0
-0.7293233082701284,0.4655172413791766,-0.7482517482512251,0.2530712530711909,-1.0,0.8681318681315502,0.09747292418769045,0.0,10.0,1.2159999999990272,79.0,115.0,125.0,18.0,20.0,93.0,152.0,255.0,2.8134556574914944,1.613882863340214,0
-0.17142857142832651,0.19437939110065705,0.4146341463404521,0.2561576354679172,-0.23625291058527445,0.7957746478870438,0.852760736195796,0.6177919442163102,8.793103448245542,10.0,39.0,41.0,12.0,29.0,108.0,172.0,151.0,255.0,2.186666666665209,1.9462517680336708,0
-0.09433962264133143,0.42647058823513734,-0.172413793103151,0.6581196581193769,1.0,0.7798165137611103,0.0810810810809715,0.0,8.083333333299654,1.1764705882318338,15.0,29.0,34.0,24.0,180.0,78.0,40.0,194.0,2.391752577317122,1.1773584905658154,0
-0.23636363636342148,-0.16935483870960913,-0.2695652173910699,0.07853403141357146,-1.0,0.4206896551721237,0.09316770186329618,0.0,2.452380952375113,1.205479452053143,0.0,68.0,73.0,42.0,158.0,145.0,88.0,103.0,3.056179775279182,2.105263157894355,0
-0.6161616161609937,-0.23880597014916463,-0.6346153846147744,-0.13191489361696515,-0.6558129604782719,0.6859504132225736,0.22018348623843112,0.20786589300514202,5.368421052603325,1.5647058823511004,38.0,80.0,85.0,19.0,84.0,166.0,133.0,102.0,2.94930875575901,2.5637065637060688,0
-0.2450331125826192,0.3110539845757555,-0.19148936170199188,0.45299145299132393,1.0,0.6346153846151812,0.06666666666662964,0.0,4.473684210518467,1.1428571428557823,96.0,94.0,84.0,57.0,154.0,134.0,96.0,255.0,2.20527859237472,1.5834564254059698,0
-0.08108108108102631,-0.13103448275857552,-0.007299270072987373,-0.13103448275857552,0.8944687051590131,0.29896907216479435,0.40772532188823707,10.0,1.8529411764678634,2.3768115941994536,130.0,80.0,69.0,68.0,209.0,164.0,164.0,126.0,1.7877094972062046,1.9788838612365038,0
0.015624999999987794,0.19999999999992157,0.28712871287100283,0.12499999999995405,-0.3933933932976763,0.40366972477045704,0.5354838709673965,0.4353448274348578,2.3538461538425324,3.3055555555463734,70.0,63.0,36.0,65.0,91.0,102.0,119.0,153.0,1.931034482757881,1.8214285714281648,0
-0.23333333333313888,0.06493506493502277,-0.32352941176446803,-0.2407407407406293,-0.14671814674401495,0.2812499999997803,0.19642857142848374,0.7441077443379436,1.7826086956482987,1.4888888888872345,11.0,74.0,90.0,46.0,68.0,72.0,134.0,82.0,2.887804878047372,1.9591836734687214,0
-0.010989010989004951,0.08928571428567443,-0.021739130434770795,0.1902439024389316,1.0,0.1509433962263439,-0.062146892655332124,0.0,1.3555555555540493,0.882978723403316,55.0,92.0,94.0,90.0,33.0,102.0,83.0,122.0,2.237082066868621,2.2729805013921247,0
-0.06666666666644445,0.1111111111110737,-0.03448275862057075,0.38075313807515454,1.0,0.8435754189939422,0.6629213483138618,0.0,10.0,4.933333333300444,52.0,16.0,15.0,14.0,64.0,132.0,74.0,165.0,1.306122448978259,2.14198782961417,0
-0.04210526315787258,-0.07780979827087095,0.2816901408448721,-0.09604519774008587,-1.0,0.274900398406265,0.5836734693875169,0.0,1.758241758239826,3.8039215686199923,63.0,99.0,51.0,91.0,215.0,187.0,194.0,160.0,2.249999999999361,1.997329773030441,0
-0.2528735632182455,-0.04761904761903428,-0.08450704225346162,-0.17874396135261383,0.3579736367347879,0.4468085106381078,0.5202492211836386,2.1151368785103317,2.6153846153805915,3.168831168827053,73.0,109.0,77.0,65.0,171.0,187.0,244.0,170.0,2.449438202246503,2.0923076923073998,0
0.0828729281767498,-0.4926253687314181,0.11999999999993144,-0.45911949685520154,1.0,-0.06521739130431238,0.501618122977184,0.0,0.8775510204072677,3.0129870129831,105.0,83.0,77.0,98.0,111.0,253.0,232.0,86.0,1.7994579945794582,2.8790896159313113,0
-0.7762237762232335,-0.18343195266266762,-0.7241379310338585,-0.2886597938143586,-0.42997543001763794,0.7922077922072779,0.42857142857130615,0.3986254296085538,8.624999999946095,2.4999999999974998,152.0,127.0,100.0,16.0,229.0,200.0,250.0,138.0,2.407582938388055,2.08604954367639,0
-0.2894736842103994,-0.6204379562039267,-0.32780082987538267,-0.7277486910990955,0.3789001399881011,-0.5140186915883046,0.015384615384610651,2.220094108967836,0.32098765432059134,1.0312499999993556,122.0,147.0,160.0,81.0,153.0,111.0,165.0,26.0,2.3661971830981154,2.2144638403984502,0
-0.03370786516850145,0.5255813953485928,-0.21100917431173302,0.2964426877469184,1.0,0.58454106280165,0.14838709677409784,0.0,3.8139534883632233,1.3484848484828054,21.0,46.0,66.0,43.0,8.0,51.0,89.0,164.0,2.358974358972847,1.4890510948899676,0
-0.10606060606052573,-0.13475177304954983,0.21649484536060154,-0.5060728744937223,1.0,0.016666666666652778,0.6607142857139908,0.0,1.0338983050829933,4.8947368420923825,56.0,73.0,38.0,59.0,202.0,80.0,186.0,61.0,2.237547892719449,1.5130023640658363,0
0.32558139534845865,0.3492063492062568,0.036363636363603305,0.5133531157268506,0.8677004611240051,0.6346153846151812,0.21481481481465572,10.0,4.473684210518467,1.5471698113178354,41.0,29.0,53.0,57.0,255.0,123.0,82.0,255.0,1.487179487178534,1.3015873015871293,0
-0.1652892561982788,0.054117647058810794,0.13483146067408155,0.3413173652693589,0.4336583297097934,0.37846153846142205,0.17647058823519976,2.531437123871685,2.217821782176022,1.4285714285695732,99.0,141.0,77.0,101.0,228.0,201.0,110.0,224.0,2.3402489626551164,1.8829039812644164,0
0.31192660550444407,-0.24324324324316107,0.37499999999981976,-0.17343173431727918,-1.0,-0.12156862745093272,0.4196428571426698,0.0,0.7832167832162356,2.4461538461500827,163.0,75.0,65.0,143.0,85.0,184.0,159.0,112.0,1.315789473683922,2.605309734512813,0
-0.26229508196699813,-0.03174603174601915,-0.23076923076903352,0.08928571428567443,-1.0,0.46107784431110116,0.1724137931033492,0.0,2.7111111111050863,1.416666666664699,99.0,77.0,72.0,45.0,223.0,130.0,102.0,122.0,2.067114093959038,1.7190082644625257,0
-0.2959999999997632,0.22025316455690627,-0.19266055045853883,0.21105527638185653,1.0,0.691228070175196,0.41441441441422777,0.0,5.477272727260279,2.4153846153808995,131.0,81.0,65.0,44.0,255.0,154.0,157.0,241.0,1.9228486646878569,1.5323383084575208,0
-0.17543859649107418,0.33974358974348084,-0.02083333333331163,0.33121019108269706,1.0,0.6328124999997529,0.36363636363612756,0.0,4.446808510628836,2.1428571428527694,75.0,67.0,49.0,47.0,88.0,103.0,105.0,209.0,2.0937499999991824,1.6381709741547439,0
-0.33333333333304094,0.4031746031744752,-0.33333333333304094,0.5618374558301902,1.0,0.7065637065634338,-0.10144927536224534,0.0,5.8157894736689055,0.8157894736831371,48.0,76.0,76.0,38.0,161.0,94.0,62.0,221.0,2.5546218487384227,1.3192982456138036,0
-0.05813953488368713,-0.0896551724137622,0.10204081632646121,0.15789473684203603,0.21487603297530136,0.23943661971819746,0.18518518518507088,1.5473684195365847,1.6296296296276178,1.4545454545432506,50.0,91.0,66.0,81.0,199.0,158.0,96.0,132.0,2.3258785942484583,1.953632148376823,0
-0.2631578947363804,0.0,-0.33333333333280424,0.1961722488037339,-1.0,0.7123287671227998,0.3333333333330688,0.0,5.952380952352608,1.999999999995238,69.0,36.0,42.0,21.0,44.0,125.0,84.0,125.0,1.7777777777766806,2.3866348448681656,0
-0.36546184738941145,0.3315926892949526,-0.29464285714272564,0.20853080568715437,-1.0,0.5269461077842734,0.07051282051279792,0.0,3.227848101261737,1.1517241379302403,58.0,170.0,145.0,79.0,255.0,128.0,167.0,255.0,2.8511530398316873,1.3368146214097472,0
-0.3095238095236867,0.38586956521728644,-0.22321428571418608,0.10869565217388942,-1.0,0.49122807017529496,0.19883040935666701,0.0,2.9310344827552517,1.4963503649624115,98.0,165.0,137.0,87.0,130.0,113.0,205.0,255.0,2.563106796116007,1.4795417348606414,0
0.26315789473664425,-0.03673469387753603,0.26315789473664425,-0.3480662983424453,1.0,0.168316831683085,0.6655290102386807,0.0,1.4047619047602324,4.9795918367245315,92.0,49.0,49.0,84.0,145.0,127.0,244.0,118.0,1.4306569343060473,1.9651837524174147,0
-0.15328467153273484,0.19732441471565307,0.07407407407400549,0.008450704225349732,-0.7951959535242871,0.5105485232065357,0.5575221238935586,0.11408450688831294,3.086206896546403,3.51999999999296,20.0,79.0,50.0,58.0,170.0,120.0,176.0,179.0,2.6779661016937806,1.6298811544988743,0
-0.35329341317344115,-0.6142131979692314,-0.44615384615361736,-0.42857142857110636,-0.020100502514980197,-0.17391304347807182,-0.19491525423720554,0.9605911332200014,0.7037037037024005,0.6737588652477492,65.0,113.0,141.0,54.0,186.0,159.0,95.0,38.0,2.620289855071704,2.346863468634253,0
0.4559999999996352,-0.0847457627118285,0.4108527131779761,0.28571428571411567,-0.17965023844789002,0.08542713567834903,0.22448979591813828,0.6954177895882755,1.1868131868118825,1.5789473684168975,21.0,34.0,38.0,91.0,164.0,128.0,60.0,108.0,1.5111111111102717,1.939393939393572,0
-0.9999999999989474,0.017699115044239957,-0.9999999999988095,0.05504587155960778,-1.0,0.9999999999991305,0.10160427807481198,0.0,10.0,1.2261904761890163,13.0,95.0,84.0,0.0,225.0,111.0,103.0,115.0,3.7438423645301757,1.5800711743769429,0
0.26190476190460604,0.18055555555551375,0.26946107784415,0.3527851458885006,0.1339085153962462,0.41274238227135385,0.3333333333331512,1.3092248742566848,2.405660377356221,1.9999999999967213,123.0,62.0,61.0,106.0,206.0,177.0,122.0,255.0,1.405099150141245,1.7374233128832224,0
-0.145205479452015,0.0851063829787053,0.08710801393725189,0.22596153846148415,0.44352292778389196,0.24087591240870052,0.10273972602736207,2.5940384585607856,1.634615384614337,1.2290076335868483,176.0,209.0,131.0,156.0,134.0,215.0,161.0,255.0,2.229333333333036,2.1001221001218435,0
-0.1642857142856556,-0.0601719197707564,-0.12359550561793124,-0.0888888888888642,-0.16333725037059516,0.1672597864768088,0.1329479768785743,0.7191919197738804,1.4017094017082037,1.3066666666657956,195.0,163.0,150.0,117.0,99.0,185.0,196.0,164.0,2.0438871473351026,2.3380726698258547,0
-0.2081218274110619,0.14611872146115387,-0.2606635071088812,0.26767676767670007,1.0,0.5258358662612383,0.043165467625883754,0.0,3.2179487179445925,1.0902255639089549,141.0,119.0,133.0,78.0,98.0,187.0,145.0,251.0,2.083150984682258,2.069156293222397,0
-0.09090909090902205,0.24694376528111323,0.08108108108100803,0.2348668280871102,0.4867439932181898,0.6190476190474226,0.5119617224877934,2.8966908761710504,4.249999999992917,3.0980392156802,181.0,72.0,51.0,60.0,255.0,154.0,158.0,255.0,1.4961038961035076,1.5061124694374686,0
-0.008695652173905482,0.31690140845059267,-0.008695652173905482,0.20645161290315922,1.0,0.5327868852456833,0.35911602209924914,0.0,3.280701754380209,2.1206896551687575,80.0,58.0,58.0,57.0,31.0,97.0,123.0,187.0,1.8339920948609352,1.8834951456306108,0
-0.33333333333299664,0.2879256965943381,-0.10810810810796201,0.2959501557631477,1.0,0.726141078837873,0.467532467532164,0.0,6.3030303030112025,2.7560975609688874,34.0,66.0,41.0,33.0,103.0,115.0,113.0,208.0,2.6532663316569582,1.7005545286503325,0
-0.36912751677827577,0.16705882352937246,-0.35172413793079194,0.17535545023692528,-1.0,0.6813559322031589,0.27941176470577966,0.0,5.276595744669624,1.775510204079821,60.0,102.0,98.0,47.0,208.0,177.0,174.0,248.0,2.623794212217806,1.7481481481479322,0
0.37430167597744457,-0.13364055299533012,0.09821428571424187,-0.14932126696825823,1.0,-0.13364055299533012,0.11403508771924824,0.0,0.7642276422758014,1.2574257425730124,162.0,56.0,101.0,123.0,153.0,123.0,127.0,94.0,1.1284634760702448,1.9959432048677495,0
-0.08823529411762111,0.49999999999985123,-0.11174785100283331,0.3621621621620643,1.0,0.23832923832917977,-0.24358974358966554,0.0,1.6258064516118544,0.6082474226800989,69.0,185.0,194.0,155.0,255.0,84.0,118.0,252.0,2.491582491582072,0.995555555555408,0
-0.40271493212651466,0.22562674094701238,-0.41333333333314964,0.3253012048191791,-1.0,0.5384615384613503,-0.17343173431727918,0.0,3.333333333328283,0.7044025157228275,100.0,155.0,159.0,66.0,147.0,139.0,112.0,220.0,2.6050420168061756,1.7240310077516705,0
-0.399999999999,0.37037037037025605,-0.6065573770481859,0.32934131736517086,-1.0,0.897435897435514,0.39130434782584395,0.0,10.0,2.285714285709621,45.0,28.0,49.0,12.0,127.0,102.0,112.0,222.0,1.982300884953998,1.4755877034355378,0
-0.42995169082104834,0.02031602708803153,-0.2848484848483122,0.3907692307691105,1.0,0.5859649122804962,-0.034146341463397976,0.0,3.8305084745697786,0.9339622641500623,48.0,148.0,106.0,59.0,194.0,217.0,99.0,226.0,2.9379652605451767,2.0327868852456636,0
-0.9393939393932278,-0.013698630136982548,-0.9466666666660356,0.06508875739643045,-1.0,0.956521739129915,0.03947368421051333,0.0,10.0,1.0821917808211767,1.0,128.0,146.0,4.0,215.0,185.0,158.0,180.0,3.9233716475080755,1.934640522875564,0
-0.4444444444436214,0.07621247113162212,-0.5588235294109429,0.18575063613226828,-1.0,0.8790322580641617,0.5023474178401398,0.0,10.0,3.0188679245226058,11.0,39.0,53.0,15.0,149.0,200.0,160.0,233.0,2.999999999997115,2.0460358056263366,0
-0.9999999999989474,0.1172413793103044,-0.9999999999989474,0.14084507042248562,-1.0,0.9999999999993828,0.12442396313358323,0.0,10.0,1.2842105263144377,29.0,95.0,95.0,0.0,224.0,128.0,122.0,162.0,3.470319634701612,1.595015576323739,0
-0.19736842105250174,0.30102040816318854,-0.14685314685304418,0.2878787878787152,1.0,0.6139240506327172,0.2645739910312715,0.0,4.180327868845606,1.7195121951198542,38.0,91.0,82.0,61.0,166.0,137.0,141.0,255.0,2.5907473309599323,1.57697841726596,0
-0.17647058823522493,0.01845018450183821,0.10526315789468145,-0.06122448979589754,-1.0,0.1358024691357466,0.2946058091285085,0.0,1.3142857142844626,1.8352941176448996,133.0,150.0,85.0,105.0,177.0,133.0,156.0,138.0,2.23048327137505,1.8313253012045039,0
-0.34463276836138723,0.26237623762369744,-0.15942028985495696,0.19437939110065705,1.0,0.6293929712458053,0.36507936507922023,0.0,4.396551724130351,2.1499999999973123,65.0,119.0,80.0,58.0,236.0,149.0,172.0,255.0,2.637119113572677,1.510773130544802,0
-0.028248587570605513,0.094339622641484,0.0552147239263465,-0.007334963325181581,-1.0,0.4048442906572994,0.45583038869241843,0.0,2.360465116276325,2.675324675321201,112.0,91.0,77.0,86.0,149.0,168.0,206.0,203.0,1.9157894736837064,1.9534883720927392,0
0.01492537313430608,0.2581453634084566,-0.11688311688296509,0.19523809523804875,1.0,0.7614035087716627,0.5943396226412291,0.0,7.382352941154758,3.9302325581303945,99.0,33.0,43.0,34.0,206.0,148.0,169.0,251.0,1.3266331658284791,1.5723771580343195,0
0.5267175572515064,0.017543859649115114,0.30718954248345937,0.045045045045024754,-0.7442326978829485,0.07407407407403978,0.3333333333331237,0.14663599765212257,1.15999999999884,1.9999999999962264,75.0,31.0,53.0,100.0,66.0,112.0,106.0,116.0,1.046413502109263,2.2068965517235943,0
-0.393939393939195,0.24137931034472357,-0.4285714285712245,-0.010309278350511921,-0.9530201344453297,0.41176470588215114,-0.0101010101010067,0.024054982823485435,2.399999999996,0.9799999999993467,3.0,138.0,150.0,60.0,65.0,88.0,147.0,144.0,3.2566371681406325,1.8285714285709538,0
-0.6425120772943756,0.3201133144475014,-0.6165803108805096,0.16791979949870478,-1.0,0.7259259259256571,0.03105590062110837,0.0,6.297297297280277,1.064102564101882,51.0,170.0,156.0,37.0,212.0,120.0,166.0,233.0,3.1775700934572018,1.4014598540143939,0
0.19259259259252126,-0.02527075812273456,0.03205128205127178,0.07569721115534833,0.4050722916363503,-0.08783783783780817,-0.1310861423220483,2.3617529806789554,0.8385093167696656,0.7682119205292927,133.0,109.0,151.0,161.0,255.0,142.0,116.0,135.0,1.7031249999996672,1.6854599406525688,0
-0.20502092050200627,0.27607361963181715,-0.20502092050200627,0.569811320754502,1.0,0.3729372937292499,-0.4328358208953071,0.0,2.1894736842082216,0.3958333333330585,105.0,144.0,144.0,95.0,255.0,118.0,57.0,208.0,2.3606557377044344,1.350500715307389,0
-0.15079365079359097,0.21766561514188718,-0.2543554006967755,0.14540059347176695,-1.0,0.28666666666657115,-0.11111111111107683,0.0,1.8037383177553237,0.7999999999995556,110.0,145.0,180.0,107.0,115.0,124.0,144.0,193.0,2.2879684418141446,1.7841726618701825,0
-0.16571428571419103,0.040229885057459704,0.04285714285711225,0.23129251700672407,0.6873449129007445,0.4251968503935334,0.2555555555554136,5.396825384234823,2.479452054791124,1.6865671641765871,81.0,102.0,67.0,73.0,117.0,167.0,113.0,181.0,2.279329608937911,2.1139240506325767,0
-0.26345609065148345,-0.01678657074340125,-0.1874999999999414,0.040609137055827256,-1.0,0.22388059701485855,-0.002638522427439937,0.0,1.576923076921864,0.9947368421047397,146.0,223.0,190.0,130.0,251.0,212.0,189.0,205.0,2.4709141274234803,1.927272727272508,0
-0.5076923076919172,-0.10606060606056589,-0.4754098360651841,-0.24600638977627923,-0.31799041677102097,0.5733333333329511,0.3684210526314497,0.5174617165352362,3.6874999999884763,2.166666666664259,24.0,98.0,90.0,32.0,218.0,146.0,195.0,118.0,3.1111111111098766,1.8598726114646718,0
-0.66037735848932,-0.19354838709671177,-0.7230769230758106,-0.2401215805470395,-0.5014079037315634,0.8656716417903988,0.5692307692305503,0.332083036973194,10.0,3.6428571428506378,0.0,44.0,56.0,9.0,121.0,185.0,204.0,125.0,3.6288659793777023,2.4025974025970123,0
-0.7922077922067633,0.13931888544887328,-0.7714285714274693,0.16455696202526437,-1.0,0.9166666666661893,0.36082474226785527,0.0,10.0,2.1290322580610823,30.0,69.0,62.0,8.0,222.0,139.0,132.0,184.0,3.1363636363618546,1.625730994151809,0
-0.21999999999977998,0.42857142857130853,-0.3217391304345028,0.5454545454543802,1.0,0.7346938775507705,-0.006622516556287005,0.0,6.538461538444773,0.9868421052618594,28.0,61.0,76.0,39.0,199.0,102.0,75.0,255.0,2.582010582009216,1.240121580546924,0
0.10810810810796201,-0.1468144044320923,0.06493506493498061,-0.015974440894563586,-1.0,0.5794871794868823,0.6307692307689073,0.0,3.7560975609664484,4.416666666654398,37.0,33.0,36.0,41.0,186.0,207.0,159.0,154.0,1.8333333333320603,2.1962864721482496,0
-0.5744680851057719,0.37466307277617933,-0.4202898550718546,0.15909090909087295,-1.0,0.8545454545451439,0.5811965811963329,0.0,10.0,3.7755102040739272,6.0,74.0,49.0,20.0,249.0,116.0,185.0,255.0,3.4022988505727576,1.26086956521722,0
0.9374999999985352,0.3799392097263283,0.377777777777358,0.06323185011708121,-0.7132405001920796,0.5709342560551658,0.7543859649119499,0.16737842673638903,3.66129032257474,7.142857142831633,99.0,2.0,28.0,62.0,255.0,102.0,200.0,227.0,0.09696969696963821,1.189504373177669,0
-0.9999999999969696,0.11891891891888678,-0.9999999999975,0.0375939849623966,-1.0,0.9999999999995169,0.6551724137928211,0.0,10.0,4.799999999988,19.0,33.0,40.0,0.0,78.0,163.0,192.0,207.0,3.1058823529375226,2.1342062193122526,0
0.11627906976735174,-0.048859934853404285,-0.1165644171778426,0.013888888888884067,-1.0,0.339449541284248,0.21888412017157988,0.0,2.0277777777749613,1.5604395604378456,32.0,57.0,91.0,72.0,152.0,161.0,142.0,146.0,2.0917431192650957,2.0774193548383746,0
-0.5483870967739725,0.32954545454526735,-0.5213675213672986,0.24468085106369966,-1.0,0.35260115606916037,-0.42971887550183546,0.0,2.089285714281983,0.39887640449415795,107.0,192.0,178.0,56.0,124.0,59.0,71.0,117.0,2.808043875685044,1.3147632311974053,0
-0.2892561983469879,0.2686567164178436,-0.11340206185561165,0.36729222520097393,1.0,0.49560117302038253,0.044247787610599894,0.0,2.9651162790663195,1.092592592591581,108.0,156.0,108.0,86.0,255.0,147.0,118.0,255.0,2.4664031620548488,1.462686567163997,0
-0.2961373390556669,0.37106918238982045,-0.31950207468866415,0.19780219780214348,-1.0,0.45333333333318226,-0.04262295081965816,0.0,2.6585365853626115,0.9182389937101144,76.0,151.0,159.0,82.0,232.0,100.0,146.0,218.0,2.6260869565211684,1.2307692307690414,0
-0.3674418604649454,0.20526315789468283,-0.20467836257297972,0.426791277258434,1.0,0.5420875420873595,-0.05641025641022748,0.0,3.367647058818577,0.8932038834942784,116.0,147.0,103.0,68.0,212.0,151.0,92.0,229.0,2.46025104602459,1.6258411843873988,0
0.2868217054262454,0.05291005291003891,0.1408934707903296,0.23987538940802497,0.2599527664634584,0.09041095890408482,-0.012145748987849335,1.7025302016637955,1.1987951807221695,0.9759999999992192,156.0,92.0,125.0,166.0,155.0,179.0,122.0,199.0,1.454545454545167,2.011235955055897,0
-0.2616487455196195,-0.16292134831456098,-0.05504587155960778,0.06049822064054787,1.0,0.18253968253961012,0.06882591093114623,0.0,1.4466019417461684,1.1478260869555237,130.0,176.0,115.0,103.0,153.0,207.0,132.0,149.0,2.406837606837195,2.31284916201085,0
0.15934065934061556,0.10869565217388942,0.23032069970838767,0.20283018867919744,-0.06346636186105424,0.09442060085834884,0.12292358803982628,0.8806424643896071,1.208530805686631,1.2803030303020606,202.0,153.0,132.0,211.0,255.0,205.0,169.0,255.0,1.7023643949928091,1.78260869565198,0
-0.7113402061852004,0.23188405797095848,-0.7005347593579142,0.24390243902433076,-1.0,0.8021201413424728,-0.012738853503180656,0.0,9.107142857110333,0.9748427672949844,6.0,166.0,159.0,28.0,255.0,159.0,155.0,255.0,3.628415300545457,1.5362318840577853,0
-0.2835820895518155,-0.26923076923068295,-0.4352941176465467,-0.21917808219170576,-0.33021423299763336,0.6521739130430058,0.4895397489537701,0.5035172159620758,4.749999999980209,2.9180327868804623,1.0,43.0,61.0,24.0,142.0,198.0,178.0,114.0,3.099099099096307,2.4294478527603633,0
-0.6136363636356663,-0.2809667673715163,-0.6565656565649933,-0.024590163934416154,-0.9277987116956669,0.7499999999994486,0.2077294685989335,0.03745271122892985,6.999999999958824,1.52439024390058,34.0,71.0,82.0,17.0,176.0,212.0,125.0,119.0,2.9430051813456255,2.3588317107089902,0
-0.01612903225805151,0.1697247706421629,-0.3184357541897663,0.3043478260868787,-1.0,0.6139240506327172,0.07086614173225557,0.0,4.180327868845606,1.1525423728803792,45.0,63.0,118.0,61.0,198.0,181.0,136.0,255.0,2.172413793102512,1.776687116564199,0
-0.5284552845524159,0.08050847457625414,-0.5538461538457279,0.03869653767819986,-1.0,0.7957746478870438,0.4005934718099702,0.0,8.793103448245542,2.3366336633640232,45.0,94.0,101.0,29.0,227.0,217.0,236.0,255.0,2.8702290076324926,1.8951965065500114,0
-0.2352941176467128,0.359999999999904,-0.1034482758618906,0.14606741573030427,1.0,0.8149466192167919,0.7117117117113911,0.0,9.807692307654586,5.937499999981445,5.0,42.0,32.0,26.0,210.0,120.0,190.0,255.0,2.921739130432242,1.3617021276593813,0
-0.16923076923050887,0.22009569377985166,-0.15624999999975586,0.43661971830973617,1.0,0.8085106382975856,0.4598540145982045,0.0,9.444444444409466,2.702702702695398,35.0,38.0,37.0,27.0,121.0,163.0,100.0,255.0,2.2028985507230416,1.8575498575495928,0
-0.21818181818161983,0.29508196721303415,-0.25862068965494944,0.22480620155032952,-1.0,0.6928571428568955,0.345291479820473,0.0,5.511627906963926,2.0547945205451303,26.0,67.0,73.0,43.0,103.0,129.0,150.0,237.0,2.6403940886686503,1.7257525083609153,0
-0.357142857142432,0.37654320987642703,-0.3076923076919132,0.027649769585247085,-1.0,0.7839999999996864,0.6106870229005303,0.0,8.25925925922867,4.137254901952672,0.0,57.0,51.0,27.0,255.0,101.0,211.0,223.0,3.234042553189196,1.1882352941174723,0
-0.7288135593214162,0.019607843137247213,-0.7192982456134042,0.41304347826064514,-1.0,0.7808219178076844,-0.28947368421033587,0.0,8.12499999994922,0.551020408162703,69.0,102.0,98.0,16.0,75.0,125.0,54.0,130.0,2.823529411763729,2.197802197801715,0
0.0,0.2911392405062554,0.02777777777775849,0.284634760705218,0.8221724521445177,0.5501519756837234,0.3396226415092738,10.0,3.4459459459412893,2.0285714285685303,94.0,74.0,70.0,74.0,226.0,140.0,142.0,255.0,1.8734177215183945,1.4717477003940247,0
-0.47706422018326744,0.2999999999999063,-0.44660194174735607,0.3594771241828891,-1.0,0.569811320754502,-0.20647773279343867,0.0,3.6491228070111417,0.6577181208049278,140.0,161.0,149.0,57.0,112.0,112.0,98.0,208.0,2.4816955684002924,1.6470588235291088,0
-0.43749999999982914,0.08484848484845914,-0.272727272727135,0.09815950920242388,-1.0,0.4262948207169617,0.07692307692304876,0.0,2.486111111107658,1.1666666666657408,105.0,184.0,126.0,72.0,207.0,151.0,147.0,179.0,2.7009174311921647,1.7558139534881168,0
-0.3113207547168343,0.3544668587895232,-0.18435754189933837,0.14634146341459844,-1.0,0.5259740259738552,0.24555160142340018,0.0,3.219178082187371,1.6509433962248576,157.0,139.0,106.0,73.0,169.0,112.0,175.0,235.0,2.1889763779523252,1.4267515923564607,0
-0.30169491525413505,0.16913946587532075,-0.1759999999999296,-0.005050505050503775,-0.944208882467503,0.3133333333332289,0.15028901734099703,0.02869605143963296,1.912621359221444,1.3537414965977186,123.0,192.0,147.0,103.0,153.0,140.0,199.0,197.0,2.518032786884833,1.7777777777774955,0
0.15999999999992,0.284634760705218,0.4591194968550572,0.09913793103446139,-0.644830767620981,0.37466307277617933,0.6587301587298974,0.21593056206925995,2.1982758620670704,4.860465116267767,125.0,84.0,43.0,116.0,134.0,142.0,209.0,255.0,1.6430317848406741,1.6879643387813241,0
-0.7023809523805343,0.18329466357304333,-0.6753246753242369,0.10629067245117,-1.0,0.8214285714282781,0.22985074626858812,0.0,10.0,1.5968992248049638,27.0,143.0,129.0,25.0,125.0,176.0,206.0,255.0,3.384615384614383,1.9234972677592999,0
-0.1304347826085066,-0.346534653465175,-0.4782608695648015,-0.492307692307503,0.014472777396633682,0.37499999999960937,0.39068100358408936,1.0293706295863607,2.199999999992667,2.2823529411737855,28.0,39.0,85.0,30.0,32.0,136.0,194.0,66.0,2.2941176470571367,2.940540540539746,0
0.46808510638248074,-0.040871934604893495,0.09523809523801965,-0.1308641975308319,1.0,0.4367346938773728,0.6013986013983912,0.0,2.5507246376774626,4.017543859642075,32.0,25.0,57.0,69.0,79.0,191.0,229.0,176.0,1.3245033112574012,2.3987441130294505,0
0.05439330543930779,0.05226480836235113,0.0120481927710795,-0.10119047619044608,1.0,0.09025270758119486,0.20129870129863595,0.0,1.1984126984117474,1.5040650406491836,0.0,113.0,123.0,126.0,210.0,136.0,185.0,151.0,2.5681818181810887,1.718799368088196,0
-0.15555555555548642,0.09046454767723949,-0.07317073170728139,0.1957104557640226,1.0,0.4025157232703137,0.15384615384609468,0.0,2.3473684210501604,1.3636363636351239,49.0,130.0,110.0,95.0,255.0,186.0,150.0,223.0,2.574257425741937,1.7505882352939115,0
0.5841584158410058,0.21450151057395334,0.4953271028032754,0.19287833827887452,-0.4394745324955236,0.4306049822062525,0.6687116564413076,0.3893958904092891,2.512499999996859,5.037037037018382,6.0,21.0,27.0,80.0,255.0,130.0,136.0,201.0,1.3124999999989748,1.452513966480244,0
-0.26530612244879914,0.19704433497532092,-0.19999999999985188,0.2211055276381354,1.0,0.6363636363634221,0.31355932203376546,0.0,4.499999999991666,1.9135802469112178,36.0,93.0,81.0,54.0,208.0,163.0,155.0,243.0,2.695652173912067,1.6782496782494623,0
-0.9999999999979167,0.19718309859150301,-0.9999999999972973,0.15646258503397814,-1.0,0.9999999999996079,0.6681614349772789,0.0,10.0,5.02702702701344,33.0,48.0,37.0,0.0,214.0,171.0,186.0,255.0,2.9767441860442045,1.6868064118370298,0
-0.396226415093592,0.20853080568715437,-0.5151515151507347,0.30102040816318854,-1.0,0.8819188191878665,0.4652406417109812,0.0,10.0,2.7399999999945197,5.0,37.0,50.0,16.0,255.0,167.0,137.0,255.0,3.115789473680931,1.5829383886254047,0
-0.2631578947364958,-0.05671641791043083,-0.23287671232844812,0.11660777385154891,-1.0,0.6989247311824199,0.47058823529384086,0.0,5.6428571428369905,2.777777777771605,27.0,48.0,45.0,28.0,234.0,177.0,125.0,158.0,2.54304635761421,1.8981233243965283,0
-0.8749999999990885,0.304347826086862,-0.8260869565205419,0.28048780487796326,-1.0,0.9444444444440072,0.30386740331474926,0.0,10.0,1.8730158730128998,67.0,90.0,63.0,6.0,229.0,112.0,118.0,210.0,2.8458498023704166,1.3514328808444416,0
-0.9999999999979999,0.24637681159411365,-0.9999999999983606,0.35433070866127786,-1.0,0.9999999999994187,0.14685314685304418,0.0,10.0,1.3442622950797634,51.0,50.0,61.0,0.0,70.0,104.0,82.0,172.0,2.6490066225148023,1.848888888888478,0
-0.4239130434780305,0.01846965699207956,-0.3872832369939958,0.21766561514188718,-1.0,0.5691056910566793,0.0163934426229441,0.0,3.641509433955393,1.0333333333324721,97.0,131.0,120.0,53.0,85.0,186.0,124.0,193.0,2.543689320387732,2.289230769230417,0
-0.4729729729728132,0.24844720496886696,-0.42647058823513734,0.4006968641113587,-1.0,0.44086021505360545,-0.38571428571414795,0.0,2.576923076919773,0.4432989690719365,50.0,218.0,194.0,78.0,89.0,121.0,86.0,201.0,3.0921985815597353,1.819548872180109,0
-0.11229946524058167,-0.02197802197801594,-0.15306122448971785,0.2669039145906524,1.0,0.3639846743293625,-0.046296296296274866,0.0,2.1445783132504284,0.9115044247779545,121.0,104.0,113.0,83.0,255.0,186.0,103.0,178.0,2.019417475727665,1.8484472049687144,0
0.5287356321836042,-0.3286713286712138,0.5555555555552307,-0.21951219512186199,-1.0,-0.16157205240167619,0.5957446808507469,0.0,0.7218045112776529,3.9473684210422437,133.0,41.0,38.0,133.0,214.0,190.0,150.0,96.0,0.9425287356319131,2.2028985507243184,0
-0.22448979591827573,-0.23199999999990722,-0.06403940886696353,-0.23809523809514363,0.5760869567124434,0.005235602094238097,0.18181818181811296,3.7179487237547937,1.01052631578841,1.444444444443107,96.0,150.0,108.0,95.0,92.0,154.0,156.0,96.0,2.443991853359991,2.4838709677414346,0
-0.2954545454542097,0.05945945945942732,-0.5039999999995968,-0.2032520325202426,-0.4252345043822002,0.5193798449608378,0.2231404958676764,0.40327784238240677,3.161290322570448,1.574468085104708,13.0,57.0,94.0,31.0,144.0,87.0,148.0,98.0,2.8860759493652623,1.673076923076521,0
0.5862068965513872,0.41614906832285214,0.4300518134712798,0.07801418439714468,-0.6928974394700858,0.24590163934419512,0.559999999999776,0.18140647692958528,1.6521739130422812,3.545454545448099,17.0,36.0,55.0,138.0,179.0,94.0,195.0,228.0,1.2687224669597936,1.2638655462182748,0
0.013452914798200245,0.29239766081862795,-0.0959999999999616,0.27011494252865803,1.0,0.32335329341307684,-0.03787878787877353,0.0,1.9557522123876498,0.9270072992693964,57.0,110.0,137.0,113.0,240.0,121.0,127.0,221.0,2.2564102564096777,1.3769559032714969,0
-0.12328767123282042,0.2655086848634577,-0.11520737327183632,0.36729222520097393,1.0,0.45299145299132393,-0.012552301255224874,0.0,2.656249999997233,0.975206611569442,58.0,123.0,121.0,96.0,255.0,148.0,118.0,255.0,2.459999999999385,1.4689826302727704,0
-0.20879120879097934,0.2814070351758087,0.10769230769214201,0.6293929712458053,0.7077887435692561,0.7525773195873703,0.3333333333329502,5.8443632990074175,7.083333333313657,1.9999999999931035,27.0,55.0,29.0,36.0,255.0,143.0,58.0,255.0,2.5433526011545995,1.4371859296480605,0
-0.024793388429731576,0.21718377088300306,-0.09230769230762131,0.44067796610157045,1.0,0.6242038216558522,0.1647058823528443,0.0,4.322033898297759,1.3943661971811347,56.0,62.0,71.0,59.0,173.0,164.0,99.0,255.0,2.0753138075305126,1.7354497354495058,0
-0.8165137614671408,0.06471816283923493,-0.7590361445773988,0.11842105263155298,-1.0,0.9245283018864436,0.46715328467136236,0.0,10.0,2.753424657530475,30.0,99.0,73.0,10.0,173.0,224.0,201.0,255.0,3.327731092435577,2.0456621004563873,0
-0.5721393034823025,0.14349775784750146,-0.5981308411212158,0.6346153846151812,1.0,0.7114093959729156,-0.49999999999978073,0.0,5.930232558125743,0.3333333333331384,61.0,158.0,171.0,43.0,222.0,191.0,57.0,255.0,3.009523809523093,1.7788125727588149,0
0.17919075144498314,0.2977099236640464,0.12087912087905447,0.18055555555551375,0.197974683478779,0.42857142857130853,0.37743190661463916,1.493686867451657,2.499999999997549,2.212499999997234,95.0,71.0,80.0,102.0,255.0,138.0,177.0,255.0,1.6755162241882964,1.4045801526715769,0
-0.15736040609129068,0.23428571428564735,-0.17412935323374423,0.2594752186588165,1.0,0.44481605351155695,0.03673469387753603,0.0,2.6024096385510815,1.0762711864397658,75.0,114.0,118.0,83.0,177.0,134.0,127.0,216.0,2.3626943005175227,1.6217851739785745,0
-0.9402985074612831,0.026490066225156792,-0.9428571428557959,0.1355311355310859,-1.0,0.97452229299301,0.26881720430093076,0.0,10.0,1.735294117644507,51.0,65.0,68.0,2.0,95.0,147.0,118.0,155.0,2.8415300546432563,2.1617647058819554,0
-0.029940119760461115,-0.36877076411947884,-0.16062176165794786,-0.3729372937292499,0.397923210125296,0.07954545454540936,0.2999999999999063,2.321835410793353,1.1728395061713914,1.857142857141199,19.0,86.0,112.0,81.0,128.0,206.0,208.0,95.0,2.5294117647049523,2.5952755905507723,0
-0.36551724137918434,-0.26130653266325093,-0.3210332103319849,0.0034129692832752857,-1.0,0.23012552301245603,-0.1015384615384303,0.0,1.597826086954785,0.815642458100103,102.0,198.0,179.0,92.0,131.0,251.0,146.0,147.0,2.684745762711409,2.574358974358644,0
-0.6799999999995467,0.0365853658536511,-0.7499999999996094,0.10869565217388942,-1.0,0.8279569892470151,0.09919571045573748,0.0,10.0,1.220238095237369,44.0,126.0,168.0,24.0,255.0,237.0,205.0,255.0,3.149999999999016,1.926829268292487,0
0.35580524344555964,-0.01686746987951401,0.3976833976832442,0.017456359102240037,-0.9159012893238488,0.059740259740244224,0.43272727272711536,0.043895116566456616,1.1270718232037973,2.5256410256377877,103.0,86.0,78.0,181.0,178.0,211.0,197.0,204.0,1.5087719298242306,2.099502487561928,0
-0.37012987012974996,-0.07619047619045805,-0.359735973597241,0.037433155080203895,-1.0,0.3333333333332188,-0.06735751295335042,0.0,1.999999999997938,0.8737864077665661,101.0,211.0,206.0,97.0,223.0,226.0,180.0,194.0,2.722580645160851,2.080552359033132,0
0.0681818181817407,0.3023255813952707,-0.2656249999997925,0.46511627906963227,1.0,0.6856187290967607,0.06358381502886498,0.0,5.361702127648166,1.1358024691344002,33.0,41.0,81.0,47.0,227.0,135.0,92.0,252.0,2.024691358023442,1.441922563417698,0
0.39644970414177727,0.42857142857130853,0.43030303030276956,0.42857142857130853,-0.0020161290318603965,0.36729222520097393,0.36912751677827577,0.99597585489965,2.161016949150711,2.1702127659528294,65.0,51.0,47.0,118.0,197.0,102.0,102.0,255.0,1.4315789473679188,1.2439024390242006,0
-0.2931034482756094,0.1409395973154047,-0.5287356321836042,0.2348668280871102,-1.0,0.7229729729727288,0.08591065292093268,0.0,6.219512195106781,1.187969924811137,60.0,75.0,133.0,41.0,233.0,192.0,158.0,255.0,2.390438247011,1.7614678899080547,0
-0.4090909090904442,0.2686567164178436,-0.3882352941171903,0.4010989010987909,1.0,0.8149466192167919,0.2976190476188705,0.0,9.807692307654586,1.8474576271155128,26.0,62.0,59.0,26.0,255.0,147.0,109.0,255.0,2.818181818180217,1.462686567163997,0
-0.9090909090888429,0.5269461077842734,-0.8181818181780992,0.5407854984892626,-1.0,0.9844357976649867,0.5833333333327256,0.0,10.0,3.7999999999810004,55.0,42.0,20.0,2.0,255.0,79.0,76.0,255.0,2.3829787234025654,0.9461077844309961,0
-0.4959349593491903,0.24365482233496355,-0.45614035087679283,0.2760416666665948,-1.0,0.7753623188402988,0.25225225225213865,0.0,7.903225806426119,1.6746987951787051,68.0,92.0,83.0,31.0,228.0,149.0,139.0,245.0,2.6007067137799997,1.5460440985730808,0
-0.7142857142852506,0.21428571428566326,-0.6901408450699366,0.06918238993709241,-1.0,0.841155234656736,0.29824561403500055,0.0,10.0,1.8499999999984582,45.0,132.0,120.0,22.0,107.0,165.0,222.0,255.0,3.1903323262830243,1.9075144508667763,0
-0.6416184971094557,0.1697247706421629,-0.624242424242046,0.21718377088300306,-1.0,0.7832167832165094,0.10067114093956354,0.0,8.225806451586369,1.223880597014012,41.0,142.0,134.0,31.0,138.0,181.0,164.0,255.0,3.19101123595416,1.9178807947017327,0
-0.09230769230765681,0.3972602739724939,-0.07086614173225557,0.27499999999993124,1.0,0.36729222520097393,0.03202846975087828,0.0,2.161016949150711,1.0661764705874515,190.0,142.0,136.0,118.0,235.0,110.0,145.0,255.0,1.9189189189185947,1.2394366197181352,0
-0.10526315789470223,-0.10787172011658663,0.0036900369003676423,0.07746478873236709,0.909061798431557,0.05882352941174435,-0.015037593984956753,10.0,1.1249999999991729,0.9703703703696517,105.0,168.0,135.0,136.0,48.0,190.0,131.0,153.0,2.3292894280758527,2.61617900172072,0
-0.5731707317069676,0.15186246418333757,-0.5833333333329862,0.10743801652889602,-1.0,0.7033898305081766,0.0983050847457294,0.0,5.742857142840735,1.2180451127810392,38.0,129.0,133.0,35.0,96.0,148.0,162.0,201.0,3.1178247734129556,1.9966273187180443,0
-0.2740740740738711,0.13082039911305304,-0.4555555555553025,0.13333333333330372,-1.0,0.6776315789471455,0.19631901840484775,0.0,5.20408163264244,1.4885496183194746,61.0,86.0,131.0,49.0,212.0,196.0,195.0,255.0,2.4397163120558725,1.8253783469148048,0
-0.3684210526314027,0.05063291139238904,-0.3623188405795351,-0.21140142517809707,-0.2630505220666165,0.4310344827584349,0.2878787878787152,0.583467933652867,2.5151515151477044,1.8085106382965899,101.0,143.0,141.0,66.0,103.0,150.0,255.0,166.0,2.5253863134652264,2.108963093145499,0
-0.3674418604649454,0.19158878504668422,-0.4237288135591425,0.03448275862068266,-1.0,0.5789473684208735,0.17241379310340582,0.0,3.7499999999944853,1.4166666666658234,125.0,147.0,168.0,68.0,85.0,173.0,238.0,255.0,2.4147843942500176,2.017492711369968,0
0.10819672131143994,0.3821138211381078,0.15753424657528853,0.14864864864861518,-0.02902055621779093,0.20283018867919744,0.21153846153839376,0.9435957690838587,1.5088757396440777,1.5365853658524093,145.0,136.0,123.0,169.0,174.0,114.0,189.0,255.0,1.856655290102072,1.388127853881067,0
-0.4234234234232963,0.13636363636359763,-0.4074074074072817,-0.10313901345289167,-0.5959661679761704,0.3513513513512327,0.037974683544295784,0.253159396719315,2.083333333331163,1.0789473684205795,72.0,237.0,228.0,96.0,183.0,152.0,246.0,200.0,2.953271028036923,1.7700145560404992,0
-0.04166666666657986,0.25925925925919524,0.17948717948671924,0.19437939110065705,0.03983295855138258,0.8345323741004192,0.8297872340421119,1.0829708926744968,10.0,10.0,0.0,25.0,16.0,23.0,176.0,150.0,172.0,255.0,2.739726027393507,1.6415868673048368,0
0.06194690265481244,0.5178571428569888,0.09090909090900827,0.2911392405062554,0.5240963854052259,0.6190476190474226,0.4736842105260665,3.202531642048936,4.249999999992917,2.7999999999944,74.0,53.0,50.0,60.0,74.0,81.0,140.0,255.0,1.7666666666659308,1.3197556008143951,0
-0.4374999999993164,0.19718309859150301,-0.628865979380795,0.07142857142855642,-1.0,0.8681318681315502,0.47333333333317557,0.0,10.0,2.7974683544268384,43.0,46.0,79.0,18.0,181.0,171.0,221.0,255.0,2.405228758168363,1.7583547557838355,0
-0.7064220183479758,0.4010989010987909,-0.6631578947361441,0.2944162436547476,-1.0,0.8819188191878665,0.2752293577980389,0.0,10.0,1.7594936708838487,39.0,93.0,79.0,16.0,231.0,109.0,139.0,255.0,3.0871369294593003,1.2386363636361877,0
0.05769230769225222,0.3456464379946318,0.23595505617951015,0.45299145299132393,0.3150264844821122,0.6451612903223726,0.47692307692271013,1.9198209190088915,4.636363636355206,2.823529411756401,71.0,49.0,34.0,55.0,147.0,124.0,96.0,255.0,1.7499999999992188,1.5261538461536113,0
-0.28749999999982034,0.2731958762885894,-0.28749999999982034,0.1435185185184853,-1.0,0.6249999999997944,0.2847222222221234,0.0,4.333333333325731,1.796116504852625,43.0,103.0,103.0,57.0,109.0,141.0,185.0,247.0,2.69281045751546,1.7680250783696287,0
-0.999999999999099,0.3709677419353842,-0.9999999999992188,0.20567375886519962,-1.0,0.9999999999996079,0.13513513513508948,0.0,10.0,1.3124999999989748,36.0,111.0,128.0,0.0,111.0,117.0,168.0,255.0,3.4418604651149454,1.5599999999997398,0
-0.2539682539680524,-0.03571428571427296,-0.2824427480913875,-0.21052631578941214,-0.14588427060800963,0.4835164835162179,0.4226804123709888,0.7453769561675264,2.8723404255258034,2.4642857142827808,66.0,79.0,84.0,47.0,233.0,145.0,207.0,135.0,2.33210332103235,1.762917933130431,0
-0.2624113475175444,0.5361445783130916,-0.2972972972970964,0.4049586776858389,1.0,0.6612377850160713,0.058823529411735874,0.0,4.9038461538367235,1.124999999998828,95.0,89.0,96.0,52.0,165.0,77.0,108.0,255.0,2.1907692307685567,1.07317073170713,0
-0.3413173652693589,-0.10077519379842358,-0.28338762214974483,-0.054347826086941754,-0.678163329690247,0.225352112675977,-0.0076726342710977825,0.19177911051246174,1.5818181818167438,0.984771573603561,74.0,224.0,197.0,110.0,159.0,213.0,194.0,174.0,2.8354430379742346,2.2450592885372536,0
-0.5594405594403639,0.41290322580631844,-0.5841584158413914,0.24079320113307628,-1.0,0.553191489361506,-0.2834224598929724,0.0,3.4761904761849585,0.5583333333331008,86.0,223.0,240.0,63.0,62.0,91.0,134.0,219.0,2.9983193277305884,1.5723542116627274,0
-0.6521739130430058,0.24087591240870052,-0.6619718309854494,0.15124153498867918,-1.0,0.8279569892470151,0.22875816993456577,0.0,10.0,1.5932203389817006,88.0,114.0,118.0,24.0,171.0,156.0,188.0,255.0,2.6823529411756817,1.6910569105688764,0
-0.223880597014814,0.1578947368420591,-0.212121212121105,0.12181303116143859,-1.0,0.4347826086954947,0.127272727272681,0.0,2.538461538458284,1.2916666666655903,101.0,123.0,120.0,78.0,238.0,144.0,155.0,198.0,2.315294117646514,1.5911602209942552,0
-0.09268292682922309,0.16825396825391484,-0.05583756345174831,0.11178247734135596,1.0,0.3285198555955493,0.17131474103578834,0.0,1.9784946236537866,1.4134615384601794,100.0,112.0,104.0,93.0,35.0,131.0,147.0,184.0,2.14868105515536,2.178794178793726,0
-0.3248945147677954,0.05179282868523833,-0.27601809954738643,0.1945701357465183,-1.0,0.24528301886780884,-0.22608695652164085,0.0,1.6499999999979376,0.6312056737584176,169.0,157.0,141.0,80.0,120.0,119.0,89.0,132.0,2.230905861456087,1.9428571428567465,0
-0.4651162790695872,-0.16326530612239346,-0.48888888888870785,-0.20645161290315922,-0.40618556706870473,0.28124999999985356,-0.03608247422679482,0.42228739011572264,1.7826086956495903,0.9303482587060049,76.0,189.0,201.0,69.0,139.0,171.0,187.0,123.0,2.891013384320671,2.2649006622512804,0
-0.49999999999750006,0.35526315789462,-0.8214285714271046,0.22255192878331675,-1.0,0.9526066350706386,0.4395604395601981,0.0,10.0,2.5686274509753555,8.0,15.0,51.0,5.0,204.0,98.0,131.0,206.0,2.7906976744121144,1.2937293729370802,0
-0.5555555555545267,0.5254237288133368,-0.6923076923068047,0.5450643776821695,-1.0,0.8749999999995444,-0.1092436974788998,0.0,10.0,0.8030303030290863,61.0,42.0,66.0,12.0,114.0,56.0,53.0,180.0,2.140127388533669,1.1034482758617972,0
-0.2987012987009108,0.2941176470587218,-0.31645569620213104,0.1614906832297635,-1.0,0.7476635514015199,0.44385026737944183,0.0,6.925925925900275,2.5961538461488534,56.0,50.0,52.0,27.0,128.0,102.0,135.0,187.0,2.1857923497255816,1.5722543352598126,0
-0.3801169590641052,0.5786163522010759,-0.4536082474224466,0.4508670520229911,-1.0,0.65131578947347,-0.19491525423720554,0.0,4.735849056594838,0.6737588652477492,68.0,118.0,141.0,53.0,171.0,67.0,95.0,251.0,2.6442577030804917,0.9640287769782439,0
-0.5652173913039968,0.33779264214035526,-0.503546099290423,0.08695652173910681,-1.0,0.7021276595741693,0.22627737226269115,0.0,5.714285714269387,1.5849056603758633,48.0,126.0,106.0,35.0,93.0,99.0,168.0,200.0,3.008955223879699,1.613034623217594,0
-0.9999999999993008,0.35582822085878657,-0.9999999999991526,0.10499999999997375,-1.0,0.9999999999995476,0.20538720538713623,0.0,10.0,1.5169491525410872,17.0,143.0,118.0,0.0,118.0,105.0,179.0,221.0,3.77557755775453,1.5300546448084644,0
-0.24719101123581622,0.521035598705333,-0.18787878787867401,0.4114114114112879,1.0,0.5562913907282926,0.0,0.0,3.507462686561929,0.9999999999989796,87.0,111.0,98.0,67.0,215.0,74.0,98.0,235.0,2.3617021276589463,0.9899665551837808,0
0.12396694214870911,0.26237623762369744,-0.010909090909086943,0.15909090909087295,1.0,0.3043478260868787,0.1419753086419315,0.0,1.8749999999986215,1.3309352517976039,93.0,106.0,139.0,136.0,182.0,149.0,185.0,255.0,1.9229024943306299,1.6217687074827725,0
0.06103286384973661,0.09157509157505804,0.022624434389130036,0.2468619246860892,0.8320921733599161,0.1374045801526193,-0.090909090909045,10.0,1.3185840707952932,0.8333333333325618,109.0,100.0,108.0,113.0,177.0,124.0,90.0,149.0,1.895734597155949,1.7282229965153781,0
-0.5183246073295716,0.1553133514985953,-0.5233160621758947,0.026634382566579507,-1.0,0.643410852712929,0.15517241379305888,0.0,4.6086956521638935,1.3673469387745802,59.0,145.0,147.0,46.0,117.0,155.0,201.0,212.0,2.9367088607587504,1.940532081376848,0
-0.9999999999989247,0.3744075829382112,-0.9999999999992063,0.4285714285712175,-1.0,0.9999999999993104,-0.36956521739110354,0.0,10.0,0.460317460317095,95.0,93.0,126.0,0.0,86.0,66.0,58.0,145.0,2.6476868327392715,1.4545454545450538,0
-0.7142857142852285,0.16568047337273206,-0.7062937062932124,0.19756838905769072,-1.0,0.8073394495409141,0.039370078740141985,0.0,9.380952380907711,1.0819672131138671,88.0,126.0,122.0,21.0,153.0,141.0,132.0,197.0,2.792243767312246,1.784810126581996,0
-0.27777777777764917,0.2941176470587082,-0.3759999999998496,0.15384615384610006,-1.0,0.3580246913578774,-0.1740614334470396,0.0,2.1153846153819034,0.7034883720926143,188.0,138.0,172.0,78.0,159.0,90.0,121.0,165.0,2.036900369003314,1.428571428571145,0
0.031055900621098725,0.24396782841816517,-0.15306122448971785,0.27823691460047434,1.0,0.47301587301572284,0.07377049180324846,0.0,2.7951807228881984,1.159292035397204,77.0,78.0,113.0,83.0,162.0,141.0,131.0,232.0,1.9746835443031727,1.6686390532541908,0
0.1619047619046848,-0.03906249999998474,0.22613065326621803,0.01652892561982788,-0.8637686116584058,0.004081632653059559,0.21428571428560497,0.07309458215317374,1.008196721310649,1.5454545454525384,169.0,88.0,77.0,122.0,170.0,133.0,119.0,123.0,1.5074946466806194,1.9033989266544,0
-0.7757009345790769,0.10389610389607017,-0.7635467980291806,-0.12820512820509533,-0.7124645893149643,0.752577319587241,0.10275689223055069,0.16790736147777865,7.08333333330382,1.2290502793289224,117.0,190.0,179.0,24.0,196.0,138.0,220.0,170.0,2.917466410748,1.719626168224031,0
-0.31707317073093394,0.2918287937742055,-0.6705882352933287,0.4310344827584349,-1.0,0.8444444444439754,-0.03649635036493687,0.0,10.0,0.9295774647874231,43.0,27.0,71.0,14.0,255.0,91.0,66.0,166.0,1.9459459459441928,1.2072968490876936,0
-0.13725490196051518,-0.29608938547469493,0.6296296296272977,0.8805970149240588,0.16617862370895872,0.4823529411759031,-0.11111111110987654,1.3985952587800845,2.8636363636233475,0.799999999984,18.0,29.0,5.0,22.0,136.0,116.0,4.0,63.0,2.3673469387730943,2.1531322505795467,0
0.30555555555513114,-0.17412935323374423,0.362318840579185,0.16083916083904837,-0.3851220456447794,0.27692307692286394,0.4634146341457763,0.443916083793896,1.7659574468047532,2.7272727272603308,61.0,25.0,22.0,47.0,129.0,118.0,60.0,83.0,1.2658227848093255,2.107142857142387,0
-0.10313901345286855,0.4776632302403857,-0.1525423728812913,0.5194346289750815,1.0,0.3650793650792492,-0.33333333333316995,0.0,2.14999999999785,0.4999999999996324,50.0,123.0,136.0,100.0,158.0,76.0,68.0,215.0,2.4848484848478574,1.1580952380950174,0
-0.0573248407642947,0.12225705329149773,0.21311475409818598,0.24738675958179535,0.07442322002872691,0.41501976284568576,0.3846153846151381,1.1608147944169933,2.41891891891565,2.2499999999953126,38.0,83.0,48.0,74.0,217.0,140.0,108.0,179.0,2.3884892086322345,1.6568047337275655,0
-0.999999999997561,0.1933333333332689,-0.9999999999978261,0.2650176678444293,-1.0,0.9999999999994414,0.3866666666664089,0.0,10.0,2.2608695652124764,0.0,41.0,46.0,0.0,255.0,121.0,104.0,179.0,3.9999999999951217,1.4319526627216816,0
-0.9199999999987734,0.3086419753085467,-0.9130434782595462,0.5939849624057918,-1.0,0.9720930232553618,-0.09999999999991667,0.0,10.0,0.8181818181805784,92.0,72.0,66.0,3.0,244.0,112.0,54.0,212.0,2.4100418410031756,1.3176470588233355,0
-0.40271493212651466,0.05917159763311859,-0.2707182320440493,0.04069767441859282,-1.0,0.4612244897957301,0.1785714285713648,0.0,2.7121212121171028,1.4347826086944044,128.0,155.0,115.0,66.0,30.0,159.0,165.0,179.0,2.4603174603169724,2.4136622390887257,0
0.5538461538457279,0.031055900621098725,0.22424242424228835,-0.31967213114741,1.0,-0.09782608695646858,0.43111111111091954,0.0,0.8217821782170082,2.5156249999960694,117.0,29.0,64.0,101.0,136.0,78.0,161.0,83.0,0.8405797101446231,1.6639999999995563,0
-0.5813953488365332,0.1741935483869844,-0.6504854368925723,-0.18749999999991632,-0.5524981897833455,0.6697247706415874,0.22018348623843112,0.28824626870118014,5.055555555527469,1.5647058823511004,110.0,68.0,85.0,18.0,27.0,64.0,133.0,91.0,2.0606060606052803,2.0813008130072843,0
0.0,0.49235474006101154,-0.2962962962961134,0.6375838926172357,1.0,0.6212624584715544,-0.3207547169809304,0.0,4.2807017543784545,0.5142857142852245,94.0,57.0,105.0,57.0,80.0,83.0,54.0,244.0,1.7207547169804829,1.3551020408160501,0
-0.6149732620317567,0.36585365853647384,-0.6682027649766507,0.19148936170207673,-1.0,0.723076923076645,-0.08708708708706094,0.0,6.222222222204938,0.839779005524398,38.0,151.0,181.0,36.0,229.0,104.0,152.0,224.0,3.212765957445954,1.2586989409982967,0
-0.4509803921566417,0.32960893854730194,-0.46666666666644446,0.4337349397587749,-1.0,0.3599999999997943,-0.5323383084574467,0.0,2.1249999999962053,0.30519480519460707,134.0,148.0,154.0,56.0,243.0,60.0,47.0,119.0,2.436213991769046,0.9958506224064324,0
-0.11854103343461443,0.43999999999985334,-0.14956011730200894,0.2668621700878983,1.0,0.19667590027695384,-0.22118380062298407,0.0,1.4896551724127658,0.637755102040491,154.0,184.0,196.0,145.0,151.0,84.0,125.0,216.0,2.206896551723807,1.2560747663549052,0
-0.07534246575339885,0.4236311239191863,-0.052631578947349954,0.4486803519060268,1.0,0.29319371727741017,-0.22950819672121742,0.0,1.8296296296282746,0.6266666666662489,132.0,157.0,150.0,135.0,221.0,100.0,94.0,247.0,2.161790017211332,1.1976047904189824,0
-0.3568627450978993,0.10071942446039543,-0.31092436974776855,0.013245033112578396,-1.0,0.3021276595743395,-0.022950819672123625,0.0,1.86585365853431,0.9551282051275929,108.0,173.0,156.0,82.0,167.0,125.0,149.0,153.0,2.582089552238324,1.7543859649119729,0
-0.9368421052621717,0.3110539845757555,-0.9294117647047889,0.49122807017529496,-1.0,0.9767441860461331,0.029585798816550542,0.0,10.0,1.0609756097548038,54.0,92.0,82.0,3.0,255.0,134.0,87.0,255.0,3.0539419087124258,1.377892030848152,0
-0.11688311688296509,0.14396887159527472,0.01492537313430608,0.38679245283000624,0.9256922535376031,0.6243093922648485,0.32653061224456476,10.0,4.32352941175199,1.9696969696910007,41.0,43.0,33.0,34.0,248.0,110.0,65.0,147.0,2.1366459627315924,1.4308943089428567,0
0.5952380952373866,-0.17073170731696907,0.6962025316446884,-0.15527950310549363,-1.0,0.007407407407401921,0.7714285714278367,0.0,1.0149253731328136,7.749999999935417,37.0,17.0,12.0,67.0,119.0,96.0,93.0,68.0,0.9855072463760975,2.026385224273872,0
0.041322314049552625,0.27969348658993115,0.11504424778750881,0.2416356877322522,0.35491606704700174,0.4521739130432817,0.3421052631576697,2.100371745387266,2.650793650789443,2.0399999999959197,53.0,58.0,50.0,63.0,175.0,94.0,102.0,167.0,1.999999999999138,1.418867924528034,0
0.1954022988503501,0.2977099236640464,0.6507936507926178,0.26237623762369744,-0.42535065824389656,0.6612377850160713,0.862499999999461,0.403163487019006,4.9038461538367235,10.0,49.0,35.0,11.0,52.0,254.0,138.0,149.0,255.0,1.6374269005838378,1.406369426751413,0
0.2727272727267768,0.32124352331597894,0.944444444441821,0.5407854984892626,-0.27178212225425785,0.7586206896549108,0.974025974024709,0.5725964101060643,7.285714285693469,10.0,58.0,20.0,1.0,35.0,218.0,131.0,76.0,255.0,1.203007518796088,1.4258503401358604,0
-0.24705882352926645,0.26283987915399915,-0.11724137931026399,0.4169491525422316,1.0,0.5311355311353366,0.029940119760461115,0.0,3.2656249999948974,1.0617283950604175,105.0,106.0,81.0,64.0,98.0,122.0,86.0,209.0,2.2257217847763187,1.771324863883526,0
-0.11377245508975224,-0.2038834951455321,0.17460317460303604,-0.2612612612611436,1.0,0.05128205128201841,0.4583333333330947,0.0,1.1081081081066106,2.692307692302515,153.0,93.0,52.0,74.0,144.0,124.0,140.0,82.0,1.8014527845031958,2.0928270042189676,0
0.10144927536224534,0.43682310469298313,-0.012987012987004555,0.32225913621251756,1.0,0.4472727272725647,0.13333333333325928,0.0,2.6184210526281335,1.307692307690631,45.0,62.0,78.0,76.0,175.0,78.0,102.0,199.0,2.024489795917541,1.1773584905658154,0
-0.36633663366318503,0.26865671641771,-0.47540983606537895,0.22302158273365252,-1.0,0.14093959731534167,-0.5384615384613084,0.0,1.3281249999979248,0.29999999999983334,77.0,138.0,180.0,64.0,11.0,49.0,54.0,85.0,2.6474820143878546,2.0206185566999895,0
0.1827956989246329,0.314606741572857,0.09452736318403258,0.314606741572857,0.5379150155810297,0.03083700440527276,-0.19736842105250174,3.3282081573304594,1.0636363636353967,0.6703296703289336,140.0,76.0,91.0,110.0,97.0,61.0,61.0,117.0,1.5124378109448975,1.4523809523805202,0
0.09677419354834808,0.6435643564354312,-0.010909090909086943,0.5465838509315073,1.0,0.2935064935064173,-0.3113207547168343,0.0,1.8308823529398304,0.5251798561147302,101.0,112.0,139.0,136.0,244.0,54.0,73.0,249.0,1.9436008676785372,0.7188019966720933,0
-0.18614718614710557,0.3869047619046468,-0.21008403361335712,0.6236933797907235,1.0,0.4250764525992584,-0.454545454545225,0.0,2.478723404252682,0.3749999999997396,151.0,137.0,144.0,94.0,255.0,103.0,54.0,233.0,2.1117533718685717,1.1873198847260535,0
-0.195767195767144,0.1784232365144488,-0.20833333333327908,0.27927927927915347,1.0,-0.0340136054421653,-0.48717948717933107,0.0,0.934210526315175,0.3448275862067479,148.0,226.0,232.0,152.0,179.0,99.0,80.0,142.0,2.4042553191486165,1.5260115606933475,0
0.08753315649865052,0.35403726708063543,0.13888888888885031,0.41558441558428066,0.4990240727792085,0.030732860520087297,-0.2653061224488713,2.992207790053262,1.0634146341458228,0.580645161289948,149.0,172.0,155.0,205.0,60.0,104.0,90.0,218.0,1.9713467048707776,1.7119341563782486,0
-0.13469387755096543,0.19999999999985715,-0.08225108225104664,-0.11578947368414959,0.1693511275590069,-0.11578947368414959,-0.08225108225104664,1.4077562343983843,0.7924528301879317,0.8479999999993216,101.0,139.0,125.0,106.0,85.0,56.0,106.0,84.0,2.2927835051541665,1.5943060498214967,0
-0.4628571428568784,0.38964577656665134,-0.5179487179484523,0.38964577656665134,-1.0,0.6887417218540766,-0.1384615384614852,0.0,5.4255319148820735,0.7567567567562455,88.0,128.0,148.0,47.0,130.0,112.0,112.0,255.0,2.618925831201376,1.4712643678158503,0
-0.5639097744356663,0.5397489539746696,-0.5084745762707555,0.2957746478872198,-1.0,0.7276995305160904,0.05820105820102741,0.0,6.344827586185018,1.123595505616715,162.0,104.0,89.0,29.0,200.0,55.0,100.0,184.0,2.0852130325809313,0.8906882591091314,0
-0.1809523809522086,0.3209302325579903,-0.05494505494499456,0.20851063829778363,1.0,0.5351351351348459,0.31914893616998646,0.0,3.302325581387669,1.9374999999959635,104.0,62.0,48.0,43.0,137.0,73.0,93.0,142.0,1.8302583025823504,1.3741176470585001,0
-0.4878048780481856,0.2486187845302494,-0.4615384615378698,0.12437810945267444,-1.0,0.6865671641785922,0.21379310344812844,0.0,5.380952380926757,1.5438596491200984,51.0,61.0,57.0,21.0,171.0,68.0,88.0,113.0,2.515463917524477,1.2952380952377869,0
-0.9999999999958334,0.7465753424654977,-0.9999999999941177,0.4245810055864736,-1.0,0.9999999999996079,0.7166666666660695,0.0,10.0,6.0588235293761254,12.0,24.0,17.0,0.0,93.0,37.0,103.0,255.0,3.1999999999946667,0.7014218009477011,0
0.24999999999955355,0.5826771653541013,0.9999999999971428,0.552123552123339,-0.2885572139106245,0.7033898305081766,0.9999999999982758,0.5521235520697042,5.742857142840735,10.0,93.0,21.0,0.0,35.0,96.0,53.0,58.0,201.0,0.9882352941170658,1.0521091811411782,0
-0.03124999999997559,0.37809187279138584,-0.0606060606060147,0.42335766423342214,1.0,0.5175097276262578,0.060402684563717855,0.0,3.1451612903175077,1.1285714285698163,89.0,66.0,70.0,62.0,242.0,88.0,79.0,195.0,1.8657243816247826,1.148450244698018,0
0.3096085409251567,-0.05369127516776722,0.5462184873947286,0.2533333333332208,-0.366311659147021,-0.1323076923076516,0.21739130434766857,0.4637948717099504,0.7663043478256706,1.5555555555526748,82.0,97.0,54.0,184.0,240.0,157.0,84.0,141.0,1.6869565217387636,1.8071942446040563,0
0.024590163934416154,0.3873873873872711,0.09649122807013312,0.7433962264148138,0.7702281952340463,0.2977528089886804,-0.5036496350361288,7.704288156681551,1.8479999999985215,0.3300970873783203,54.0,119.0,103.0,125.0,178.0,102.0,34.0,231.0,2.28297362110257,1.3311582381727027,0
-0.2533333333332208,0.26424870466307554,-0.2881355932202169,0.45238095238068315,1.0,0.1844660194173862,-0.535353535353265,0.0,1.4523809523792233,0.30263157894716936,88.0,141.0,152.0,84.0,243.0,71.0,46.0,122.0,2.4845814977968095,1.1203155818538224,0
-0.2487804878047567,0.16516516516511556,-0.29032258064502753,0.7477477477474109,1.0,0.43173431734301415,-0.6666666666662698,0.0,2.519480519477247,0.19999999999985715,142.0,128.0,140.0,77.0,255.0,139.0,28.0,194.0,2.1557894736837566,1.5295735900960756,0
0.16993464052282028,0.32467532467524035,0.03468208092484547,0.6190476190474226,0.8938947367053647,0.17511520737323155,-0.4713656387663122,10.0,1.4245810055857964,0.3592814371255334,166.0,127.0,167.0,179.0,255.0,130.0,60.0,255.0,1.6961602671115699,1.3506493506491752,0
-0.004524886877826007,0.41666666666655094,0.08374384236449077,0.3527851458885006,0.6163194443033285,0.3972602739724939,0.13488372093016984,4.212669678228453,2.3181818181797107,1.3118279569878368,142.0,111.0,93.0,110.0,237.0,105.0,122.0,255.0,1.873417721518592,1.196581196581026,0
-0.6759259259256131,0.28431372549005673,-0.7119341563783079,0.12446351931325131,-1.0,0.5783132530116999,-0.3419354838708574,0.0,3.7428571428464488,0.49038461538437966,149.0,181.0,208.0,35.0,179.0,73.0,102.0,131.0,2.652014652014166,1.280701754385684,0
-0.14444444444436422,0.38604651162772746,-0.2487804878047567,0.1640624999999359,-1.0,0.31858407079631923,-0.08936170212762155,0.0,1.935064935062422,0.835937499999347,79.0,103.0,128.0,77.0,84.0,66.0,107.0,149.0,2.276243093922023,1.4465753424653571,0
-0.13744075829377372,0.2850241545892343,-0.22222222222212726,0.2850241545892343,1.0,0.18749999999991632,-0.3179723502302682,0.0,1.4615384615368554,0.5174825174821557,122.0,120.0,143.0,91.0,133.0,74.0,74.0,133.0,2.119205298012777,1.4299516908209107,0
-0.8809523809518567,0.27999999999984004,-0.89847715735995,-0.02608695652172779,-0.9435691779880442,0.8360655737698065,-0.22622950819664714,0.029034635227994158,10.0,0.6310160427804112,24.0,158.0,187.0,10.0,24.0,63.0,118.0,112.0,3.6114285714275396,1.9236641221366704,0
-0.23926380368083483,0.1279999999999488,-0.2705882352939585,0.23684210526305402,-1.0,0.389162561576163,-0.10769230769225248,0.0,2.274193548383429,0.8055555555548096,123.0,101.0,108.0,62.0,104.0,109.0,87.0,141.0,2.087855297157083,1.883369330453157,0
-0.26775956284138375,0.42735042735024475,-0.302083333333176,0.4977578475334091,1.0,0.42735042735024475,-0.3812154696130491,0.0,2.4925373134291156,0.4479999999996416,2.0,116.0,125.0,67.0,141.0,67.0,56.0,167.0,3.0830564784042913,1.2126696832576442,0
-0.43859649122781375,0.2658227848100144,-0.4482758620687079,0.5384615384612623,1.0,0.515151515151255,-0.4736842105260388,0.0,3.1249999999934897,0.3571428571425737,23.0,123.0,126.0,48.0,71.0,87.0,45.0,150.0,3.1041009463712608,1.7620253164552502,0
-0.14634146341445567,0.3644859813082409,-0.15662650602390768,0.5614973262029084,1.0,0.6132596685079486,-0.07865168539317005,0.0,4.171428571416653,0.8541666666648872,43.0,47.0,48.0,35.0,82.0,68.0,41.0,146.0,2.1860465116266363,1.494505494505084,0
0.4999999999993421,0.6521739130430733,0.7538461538449941,0.5028248587567781,-0.19975100288860353,0.3999999999997895,0.6923076923063609,0.667012567651128,2.33333333332924,5.49999999993125,80.0,19.0,8.0,57.0,159.0,28.0,44.0,133.0,0.8685714285709323,0.6436781609193553,0
-0.5306122448974178,0.5887850467287885,-0.42499999999946875,0.6776315789471455,1.0,0.8345323741004192,-0.07547169811313635,0.0,10.0,0.8596491228055093,22.0,75.0,57.0,23.0,185.0,66.0,49.0,255.0,3.0769230769214992,0.9230769230767616,0
0.43703703703671337,0.5223880597013366,0.4160583941602803,0.3421052631578047,-0.09754243728105072,0.44886363636350884,0.5151515151512029,0.8222530007261155,2.628865979378733,3.1249999999921876,1.0,38.0,40.0,97.0,162.0,80.0,125.0,255.0,1.7471264367806052,1.1091854419408822,0
-0.6499999999995938,0.4693877551018812,-0.6266666666662489,0.36708860759482054,-1.0,0.7704918032783727,-0.09909909909905447,0.0,7.714285714258164,0.8196721311468691,40.0,132.0,122.0,28.0,233.0,78.0,100.0,216.0,3.180722891565307,1.0314049586775154,0
-0.0917030567685189,0.5133531157268506,-0.11111111111106363,0.5223880597013366,1.0,0.4206128133703564,-0.23809523809512473,0.0,2.4519230769207194,0.615384615384142,105.0,125.0,130.0,104.0,255.0,82.0,80.0,255.0,2.178649237472292,0.9732937685458496,0
-0.3113207547168343,0.32467532467524035,-0.18435754189933837,0.6190476190474226,1.0,0.5548780487803187,-0.27710843373477284,0.0,3.4931506849267215,0.5660377358485226,69.0,139.0,106.0,73.0,156.0,130.0,60.0,255.0,2.6476190476184174,1.5499254843514827,0
0.23222748815154873,0.7114093959729156,0.08786610878657412,0.4782608695650788,0.689588688824241,0.32467532467524035,-0.09547738693462539,5.443064176000592,1.9615384615369529,0.8256880733937378,92.0,81.0,109.0,130.0,255.0,43.0,90.0,255.0,1.6874999999995606,0.5771812080535944,0
0.01754385964910742,0.33858267716526547,-0.11450381679380574,0.48688046647216127,1.0,0.6293929712458053,0.09316770186329618,0.0,4.396551724130351,1.205479452053143,100.0,56.0,73.0,58.0,243.0,126.0,88.0,255.0,1.6592592592586448,1.3439999999998207,0
-0.12605042016801427,0.16491228070169653,-0.25448028673826006,0.2769230769229704,1.0,0.22962962962954458,-0.3011152416355758,0.0,1.5961538461523113,0.5371428571425503,169.0,134.0,175.0,104.0,174.0,119.0,94.0,166.0,1.9815157116447353,1.6470588235291266,0
-0.17829457364327267,0.4127659574466329,-0.3496932515335278,0.6274509803918493,1.0,0.5159817351595818,-0.48648648648615783,0.0,3.1320754716922035,0.3454545454542314,156.0,76.0,110.0,53.0,143.0,69.0,38.0,166.0,1.684210526315323,1.2348993288587842,0
-0.454545454545248,0.31884057971002944,-0.47826086956500946,0.624999999999721,1.0,0.5041322314047504,-0.6037735849053756,0.0,3.0333333333282777,0.24705882352926645,74.0,160.0,170.0,60.0,184.0,94.0,42.0,182.0,2.819383259911273,1.3574007220214155,0
-0.41666666666631946,-0.13043478260862476,-0.44881889763744187,-0.006211180124219745,-0.9726999142292388,0.3913043478257467,-0.06358381502886498,0.013838945192145322,2.285714285707755,0.8804347826077387,0.0,85.0,92.0,35.0,33.0,104.0,81.0,80.0,3.3170731707300893,2.5919003115256722,0
-0.6323529411760057,-0.25443786982240996,-0.5535714285709343,0.16666666666658952,-1.0,0.6688741721849876,0.016949152542363306,0.0,5.03999999997984,1.0344827586195007,50.0,111.0,87.0,25.0,160.0,212.0,90.0,126.0,2.9898989898979833,2.3887323943658605,0
-0.24999999999991074,0.1975308641974699,-0.2999999999999,0.6869565217388318,1.0,0.2976588628761546,-0.6883116883113903,0.0,1.847619047617288,0.18461538461528995,31.0,175.0,195.0,105.0,71.0,130.0,36.0,194.0,2.880658436213399,1.9809523809520035,0
-0.13650793650789317,-0.10655737704913666,-0.22507122507116095,0.23163841807896518,1.0,-0.11020408163260809,-0.5194346289750815,0.0,0.8014705882347049,0.31627906976729475,112.0,179.0,215.0,136.0,59.0,135.0,68.0,109.0,2.363036303629973,2.4657534246569712,0
0.491891891891626,-0.29702970297015,0.4226804123709162,0.1269841269840262,-0.5379577254157744,-0.32057416267927247,-0.009009009009000892,0.3004258613303112,0.5144927536228157,0.9821428571411033,76.0,47.0,56.0,138.0,53.0,131.0,55.0,71.0,1.2207792207788244,2.715025906735048,0
0.3463414634144652,0.4957983193275228,0.2660550458714376,0.6255707762554221,0.4032136815935683,0.12658227848097262,-0.3223140495865105,2.3512832615945967,1.2898550724628335,0.5124999999993594,49.0,67.0,80.0,138.0,31.0,60.0,41.0,178.0,1.6697819314636544,1.4589665653491006,0
-0.04932735426006757,0.23849372384927262,-0.14516129032252212,0.47999999999976,1.0,0.16535433070859631,-0.46391752577295675,0.0,1.3962264150930224,0.3661971830983337,12.0,117.0,142.0,106.0,42.0,91.0,52.0,148.0,2.6590909090901538,1.956989247311302,0
-0.1499999999998125,0.22279792746102448,-0.028571428571387756,0.17999999999991,1.0,0.5526315789470049,0.3898305084742459,0.0,3.47058823528391,2.2777777777714503,21.0,46.0,36.0,34.0,112.0,75.0,82.0,118.0,2.5034013605425147,1.5789473684206372,0
-0.7358490566030794,0.3972602739724939,-0.7454545454538678,0.3527851458885006,-1.0,0.895910780668812,0.11926605504581686,0.0,10.0,1.2708333333320094,3.0,92.0,96.0,14.0,195.0,110.0,122.0,255.0,3.6616915422867358,1.3134328358206995,0
-0.12643678160912275,0.44886363636350884,-0.006535947712414029,0.7114093959729156,1.0,0.5407854984892626,-0.28333333333309724,0.0,3.355263157890322,0.5584415584408332,42.0,98.0,77.0,76.0,255.0,97.0,43.0,255.0,2.496815286623409,1.1022727272725705,0
-0.10497237569054975,0.37704918032776585,0.17391304347813485,0.43181818181805914,0.4257748775807865,0.5135135135133593,0.2738853503182969,2.4829545440279404,3.1111111111072702,1.7543859649092028,64.0,100.0,57.0,81.0,75.0,114.0,100.0,252.0,2.318840579709473,1.6432432432429471,0
0.0,0.51999999999984,-0.05990783410135488,0.8432835820892376,1.0,0.4154727793695085,-0.6911764705877271,0.0,2.421568627448606,0.18260869565201512,59.0,102.0,115.0,102.0,191.0,78.0,21.0,247.0,2.235616438355552,1.0505050505048736,0
-0.349999999999825,0.27499999999993124,-0.37799043062182874,0.3315926892949526,-1.0,0.5937499999998145,-0.058823529411743083,0.0,3.9230769230708873,0.8888888888882717,104.0,135.0,144.0,65.0,182.0,145.0,128.0,255.0,2.460136674259121,1.5955983493807984,0
-0.0837004405285975,0.271375464683914,-0.2091254752850916,0.12499999999995888,-1.0,0.24363636363627506,-0.08904109589038046,0.0,1.6442307692291882,0.8364779874208577,168.0,123.0,159.0,104.0,174.0,98.0,133.0,171.0,1.8996138996135328,1.4491682070237615,0
-0.3968253968251869,0.3444816053510554,-0.36666666666646297,0.7554585152835129,1.0,0.5581395348835047,-0.6291390728472656,0.0,3.5263157894674975,0.22764227642257914,70.0,132.0,123.0,57.0,244.0,98.0,28.0,201.0,2.7007672634264193,1.2230889235567515,0
-0.2454545454544339,0.3767123287669943,-0.22065727699520157,0.5056179775279005,1.0,0.4154929577463326,-0.3265306122447314,0.0,2.421686746985034,0.5076923076919172,94.0,137.0,130.0,83.0,218.0,91.0,66.0,201.0,2.430155210642477,1.2113144758733425,0
-0.1968503937006324,-0.5874439461880774,-0.009708737864068244,-0.3475177304962075,0.945643793634046,-0.05154639175252418,0.29251700680252213,10.0,0.9019607843119569,1.8269230769195635,22.0,76.0,52.0,51.0,96.0,177.0,95.0,46.0,2.7022222222210215,2.854838709676844,0
-0.5483870967738987,-0.0454545454545307,-0.45454545454515943,-0.10365853658533425,-0.6285998015027752,0.5555555555552616,0.2354948805459947,0.22804878053805414,3.4999999999916667,1.6160714285699855,4.0,144.0,112.0,42.0,179.0,161.0,181.0,147.0,3.449101796406153,1.9876543209873474,0
-0.29999999999988464,-0.14285714285708284,-0.3157894736840918,-0.05555555555552984,-0.7007874017635414,0.05699481865282021,-0.21107266435978855,0.1759259259816205,1.1208791208778892,0.6514285714281992,54.0,169.0,175.0,91.0,38.0,136.0,114.0,102.0,2.7991718426495242,2.640776699028485,0
0.1874999999999349,-0.2401433691755412,0.07210031347960122,-0.17187499999993286,1.0,-0.23465703971110663,0.0067114093959709025,0.0,0.6198830409353101,1.0135135135128288,98.0,117.0,148.0,171.0,71.0,173.0,150.0,106.0,1.8608349900592722,2.646271510515746,0
0.5567567567564559,-0.4822695035459283,0.39130434782589796,-0.2807881773397632,-1.0,-0.32718894009201516,0.34715025906717767,0.0,0.5069444444440925,2.063492063488788,117.0,41.0,63.0,144.0,90.0,209.0,130.0,73.0,0.9562682215740652,2.877796901892792,0
0.2558139534882871,-0.22155688622741226,0.17027863777084512,0.1016949152541511,-0.2521705574996612,-0.4881889763777606,-0.43315508021367216,0.5972265019601919,0.343915343915162,0.39552238805940637,114.0,112.0,134.0,189.0,21.0,102.0,53.0,65.0,1.7001897533203603,2.813793103447306,0
0.24817518248166126,-0.12857142857133674,0.0891719745222646,-0.1527777777776717,1.0,-0.4741379310342784,-0.2654867256635994,0.0,0.35672514619862183,0.5804195804191746,97.0,103.0,143.0,171.0,153.0,79.0,83.0,61.0,1.738396624472207,1.698924731182339,0
-0.18749999999991632,0.12315270935954525,-0.12077294685984505,0.2324324324323068,1.0,0.1121951219511648,-0.24064171122981787,0.0,1.252747252745876,0.6120689655167137,119.0,133.0,116.0,91.0,23.0,89.0,71.0,114.0,2.2352941176465895,2.2603174603167426,0
-0.2765957446805568,0.22985074626858812,-0.1499999999998125,0.2955974842766366,1.0,0.7166666666663681,0.41772151898707743,0.0,6.058823529393944,2.4347826086903592,32.0,60.0,46.0,34.0,100.0,129.0,112.0,206.0,2.580645161288935,1.8297872340422285,0
0.2234432234431416,0.3934426229507122,0.5321100917428752,0.7171717171714758,0.1481344113820157,0.20853080568715437,-0.09677419354828304,1.3477882268454453,1.526946107783517,0.8235294117630911,67.0,106.0,51.0,167.0,191.0,111.0,42.0,255.0,1.9013452914793945,1.3293413173650703,0
-0.2054794520546538,-0.1937984496122529,-0.16546762589916156,-0.3882352941174187,0.40232344855941676,-0.05454545454540496,0.1859296482411126,2.3462915615205855,0.8965517241363852,1.4567901234549916,101.0,88.0,81.0,58.0,82.0,77.0,118.0,52.0,2.1014925373128057,2.1388888888881463,0
0.011152416356873179,0.2754716981131036,-0.007299270072990037,0.6172248803824798,1.0,0.10819672131143994,-0.5505617977524997,0.0,1.2426470588226157,0.2898550724635581,121.0,133.0,138.0,136.0,255.0,96.0,40.0,169.0,2.0344168260034348,1.2467532467530442,0
0.16249999999989845,-0.07428571428569307,-0.026178010471190484,0.003095975232197184,-1.0,0.27058823529401155,0.24324324324314933,0.0,1.7419354838690946,1.6428571428554664,128.0,67.0,98.0,93.0,196.0,188.0,161.0,162.0,1.5098591549291522,2.0490463215256063,0
-0.7283950617274958,0.0631229235880189,-0.7777777777769921,0.09965635738828191,-1.0,0.8713450292392566,0.19634703196338069,0.0,10.0,1.488636363634672,61.0,70.0,88.0,11.0,208.0,141.0,131.0,160.0,2.6415094339610183,1.7353846153843482,0
-0.4093959731540877,0.4752186588919898,-0.33834586466139976,0.4540229885056167,1.0,0.7037037037034668,0.03260869565215619,0.0,5.749999999986931,1.0674157303358793,63.0,105.0,89.0,44.0,184.0,90.0,95.0,253.0,2.6498422712925396,1.1669367909236357,0
-0.016393442622941862,0.5932203389828498,0.24137931034466115,0.280653950953602,0.07523398126729312,0.4461538461537089,0.41176470588213276,1.1627092248983162,2.61111111110821,2.3999999999956363,71.0,93.0,55.0,90.0,161.0,60.0,132.0,235.0,2.144092219019555,0.9302325581393546,0
-0.4747474747469952,-0.8292682926824212,-0.24637681159384583,-0.8541666666662219,0.5522633745361004,-0.29999999999925,0.6108597285065109,3.46691176611626,0.5384615384594675,4.1395348837113035,34.0,73.0,43.0,26.0,119.0,150.0,178.0,14.0,2.8349514563093035,2.771362586604441,0
-0.5621301775144604,-0.5609756097556414,-0.5286624203818289,-0.6999999999996112,0.1394504924945416,-0.15624999999975586,0.12087912087907661,1.3240963857927381,0.7297297297277574,1.2749999999989374,27.0,132.0,120.0,37.0,79.0,96.0,153.0,27.0,3.21951219512097,2.5771812080528265,0
-0.9032258064508845,-0.16587677725110622,-0.9104477611933505,-0.19634703196338069,-0.645197044393185,0.8723404255309869,0.011583011583007112,0.21565985480329908,10.0,1.0234374999992006,43.0,118.0,128.0,6.0,148.0,123.0,131.0,88.0,3.312280701753224,2.0414937759331866,0
-0.22302158273365252,-0.3176470588234049,-0.08474576271179259,-0.31225296442675404,0.5730678367965438,0.2340425531913234,0.4434782608693724,3.6845849845866305,1.6111111111081275,2.5937499999959472,34.0,85.0,64.0,54.0,111.0,168.0,166.0,87.0,2.6356589147276606,2.516853932583798,0
0.12195121951209598,-0.4852941176468804,-0.014285714285704083,-0.4466403162053571,0.9380129856255516,0.007194244604311372,0.4409448818895902,10.0,1.014492753621718,2.577464788728764,77.0,54.0,71.0,69.0,78.0,202.0,183.0,70.0,1.7007874015741336,2.9275362318835274,0
-0.9999999999991935,0.03501945525290466,-0.999999999999,0.2850241545892343,-1.0,0.9999999999992483,-0.14942528735623598,0.0,10.0,0.73999999999926,56.0,124.0,100.0,0.0,31.0,124.0,74.0,133.0,3.2631578947357687,2.407766990290678,0
-0.7664233576636742,-0.02978723404254052,-0.7629629629623979,0.32558139534864794,-1.0,0.7538461538455741,-0.34463276836138723,0.0,7.124999999955469,0.4873949579827837,53.0,121.0,119.0,16.0,150.0,121.0,58.0,114.0,3.1125401929250445,1.9130434782604915,0
-0.43169398907080236,-0.7382198952875717,-0.44086021505352646,-0.6551724137926517,0.19553450610707698,-0.35064935064889524,-0.055118110236198774,1.4861227925992757,0.4807692307683062,0.8955223880590333,44.0,131.0,134.0,52.0,17.0,166.0,120.0,25.0,2.92737430167516,3.5508021390364837,0
-0.09523809523801965,-0.2905660377357394,-0.11627906976735174,-0.22950819672121742,0.32745314232198325,0.2450331125826192,0.3513513513511931,1.9737704935014422,1.6491228070146506,2.08333333333044,1.0,69.0,72.0,57.0,48.0,171.0,150.0,94.0,2.8163265306108083,2.8264462809911515,0
-0.10526315789469068,-0.15053763440852122,-0.1464435146442902,-0.13186813186805943,-0.052370725279084165,-0.1270718232043497,-0.14166666666660765,0.9004709582285899,0.7745098039208093,0.7518248175176995,117.0,126.0,137.0,102.0,86.0,107.0,103.0,79.0,2.1401273885345775,2.2585751978885864,0
-0.14110429447844106,-0.7323943661966674,-0.16666666666656746,-0.4999999999993421,0.5000000000747298,-0.5730337078645247,-0.26451612903208743,3.0000000017978383,0.27142857142818366,0.5816326530606309,75.0,93.0,98.0,70.0,145.0,123.0,57.0,19.0,2.2477341389721306,2.3999999999994146,0
-0.2626728110597868,0.22164948453602534,-0.3869731800764801,0.569536423840871,1.0,0.4952681388011056,-0.4715447154469628,0.0,2.9624999999962967,0.35911602209924914,98.0,137.0,181.0,80.0,175.0,151.0,65.0,237.0,2.4247787610614107,1.691876750700043,0
-0.23148148148137432,0.15501519756834195,-0.2654867256635994,-0.061728395061713154,-0.6227045077027653,0.3919413919412484,0.20111731843569802,0.23251028815346794,2.289156626503266,1.5034965034954522,110.0,133.0,143.0,83.0,113.0,139.0,215.0,190.0,2.318082788670519,1.913941480206211,0
-0.10752688172037231,0.16717325227958446,-0.03488372093021228,-0.032745591939538354,-0.031615417976423296,0.39636363636349226,0.3945578231291175,0.9387069716249384,2.3132530120454056,2.303370786514266,44.0,103.0,89.0,83.0,192.0,137.0,205.0,192.0,2.4744744744737317,1.6656534954404763,0
-0.11229946524058167,0.29655172413782876,0.018404907975448834,0.31468531468520466,0.889489953365134,0.3874538745386024,0.10112359550556117,10.0,2.2650602409611262,1.2249999999984686,134.0,104.0,80.0,83.0,172.0,102.0,98.0,188.0,1.9576470588230688,1.4468085106380413,0
-0.2659574468083692,0.4384858044162655,-0.2698412698411271,0.44761904761890553,1.0,0.5353535353533552,-0.15942028985499546,0.0,3.3043478260821675,0.7249999999993958,94.0,119.0,120.0,69.0,78.0,89.0,87.0,228.0,2.374064837904645,1.4710743801649853,0
-0.32258064516077,-0.9999999999994152,0.31249999999902345,-0.9999999999993198,1.0,-0.9999999999952381,0.8607594936703413,0.0,0.0,10.0,43.0,41.0,11.0,21.0,96.0,171.0,147.0,0.0,2.2465753424642148,3.1232876712321636,0
-0.3989071038249187,-0.7111111111107161,-0.32926829268272606,-0.6030534351140435,0.29365951076532665,-0.3580246913575827,-0.018691588785037995,1.8314956183111106,0.4727272727264132,0.9633027522926942,20.0,128.0,109.0,55.0,40.0,154.0,105.0,26.0,3.0936555891229327,3.2941176470579427,0
-0.455938697317833,-0.5911111111108485,-0.4600760456272015,-0.4619883040932971,0.0020738882995342462,-0.21367521367503103,-0.21135646687690493,1.0041563967189475,0.6478873239427494,0.6510416666663277,61.0,190.0,192.0,71.0,87.0,179.0,125.0,46.0,2.96874999999942,2.9164969450095892,0
-0.3920704845813251,-0.035856573705165,-0.29949238578665005,-0.1418439716311554,-0.35720695007679226,0.27368421052617176,0.11418685121103316,0.47361461729969495,1.7536231884032556,1.2578124999990175,75.0,158.0,128.0,69.0,63.0,130.0,161.0,121.0,2.7478260869559246,2.342342342341815,0
-0.09756097560971644,-0.38755980861225475,-0.05531914893614667,-0.518796992481008,0.8072893447683538,-0.26857142857127514,0.23926380368090822,9.378253342575208,0.5765765765760571,1.6290322580632024,58.0,135.0,124.0,111.0,14.0,145.0,202.0,64.0,2.460136674259121,3.152173913042622,0
-0.234782608695448,0.08943089430887038,-0.03296703296699674,-0.3266331658289816,0.8166461918733893,0.20720720720702054,0.4748603351952655,9.90787272687721,1.522727272723812,2.8085106382918967,14.0,71.0,47.0,44.0,61.0,56.0,132.0,67.0,2.83999999999858,1.866666666665889,0
-0.6315789473680887,-0.7333333333327222,-0.6682464454973137,-0.7697841726613168,0.07060887709128269,-0.3725490196071126,-0.17725752508355277,1.1519465280561765,0.457142857141551,0.6988636363632393,127.0,155.0,176.0,35.0,114.0,104.0,123.0,16.0,2.6271186440672403,2.4615384615377334,0
-0.8765432098760022,-0.47826086956487085,-0.8620689655166469,-0.6756756756753713,-0.12121212121988585,0.5652173913031191,0.1588785046728477,0.7837837838748901,3.599999999964,1.3777777777767573,78.0,152.0,135.0,10.0,181.0,102.0,186.0,36.0,3.1020408163257396,1.9382422802845753,0
-0.9999999999991072,-0.25862068965506096,-0.999999999999099,-0.3119999999998752,-0.5243902439422262,0.9999999999988372,0.19272727272720266,0.3120000000313563,10.0,1.4774774774761463,0.0,112.0,111.0,0.0,174.0,146.0,164.0,86.0,3.9999999999982143,2.1159420289851236,0
-0.425742574257215,-0.9495798319319751,-0.38297872340405165,-0.9417475728146196,0.42179946985857414,-0.9016393442608169,-0.13043478260863894,2.4590075518815553,0.0517241379309453,0.7692307692301776,105.0,144.0,130.0,58.0,175.0,116.0,100.0,3.0,2.554323725054866,2.2634146341457897,0
-0.5627906976741569,-0.20538720538713623,-0.5668202764974347,-0.10606060606056589,-0.684756667114299,0.43030303030276956,-0.07594936708858356,0.1871150530017382,2.5106382978669983,0.8588235294112596,38.0,168.0,170.0,47.0,188.0,179.0,146.0,118.0,3.192399049880477,2.1566265060237715,0
-0.5466666666664237,-0.09999999999997222,-0.5870445344127179,0.031847133757951646,-1.0,0.5211267605631357,-0.12643678160915908,0.0,3.1764705882290656,0.775510204081237,69.0,174.0,196.0,51.0,94.0,198.0,152.0,162.0,2.974358974358339,2.4294478527603633,0
0.04436860068257872,-0.5151515151512029,0.07368421052628994,-0.5266272189345996,1.0,-0.5854922279789713,-0.011494252873558816,0.0,0.2614379084965612,0.977272727271987,118.0,140.0,132.0,153.0,94.0,125.0,129.0,40.0,2.0326678765876527,2.6041666666659884,0
-0.04602510460249121,0.629310344827315,0.1813471502589734,0.024390243902432416,-0.7628992625283991,0.24752475247516584,0.3899613899612394,0.13449477344503272,1.657894736840651,2.2784810126553436,122.0,125.0,79.0,114.0,130.0,43.0,180.0,189.0,2.0576131687238566,0.849382716049173,0
-0.21509433962256036,0.29946524064163116,-0.13692946058085606,0.38068181818171004,1.0,0.40057636887596526,-0.11382113821133585,0.0,2.336538461536215,0.7956204379556238,133.0,161.0,137.0,104.0,134.0,131.0,109.0,243.0,2.3041144901605892,1.64006259780882,0
-0.16853932584250725,0.1225071225070876,-0.3833333333330139,0.2918032786884289,-1.0,0.6837606837603916,0.1308900523559524,0.0,5.324324324309934,1.3012048192755408,62.0,52.0,83.0,37.0,51.0,154.0,108.0,197.0,2.049261083742833,2.2158273381290976,0
-0.6769230769225563,-0.5802469135800081,-0.6111111111105453,-0.5405405405402971,-0.06127770535058594,0.4166666666660879,0.32558139534871106,0.884520884666045,2.4285714285598643,1.9655172413770512,41.0,109.0,87.0,21.0,43.0,192.0,171.0,51.0,3.1142857142846023,3.21338912133824,0
-0.745098039215321,-0.6315789473681441,-0.7142857142853218,-0.57142857142828,-0.11111111111973365,0.2352941176467128,-0.006451612903223726,0.8000000001120315,1.6153846153784024,0.9871794871788544,44.0,178.0,156.0,26.0,186.0,186.0,154.0,42.0,3.3427230046940513,2.4799999999995865,0
-0.31891891891883273,-0.7793103448270489,-0.33684210526306924,-0.8288770053471504,0.422087015343451,-0.7746478873233982,-0.19529411764701288,2.4607286103555293,0.1269841269840262,0.6732283464564279,159.0,244.0,254.0,126.0,122.0,129.0,171.0,16.0,2.5252263906853134,2.606060606059948,0
-0.5230769230767219,-0.9999999999991597,-0.44144144144124264,-0.9999999999992755,0.3875000000267663,-0.9999999999983871,-0.07382550335567993,2.26530612296152,0.0,0.862499999999461,126.0,198.0,160.0,62.0,105.0,119.0,138.0,0.0,2.712328767122823,2.7755102040808235,0
0.09848484848481119,-0.9659090909085422,0.13281249999994812,-0.9653179190745866,1.0,-0.9594594594588113,0.2099644128113132,0.0,0.020689655172399526,1.5315315315301516,75.0,119.0,111.0,145.0,38.0,173.0,170.0,3.0,2.0786026200868823,3.5762273901799544,0
0.2961373390556669,-0.2597402597400911,0.2226720647772378,0.04587155963298544,-0.6583679112349275,-0.45192307692285966,-0.2972972972970964,0.2060050040775212,0.3774834437083593,0.5416666666661024,31.0,82.0,96.0,151.0,33.0,97.0,52.0,57.0,1.8959537572248857,2.732394366196221,0
0.1693989071037326,-0.6129032258054631,0.09743589743584748,-0.7966101694908503,1.0,-0.7983193277304216,0.09278350515459136,0.0,0.11214953271017555,1.2045454545440857,90.0,76.0,88.0,107.0,116.0,50.0,106.0,12.0,1.7421203438390425,1.7543859649115112,0
-0.14893617021266034,0.15343915343907227,-0.016393442622937383,0.11224489795912641,1.0,0.2899408284021953,0.16778523489921626,0.0,1.8166666666636389,1.4032258064493497,79.0,81.0,62.0,60.0,182.0,80.0,87.0,109.0,2.1528239202650656,1.4190687361415923,0
-0.056338028168974416,0.36389684813743156,0.022900763358761147,0.3446327683614846,0.8753813656384338,0.5606557377047342,0.28888888888872843,10.0,3.5522388059648473,1.8124999999971678,33.0,75.0,64.0,67.0,174.0,111.0,116.0,238.0,2.3999999999990402,1.4006309148262774,0
-0.7948717948712855,-0.3378378378376096,-0.7681159420284289,-0.3049645390068759,-0.431609195442514,0.5076923076915266,-0.14018691588778498,0.3970293055514941,3.0624999999808598,0.7540983606551196,51.0,140.0,122.0,16.0,208.0,99.0,92.0,49.0,3.227665706050943,1.740659340658958,0
-0.27804878048766923,0.11111111111107129,-0.12941176470580623,-0.12429378531069936,-0.020172910670622688,0.35371179039285866,0.349152542372763,0.9604519781435912,2.094594594591764,2.0729166666645074,0.0,131.0,96.0,74.0,189.0,124.0,199.0,155.0,3.119047619046691,1.6756756756753926,0
-0.27058823529401155,-0.5871886120994352,-0.3519163763064976,-0.5538461538459408,0.222938983276061,-0.2317880794700452,0.0202020202020151,1.5738004574159257,0.623655913977824,1.0412371134015252,62.0,162.0,194.0,93.0,212.0,223.0,202.0,58.0,2.7056367432144666,2.4916201117314953,0
0.1596638655460843,-0.9420289855067914,-0.19298245614023804,-0.905511811022909,0.6486418511656294,-0.83999999999888,0.0852017937219349,4.692197568643775,0.08695652173900441,1.1862745098027585,82.0,50.0,102.0,69.0,146.0,201.0,121.0,6.0,1.5936254980073332,2.9025270758117503,0
-0.462499999999711,-0.13636363636359208,-0.4415584415581549,0.29126213592218875,-1.0,0.5113636363633458,-0.20652173913032257,0.0,3.0930232558067603,0.6576576576570652,62.0,117.0,111.0,43.0,98.0,175.0,73.0,133.0,2.7610619469018407,2.4096385542164525,0
0.24347826086945937,0.16293929712454858,0.20675105485223344,0.05507246376809998,-0.5793161432764519,0.11999999999996308,0.26848249027226906,0.2663708960557594,1.2727272727263828,1.7340425531896446,31.0,87.0,94.0,143.0,177.0,131.0,163.0,182.0,1.9999999999994253,1.6876006441221114,0
-0.39024390243854845,-0.03673469387753603,-0.494949494948995,-0.18900343642605189,-0.4473203411126387,0.6503496503491956,0.40080971659902803,0.3818640859179284,4.719999999981121,2.3378378378346785,104.0,57.0,74.0,25.0,153.0,127.0,173.0,118.0,1.876543209875771,1.9352380952377264,0
-0.5773195876285684,-0.20579710144921573,-0.5614973262029084,-0.16207951070331436,-0.5520047010661288,0.5393258426963262,0.130952380952342,0.2886558905422272,3.3414634146259963,1.3013698630128074,45.0,153.0,146.0,41.0,178.0,208.0,190.0,137.0,3.12244897959104,2.276333789329374,0
-0.38666666666649485,-0.3387978142075577,-0.31683168316816,-0.2507739938079719,-0.11637954314294824,0.27368421052617176,0.20597014925366985,0.7915054182066219,1.7536231884032556,1.5187969924800613,71.0,156.0,133.0,69.0,255.0,245.0,202.0,121.0,2.761061946902044,2.263279445727221,0
-0.22959183673463532,-0.26132404181175567,-0.2561576354679172,-0.0577777777777521,-0.6319129648432328,-0.17509727626452332,-0.36363636363626645,0.2255555556435643,0.7019867549664226,0.4666666666664837,198.0,241.0,255.0,151.0,148.0,181.0,119.0,106.0,2.320096269554474,2.3506493506489687,0
-0.31525423728802876,-0.32926829268272606,-0.1887550200802455,-0.37499999999978695,0.33036509355808136,-0.29487179487160586,-0.1003717472118586,1.986702128711773,0.5445544554450054,0.8175675675670152,141.0,194.0,148.0,101.0,182.0,109.0,121.0,55.0,2.4634920634916724,1.9164835164830953,0
0.08554572271383908,-0.3639344262293889,0.16455696202526437,-0.3216783216782092,1.0,-0.3096085409251567,0.17757009345788863,0.0,0.5271739130431918,1.4318181818170972,95.0,155.0,132.0,184.0,174.0,208.0,189.0,97.0,2.1052631578943792,2.4221251819501566,0
-0.028824833702876092,-0.8012422360243471,0.013888888888885674,-0.7192982456134042,1.0,-0.863829787233675,-0.36977491961402903,0.0,0.07305936073056025,0.46009389671339906,118.0,232.0,213.0,219.0,179.0,145.0,98.0,16.0,2.3171036204741178,2.3917525773190946,0
-0.27096774193539647,-0.1506849315066429,-0.2206896551723377,-0.38613861386100384,0.27264543720002643,-0.5694444444440491,-0.43319838056662624,1.7496905948511055,0.27433628318559794,0.39548022598847715,141.0,197.0,177.0,113.0,56.0,42.0,70.0,31.0,2.432098765431723,1.9649122807006054,0
0.28571428571418367,0.08713692946054476,0.4814814814812834,0.13913043478254822,-0.5516346651939456,-0.15755627009641238,0.22222222222208507,0.28896321064231895,0.7277777777773735,1.571428571426077,112.0,100.0,63.0,180.0,30.0,110.0,99.0,131.0,1.6260162601622712,2.309711286088633,0
0.30081300812983675,0.2627737226276413,0.2499999999998047,0.1728813559321448,-0.18236472941557974,0.3675889328061788,0.4352941176468028,0.6915254234525091,2.162499999997297,2.5416666666613716,97.0,43.0,48.0,80.0,111.0,101.0,122.0,173.0,1.3079847908740274,1.6625514403288761,0
-0.5849056603768067,-0.3014354066984204,-0.5769230769225222,-0.1257485029939367,-0.6420845625298157,0.5368421052625928,0.06818181818177944,0.21796407189414696,3.3181818181667357,1.146341463413236,0.0,84.0,82.0,22.0,137.0,136.0,94.0,73.0,3.5368421052612966,2.2572614107879136,0
-0.5483870967738398,-0.19691119691112088,-0.45312499999964606,-0.19691119691112088,-0.39415313231104876,0.49640287769748465,0.24999999999989922,0.4345626415552683,2.9714285714200814,1.6666666666648746,89.0,120.0,93.0,35.0,167.0,155.0,155.0,104.0,2.637362637361913,2.1342512908774296,0
-0.3173076923075398,-0.9319727891150124,-0.29702970297015,-0.9565217391300189,0.5260989011408914,-0.8684210526304362,0.26404494382015053,3.220289856156822,0.07042253521116841,1.717557251907086,76.0,137.0,131.0,71.0,245.0,142.0,225.0,5.0,2.6033254156763412,2.127340823969639,0
-0.2038834951454331,-0.5873015873013543,-0.17171717171699827,-0.6104868913855391,0.5609402206174906,0.11827956989234593,0.5750915750913644,3.5551883695544584,1.2682926829237358,3.7068965517177466,50.0,62.0,58.0,41.0,217.0,200.0,215.0,52.0,2.306976744184974,2.391629297458536,0
-0.14285714285705783,-0.3850746268655567,-0.24210526315776734,-0.35825545171328405,0.19346733671574562,0.17714285714275593,0.2976190476189591,1.4797507794277185,1.4305555555535687,1.8474576271170784,61.0,96.0,118.0,72.0,146.0,232.0,218.0,103.0,2.363076923076196,2.60308555399683,0
0.3636363636360882,0.10389610389608141,0.29496402877676625,0.16704805491987024,-0.2768671607152178,0.4782608695650788,0.5757575757573266,0.5663336494147958,2.8333333333301853,3.714285714278134,31.0,42.0,49.0,90.0,190.0,207.0,182.0,255.0,1.639024390243103,1.9278230500579827,0
0.01652892561982788,0.09823677581861506,-0.050193050193030816,0.24571428571421552,1.0,0.27859237536648723,-0.01492537313432279,0.0,1.7723577235757948,0.9705882352934041,137.0,119.0,136.0,123.0,168.0,179.0,132.0,218.0,1.9116465863449976,1.92473118279544,0
-0.3177842565596741,0.0632911392404903,-0.3371104815863068,-0.04328018223233639,-0.7724435097368811,0.28440366972468367,-0.015053763440856979,0.1283857506937066,1.7948717948702608,0.9703389830504363,15.0,226.0,236.0,117.0,255.0,185.0,229.0,210.0,3.095890410958374,1.772455089820147,0
-0.1255813953487788,-0.2067039106144674,-0.11320754716975792,-0.284634760705218,0.43089236661180147,0.2033898305083884,0.36729222520097393,2.5142737217848863,1.5106382978707333,2.161016949150711,22.0,121.0,118.0,94.0,224.0,216.0,255.0,142.0,2.7039106145243843,2.165413533834315,0
-0.5340501792112782,-0.40999999999979503,-0.5608108108106213,-0.49999999999978817,-0.05732484076977785,-0.04838709677415452,-0.13235294117643814,0.8915662652191425,0.9076923076909112,0.7662337662334345,109.0,214.0,231.0,65.0,165.0,141.0,177.0,59.0,2.843853820597534,2.229249011857267,0
-0.4971428571425731,-0.1288888888888316,-0.5294117647055993,0.11363636363629907,-1.0,0.3802816901405773,-0.2941176470586905,0.0,2.2272727272676653,0.545454545454164,148.0,131.0,143.0,44.0,218.0,127.0,78.0,98.0,2.308370044052355,1.7824561403505643,0
-0.11111111111106996,0.021164021164015567,-0.127272727272681,0.04043126684635029,-1.0,0.23322683706062838,0.06906906906904833,0.0,1.6083333333319931,1.1483870967734529,95.0,150.0,155.0,120.0,227.0,185.0,178.0,193.0,2.330097087378188,1.8734177215187502,0
-0.4437869822483894,-0.19428571428565877,-0.43543543543530466,0.0804597701149117,-1.0,0.1999999999999149,-0.33147632311968483,0.0,1.4999999999984042,0.5020920502089949,134.0,244.0,239.0,94.0,113.0,209.0,120.0,141.0,2.7262569832398427,2.4880952380948678,0
-0.2689295039163789,-0.17482517482505258,-0.28934010152276923,0.6619718309849831,1.0,-0.40703517587919247,-0.9097744360898836,0.0,0.42142857142827045,0.04724409448817038,137.0,243.0,254.0,140.0,74.0,84.0,12.0,59.0,2.547837483616966,2.232558139534142,0
0.21632653061215662,-0.036036036036019806,0.17322834645662472,0.02392344497606511,-0.7573093823791264,-0.1640624999999359,-0.014492753623181405,0.13810352319125227,0.7181208053686456,0.9714285714276463,89.0,96.0,105.0,149.0,93.0,115.0,102.0,107.0,1.7860465116274917,2.1395348837204327,0
-0.3271028037381649,-0.6621621621617149,-0.3207547169809808,-0.6774193548382726,0.3573170732064531,-0.48453608247372726,-0.037037037037023324,2.1119544598611024,0.34722222222174,0.9285714285707654,141.0,142.0,140.0,72.0,86.0,123.0,130.0,25.0,2.285714285713826,2.7563025210076315,0
-0.2959999999997632,-0.11827956989243073,-0.08333333333324652,0.11312217194565018,1.0,0.47305389221528565,0.30666666666646225,0.0,2.795454545448192,1.8846153846117604,25.0,81.0,52.0,44.0,55.0,156.0,98.0,123.0,2.805194805193591,2.5469387755096844,0
0.08474576271179259,0.058823529411735874,0.20754716981112495,-0.06493506493503683,-1.0,0.2558139534882234,0.4909090909087934,0.0,1.6874999999973632,2.9285714285644557,61.0,54.0,42.0,64.0,115.0,96.0,123.0,108.0,1.8540772532180885,1.8506024096381084,0
-0.12676056338010316,-0.03124999999997559,-0.0882352941175173,-0.3111111111109383,0.5581014731351588,0.3333333333329749,0.5225806451609533,3.525925929925202,1.9999999999935485,3.1891891891805697,43.0,40.0,37.0,31.0,185.0,66.0,118.0,62.0,2.0779220779207286,1.3931398416882868,0
-0.44881889763744187,-0.48085106382958265,-0.32692307692276257,-0.5447761194027818,0.24991768195189631,0.2708333333330512,0.49999999999981887,1.6663740128021787,1.742857142852163,2.999999999995652,34.0,92.0,69.0,35.0,146.0,174.0,207.0,61.0,2.9090909090897594,2.508108108107656,0
-0.4452554744522298,-0.11784511784507817,-0.43703703703671337,-0.2535612535611813,-0.26567656769502446,0.5502958579878401,0.3880126182964076,0.5801825294680897,3.4473684210435596,2.268041237111064,89.0,99.0,97.0,38.0,231.0,166.0,220.0,131.0,2.4369230769223273,1.9135446685876205,0
-0.361702127659318,-0.3574007220215316,-0.39999999999973335,-0.3904109589039759,-0.012131715772603257,0.32835820895497886,0.31818181818171487,0.9760273975045973,1.9777777777733827,1.933333333331492,90.0,96.0,105.0,45.0,207.0,188.0,203.0,89.0,2.348623853210291,2.238095238094905,0
-0.23849372384927262,-0.10869565217388942,-0.1911111111110262,0.01990049751243286,-1.0,0.385135135135005,0.19033232628393043,0.0,2.252747252744777,1.4701492537302463,101.0,148.0,134.0,91.0,151.0,255.0,197.0,205.0,2.4262295081962244,2.3556581986140466,0
-0.08974358974357056,-0.06628242074926044,-0.08974358974357056,-0.024096385542161418,-0.5766621443329072,-0.13599999999996373,-0.19999999999995294,0.2685025820547589,0.7605633802813331,0.6666666666664053,115.0,255.0,255.0,213.0,187.0,185.0,170.0,162.0,2.4343675417658193,2.0584144645337887,0
-0.0072463768115915775,-0.42765273311883356,-0.014388489208627918,-0.4125412541252764,0.9325955177091291,-0.2123893805308795,0.2056338028168435,10.0,0.6496350364958763,1.5177304964528244,130.0,139.0,141.0,137.0,141.0,222.0,214.0,89.0,2.0403669724766895,2.635014836794861,0
-0.10126582278477808,0.1788617886178135,-0.04697986577179632,0.19834710743793457,1.0,0.010452961672470226,-0.23320158102757582,0.0,1.0211267605626613,0.6217948717944732,82.0,174.0,156.0,142.0,149.0,101.0,97.0,145.0,2.433566433566008,1.6290322580641878,0
-0.08962264150941283,-0.031111111111097284,-0.03980099502486572,-0.06034482758618089,0.20513918650025645,-0.2781456953641463,-0.25903614457823526,1.5161637969125337,0.5647668393779458,0.5885167464112017,189.0,231.0,209.0,193.0,119.0,116.0,123.0,109.0,2.18957345971538,2.0173913043473877,0
0.05670103092782044,-0.24067796610161335,0.0,-0.19713261648738456,1.0,-0.29337539432167403,-0.10215053763438114,0.0,0.5463414634143676,0.8146341463410661,157.0,183.0,205.0,205.0,241.0,183.0,167.0,112.0,2.0109890109887347,2.0361613351874777,0
-0.2090680100755141,-0.29120879120871124,-0.12290502793292657,-0.24781341107864496,0.3369359870861809,-0.09790209790206368,0.03132530120481173,2.0163000281446184,0.8216560509548907,1.0646766169148933,148.0,240.0,201.0,157.0,94.0,235.0,214.0,129.0,2.445859872611153,2.7128427128423214,0
0.11353711790390535,-0.35616438356152186,0.12582781456950864,-0.1255813953487788,-1.0,-0.4613180515757991,-0.24137931034475194,0.0,0.36862745098024763,0.6111111111108025,105.0,203.0,198.0,255.0,62.0,198.0,121.0,94.0,2.120104438642021,2.869565217390784,0
-0.07608695652171846,-0.5958904109587001,-0.08847184986592803,-0.3886010362692287,0.6291055207467467,-0.48471615720502853,-0.20474777448065143,4.392369293705955,0.34705882352920764,0.6600985221671626,180.0,198.0,203.0,170.0,84.0,233.0,134.0,59.0,2.1233243967825572,3.0607553366169027,0
-0.1105263157894446,-0.7105263157890063,0.03999999999998769,-0.6834532374095803,1.0,-0.7696335078530002,-0.14285714285709053,0.0,0.13017751479282239,0.7499999999995193,210.0,211.0,156.0,169.0,55.0,130.0,117.0,22.0,2.107365792758788,3.0860534124619923,0
0.23655913978481907,-0.06614785992215326,0.41104294478502396,-0.06249999999997559,-1.0,0.0212765957446718,0.4782608695649575,0.0,1.043478260868658,2.8333333333274306,70.0,71.0,48.0,115.0,62.0,137.0,136.0,120.0,1.7370030581034444,2.4035087719292973,0
-0.069999999999965,-0.03896103896101367,-0.15837104072391026,0.1839999999998528,1.0,-0.11377245508975224,-0.43016759776512287,0.0,0.7956989247303272,0.39843749999968875,32.0,107.0,128.0,93.0,74.0,80.0,51.0,74.0,2.5250737463119397,2.077922077921403,0
-0.5433070866137454,0.19597989949738898,-0.5206611570243631,0.32960893854730194,-1.0,0.6081081081076972,-0.2105263157893352,0.0,4.10344827584792,0.6521739130427694,9.0,98.0,92.0,29.0,224.0,80.0,60.0,119.0,3.3504273504259188,1.2723658051687332,0
-0.0070921985815552546,-0.03272727272726083,-0.16167664670649,-0.07317073170729158,-0.37686567180215624,0.31034482758605403,0.227091633466045,0.4525745260252965,1.8999999999972856,1.5876288659777447,36.0,71.0,97.0,70.0,127.0,142.0,154.0,133.0,2.2903225806442378,2.088235294117263,0
-0.11538461538455992,0.16763005780341977,-0.14814814814807956,0.20958083832329055,1.0,0.3741496598638183,0.031249999999987794,0.0,2.195652173910657,1.0645161290313996,102.0,116.0,124.0,92.0,255.0,144.0,132.0,202.0,2.1784037558680334,1.546308724832007,0
0.08571428571423674,-0.05555555555553841,-0.08212560386469463,-0.09467455621298974,0.07097817303943074,0.23387096774184118,0.24579124579116304,1.1528019505859615,1.6105263157877783,1.6517857142842394,57.0,80.0,112.0,95.0,120.0,171.0,185.0,153.0,2.051282051281394,2.2243902439020773,0
-0.08133971291862137,-0.06352941176469093,-0.08133971291862137,-0.1233480176211182,0.20523118123518477,0.349152542372763,0.38586956521728644,1.5164550420305851,2.0729166666645074,2.256637168139596,80.0,113.0,113.0,96.0,165.0,226.0,255.0,199.0,2.2487562189049135,2.2156862745095323,0
0.06705539358598628,-0.673003802281113,0.016666666666662038,-0.6431535269706875,1.0,-0.6194690265483985,0.05599999999998507,0.0,0.23497267759550003,1.1186440677959781,120.0,160.0,177.0,183.0,121.0,220.0,198.0,43.0,2.0545746388439716,2.9139072847677294,0
-0.13242009132417068,-0.5096153846151397,-0.13832199546482124,-0.6357142857140587,0.6425955764708522,-0.5767634854769391,-0.04583333333332379,4.595901642666274,0.2684210526314377,0.9123505976091983,183.0,248.0,251.0,190.0,126.0,157.0,229.0,51.0,2.283084004602729,2.558044806516791,0
0.1294765840220029,0.02362204724408519,0.20943952802353705,0.1818181818180992,-0.0705962988168543,-0.22388059701485855,-0.19642857142848374,0.8681177972806283,0.6341463414631053,0.6716417910442749,65.0,158.0,134.0,205.0,91.0,124.0,90.0,130.0,2.1569965870303487,2.1151385927500823,0
-0.2141057934508277,-0.19130434782600378,-0.24087591240870052,-0.02105263157893629,-0.839249046961697,-0.2530120481926695,-0.44886363636350884,0.087400319015526,0.596153846153464,0.3803921568625959,176.0,241.0,255.0,156.0,124.0,137.0,97.0,93.0,2.3685503685500775,2.232179226068792,0
0.0,0.20610687022895519,0.007905138339919387,0.11792452830185898,0.8743517551208025,-0.0365853658536511,-0.14611872146115387,10.0,0.9294117647055179,0.7450199203184283,178.0,255.0,251.0,255.0,122.0,156.0,187.0,237.0,2.163308589607406,1.8599105812217793,0
0.0,-0.11827956989243073,0.20853080568715437,-0.3050847457626257,1.0,-0.3492063492062568,0.1608040201004621,0.0,0.48235294117628147,1.3832335329333036,255.0,255.0,167.0,255.0,46.0,156.0,231.0,123.0,1.999999999999804,2.594594594594055,0
0.10176991150440226,-0.27035830618883705,0.08260869565215595,-0.18840579710138103,1.0,-0.37950138504144615,-0.1253333333332999,0.0,0.44979919678696795,0.7772511848337549,198.0,203.0,211.0,249.0,140.0,195.0,164.0,112.0,1.9038686987102105,2.4299065420556962,0
0.15124153498867918,-0.5286195286193507,0.05809128630704189,-0.5409836065571997,1.0,-0.5692307692305941,0.01731601731601357,0.0,0.274509803921461,1.0352422907484427,195.0,188.0,227.0,255.0,56.0,227.0,235.0,70.0,1.8208232445518375,3.1310344827580807,0
0.12469437652808688,-0.014925373134317221,0.22994652406410965,-0.14285714285705012,-1.0,-0.5540540540538669,-0.24137931034472357,0.0,0.2869565217390057,0.6111111111106868,200.0,179.0,144.0,230.0,33.0,68.0,88.0,66.0,1.8172588832485002,2.314893617020292,0
0.38586956521728644,0.09734513274331977,0.4739884393062214,0.02479338842974182,-0.9005842350459659,-0.3456464379946318,0.1291866028707516,0.052308002407824954,0.4862745098037309,1.2967032967018717,142.0,113.0,91.0,255.0,117.0,102.0,118.0,124.0,1.451043338683555,1.8337078651681273,0
0.19521912350589832,-0.6770186335399522,0.03806228373701105,-0.47999999999952,1.0,-0.7045454545450542,-0.30516431924868304,0.0,0.1733333333332178,0.5323741007190415,143.0,101.0,139.0,150.0,100.0,135.0,74.0,26.0,1.6323232323229027,2.7272727272720387,0
-0.4807692307687685,-0.3525179856112572,-0.3493975903610248,-0.23728813559301926,-0.19108945356529122,0.24999999999965278,0.13178294573633195,0.679135008961419,1.666666666660494,1.3035714285691007,63.0,77.0,56.0,27.0,88.0,94.0,73.0,45.0,2.5245901639333916,2.342679127725127,0
-0.14634146341445567,0.08997429305910283,-0.3577981651372864,0.23976608187127493,-1.0,0.7165991902831107,0.2745098039214341,0.0,6.057142857125551,1.7567567567543827,0.0,47.0,74.0,35.0,129.0,177.0,130.0,212.0,2.9147286821682834,2.0374100719421526,0
0.23404255319124037,0.12442396313358323,0.13725490196064974,-0.054263565891451836,-1.0,0.35555555555535806,0.5111111111108272,0.0,2.103448275858442,3.090909090902066,81.0,36.0,44.0,58.0,134.0,95.0,136.0,122.0,1.36492890995196,1.7040358744390798,0
0.16129032258054113,-0.05882352941174435,0.06508875739641119,-0.11688311688307894,1.0,0.2035398230087595,0.370517928286705,0.0,1.511111111109432,2.1772151898706618,47.0,65.0,79.0,90.0,137.0,153.0,172.0,136.0,1.9475655430704317,2.1139896373053344,0
0.09374999999995118,-0.16417910447755069,0.0447761194029628,-0.27974276527322195,1.0,0.03225806451611417,0.349152542372763,0.0,1.0666666666656508,2.0729166666645074,103.0,87.0,96.0,105.0,209.0,156.0,199.0,112.0,1.8219895287953347,1.9715639810423424,0
-0.24844720496886696,-0.5158730158728112,-0.22186495176841742,-0.5999999999998034,0.4600938967695942,-0.32967032967014853,0.12442396313361188,2.704347827305856,0.504132231404542,1.2842105263151136,186.0,201.0,190.0,121.0,61.0,191.0,244.0,61.0,2.2679830747528533,3.0317460317454303,0
-0.6033057851237177,-0.7423312883431029,-0.5770925110129617,-0.7717391304343633,0.1443075721644344,-0.3913043478255198,-0.04678362573098047,1.337288417091863,0.4374999999990885,0.9106145251391562,157.0,194.0,179.0,48.0,39.0,142.0,163.0,21.0,2.6172006745358147,3.302325581394389,0
-0.3110539845757555,-0.4973821989526192,-0.28723404255311513,-0.4838709677416754,0.2550066756003665,-0.47252747252721294,-0.27368421052624375,1.6845878142061002,0.3582089552236133,0.5702479338840619,156.0,255.0,242.0,134.0,32.0,143.0,138.0,48.0,2.549999999999681,3.1256830601084356,0
-0.15632754342427882,-0.26470588235281145,-0.19999999999995294,-0.2682926829266984,0.14583333336435125,-0.3877551020406581,-0.32467532467524035,1.3414634153045393,0.4411764705879758,0.5098039215684276,180.0,233.0,255.0,170.0,21.0,129.0,130.0,75.0,2.284313725489916,2.915254237287312,0
0.06249999999998698,-0.06515580736542063,0.11842105263155298,0.0030395136778106264,-0.9499506083716682,-0.21428571428566326,-0.10136986301367086,0.025667004368732118,0.647058823529158,0.8159203980095444,108.0,225.0,201.0,255.0,30.0,188.0,164.0,165.0,2.2140221402211298,2.633975481610747,0
0.284634760705218,-0.5463917525771318,0.49999999999985295,-0.4476987447696872,-1.0,-0.5887850467287885,0.3410852713176973,0.0,0.2588235294116632,2.035294117644664,224.0,142.0,85.0,255.0,20.0,225.0,173.0,66.0,1.4888597640889267,3.3582089552232537,0
0.19078947368414778,-0.2348668280871102,0.06470588235292214,-0.09714285714282939,1.0,-0.0678466076695965,0.09401709401706723,0.0,0.8729281767950979,1.2075471698105613,203.0,123.0,159.0,181.0,98.0,255.0,192.0,158.0,1.5619047619045139,2.6631853785897306,0
0.07594936708859157,0.05164319248823867,0.05590062111800085,-0.2028469750888958,1.0,-0.38964577656665134,-0.148614609571751,0.0,0.4392156862743376,0.7412280701751135,195.0,219.0,228.0,255.0,37.0,101.0,169.0,112.0,1.9729729729727508,2.301994301993646,0
0.15602836879427093,-0.3879003558717481,0.2348484848483959,0.0683229813664172,-0.5492782863314013,-0.3092369477910405,-0.1477272727271888,0.2909236624687191,0.5276073619628665,0.7425742574250074,255.0,119.0,101.0,163.0,73.0,195.0,75.0,86.0,1.4512195121949005,2.841530054644291,0
0.2666666666665983,0.33834586466152694,0.2506329113923416,0.4957983193275228,0.32845009401053143,-0.1623529411764324,-0.4230769230767197,1.9781852126897248,0.7206477732790605,0.40540540540513154,183.0,143.0,148.0,247.0,118.0,88.0,60.0,178.0,1.5977653631282684,1.4915254237284976,0
0.10955710955708402,-0.17880794701974914,0.030303030303023743,-0.3705583756343297,1.0,-0.5866666666664712,-0.24791086350968025,0.0,0.2605042016805628,0.6026785714283024,209.0,191.0,224.0,238.0,94.0,89.0,135.0,62.0,1.843184559710272,2.1317365269454696,0
-0.34234234234218813,-0.7342657342652209,-0.3916666666665035,-0.648148148147548,0.24666073021048146,-0.5869565217384924,-0.304687499999881,1.6548463361190704,0.26027397260238316,0.5329341317362079,140.0,149.0,167.0,73.0,87.0,124.0,89.0,19.0,2.332681017612068,2.8022598870048583,0
0.3209876543207895,0.053097345132719874,0.06467661691539071,-0.2396166134184538,1.0,0.053097345132719874,0.3472222222221017,0.0,1.112149532709241,2.063829787231847,0.0,55.0,94.0,107.0,80.0,107.0,194.0,119.0,2.027649769584319,2.072639225181096,0
0.7948717948697567,-0.13207547169805092,0.7499999999981249,-0.051546391752550755,-1.0,0.44881889763744187,0.9065420560739191,0.0,2.628571428563918,10.0,63.0,4.0,5.0,35.0,72.0,120.0,102.0,92.0,0.3018867924525454,2.376237623761788,0
-0.35483870967627473,0.23076923076911984,-0.5121951219499702,-0.1466666666666178,-0.5547877592147684,0.8550724637674963,0.6945812807878352,0.28634920640571565,10.0,5.548387096756296,54.0,21.0,31.0,10.0,75.0,80.0,172.0,128.0,1.5849056603758633,1.7630853994485503,0
-0.06306306306300624,-0.8579234972672908,-0.272727272727082,-0.8311688311682915,0.505882352987022,-0.5999999999990769,0.21551724137921746,3.0476190487366606,0.24999999999951922,1.5494505494488466,44.0,59.0,91.0,52.0,82.0,170.0,141.0,13.0,2.2056074766344835,3.1264367816084766,0
-0.2718204488777377,0.01657458563535454,-0.2718204488777377,0.025069637883001376,-1.0,0.11515151515148025,-0.1860465116278637,0.0,1.2602739726018766,0.6862745098036525,104.0,255.0,255.0,146.0,66.0,178.0,175.0,184.0,2.6842105263154363,2.3498349834979617,0
-0.5272727272725675,0.06060606060603,-0.5301204819275512,-0.13223140495862304,-0.6007215875832145,0.14754098360647677,-0.2992327365728135,0.24943651394634864,1.3461538461521203,0.5393700787399451,134.0,252.0,254.0,78.0,6.0,93.0,137.0,105.0,2.8156424581001653,2.505050505049662,0
-0.3110539845757555,-0.301204819276927,-0.30208333333325466,-0.36956521739110354,0.100472016198231,-0.3958333333331272,-0.3297872340424655,1.2233883062517141,0.4328358208951994,0.5039999999997984,246.0,255.0,250.0,134.0,64.0,108.0,126.0,58.0,2.2921348314604164,2.556213017750723,0
-0.12832929782079217,-0.32203389830494833,-0.14285714285710885,-0.139784946236484,-0.010869565221386754,-0.3846153846152367,-0.3872832369941077,0.9784946243405672,0.44444444444419756,0.4416666666664827,150.0,233.0,240.0,180.0,0.0,156.0,106.0,80.0,2.3417085427132736,3.183673469386943,0
0.0,-0.6585365853655325,-0.030303030303023743,-0.6774193548383975,0.9143646410131562,-0.729729729729448,-0.13333333333330158,10.0,0.15624999999993025,0.7647058823526199,188.0,224.0,238.0,224.0,48.0,170.0,182.0,35.0,2.0837209302323156,3.215130023639902,0
0.29365079365067714,-0.4777070063691225,0.12413793103443996,-0.7172413793100976,1.0,-0.5980392156859814,0.3244680851062967,0.0,0.25153374233113407,1.9606299212582987,210.0,89.0,127.0,163.0,121.0,116.0,249.0,41.0,1.2921960072592935,2.355329949237981,0
-0.2181303116146691,-0.11363636363633135,-0.19999999999994203,-0.24087591240870052,0.09271523180913233,0.06122448979589754,0.10389610389608141,1.2043795626460414,1.1304347826078767,1.2318840579704196,175.0,215.0,207.0,138.0,166.0,196.0,255.0,156.0,2.31493943472378,2.1960784313722415,0
-0.04564315352696149,-0.29537366548032196,0.006564551422318038,0.07608695652169778,0.8411510781189351,-0.3981762917931921,-0.4551282051280593,10.0,0.43043478260850854,0.3744493392068835,99.0,252.0,227.0,230.0,58.0,182.0,85.0,99.0,2.4201680672266,2.794625719769137,0
0.19327731092428854,-0.5800711743770178,0.21888412017157988,-0.5999999999997966,1.0,-0.41293532338287914,0.4434250764524638,0.0,0.41549295774618633,2.5934065934037434,138.0,96.0,91.0,142.0,159.0,222.0,236.0,59.0,1.6271186440674519,2.682779456192948,0
0.1216931216930895,-0.2666666666665679,-0.004694835680750071,0.14450867052014768,1.0,-0.3633440514468285,-0.48611111111094235,0.0,0.46698113207525144,0.34579439252320293,255.0,166.0,214.0,212.0,172.0,171.0,74.0,99.0,1.6620775969960373,2.231647634583649,0
-0.06122448979590275,-0.7024793388423947,-0.0822942643391316,-0.6504854368925723,0.7753915285534345,-0.8217821782174151,-0.4370860927150871,7.90438365184704,0.09782608695646858,0.39170506912424347,108.0,208.0,217.0,184.0,117.0,103.0,85.0,18.0,2.350282485875374,2.4164222873893206,0
0.24555160142340018,-0.7546012269934022,0.03857566765577491,-0.7647058823524914,1.0,-0.7948717948713873,-0.03846153846152613,0.0,0.11428571428564899,0.9259259259253544,159.0,106.0,162.0,175.0,88.0,143.0,150.0,20.0,1.5531135531132685,2.903553299491649,0
0.25465838509308864,-0.279569892472968,0.360269360269239,-0.10067114093952977,-1.0,-0.501858736059293,-0.07344632768357433,0.0,0.3316831683166675,0.8631578947359335,54.0,120.0,95.0,202.0,18.0,119.0,82.0,67.0,1.9354838709673519,2.9473684210517193,0
-0.7005347593579142,-0.999999999999099,-0.6111111111106868,-0.999999999999099,0.2413793103597124,-0.9999999999964286,-0.02202643171805197,1.6363636366310668,0.0,0.956896551723313,67.0,159.0,116.0,28.0,0.0,111.0,111.0,0.0,3.0799031476990124,3.9999999999981983,0
0.11475409836056168,-0.8928571428555484,0.12396694214865787,-0.93814432989594,1.0,-0.9154929577451895,0.27891156462566064,0.0,0.04411764705875865,1.773584905657031,98.0,54.0,53.0,68.0,0.0,53.0,94.0,3.0,1.5766423357658481,3.889908256877165,0
-0.045045045045004464,-0.9999999999991072,-0.09401709401701366,-0.9999999999993828,0.8281250000757332,-0.9999999999981132,0.43362831858387896,10.0,0.0,2.531249999996045,21.0,58.0,64.0,53.0,0.0,112.0,162.0,0.0,2.4421052631566096,3.9999999999982143,0
-0.3375394321765497,-0.0024330900243303083,-0.3046357615893031,0.11413043478257769,-1.0,0.3225806451611863,-0.09444444444441821,0.0,1.952380952379093,0.8274111675122704,68.0,212.0,197.0,105.0,127.0,206.0,163.0,205.0,2.8408710217750683,2.2150537634405625,0
-0.6398713826364503,-0.22222222222208507,-0.6398713826364503,-0.1486486486485482,-0.6229679837678771,0.05882352941171527,-0.49999999999985295,0.23231019968310654,1.124999999997991,0.33333333333320264,127.0,255.0,255.0,56.0,121.0,99.0,85.0,63.0,2.943722943722519,2.0732984293188292,0
-0.6428571428569342,-0.2546125461253673,-0.6451612903223726,-0.1887550200802455,-0.5473046450866309,0.29487179487160586,-0.2655086848634577,0.29257028116982325,1.8363636363602975,0.5803921568625175,208.0,253.0,255.0,55.0,182.0,170.0,148.0,101.0,2.6319895968787215,2.18298555377172,0
-0.17424242424235825,-0.7399103139010136,-0.022421524663667078,-0.6666666666662836,0.9349240782267738,-0.5797101449271163,0.11969111969107349,10.0,0.26605504587131557,1.2719298245602877,244.0,155.0,114.0,109.0,79.0,194.0,145.0,29.0,1.870286576168647,3.1290322580638854,0
-0.07361963190181792,0.22943722943713013,-0.23350253807100674,0.1269841269840766,-1.0,-0.030716723549477572,-0.37677053824351936,0.0,0.9403973509927548,0.4526748971191553,223.0,175.0,243.0,151.0,69.0,89.0,110.0,142.0,1.9337016574582964,1.830334190230892,0
-0.36774193548375234,0.15654952076672315,-0.3509933774833275,0.1602564102563589,-1.0,0.2974910394264167,-0.217910447761129,0.0,1.8469387755083193,0.6421568627447833,239.0,212.0,204.0,98.0,121.0,132.0,131.0,181.0,2.228646517739523,1.865724381625112,0
-0.3110539845757555,0.09417040358742283,-0.3110539845757555,0.08685968819597174,-1.0,0.29100529100521405,-0.10869565217388942,0.0,1.820895522386701,0.8039215686271357,187.0,255.0,255.0,134.0,59.0,202.0,205.0,244.0,2.4548736462090908,2.2857142857139623,0
0.0,-0.19999999999994938,0.0,-0.033639143730876564,1.0,-0.2348668280871102,-0.20283018867919744,0.0,0.6196078431370119,0.6627450980389559,178.0,255.0,255.0,255.0,65.0,237.0,169.0,158.0,2.163308589607406,2.7202295552363385,0
0.16374269005843167,-0.1893687707640567,0.34459459459447817,-0.2179487179486481,-1.0,-0.23987538940802497,0.324041811846577,0.0,0.6130653266328578,1.9587628865959188,189.0,143.0,97.0,199.0,155.0,179.0,190.0,122.0,1.6973293768543474,2.2551181102358653,0
-0.06813186813185317,0.08461538461535208,-0.09207708779441283,-0.056856187290950884,-0.2364877862715585,-0.2011331444758637,-0.2348668280871102,0.6174846393887508,0.6650943396223278,0.6196078431370119,255.0,243.0,255.0,212.0,95.0,119.0,158.0,141.0,2.0398740818465853,2.008438818564977,0
-0.07738095238092936,0.11320754716975792,-0.04907975460121194,0.07272727272723967,1.0,-0.1355311355310859,-0.2527472527471602,0.0,0.761290322580154,0.5964912280698267,75.0,181.0,171.0,155.0,33.0,94.0,102.0,118.0,2.4459459459455326,2.2182890855450683,0
0.14893617021272068,0.19999999999989745,0.08933717579248146,0.1359223300970214,0.20680660778289559,-0.23529411764698194,-0.27935222672053467,1.5214531771253417,0.6190476190472916,0.5632911392401498,217.0,140.0,158.0,189.0,61.0,78.0,89.0,117.0,1.6326530612242518,1.868263473053333,0
-0.014836795252221117,-0.20869565217382233,0.012195121951215795,-0.1121951219511648,1.0,-0.2918287937742055,-0.17391304347819786,0.0,0.5481927710840071,0.7037037037032694,134.0,171.0,162.0,166.0,11.0,139.0,114.0,91.0,2.130841121494995,2.9263157894729144,0
-0.31720430107518355,-0.9999999999987013,-0.309782608695568,-0.9999999999992483,0.5269709543969066,-0.9999999999992126,-0.2887700534758586,3.2280701764790907,0.0,0.5518672199167834,118.0,245.0,241.0,127.0,0.0,77.0,133.0,0.0,2.6666666666663037,3.999999999997403,0
-0.09259259259254973,-0.9999999999981818,-0.07109004739333125,-0.9999999999984375,0.8672566372489763,-0.9999999999989796,-0.276836158191934,10.0,0.0,0.5663716814154279,86.0,118.0,113.0,98.0,58.0,55.0,64.0,0.0,2.2476190476185125,2.6190476190460603,0
-0.005291005291002492,-0.9999999999980769,-0.045685279187794074,-0.9999999999989362,0.9126213593105296,-0.9999999999989362,-0.045685279187794074,10.0,0.0,0.9126213592224149,27.0,95.0,103.0,94.0,0.0,52.0,94.0,0.0,2.443729903536192,3.9999999999961537,0
-0.6050955414010812,-0.005747126436779958,-0.5852842809362592,-0.12405063291136101,-0.6502339573108961,0.4723404255317139,-0.032679738562084386,0.2119493671248379,2.7903225806406606,0.9367088607590985,70.0,252.0,237.0,62.0,105.0,175.0,222.0,173.0,3.1698113207542185,2.2292993630569695,0
-0.4793650793649272,-0.20948616600782236,-0.49847094801208,-0.029126213592218873,-0.8895891954415621,0.09890109890104457,-0.3960113960112832,0.058431115623123815,1.219512195120464,0.43265306122431324,113.0,233.0,245.0,82.0,125.0,153.0,106.0,100.0,2.8199697428134916,2.3050847457622776,0
-0.28947368421045017,0.18158567774931417,-0.25619834710736744,0.09999999999997619,-1.0,0.26229508196714146,-0.09352517985609268,0.0,1.7111111111098438,0.8289473684206891,191.0,245.0,228.0,135.0,199.0,160.0,189.0,231.0,2.401960784313431,1.706666666666439,0
-0.1015118790496541,-0.26737967914431354,-0.048054919908455826,-0.13015873015868884,0.4607043863664181,-0.20579710144921573,-0.12530712530709454,2.708541199891585,0.6586538461535295,0.7772925764188746,137.0,255.0,229.0,208.0,146.0,237.0,178.0,137.0,2.3859649122804227,2.5046235138702104,0
-0.26315789473677287,0.1164658634537685,-0.2820512820512097,0.47872340425506454,1.0,-0.003584229390679719,-0.6722408026753605,0.0,0.9928571428564338,0.1959999999999216,185.0,240.0,250.0,140.0,31.0,110.0,49.0,139.0,2.3850931677015668,2.2564102564096777,0
-0.23952095808376064,0.08444444444440692,-0.15050167224075234,0.0,-1.0,-0.0200803212851325,-0.1700680272108265,-0.0,0.9606299212590861,0.709302325580983,187.0,207.0,172.0,127.0,123.0,103.0,122.0,122.0,2.274725274724962,1.8270509977823,0
0.061452513966463285,-0.06397306397304243,0.06741573033705972,-0.19884726224778132,1.0,-0.15501519756834195,0.11229946524061168,0.0,0.7315789473680361,1.2530120481920164,201.0,168.0,166.0,190.0,5.0,158.0,208.0,139.0,1.8486932599722352,2.7478260869559246,0
-0.05809128630704189,-0.15281501340478476,-0.05809128630704189,-0.15957446808506395,0.46623402982277307,-0.17922077922073268,-0.0782241014798989,2.746960491050724,0.6960352422904423,0.8549019607839785,226.0,255.0,255.0,227.0,64.0,215.0,218.0,158.0,2.118380062305076,2.6380368098155462,0
0.026156941649894135,0.03282275711159019,0.10869565217388942,0.17121588089325776,0.22335710148118418,-0.03869653767819986,-0.10215053763438114,1.5751861027691425,0.9254901960780685,0.8146341463410661,211.0,242.0,205.0,255.0,27.0,221.0,167.0,236.0,2.0378947368418907,2.50780141843936,0
0.20212765957441434,0.20241691842894188,0.16795865633070595,0.3178807947018815,0.3085837060404986,-0.06352941176469093,-0.21969696969688648,1.8926133457910124,0.8805309734509379,0.6397515527946337,233.0,150.0,161.0,226.0,59.0,132.0,103.0,199.0,1.5810276679839814,2.022988505746739,0
0.09944751381212723,-0.5978835978832816,0.18100890207709763,-0.40624999999968264,1.0,-0.6793248945144813,-0.21052631578938136,0.0,0.19095477386925078,0.6521739130430058,195.0,163.0,138.0,199.0,0.0,151.0,90.0,38.0,1.8111111111108595,3.5529411764695435,0
-0.10112359550559526,-0.011049723756903026,-0.10313901345289167,0.29710144927525467,1.0,-0.05540897097623868,-0.4344023323613894,0.0,0.8949999999995526,0.3943089430892706,137.0,245.0,246.0,200.0,130.0,183.0,97.0,179.0,2.3700120918981415,2.1688888888885676,0
-0.1774647887323444,0.039106145251374805,-0.1911357340719692,-0.11848341232221873,-0.23465061065932624,-0.22175732217563945,-0.29129129129120385,0.6198914763871144,0.6369863013694268,0.5488372093020704,148.0,209.0,215.0,146.0,33.0,86.0,118.0,93.0,2.3483146067412433,2.3087248322139904,0
-0.3563829787233095,-0.999999999997561,-0.3563829787233095,-0.9999999999988763,0.4745098039562198,-0.9999999999991735,-0.48255813953474347,2.8059701500386716,0.0,0.3490196078430004,57.0,255.0,255.0,121.0,25.0,41.0,89.0,0.0,2.965116279069336,3.0654205607447986,0
-0.298050139275683,-0.20481927710818695,-0.20754716981125548,-0.21428571428545917,0.015974440897917695,-0.5849056603769907,-0.5802469135800081,1.0324675329640896,0.26190476190455403,0.26562499999986167,82.0,233.0,192.0,126.0,98.0,50.0,51.0,33.0,2.7655786350144265,1.7316017316009822,0
0.3333333333331927,-0.43037974683517066,0.3057851239668158,-0.04255319148931643,-1.0,-0.5566502463051446,-0.26315789473664425,0.0,0.28481012658209826,0.5833333333326389,164.0,79.0,84.0,158.0,6.0,113.0,49.0,45.0,1.3166666666663924,3.263537906136006,0
-0.25925925925919524,-0.2978723404254263,-0.25925925925919524,-0.30526315789462977,0.08149171272156626,-0.2048192771083515,-0.15646258503397814,1.177443609476591,0.65999999999956,0.7294117647055963,120.0,255.0,255.0,150.0,59.0,183.0,186.0,99.0,2.61538461538428,2.793893129770459,0
-0.040380047505928655,-0.39906103286366246,-0.024154589371974844,-0.41552511415506144,0.8901264300639558,-0.518796992481008,-0.1553133514985953,10.0,0.31683168316816,0.7311320754713533,174.0,219.0,212.0,202.0,111.0,149.0,155.0,64.0,2.152334152333888,2.5200845665956617,0
-0.40883977900541196,0.0808080808080604,-0.40883977900541196,0.13829787234038876,-1.0,0.3333333333332295,-0.22302158273375947,0.0,1.9999999999981308,0.6352941176468098,253.0,255.0,255.0,107.0,178.0,182.0,162.0,214.0,2.344827586206627,1.9259259259256711,0
-0.09677419354836629,0.04461942257216677,-0.09677419354836629,-0.11946902654864613,0.1049504950980354,-0.026894865525665796,-0.003937007874014973,1.234513275611939,0.9476190476185964,0.992156862744709,142.0,255.0,255.0,210.0,183.0,182.0,253.0,199.0,2.366589327145897,1.9517426273455827,0
-0.562289562289373,-0.8245614035082898,-0.5306859205774258,-0.7727272727266874,0.18569809896911038,-0.6249999999992187,-0.2887537993920095,1.4560915277939006,0.23076923076887573,0.5518867924525699,214.0,232.0,212.0,65.0,189.0,156.0,117.0,15.0,2.497981157469381,2.4186046511623216,0
0.24175824175817534,-0.312741312741192,0.21179624664873678,-0.09644670050756526,-1.0,-0.4349206349204969,-0.15294117647052827,0.0,0.393805309734339,0.7346938775505206,227.0,138.0,147.0,226.0,44.0,170.0,108.0,89.0,1.5144032921808621,2.8752642706125,0
0.0,-0.01626016260161941,0.0,-0.07633587786256629,1.0,-0.3563829787233095,-0.2878787878787152,0.0,0.4745098039213826,0.5529411764703714,255.0,255.0,255.0,255.0,77.0,125.0,141.0,121.0,1.999999999999804,2.232142857142359,0
-0.1007025761123886,-0.18207282913160167,-0.09647058823527142,-0.130952380952342,0.15161965765993785,-0.13609467455617275,-0.10165484633567337,1.3574332185963256,0.7604166666662706,0.8154506437764741,255.0,235.0,233.0,192.0,182.0,211.0,190.0,146.0,2.0501635768809106,2.2506666666663664,0
0.06607929515417046,-0.2722222222221466,0.17191283292974047,-0.2202380952380297,1.0,-0.29758713136721243,0.09042553191486957,0.0,0.5413223140493632,1.1988304093560243,202.0,212.0,171.0,242.0,77.0,229.0,205.0,131.0,1.953917050691019,2.7507507507503375,0
0.23588039867101798,0.19696969696962238,0.2236842105262422,0.18796992481195943,-0.08675799084652773,-0.08139534883718565,-0.044247787610599894,0.8403361340780624,0.8494623655909412,0.91525423728736,186.0,115.0,118.0,186.0,33.0,106.0,108.0,158.0,1.5282392026575533,2.1042183622823565,0
-0.03787878787877353,-0.34199134199119396,0.07172995780587692,-0.3895582329315705,1.0,-0.2512315270934723,0.22261484098932063,0.0,0.5984251968499225,1.572727272725843,143.0,137.0,110.0,127.0,75.0,155.0,173.0,76.0,2.0147058823525708,2.68980477223369,0
0.01678657074340125,-0.08484848484845914,0.03921568627450019,-0.23155216284981386,1.0,-0.16804407713493993,0.10502283105020434,0.0,0.7122641509430603,1.2346938775503906,109.0,205.0,196.0,212.0,94.0,179.0,242.0,151.0,2.243502051983277,2.374792703150518,0
-0.07438016528923572,-0.3877551020406845,0.015105740181264319,0.011235955056173464,-0.14690721593727396,-0.3023255813952317,-0.298804780876375,0.7438202197948182,0.5357142857139668,0.5398773006131657,127.0,195.0,163.0,168.0,72.0,204.0,88.0,90.0,2.27737226277339,2.8631578947363394,0
-0.3237410071941282,-0.34482758620659926,-0.26562499999989625,-0.1363636363634814,-0.32155477039834657,-0.4242424242421029,-0.5283018867922037,0.5133689841501047,0.4042553191485061,0.3086419753084515,7.0,184.0,162.0,94.0,131.0,78.0,50.0,38.0,3.13859275053238,1.9199999999994093,0
0.0,0.269999999999865,0.08280254777068306,0.4682080924852785,0.6994520912801563,-0.3350785340313259,-0.6488549618318135,5.654513110109883,0.49803921568607923,0.21296296296286438,197.0,255.0,216.0,255.0,64.0,73.0,46.0,127.0,2.1205821205819,1.7329376854594265,0
0.13585746102446863,-0.23188405797093048,0.3934426229507122,-0.15873015873009574,-1.0,-0.41274238227135385,0.13618677042796257,0.0,0.4156862745096409,1.3153153153141304,255.0,194.0,111.0,255.0,20.0,170.0,146.0,106.0,1.7282850779508097,2.9184549356216913,0
-0.13333333333330372,-0.3183856502240725,-0.13333333333330372,-0.3895582329315705,0.49001536107674737,-0.43911439114374945,-0.19158878504668422,2.921686749178693,0.3897435897433899,0.6784313725487536,144.0,255.0,255.0,195.0,19.0,147.0,173.0,76.0,2.402826855123392,3.0231362467858554,0
0.037249283667611106,-0.35911602209924914,0.028409090909082838,-0.4051282051279974,1.0,-0.5146443514642198,-0.11038961038957455,0.0,0.32044198895009923,0.8011695906428064,82.0,168.0,171.0,181.0,33.0,123.0,137.0,58.0,2.243739565942864,2.919881305637116,0
-0.4102564102562788,-0.012195121951212078,-0.46198830409343217,-0.29565217391291493,-0.2195449359307836,-0.06358381502886498,-0.2531328320801371,0.6399559715198289,0.8804347826077387,0.5959999999997616,34.0,220.0,250.0,92.0,173.0,83.0,149.0,81.0,3.1095406360418534,1.5809523809520045,0
-0.04624277456646062,-0.14498141263935133,-0.05982905982904278,-0.15129151291507334,0.43322378269695166,-0.1785714285713648,-0.08771929824558838,2.5287295772363945,0.6969696969692746,0.838709677418904,144.0,181.0,186.0,165.0,244.0,154.0,156.0,115.0,2.1579731743662953,1.8470764617688384,0
-0.32862190812709235,-0.4426229508194303,-0.3379790940765373,-0.5024390243899989,0.19568822556218943,-0.3013698630134922,-0.10982658959534398,1.4865979385839718,0.5368421052625928,0.8020833333329156,114.0,188.0,192.0,95.0,165.0,132.0,154.0,51.0,2.5709401709397315,2.199999999999542,0
-0.005291005291003892,-0.5512195121948531,-0.05050505050503775,-0.643410852712929,0.8544346649843193,-0.6068376068373476,0.009523809523807256,10.0,0.24468085106369966,1.0192307692302793,231.0,190.0,208.0,188.0,81.0,159.0,212.0,46.0,1.9023779724653438,2.8584269662914927,0
0.049382716049372555,-0.32967032967014853,0.005917159763312443,-0.3743589743587824,1.0,-0.6139240506327172,-0.3056994818652058,0.0,0.239215686274416,0.5317460317458208,255.0,231.0,252.0,255.0,118.0,121.0,134.0,61.0,1.901234567901039,2.2992874109258197,0
0.40883977900541196,-0.2275449101795726,0.5315315315313719,-0.18867924528295954,-1.0,-0.32812499999991457,0.415730337078496,0.0,0.5058823529409782,2.4230769230738165,201.0,107.0,78.0,255.0,158.0,205.0,189.0,129.0,1.2776119402983166,2.3529411764702504,0
0.0888888888888642,-0.09701492537309814,0.07103825136610081,-0.25308641975300833,1.0,-0.23659305993683388,0.08847184986592803,0.0,0.6173469387751953,1.1941176470581212,75.0,164.0,170.0,196.0,38.0,147.0,203.0,121.0,2.1903171953251768,2.5960264900656522,0
-0.5882352941174308,-0.4374999999997722,-0.5642023346301307,-0.2751677852347147,-0.3443469604045362,-0.018181818181801652,-0.35810810810798716,0.48771117805436803,0.9642857142839923,0.4726368159201629,137.0,216.0,201.0,56.0,76.0,138.0,95.0,54.0,2.7647999999995574,2.719211822659429,0
-0.1120331950207004,0.0763636363636086,-0.08936170212762155,0.006802721088433061,-1.0,0.16078431372542715,0.06569343065691033,0.0,1.3831775700921651,1.140624999999109,172.0,134.0,128.0,107.0,33.0,127.0,146.0,148.0,1.9597806215718536,2.335632183907509,0
-0.3333333333332341,-0.06614785992215326,-0.38964577656665134,-0.19191919191912732,-0.33999053484315606,0.03448275862067479,-0.18055555555551375,0.4925478563105974,1.0714285714276148,0.6941176470585514,143.0,224.0,255.0,112.0,141.0,137.0,177.0,120.0,2.5490753911802915,2.0485981308407384,0
-0.20655737704911262,-0.39737991266358197,-0.26888217522650487,-0.43902439024372397,0.24034558138083695,-0.27368421052617176,-0.08527131782943534,1.6327761036490047,0.5702479338838262,0.8428571428567415,144.0,184.0,210.0,121.0,192.0,160.0,177.0,69.0,2.3254344391781476,2.203098106712185,0
0.1519999999999392,0.17499999999978125,0.291479820627672,-0.19658119658102857,-1.0,-0.5078534031410954,-0.060402684563717855,0.0,0.32638888888866224,0.886075949365967,59.0,106.0,79.0,144.0,82.0,33.0,70.0,47.0,2.043373493975411,1.3538461538454596,0
-0.15281501340478476,-0.039999999999973335,0.02931596091204257,-0.07692307692302762,1.0,-0.37391304347809834,-0.27896995708142536,0.0,0.4556962025313572,0.5637583892613667,163.0,215.0,149.0,158.0,115.0,78.0,84.0,72.0,2.2902796271634767,1.8192419825067583,0
-0.09839816933636193,-0.4933333333331141,0.06486486486484734,-0.5308641975306457,1.0,-0.5511811023619877,0.036211699164335316,0.0,0.2893401015226958,1.0751445086698987,226.0,240.0,173.0,197.0,73.0,168.0,186.0,57.0,2.126245847175844,2.884120171673201,0
-0.2791878172588124,-0.9822222222217857,-0.2717948717948021,-0.9746835443031806,0.5638995938374244,-0.9722222222215472,-0.22772277227717136,3.5860998341339227,0.014084507042243604,0.6290322580642626,149.0,252.0,248.0,142.0,16.0,223.0,156.0,2.0,2.5358490566034546,3.844827586206068,0
0.07042253521124778,-0.9080459770109724,0.03542234332424103,-0.8832116788314722,1.0,-0.919191919191455,-0.15686274509798795,0.0,0.04210526315787258,0.7288135593216222,166.0,165.0,177.0,190.0,84.0,166.0,129.0,8.0,1.9241982507285824,3.1320754716973744,0
-0.3589743589742056,-0.24242424242415062,-0.23469387755090068,0.28205128205110125,1.0,0.14285714285706125,-0.36723163841787165,0.0,1.3333333333315556,0.4628099173549894,104.0,159.0,121.0,75.0,126.0,164.0,56.0,100.0,2.5593561368204107,2.36823104693098,0
-0.045685279187794074,0.17086834733888773,0.2876712328765153,0.16434540389967567,-0.2728347120785712,0.3795379537952543,0.485148514851245,0.5712959276435277,2.2234042553167837,2.884615384609837,169.0,103.0,52.0,94.0,109.0,148.0,150.0,209.0,1.756929637526278,1.9283387622146695,0
0.2131147540982442,-0.15068493150680803,0.13846153846146747,0.061643835616417245,-0.383886255732256,0.16541353383452428,0.2398190045247784,0.4452054791305933,1.3963963963951385,1.6309523809504394,174.0,72.0,84.0,111.0,31.0,210.0,137.0,155.0,1.3426573426570296,2.7722772277223147,0
0.0,-0.3594771241828891,0.05785123966940555,-0.342281879194516,1.0,-0.324137931034371,0.0781671159029439,0.0,0.5104166666664008,1.1695906432741698,187.0,192.0,171.0,192.0,28.0,208.0,200.0,98.0,2.0131061598948867,3.0701107011064446,0
0.016393442622947462,-0.31521739130417653,0.02691511387163004,-0.4521739130432817,1.0,-0.5948553054660467,-0.16915422885567932,0.0,0.2540322580644137,0.710638297872038,255.0,240.0,235.0,248.0,42.0,121.0,167.0,63.0,1.9532044760933922,2.789625360229744,0
0.060291060291047756,-0.28413284132830846,0.1860465116278637,-0.39751552795018713,1.0,-0.44886363636350884,0.12499999999996875,0.0,0.3803921568625959,1.285714285713551,201.0,226.0,175.0,255.0,96.0,174.0,225.0,97.0,1.9911894273125559,2.5730129390013725,0
0.21718377088300306,0.02727272727271488,0.05154639175256669,-0.021645021645012277,-1.0,-0.38586956521728644,-0.32183908045967763,0.0,0.443137254901787,0.5130434782606466,209.0,164.0,230.0,255.0,104.0,107.0,118.0,113.0,1.6565656565654474,1.9860788863104442,0
-0.056962025316437674,-0.5806451612900104,-0.06583072100311416,-0.6020408163262235,0.8028641219650934,-0.5851063829784122,-0.03975535168194503,9.14528669999334,0.2617449664427774,0.9235294117641627,153.0,167.0,170.0,149.0,69.0,147.0,157.0,39.0,2.1006289308172796,2.925373134327631,0
0.12627986348118558,-0.02904564315351492,0.14982578397207325,0.058823529411738094,-0.4361493121682177,-0.17021276595738646,-0.07964601769907981,0.3926128588350401,0.7090909090904793,0.8524590163927439,198.0,128.0,122.0,165.0,65.0,124.0,104.0,117.0,1.6542810985457745,2.3069767441855102,0
-0.2814070351758087,0.0,-0.2814070351758087,0.1263537906136728,-1.0,0.04347826086955068,-0.3563829787233095,0.0,1.090909090908328,0.4745098039213826,193.0,255.0,255.0,143.0,213.0,156.0,121.0,156.0,2.4113475177302113,1.832599118942462,0
0.14349775784750146,0.05369127516776722,0.04294478527606484,0.09027777777774644,0.35529261246110083,-0.2378640776698452,-0.2821917808218405,2.1021825347871577,0.6156862745095625,0.5598290598288206,204.0,191.0,234.0,255.0,124.0,141.0,131.0,157.0,1.816884661117501,2.003552397868205,0
0.006756756756754474,-0.1308900523559524,-0.032467532467521924,0.48214285714242666,1.0,-0.28448275862056704,-0.6914893617017599,0.0,0.557046979865398,0.18238993710680354,141.0,147.0,159.0,149.0,121.0,108.0,29.0,83.0,2.0136986301366413,2.0571428571423676,0
-0.38967136150216447,-0.08243727598563354,-0.33673469387737925,0.18518518518509947,-1.0,0.32642487046615215,-0.19634703196338069,0.0,1.9692307692277395,0.671755725190327,55.0,148.0,131.0,65.0,111.0,151.0,88.0,128.0,2.846153846153162,2.2329020332713063,0
-0.25757575757566004,-0.5342465753422219,-0.2659176029961551,-0.5342465753422219,0.3353423955278949,-0.3154362416105266,-0.0029673590504442236,2.0090681080291377,0.5204081632647751,0.9940828402360983,56.0,166.0,169.0,98.0,36.0,168.0,168.0,51.0,2.7325102880652814,3.177304964538256,0
-0.49560117302038253,-0.5740072202163993,-0.49560117302038253,-0.6242038216558522,0.11484378910467039,-0.18620689655159572,0.0,1.259488184779033,0.6860465116271093,0.9999999999996079,219.0,255.0,255.0,86.0,150.0,218.0,255.0,59.0,2.5030674846622696,2.7038759689918286,0
-0.0027548209366383596,-0.23773584905651407,0.07418397626110558,-0.28873239436609555,1.0,-0.2836879432623108,0.07964601769909155,0.0,0.5580110497234486,1.1730769230761713,159.0,182.0,156.0,181.0,108.0,164.0,183.0,101.0,2.0681818181815244,2.4432029795153736,0
-0.24483775811202219,-0.30677290836641163,-0.2265861027189648,-0.38297872340411954,0.2565643784033433,-0.19069767441851596,-0.020100502512557763,1.6902127667033053,0.6796874999994691,0.960591133004453,255.0,211.0,203.0,128.0,66.0,164.0,195.0,87.0,2.0968944099376277,2.7276507276501607,0
-0.1409395973154047,0.16101694915247416,-0.1409395973154047,-0.0836120401337513,-0.25529788096140493,-0.16717325227958446,-0.22302158273375947,0.5932473327986246,0.713541666666295,0.6352941176468098,80.0,255.0,255.0,192.0,125.0,99.0,162.0,137.0,2.608695652173579,1.7217391304344083,0
-0.0048309178743949684,-0.1337579617833969,-0.0048309178743949684,-0.3043478260868787,0.9687500003133295,-0.20467836257303956,0.1015118790496541,10.0,0.6601941747569611,1.2259615384609492,143.0,208.0,208.0,206.0,126.0,178.0,255.0,136.0,2.175163398692526,2.3042071197407274,0
0.0,-0.10510510510507355,0.0,-0.2455696202531024,1.0,-0.26237623762369744,-0.01796407185628384,0.0,0.584313725489967,0.9647058823525629,123.0,255.0,255.0,255.0,81.0,184.0,246.0,149.0,2.2972972972970385,2.4615384615380496,0
-0.10704960835506344,-0.1832797427652144,-0.11168831168828268,-0.14189189189184395,0.11910858887660906,-0.14765100671135986,-0.11749347258482572,1.2704274052857107,0.7426900584790979,0.7897196261678553,156.0,212.0,214.0,171.0,98.0,184.0,169.0,127.0,2.2583222370170093,2.482293423271082,0
0.16173120728925702,-0.05791505791503556,0.2911392405062554,-0.2179487179486481,-1.0,-0.3527851458885006,0.1515151515151056,0.0,0.478431372548832,1.357142857141888,250.0,184.0,140.0,255.0,117.0,137.0,190.0,122.0,1.686139747995225,2.136452241714983,0
0.21428571428566326,0.28431372549005673,0.09207708779441283,0.3862433862431819,0.6149983418107847,-0.32124352331597894,-0.5703703703701591,4.194782818132749,0.513725490195877,0.27358490566024835,195.0,165.0,212.0,255.0,177.0,73.0,58.0,131.0,1.6923076923074754,1.2863436123345184,0
-0.10476190476187983,-0.3496932515335278,-0.14739229024939968,-0.45641025641002236,0.5117864572143062,-0.5601659751035021,-0.281012658227777,3.096568049437295,0.28191489361687133,0.5612648221341655,192.0,232.0,253.0,188.0,86.0,110.0,142.0,53.0,2.199052132701161,2.4512534818934677,0
0.0038022813688198473,-0.07142857142854823,-0.01492537313432279,0.07116104868911192,1.0,0.03999999999998546,-0.04615384615382841,0.0,1.0833333333325128,0.9117647058816826,197.0,131.0,136.0,132.0,125.0,165.0,124.0,143.0,1.7732656514379401,2.2073578595314034,0
0.31249999999991124,-0.1620553359683154,0.18158567774931417,0.05999999999997,-0.503281812199135,-0.37091988130552794,-0.2598425196849371,0.3304225350292218,0.45887445887426026,0.5874999999996329,231.0,121.0,160.0,231.0,204.0,147.0,94.0,106.0,1.3749999999998046,1.9470198675493464,0
0.1412742382271077,-0.2440944881888803,0.09574468085103836,-0.17241379310337396,1.0,-0.3642384105959059,-0.1111111111110748,0.0,0.46601941747550196,0.7999999999995294,117.0,155.0,170.0,206.0,97.0,158.0,136.0,96.0,1.9589257503946351,2.483300589390475,0
-0.1041666666666305,0.2692307692306398,-0.09154929577461565,0.17333333333325632,1.0,0.011494252873558816,-0.24999999999989922,0.0,1.0232558139526953,0.599999999999613,96.0,159.0,155.0,129.0,134.0,76.0,93.0,132.0,2.342541436463657,1.4545454545451066,0
-0.02419354838708702,-0.1155115511550774,0.08035714285710699,-0.011070110701102927,-1.0,0.05098039215684275,0.14166666666660765,0.0,1.1074380165280104,1.3300970873773494,86.0,127.0,103.0,121.0,77.0,169.0,137.0,134.0,2.2039045553140557,2.462659380691719,0
-0.13291139240502123,-0.5846153846151598,0.03396226415093058,-0.5045871559630714,1.0,-0.43455497382176206,0.12328767123283449,0.0,0.39416058394131814,1.2812499999989992,115.0,179.0,128.0,137.0,0.0,206.0,164.0,54.0,2.3475409836061725,3.53648068669452,0
-0.5454545454543802,0.4261363636362426,-0.5454545454543802,0.0060120240480949876,-1.0,0.5398773006133314,-0.01391650099403302,0.0,3.3466666666622045,0.9725490196074618,246.0,255.0,255.0,75.0,84.0,101.0,248.0,251.0,2.4548736462090908,1.5046554934820289,0
-0.16610169491519794,-0.004761904761903628,-0.18543046357609755,0.10875331564983853,-1.0,0.25903614457823526,-0.0317002881844289,0.0,1.6991869918685372,0.9385474860329953,240.0,172.0,179.0,123.0,83.0,211.0,168.0,209.0,1.9462517680336708,2.364145658262974,0
-0.01799485861182057,0.23188405797095848,0.13353115726999004,0.16704805491987024,0.11150770339220445,0.14349775784750146,0.10975609756094215,1.251004321463425,1.3350785340307147,1.2465753424648998,255.0,198.0,146.0,191.0,71.0,159.0,182.0,255.0,1.8812351543940757,1.9751552795027987,0
-0.15124153498867918,0.2827586206895577,-0.15124153498867918,0.2525252525251675,1.0,-0.005347593582886271,-0.3934426229507122,0.0,0.9893617021271334,0.43529411764688813,189.0,255.0,255.0,188.0,88.0,104.0,111.0,186.0,2.299887260428151,1.7261410788378162,0
-0.2094240837695787,-0.1018518518518047,-0.2561576354679172,-0.2945454545453475,0.06970692516629301,-0.21774193548378318,-0.1778290993071183,1.1498601403088928,0.6423841059598395,0.6980392156860008,138.0,231.0,255.0,151.0,176.0,119.0,178.0,97.0,2.460719041277968,1.8630136986297725,0
-0.44886363636350884,-0.3507853403139525,-0.44886363636350884,-0.4723404255317139,0.02548489541226511,-0.22012578616338357,-0.19158878504668422,1.0523027204066555,0.6391752577312998,0.6784313725487536,231.0,255.0,255.0,97.0,140.0,129.0,173.0,62.0,2.4343675417658193,2.2434782608690775,0
-0.5369774919612421,-0.2707581227435846,-0.5596330275227647,-0.2230769230768373,-0.42998827883956803,0.1676300578033713,-0.23188405797095848,0.39861286261848494,1.4027777777758295,0.6235294117644614,203.0,239.0,255.0,72.0,143.0,176.0,159.0,101.0,2.5391766268256917,2.362416107382154,0
0.06024096385540717,-0.09446254071658161,0.018518518518514233,0.1119999999999552,0.7162315545022787,-0.22562674094701238,-0.3126934984519156,6.047999967339781,0.6318181818178946,0.5235849056601304,167.0,195.0,212.0,220.0,208.0,168.0,111.0,139.0,2.0077220077217492,1.9677891654462711,0
-0.061583577712591916,0.15178571428564652,-0.061583577712591916,0.5266272189345996,1.0,-0.10726643598612205,-0.638009049773467,0.0,0.8062499999994962,0.22099447513799947,149.0,181.0,181.0,160.0,72.0,95.0,40.0,129.0,2.1579731743662953,1.9437340153447715,0
-0.07692307692305653,-0.6708860759489426,-0.12562814070348602,-0.5398230088490797,0.6224271586071068,-0.7399999999996301,-0.4405144694532346,4.2969911538601595,0.14942528735623598,0.3883928571426838,177.0,203.0,224.0,174.0,65.0,132.0,87.0,26.0,2.1453104359310244,2.9746478873231057,0
0.04531722054379296,0.006666666666664445,0.023668639053247436,0.04137931034481332,0.2722710158925745,-0.06790123456788028,-0.08552631578944556,1.7482758546824144,0.8728323699416921,0.8424242424237319,230.0,158.0,165.0,173.0,174.0,149.0,139.0,151.0,1.757997218358587,1.9133226324234487,0
0.18965517241371135,-0.6319018404904099,0.1358024691357466,-0.5555555555551441,1.0,-0.6428571428567602,0.0,0.0,0.21739130434766857,0.9999999999990477,174.0,94.0,105.0,138.0,113.0,133.0,105.0,30.0,1.5039999999996991,2.6014669926644007,0
-0.31468531468520466,-0.24576271186430265,-0.28205128205117874,-0.2425531914892585,-0.07529118137877411,-0.04812834224596357,-0.09034267912769772,0.8599613155853086,0.9081632653051958,0.8342857142852376,163.0,188.0,175.0,98.0,151.0,147.0,146.0,89.0,2.361067503924276,2.2022471910108234,0
-0.010928961748630894,0.004115226337446866,0.02259887005649079,0.1509433962263439,0.7395577391315423,-0.19471947194713046,-0.3155893536120473,6.679245253461944,0.6740331491708984,0.5202312138725317,117.0,185.0,173.0,181.0,164.0,121.0,90.0,122.0,2.2155688622751173,1.833333333332986,0
-0.3153153153151733,-0.428571428570872,-0.2995391705067744,-0.6944444444439622,0.3972955570263495,-0.551020408162703,-0.07224334600757709,2.3183760691495077,0.2894736842101454,0.865248226949741,109.0,146.0,141.0,76.0,13.0,55.0,122.0,22.0,2.4486373165613315,3.034482758618597,0
-0.5336322869952764,-0.32231404958664367,-0.46666666666642737,-0.3764258555131649,-0.10703547806434381,0.22388059701475832,0.11728395061724775,0.8066268334157584,1.5769230769200444,1.2657342657333808,126.0,171.0,143.0,52.0,133.0,160.0,181.0,82.0,2.6307692307687245,2.392523364485534,0
-0.09717868338554948,0.3379310344825256,-0.14540059347176695,0.3379310344825256,1.0,-0.1950207468878859,-0.6016597510370948,0.0,0.6736111111106434,0.2487046632123064,255.0,175.0,193.0,144.0,84.0,48.0,48.0,97.0,1.8691588785044233,1.386281588447153,0
-0.3861386138612587,-0.17391304347819786,-0.3007518796991351,-0.3294117647057855,0.04548006738513558,0.10144927536226983,0.13283208020046797,1.0952941180113338,1.2258064516115852,1.3063583815021351,224.0,210.0,173.0,93.0,245.0,162.0,226.0,114.0,2.2795115332425673,1.897510980966047,0
-0.38235294117633,0.2944162436547476,-0.27896995708142536,0.284634760705218,1.0,0.5044247787609132,-0.02405498281786115,0.0,3.0357142857106716,0.9530201342275484,116.0,188.0,149.0,84.0,128.0,139.0,142.0,255.0,2.6111111111106577,1.682299546141954,0
-0.5178571428569888,0.0032362459546915094,-0.5178571428569888,0.10320284697505225,-1.0,0.31355932203376546,-0.33858267716526547,0.0,1.9135802469112178,0.49411764705862976,187.0,255.0,255.0,81.0,159.0,154.0,126.0,155.0,2.6221079691513336,1.9807073954980736,0
-0.29758713136721243,0.02145922746780195,-0.3050397877983276,0.11737089201872425,-1.0,-0.0479999999999808,-0.4470588235292803,0.0,0.9083969465641921,0.3821138211380561,126.0,242.0,246.0,131.0,121.0,114.0,94.0,119.0,2.6126855600536283,1.9487179487175323,0
-0.14606741573030427,-0.02222222222220988,-0.14606741573030427,-0.15789473684202973,0.0389105058492503,-0.36690647482001193,-0.3563829787233095,1.080971660658804,0.46315789473659835,0.4745098039213826,159.0,255.0,255.0,190.0,74.0,92.0,121.0,88.0,2.3748544819554858,2.1271676300571887,0
-0.11911357340716923,0.06481481481479981,-0.0835734870316762,0.1645569620252748,1.0,0.18251928020560862,-0.06515580736542063,0.0,1.446540880502235,0.8776595744676183,211.0,202.0,188.0,159.0,255.0,202.0,165.0,230.0,2.0878552971573527,1.817772778402495,0
0.0317002881844289,0.0207253886010309,0.04678362573098047,0.050666666666653155,0.03984637537919113,0.04787234042551918,0.04398826979470851,1.0829999976851152,1.1005586592172623,1.0920245398766308,255.0,168.0,163.0,179.0,118.0,189.0,178.0,197.0,1.7454545454543187,2.181818181817867,0
0.2319391634980107,-0.44117647058807313,0.31174089068813293,-0.21243523316051172,-1.0,-0.3613445378149742,0.15841584158408,0.0,0.46913580246884623,1.3764705882336747,152.0,101.0,85.0,162.0,84.0,196.0,117.0,76.0,1.5658914728679134,2.8405797101444126,0
0.5692307692305941,-0.4999999999997951,0.23188405797095848,-0.3510638297870473,1.0,-0.6139240506327172,-0.11188811188807277,0.0,0.239215686274416,0.7987421383642775,151.0,70.0,159.0,255.0,116.0,183.0,127.0,61.0,1.0256410256408377,2.696132596684586,0
-0.03317535545022911,-0.08943089430890674,-0.1111111111110869,-0.0666666666666389,-0.25000000014071816,-0.291139240506237,-0.3315926892949526,0.6000000005398808,0.5490196078428682,0.5019607843135286,198.0,218.0,255.0,204.0,188.0,134.0,128.0,112.0,2.0811455847252884,1.8873239436616394,0
-0.5595667870034081,-0.1443298969071421,-0.5271317829455321,-0.05681818181814954,-0.8054005130358276,0.1527777777776717,-0.3586206896550488,0.10778743317550867,1.3606557377026873,0.47208121827387206,202.0,216.0,197.0,61.0,131.0,111.0,93.0,83.0,2.4863309352514404,2.036697247705955,0
-0.005102040816325229,-0.44785276073605895,-0.08235294117645121,-0.33823529411752273,0.6083916085362193,-0.3684210526314497,-0.11650485436890376,4.1071428621295585,0.46153846153822486,0.791304347825743,217.0,197.0,230.0,195.0,117.0,236.0,182.0,90.0,1.9553349875928094,2.7805596465386184,0
0.09473684210523824,-0.2113821138210523,0.02211302211301668,-0.3021582733811863,1.0,-0.3639344262293889,-0.04736842105261912,0.0,0.46634615384592965,0.9095477386930103,98.0,172.0,199.0,208.0,115.0,149.0,181.0,97.0,2.116923076922751,2.337254901960326,0
-0.5617977528086732,-0.3068181818180075,-0.5806451612900104,0.18446601941729662,-1.0,0.21999999999977998,-0.5555555555552616,0.0,1.5641025640985535,0.28571428571409135,108.0,139.0,147.0,39.0,0.0,115.0,42.0,61.0,2.6164705882346784,3.1615120274903226,0
0.16556291390722996,0.17441860465111209,0.298892988929779,0.11294765840217275,-0.4514982474097094,0.06878306878305059,0.2578124999998993,0.37788661008344915,1.1477272727266208,1.6947368421034792,95.0,126.0,95.0,176.0,139.0,142.0,161.0,202.0,1.9273422562137805,1.817599999999709,0
0.021645021645012277,-0.36781609195381165,-0.2362459546924802,0.1956521739128308,-1.0,-0.3641618497107722,-0.6754385964909319,0.0,0.46610169491485925,0.19371727748680959,255.0,113.0,191.0,118.0,51.0,119.0,37.0,55.0,1.5091819699496645,2.767441860464312,0
0.5050167224078579,-0.17164179104471208,0.3846153846152663,-0.16541353383452428,-1.0,-0.3392857142856133,0.21568627450971936,0.0,0.4933333333331141,1.54999999999845,169.0,74.0,100.0,225.0,150.0,157.0,155.0,111.0,1.0922509225090236,2.1843478260865763,0
-0.21276595744669535,0.012468827930171454,-0.05128205128201841,0.26479750778807953,1.0,0.4657039711189655,0.17999999999991,0.0,2.743243243239536,1.4390243902421476,152.0,114.0,82.0,74.0,73.0,198.0,118.0,203.0,2.0088105726867824,2.3571428571425064,0
0.24999999999993874,0.004672897196260591,0.19999999999995294,0.16531165311648638,-0.09495548958826795,-0.0851063829787053,-0.049382716049367475,0.8265582651693473,0.8431372549016302,0.9058823529406437,248.0,153.0,170.0,255.0,189.0,213.0,154.0,215.0,1.5129789864027796,2.0530120481925236,0
-0.019999999999996,-0.2340425531914271,0.04477611940297553,0.12499999999995118,0.47252747224907976,-0.2596401028276968,-0.3333333333332341,2.791666660431449,0.5877551020405765,0.4999999999997768,175.0,255.0,224.0,245.0,109.0,232.0,112.0,144.0,2.193548387096538,2.5885634588559845,0
-0.12087912087909432,-0.22580645161278184,-0.12087912087909432,-0.09433962264145011,-0.12331406556809582,-0.47058823529394467,-0.49122807017529496,0.7804459697705368,0.35999999999982,0.3411764705881015,222.0,255.0,255.0,200.0,104.0,114.0,87.0,72.0,2.188841201716503,2.2574257425736985,0
-0.047945205479435635,0.26237623762369744,-0.0702341137123511,0.19999999999995294,1.0,0.2944162436547476,0.03030303030302112,0.0,1.8345323740993997,1.062499999999336,255.0,153.0,160.0,139.0,234.0,149.0,170.0,255.0,1.7485714285711786,1.5146124523505062,0
0.2231404958676764,-0.06709265175716707,0.15175097276258687,-0.05501618122975566,-1.0,-0.006802721088433061,0.1985294117646329,0.0,0.98648648648582,1.4954128440353254,213.0,94.0,109.0,148.0,87.0,167.0,163.0,146.0,1.36976320582853,2.356261022927274,0
0.06694560669454666,-0.28253968253959283,0.02204408817634829,-0.3213213213212248,1.0,-0.38586956521728644,-0.05172413793102334,0.0,0.443137254901787,0.9016393442619256,191.0,223.0,244.0,255.0,85.0,202.0,220.0,113.0,1.9999999999997757,2.6843853820593546,0
0.08872901678654947,-0.10850439882694765,0.01565995525726719,-0.08708708708706094,1.0,-0.1978891820579953,-0.09725685785533734,0.0,0.66960352422878,0.8227272727268988,209.0,190.0,220.0,227.0,216.0,189.0,181.0,152.0,1.8627450980389872,2.026809651474259,0
-0.16666666666662583,-0.4158730158728839,-0.19999999999995294,-0.3451957295372437,0.2663185379078001,-0.2977099236640085,-0.14864864864861518,1.725978648549614,0.541176470587917,0.7411764705879447,227.0,238.0,255.0,170.0,70.0,223.0,189.0,92.0,2.1809851088199106,2.9342105263153067,0
-0.49532710280358405,-0.16065573770486535,-0.5178571428569888,0.24271844660182393,-1.0,0.22488038277501204,-0.5315315315313719,0.0,1.580246913578296,0.30588235294105653,178.0,240.0,255.0,81.0,220.0,177.0,78.0,128.0,2.5981055480375375,2.0170940170937297,0
-0.13065326633162547,-0.34567901234557236,-0.1662650602409238,-0.41274238227135385,0.4256893849300953,-0.2401433691755412,0.026156941649894135,2.4824360687778873,0.6127167630054262,1.0537190082640275,196.0,225.0,242.0,173.0,174.0,218.0,255.0,106.0,2.1978021978019293,2.435754189943794,0
-0.11547911547908711,-0.3490196078430004,-0.04761904761903502,-0.40287769784158173,0.7885931560685678,-0.36882129277552517,-0.0076335877862576,8.460431672442361,0.46111111111085495,0.9848484848479875,82.0,227.0,198.0,180.0,92.0,172.0,195.0,83.0,2.5363128491616567,2.651252408477331,0
-0.6511627906972959,-0.34343434343417,-0.6774193548383455,-0.3229166666664985,-0.3543836076941359,0.3684210526311911,-0.10247349823317935,0.47668650800688395,2.1666666666594447,0.8141025641020423,100.0,142.0,156.0,30.0,9.0,133.0,127.0,65.0,2.743961352656342,3.129411764704962,0
0.22137404580144224,0.3333333333332275,0.1469534050178685,0.1797752808988259,0.10045605814752477,0.13513513513509862,0.10188679245279175,1.2233488618697308,1.3124999999991798,1.22689075630149,55.0,102.0,119.0,160.0,108.0,105.0,146.0,210.0,1.947494033412423,1.5909090909087895,0
