NDPI_Pre,NDPI_Post,NDBI_Pre,NDBI_Post,NORMALIZED_NDBI,NORMALIZED_VV,NORMALIZED_VH,RBR_NDBI,RBR_VV,RBR_VH,HH_Pre,HV_Pre,VH_Pre,VV_Pre,HH_Post,HV_Post,VH_Post,VV_Post,IRV_Pre,IRV_Post,Burn_Classification
-0.4312796208528762,0.6323529411760057,-0.3684210526313851,0.7343749999994263,1.0,0.29824561403491334,-0.7687074829926744,0.0,1.8499999999969166,0.1307692307691302,201.0,151.0,130.0,60.0,92.0,25.0,17.0,111.0,2.145648312610631,0.7905138339917824,1
-0.1439393939393394,0.5409836065564901,-0.1374045801526193,0.5161290322572321,1.0,-0.41249999999974224,-0.8170731707312091,0.0,0.41592920353945495,0.10067114093952977,219.0,151.0,149.0,113.0,17.0,14.0,15.0,47.0,1.9053627760249359,1.2173913043465028,1
-0.15124153498867918,0.36363636363581264,-0.15124153498867918,0.874999999998177,1.0,-0.6137339055791358,-0.9767441860461331,0.0,0.23936170212753227,0.011764705882348328,188.0,255.0,255.0,188.0,107.0,21.0,3.0,45.0,2.302483069977167,0.8659793814428527,1
-0.06918238993709241,0.7460317460305619,0.02540415704387404,0.6923076923066273,0.9292079206625219,-0.6028880866423817,-0.9095022624430275,10.0,0.24774774774763617,0.047393364928887495,255.0,255.0,211.0,222.0,52.0,8.0,10.0,55.0,2.0668693009116446,0.5203252032516095,1
0.05759162303663414,0.6081081081076972,0.07161803713525952,0.7629629629623979,0.8283736697377537,-0.2585669781930659,-0.8324607329838574,10.0,0.5891089108907975,0.09142857142851919,242.0,180.0,175.0,202.0,87.0,29.0,16.0,119.0,1.7910447761191801,0.8787878787875459,1
-0.2349397590360738,0.7624999999995234,-0.16171617161710836,0.9315068493144305,1.0,0.05223880597012977,-0.9447513812149477,0.0,1.1102362204715668,0.02840909090907477,101.0,205.0,176.0,127.0,255.0,19.0,5.0,141.0,2.5705329153600984,0.3502304147464631,1
0.15909090909087295,0.4545454545451963,0.13333333333330372,0.9999999999992188,0.764705882285351,-0.3315926892949526,-0.9999999999994872,7.499999994370807,0.5019607843135286,0.0,221.0,185.0,195.0,255.0,144.0,48.0,0.0,128.0,1.7494089834513298,1.0434782608692816,1
-0.0340136054421653,-0.05511811023617707,-0.1768115942028473,0.3793103448271502,1.0,-0.405940594059205,-0.7652173913040151,0.0,0.4225352112673081,0.13300492610830889,141.0,152.0,203.0,142.0,80.0,67.0,27.0,60.0,2.0715502555362737,1.95620437956133,1
-0.3163841807908711,0.17391304347813485,-0.29855072463759463,0.10958904109581535,-1.0,-0.1980198019801,-0.5501730103804325,0.0,0.6694214876027526,0.2901785714284419,109.0,233.0,224.0,121.0,172.0,57.0,65.0,81.0,2.678160919539845,1.2425068119887623,1
0.005917159763312443,0.31481481481452334,0.0,0.22413793103428953,0.9999999995538461,-0.5644171779139373,-0.6999999999997667,10.0,0.2784313725489104,0.17647058823522493,197.0,252.0,255.0,255.0,134.0,37.0,45.0,71.0,2.1087866108784405,1.060931899641197,1
-0.03238866396760478,-0.1803278688521634,-0.03238866396760478,0.04166666666657986,1.0,-0.8106060606057536,-0.8345323741004192,0.0,0.10460251046020728,0.09019607843133719,161.0,255.0,255.0,239.0,113.0,36.0,23.0,25.0,2.2417582417579953,1.3714285714279184,1
0.0851063829787053,0.676855895196211,0.0,0.855072463767703,0.9999999998830509,-0.1409395973154047,-0.8888888888885597,10.0,0.752941176470293,0.05882352941174164,255.0,215.0,255.0,255.0,255.0,37.0,15.0,192.0,1.8297872340423584,0.5681381957772421,1
-0.17241379310340865,0.5867768595036473,-0.17241379310340865,0.7943925233637436,1.0,-0.30434782608684624,-0.917293233082362,0.0,0.5333333333330371,0.04313725490194387,117.0,255.0,255.0,180.0,110.0,25.0,11.0,96.0,2.52788104089188,0.7812499999996949,1
-0.4782608695650788,0.6888888888885062,-0.46902654867242805,0.7572254335255739,1.0,0.25619834710733214,-0.8444444444441317,0.0,1.6888888888870124,0.0843373493975565,143.0,255.0,249.0,90.0,106.0,28.0,21.0,152.0,2.745625841184018,0.7133757961781168,1
-0.4399999999998743,0.8833333333325972,-0.44475920679874087,0.8677685950406051,1.0,0.07109004739333125,-0.9391634980985023,0.0,1.1530612244886194,0.03137254901959554,126.0,252.0,255.0,98.0,154.0,7.0,8.0,113.0,2.7692307692303886,0.1992882562276871,1
-0.19718309859150301,0.6312056737586415,-0.19718309859150301,0.7557251908394063,1.0,0.14713216957602315,-0.7770034843202868,0.0,1.3450292397652954,0.12549019607838216,255.0,255.0,255.0,171.0,191.0,52.0,32.0,230.0,2.1794871794869466,0.7923809523808014,1
-0.22596153846148415,-0.20325203252015994,-0.1868686868686397,0.25641025640992765,1.0,-0.5333333333330794,-0.7803030303027347,0.0,0.3043478260867675,0.12340425531909643,201.0,255.0,235.0,161.0,52.0,74.0,29.0,49.0,2.3394495412841354,2.377510040159688,1
-0.16438356164379808,0.6847826086952801,-0.16438356164379808,0.6489361702124208,1.0,-0.08284023668636603,-0.7708333333330657,0.0,0.8469945355186629,0.1294117647058316,255.0,255.0,255.0,183.0,185.0,29.0,33.0,155.0,2.151898734176988,0.5829145728641751,1
-0.24390243902433076,0.8555555555550803,-0.24390243902433076,0.9763313609461679,1.0,0.03726708074533004,-0.9844357976649867,0.0,1.0774193548380147,0.007843137254898885,80.0,255.0,255.0,155.0,38.0,13.0,2.0,167.0,2.7382550335566793,0.45021645021625534,1
-0.1179487179486877,0.6148148148143594,-0.15270935960587373,0.8474576271179258,1.0,-0.224199288256148,-0.9259259259255449,0.0,0.6337209302321898,0.038461538461522025,112.0,218.0,234.0,172.0,47.0,26.0,9.0,109.0,2.4222222222218854,0.9999999999995193,1
-0.284634760705218,0.51485148514826,-0.284634760705218,0.8888888888883403,1.0,0.0372881355932077,-0.9318181818178289,0.0,1.0774647887316358,0.03529411764704499,199.0,255.0,255.0,142.0,71.0,49.0,9.0,153.0,2.3971797884838546,1.217391304347448,1
-0.05912596401026758,0.3217391304345028,-0.029177718832883507,0.9999999999986842,1.0,-0.41312741312725365,-0.9999999999994846,0.0,0.4153005464478605,0.0,255.0,206.0,194.0,183.0,95.0,39.0,0.0,76.0,1.9388235294115366,1.253012048192268,1
-0.19896640826868245,0.7599999999995658,-0.2326732673266751,0.9999999999993507,1.0,-0.0032362459546915094,-0.9999999999995984,0.0,0.9935483870961332,0.0,243.0,232.0,249.0,155.0,55.0,21.0,0.0,154.0,2.1531322505797963,0.66932270916308,1
-0.24694376528111323,0.6415094339616589,-0.24694376528111323,0.5263157894732226,1.0,-0.2780082987550714,-0.8085106382975856,0.0,0.5649350649346981,0.10588235294113495,236.0,255.0,255.0,154.0,101.0,19.0,27.0,87.0,2.266666666666415,0.6725663716811183,1
-0.07594936708859157,0.0588235294116782,-0.07594936708859157,0.41176470588154557,1.0,-0.717647058823248,-0.8888888888885597,0.0,0.16438356164376056,0.05882352941174164,255.0,255.0,255.0,219.0,70.0,32.0,15.0,36.0,2.073170731707106,1.5058823529402907,1
-0.1351351351351047,0.7192982456134042,-0.1409395973154047,0.8490566037727839,1.0,-0.324137931034371,-0.9391634980985023,0.0,0.5104166666664008,0.03137254901959554,255.0,252.0,255.0,192.0,102.0,16.0,8.0,98.0,2.1198738170344775,0.5517241379307967,1
-0.3963414634145133,0.30612244897896707,-0.4277456647397608,0.9393939393910927,1.0,-0.5114503816789989,-0.9919354838705678,0.0,0.32323232323199674,0.004048582995949778,215.0,229.0,247.0,99.0,45.0,17.0,1.0,32.0,2.3730569948183455,1.2252252252241214,1
-0.17241379310339425,0.679999999999456,-0.23478260869558412,0.7948717948711155,1.0,-0.11392405063286333,-0.8933333333329363,0.0,0.7954545454539429,0.056338028168987635,232.0,187.0,213.0,132.0,145.0,20.0,12.0,105.0,2.027100271002435,0.5517241379308443,1
-0.14285714285709944,0.48275862068923897,0.007142857142854592,0.7029702970290069,0.9798824816865173,-0.2422907488985717,-0.8051948051942824,10.0,0.6099290780137518,0.10791366906467058,241.0,188.0,139.0,141.0,92.0,30.0,15.0,86.0,1.9841688654350944,1.0084033613441141,1
0.0317002881844289,0.5586206896547872,0.008450704225349732,0.999999999999115,0.983240223366177,-0.22602739726019658,-0.9999999999994319,10.0,0.6312849162007647,0.0,222.0,168.0,176.0,179.0,66.0,32.0,0.0,113.0,1.8236092265940538,1.0534979423863977,1
-0.22302158273375947,0.8267148014437449,-0.22302158273375947,0.9166666666663195,1.0,0.21927710843368212,-0.917293233082362,0.0,1.5617283950607646,0.04313725490194387,72.0,255.0,255.0,162.0,195.0,24.0,11.0,253.0,2.741935483870599,0.3870967741934703,1
-0.05069124423961966,0.46118721461166157,-0.028301886792446156,0.9161676646701101,1.0,-0.12568306010925528,-0.937777777777361,0.0,0.7766990291258365,0.03211009174310454,240.0,228.0,218.0,206.0,119.0,59.0,7.0,160.0,2.022172949001993,1.188916876574008,1
-0.17582417582412752,0.24390243902424155,-0.20424403183018455,0.47826086956487085,1.0,-0.1904761904761149,-0.7262357414445908,0.0,0.6799999999995467,0.1585903083699742,16.0,214.0,227.0,150.0,110.0,62.0,36.0,102.0,2.8821548821543965,1.4761904761900368,1
-0.005181347150257725,0.8235294117643023,-0.07692307692305843,0.6103896103893461,1.0,-0.015873015873011674,-0.665427509293433,0.0,0.9687499999994955,0.20089285714276747,172.0,194.0,224.0,192.0,154.0,18.0,45.0,186.0,2.063829787233768,0.38297872340415345,1
-0.026156941649894135,0.7499999999996528,-0.026156941649894135,0.8439024390239787,1.0,-0.12296983758697844,-0.8819188191878665,0.0,0.7809917355368674,0.06274509803919108,168.0,255.0,255.0,242.0,127.0,27.0,16.0,189.0,2.217391304347585,0.583783783783626,1
-0.19718309859150301,0.32432432432410524,-0.19718309859150301,0.4100719424457482,1.0,-0.271375464683914,-0.7229729729727288,0.0,0.5730994152043433,0.16078431372542715,236.0,255.0,255.0,171.0,110.0,50.0,41.0,98.0,2.2246455834239667,1.298701298700877,1
0.16173120728925702,0.6293929712458053,0.0,0.6612377850160713,0.9999999998487684,0.0,-0.6612377850160713,10.0,0.9999999999996079,0.203921568627371,255.0,184.0,255.0,255.0,255.0,58.0,52.0,255.0,1.6765375854212212,0.7412140575078687,1
-0.5361445783130916,0.7831325301200103,-0.5361445783130916,0.8974358974353223,1.0,0.3155555555554153,-0.9391634980985023,0.0,1.9220779220754258,0.03137254901959554,83.0,255.0,255.0,77.0,146.0,18.0,8.0,148.0,3.0447761194025302,0.43636363636350417,1
-0.9607843137251134,0.4743589743586703,-0.9615384615380917,0.839999999999328,-1.0,0.9166666666659028,-0.9245283018864436,0.0,10.0,0.03921568627449443,98.0,250.0,255.0,5.0,0.0,41.0,10.0,115.0,3.3167495854057516,1.664974619288495,1
-0.12211221122108182,0.8522167487680532,-0.2130177514792269,0.9999999999994682,1.0,0.17133956386287497,-0.9999999999995123,0.0,1.4135338345854034,0.0,113.0,170.0,205.0,133.0,222.0,15.0,0.0,188.0,2.32081911262759,0.27272727272721076,1
-0.06382978723402898,0.715447154471254,-0.07368421052630028,0.9447004608290578,1.0,-0.020881670533637847,-0.9540229885053817,0.0,0.9590909090904732,0.023529411764696657,255.0,250.0,255.0,220.0,207.0,35.0,6.0,211.0,2.0512820512818406,0.5737704918031611,1
-0.2543352601155334,0.36923076923048526,-0.3027027027026209,0.22758620689639478,-1.0,-0.18348623853202595,-0.6228956228954132,0.0,0.6899224806196202,0.23236514522811935,205.0,217.0,241.0,129.0,135.0,41.0,56.0,89.0,2.260416666666372,1.071895424836251,1
0.0,0.7770034843202868,0.0,0.9999999999996079,0.9999999999,0.0,-0.9999999999996079,10.0,0.9999999999996079,0.0,144.0,255.0,255.0,255.0,169.0,32.0,0.0,255.0,2.2442244224419974,0.5245901639343188,1
-0.38964577656665134,0.5666666666661945,-0.38964577656665134,0.9999999999989362,1.0,-0.08737864077665662,-0.9999999999996079,0.0,0.8392857142849649,0.0,206.0,255.0,255.0,112.0,38.0,26.0,0.0,94.0,2.4637681159417313,1.1304347826080814,1
-0.13300492610834164,0.5121951219508031,-0.13300492610834164,0.9999999999989247,1.0,-0.30855018587349126,-0.9999999999995652,0.0,0.5284090909087907,0.0,239.0,230.0,230.0,176.0,165.0,30.0,0.0,93.0,2.1028571428569025,0.7547169811318382,1
-0.19437939110065705,0.3466666666664356,-0.19437939110065705,0.9999999999990099,1.0,-0.26007326007316484,-0.9999999999996079,0.0,0.58720930232524,0.0,160.0,255.0,255.0,172.0,81.0,49.0,0.0,101.0,2.422802850356007,1.3999999999995,1
0.15577889447232268,-0.1111111111110385,0.2534059945503397,0.9428571428557959,0.5763373681669766,-0.5436241610736431,-0.9712230215820352,3.7207373257163474,0.29565217391291493,0.014598540145974746,208.0,168.0,137.0,230.0,73.0,85.0,2.0,68.0,1.7364341085269073,2.1864951768481715,1
-0.49999999999985295,0.11111111111097394,-0.49999999999985295,0.9999999999977778,1.0,-0.307692307692071,-0.9999999999996079,0.0,0.5294117647052595,0.0,173.0,255.0,255.0,85.0,97.0,36.0,0.0,45.0,2.656249999999654,1.3457943925227356,1
-0.13082039911305304,0.8947368421043214,-0.13082039911305304,0.9565217391293951,1.0,-0.37062937062924106,-0.9844357976649867,0.0,0.4591836734691535,0.007843137254898885,173.0,255.0,255.0,196.0,68.0,5.0,2.0,90.0,2.320819112627722,0.2380952380950964,1
0.10104529616721218,0.38842975206579466,0.16176470588229347,0.9999999999988095,0.7215189872794695,-0.3057851239668158,-0.9999999999991228,6.181818177991607,0.5316455696199167,0.0,164.0,129.0,114.0,158.0,151.0,37.0,0.0,84.0,1.7793103448272793,0.9579288025886868,1
-0.11764705882350059,0.13636363636332643,-0.08860759493668643,0.21951219512141582,1.0,-0.756097560975241,-0.8614718614714886,0.0,0.13888888888881173,0.07441860465112818,255.0,228.0,215.0,180.0,54.0,19.0,16.0,25.0,2.047138047137817,1.2991452991441887,1
-0.13066666666663182,0.4214876033054368,-0.2125603864733786,0.9325842696618735,1.0,-0.3092369477910405,-0.9763779527555212,0.0,0.5276073619628665,0.011952191235054999,191.0,212.0,251.0,163.0,192.0,35.0,3.0,86.0,2.1799485861179715,0.8045977011491942,1
0.1956521739129903,0.6082474226800989,0.10275689223055069,0.9872611464961866,0.8114583637695479,-0.17021276595740154,-0.9888888888883396,9.607736513871426,0.7090909090905868,0.005586592178767829,255.0,148.0,179.0,220.0,220.0,38.0,1.0,156.0,1.5356679636833286,0.6725663716812671,1
0.2616487455196195,0.720430107526107,0.243816254416875,0.5094339622636703,0.352628783808477,-0.37499999999985356,-0.6090225563905196,2.0894175545150597,0.4545454545451963,0.24299065420538038,147.0,103.0,107.0,176.0,109.0,13.0,26.0,80.0,1.5576559546310853,0.4837209302323332,1
-0.10024449877748161,0.9302325581384532,-0.05882352941174966,0.9999999999987952,1.0,-0.37827715355791075,-0.9999999999995169,0.0,0.451086956521494,0.0,215.0,225.0,207.0,184.0,95.0,3.0,0.0,83.0,2.120141342755934,0.13043478260862476,1
-0.5133531157268506,0.752577319587241,-0.5133531157268506,0.8279569892468668,1.0,0.34920634920621063,-0.8819188191878665,0.0,2.073170731704789,0.06274509803919108,143.0,255.0,255.0,82.0,52.0,24.0,16.0,170.0,2.7755102040812547,0.7111111111108478,1
-0.13585746102446863,0.4259259259255315,-0.13585746102446863,0.3628318584067585,1.0,-0.43173431734301415,-0.7525773195873703,0.0,0.3969072164946408,0.14117647058817995,255.0,255.0,255.0,194.0,55.0,31.0,36.0,77.0,2.127215849843365,1.2783505154632586,1
-0.38964577656665134,0.48325358851651523,-0.37078651685382846,0.6939890710378722,1.0,0.16104868913851647,-0.7941176470585316,0.0,1.3839285714273357,0.11475409836060871,156.0,255.0,244.0,112.0,109.0,54.0,28.0,155.0,2.6221079691513336,1.161290322580333,1
0.011695906432745118,0.6320754716978151,0.05167173252278065,0.6555023923441841,0.8538641877622587,0.0,-0.6249999999996745,10.0,0.999999999999422,0.23076923076908284,255.0,169.0,156.0,173.0,80.0,39.0,36.0,173.0,1.7650130548300567,0.9425981873108935,1
-0.2655086848634577,0.8249999999994845,-0.2210526315788892,0.8136645962727866,1.0,-0.006802721088433061,-0.8785425101211018,0.0,0.98648648648582,0.06465517241376524,251.0,255.0,232.0,148.0,25.0,14.0,15.0,146.0,2.2442244224419974,0.562814070351476,1
-0.3563829787233095,0.2740740740738711,-0.3563829787233095,0.36507936507907535,1.0,-0.16908212560378305,-0.7288135593217868,0.0,0.7107438016523051,0.1568627450979777,197.0,255.0,255.0,121.0,42.0,49.0,40.0,86.0,2.4637681159417313,1.7345132743355158,1
-0.17482517482513407,0.5854545454543326,-0.18055555555551375,0.645283018867681,1.0,0.10379746835440411,-0.6887417218540766,0.0,1.2316384180784004,0.18431372549012381,182.0,252.0,255.0,177.0,45.0,57.0,47.0,218.0,2.336037079953379,1.2095490716177164,1
-0.5638297872337427,0.8046511627903234,-0.5794871794868823,0.9999999999994846,1.0,0.651063829786957,-0.9999999999993507,0.0,4.7317073170616295,0.0,154.0,147.0,154.0,41.0,125.0,21.0,0.0,194.0,2.404907975459631,0.46537396121870767,1
-0.19620253164550755,-0.015384615384591715,-0.27840909090901184,0.14285714285688775,-1.0,-0.597484276729184,-0.8072289156623265,0.0,0.2519685039368095,0.10666666666661927,146.0,189.0,225.0,127.0,134.0,33.0,24.0,32.0,2.3225806451609334,1.1379310344822682,1
0.09589041095887785,0.9318181818178289,0.023017902813293346,0.9999999999996079,0.9549999999066429,0.12087912087909432,-0.9999999999994765,10.0,1.2749999999993626,0.0,192.0,165.0,191.0,200.0,209.0,9.0,0.0,255.0,1.828254847645176,0.14937759336096487,1
-0.16083916083912336,0.6569037656901018,-0.17241379310340865,0.7757847533628809,1.0,0.04761904761903502,-0.8214285714282781,0.0,1.099999999999389,0.09803921568623607,255.0,249.0,255.0,180.0,99.0,41.0,25.0,198.0,2.1350482315110253,0.8654353562002994,1
-0.318327974276425,0.6312849162007647,-0.35757575757564924,0.7485029940115279,1.0,0.15873015873009574,-0.8285714285710905,0.0,1.3773584905647382,0.09374999999995816,221.0,205.0,224.0,106.0,179.0,33.0,21.0,146.0,2.2252374491177442,0.6751918158566048,1
-0.22596153846148415,0.7320574162675924,-0.17857142857138303,0.8756476683933287,1.0,0.058479532163725596,-0.9012345679008638,0.0,1.124223602483774,0.05194805194802946,243.0,255.0,231.0,161.0,147.0,28.0,12.0,181.0,2.2319474835883772,0.5833333333331815,1
-0.1870324189525718,0.44067796610132143,-0.21634615384610184,0.26865671641771,1.0,-0.3145161290321313,-0.6754966887414982,0.0,0.5214723926377169,0.1936758893279867,255.0,238.0,253.0,163.0,93.0,33.0,49.0,85.0,2.129753914988576,1.0819672131143108,1
-0.28753180661570293,0.4920634920632968,-0.2911392405062554,0.9789473684205374,1.0,0.14634146341458953,-0.9844357976649867,0.0,1.3428571428561837,0.007843137254898885,233.0,253.0,255.0,140.0,145.0,64.0,2.0,188.0,2.302616609783583,1.1106290672448784,1
-0.09536784741141816,0.19999999999987098,-0.14211886304905888,0.9999999999989247,1.0,-0.28185328185317304,-0.9999999999995476,0.0,0.5602409638550843,0.0,255.0,201.0,221.0,166.0,113.0,62.0,0.0,93.0,1.9538274605100905,1.5030303030298475,1
-0.017777777777773826,0.19205298013232316,-0.0655391120507261,0.4173228346453407,1.0,-0.42122186495163305,-0.7439446366779433,0.0,0.40723981900434064,0.14682539682533857,232.0,229.0,252.0,221.0,141.0,61.0,37.0,90.0,2.0109769484081217,1.382436260622838,1
-0.6678445229679619,0.47747747747704733,-0.6887417218540766,0.5045871559628399,-1.0,0.27131782945715405,-0.8085106382975856,0.0,1.7446808510601177,0.10588235294113495,137.0,236.0,255.0,47.0,144.0,29.0,27.0,82.0,2.878048780487366,0.8169014084504166,1
-0.053921568627437765,0.6382978723397464,-0.015306122448975688,0.9999999999987013,1.0,-0.42962962962947054,-0.9999999999994975,0.0,0.3989637305697415,0.0,188.0,215.0,199.0,193.0,85.0,17.0,0.0,77.0,2.1208384710231662,0.6938775510200542,1
0.0534351145038032,0.6787148594374784,0.012224938875302635,0.874439461883016,0.9724248793264543,0.004807692307691152,-0.8703703703699674,10.0,1.0096618357483045,0.06930693069303501,171.0,186.0,202.0,207.0,192.0,40.0,14.0,209.0,1.9839999999997353,0.665280665280527,1
-0.18688524590157807,-0.31707317073093394,-0.07116104868911192,0.9999999999928572,1.0,-0.7971014492747848,-0.9999999999993008,0.0,0.11290322580636056,0.0,145.0,181.0,143.0,124.0,137.0,27.0,0.0,14.0,2.2947702060218234,1.0536585365848519,1
-0.2625368731562647,0.647058823529119,-0.32795698924722366,0.8291457286427995,1.0,0.18566775244293626,-0.8712121212117913,0.0,1.4559999999988351,0.06882591093114623,233.0,214.0,247.0,125.0,193.0,39.0,17.0,182.0,2.178117048345779,0.6887417218541526,1
0.0,0.8095238095234591,0.0,0.9174311926601296,0.999999999891,-0.09913793103446139,-0.9318181818178289,10.0,0.8196078431369336,0.03529411764704499,255.0,255.0,255.0,255.0,57.0,22.0,9.0,209.0,1.999999999999804,0.5677419354836879,1
0.002932551319647234,0.23999999999976,-0.022857142857136328,0.5499999999993125,1.0,-0.4678111587980825,-0.8172588832483162,0.0,0.36257309941499266,0.10055865921782092,171.0,170.0,179.0,171.0,74.0,38.0,18.0,62.0,1.9941348973604114,1.4339622641502672,1
0.18055555555551375,0.984251968503162,0.22302158273375947,0.9999999999992063,0.635294117594949,-0.33858267716526547,-0.9999999999993828,4.483870965728942,0.49411764705862976,0.0,255.0,177.0,162.0,255.0,51.0,1.0,0.0,126.0,1.6388888888886992,0.04469273743014263,1
-0.20283018867919744,0.07865168539317005,-0.20283018867919744,0.548387096773309,1.0,-0.5576036866356878,-0.895910780668812,0.0,0.28402366863888523,0.0549019607842922,255.0,255.0,255.0,169.0,114.0,41.0,14.0,48.0,2.184154175588631,1.3442622950814163,1
-0.07368421052630028,0.38297872340384786,-0.07368421052630028,0.9117647058810121,1.0,-0.5438596491226162,-0.9767441860461331,0.0,0.2954545454544112,0.011764705882348328,255.0,255.0,255.0,220.0,107.0,29.0,3.0,65.0,2.0710659898475052,1.0086956521734745,1
-0.13082039911305304,0.48792270531377396,-0.13082039911305304,0.9493670886069941,1.0,-0.11999999999996572,-0.969111969111595,0.0,0.7857142857138849,0.01568627450979777,160.0,255.0,255.0,196.0,50.0,53.0,4.0,154.0,2.3556581986140466,1.3677419354834297,1
0.09913793103446139,0.5789473684206717,0.12087912087909432,0.5584415584411959,0.64411764696388,-0.359999999999904,-0.7094017094014062,4.619834706919955,0.4705882352939331,0.169999999999915,255.0,209.0,200.0,255.0,39.0,32.0,34.0,120.0,1.8017241379308402,1.1479820627797543,1
-0.25654450261773387,0.7528089887631991,-0.20224719101117916,0.6956521739122873,1.0,-0.29090909090895867,-0.8771929824557556,0.0,0.5492957746475006,0.06542056074763299,199.0,240.0,214.0,142.0,60.0,11.0,14.0,78.0,2.338611449451603,0.5499999999996563,1
-0.33333333333322224,0.0,-0.3920972644375708,0.14018691588771945,-1.0,-0.24223602484457005,-0.6654545454543035,0.0,0.60999999999939,0.20087336244532714,187.0,200.0,229.0,100.0,59.0,61.0,46.0,61.0,2.32896652110592,2.0165289256190015,1
-0.20496894409931524,0.03296703296699674,-0.16065573770486535,0.4029850746262642,1.0,-0.4628571428568784,-0.7969543147204077,0.0,0.3671874999997132,0.11299435028242205,120.0,194.0,177.0,128.0,62.0,44.0,20.0,47.0,2.4402515723266602,1.786802030455946,1
-0.22388059701486968,0.5909090909088224,-0.1679999999999552,0.9125683060104304,1.0,0.05740181268880441,-0.9295154185017932,0.0,1.1217948717941528,0.03652968036528013,164.0,246.0,219.0,156.0,67.0,45.0,8.0,175.0,2.4236453201967456,1.084337349397264,1
0.2153110047846375,0.7977528089883159,0.2795969773299044,0.999999999999375,0.5629921259401269,-0.22705314009656352,-0.9999999999993008,3.576576575296052,0.6299212598422718,0.0,133.0,164.0,143.0,254.0,185.0,18.0,0.0,160.0,1.8349650349647781,0.3779527559054126,1
-0.12195121951213564,0.5478260869562835,-0.07692307692303749,0.9999999999994382,1.0,0.32835820895510137,-0.9999999999990477,0.0,1.9777777777755803,0.0,104.0,115.0,105.0,90.0,34.0,52.0,0.0,178.0,2.169811320754205,1.316455696202115,1
-0.14414414414407922,0.18709677419342768,0.043956043956019805,0.7037037037030521,0.8824169840953258,-0.016042780748654523,-0.6893203883488453,10.0,0.9684210526305596,0.1839080459768001,130.0,127.0,87.0,95.0,73.0,63.0,16.0,92.0,2.1210855949891187,1.731958762886003,1
-0.37466307277617933,0.6280991735534595,-0.36612021857913496,0.969999999999515,1.0,0.2587859424919301,-0.9762845849798513,0.0,1.6982758620675014,0.0119999999999952,221.0,255.0,250.0,116.0,132.0,45.0,3.0,197.0,2.4085005903184875,0.8591885441525396,1
-0.3822629969417791,0.8513513513507762,-0.11403508771924824,0.6309523809520055,1.0,0.15126050420161713,-0.6075949367084763,0.0,1.3564356435630134,0.24409448818878418,255.0,226.0,127.0,101.0,104.0,11.0,31.0,137.0,2.2376237623759607,0.33460076045614656,1
-0.06666666666664815,0.7826086956516068,-0.06666666666664815,0.45562130177487836,1.0,-0.1546391752576788,-0.6134453781510028,0.0,0.7321428571424214,0.23958333333320855,230.0,192.0,192.0,168.0,185.0,15.0,46.0,123.0,1.9641943734012832,0.3550295857987115,1
-0.005917159763311859,0.7878787878781911,-0.02890173410403789,0.748148148147594,1.0,-0.1748251748251137,-0.8256410256406023,0.0,0.7023809523805343,0.09550561797747444,255.0,170.0,178.0,168.0,162.0,14.0,17.0,118.0,1.7824377457402643,0.3636363636362456,1
-0.0019646365422392995,0.6084656084652865,-0.0019646365422392995,0.737142857142436,1.0,-0.2512315270935342,-0.8345323741004192,0.0,0.5984251968501582,0.09019607843133719,255.0,255.0,255.0,254.0,126.0,37.0,23.0,152.0,2.0019627085375857,0.840909090908852,1
-0.08050847457625414,0.5502958579878401,-0.08050847457625414,0.6374999999996016,1.0,-0.2471264367815382,-0.7957746478870438,0.0,0.6036866359444223,0.11372549019603384,255.0,255.0,255.0,217.0,118.0,38.0,29.0,131.0,2.0773930753562038,0.9353846153843276,1
-0.2814070351758087,0.491891891891626,-0.2814070351758087,0.9436619718303214,1.0,-0.017793594306043492,-0.969111969111595,0.0,0.9650349650342903,0.01568627450979777,212.0,255.0,255.0,143.0,93.0,47.0,4.0,138.0,2.3583815028899004,1.156923076922721,1
0.12751677852344714,0.5567010309275481,0.16666666666660881,0.6966292134827547,0.613882863269388,-0.05329153605014004,-0.6326530612240595,4.179775278390114,0.8988095238089888,0.2249999999998125,255.0,130.0,120.0,168.0,193.0,43.0,27.0,151.0,1.5226939970715192,0.799999999999814,1
-0.22929936305725182,0.6714285714283317,-0.12318840579705682,0.7269372693724255,1.0,0.31830985915483995,-0.6145833333330133,0.0,1.9338842975190629,0.23870967741920085,245.0,193.0,155.0,121.0,118.0,46.0,37.0,234.0,2.053191489361429,0.8288288288286422,1
0.21937321937315687,0.5260663507106512,0.028846153846146912,0.8612716763000803,0.9351857632417782,-0.14133333333329565,-0.8878504672893048,10.0,0.7523364485977794,0.05940594059403,255.0,137.0,202.0,214.0,126.0,50.0,12.0,161.0,1.4751009421263155,1.0335917312658829,1
-0.4509803921566859,0.7978723404251076,-0.505300353356712,0.5868544600936212,1.0,0.41422594142242086,-0.6575875486378765,0.0,2.4142857142822653,0.20657276995295468,201.0,185.0,213.0,70.0,212.0,19.0,44.0,169.0,2.3088923556938674,0.3627684964199612,1
-0.43258426966279984,0.16455696202510814,-0.38601823708194954,0.39393939393879707,1.0,-0.3741496598636911,-0.8387096774190167,0.0,0.4554455445540045,0.08771929824557556,245.0,255.0,228.0,101.0,77.0,33.0,20.0,46.0,2.383177570093179,1.3968253968246578,1
-0.12849162011169596,0.333333333332906,-0.03999999999998769,0.2235294117644429,1.0,-0.49999999999975964,-0.67326732673234,0.0,0.3333333333331197,0.1952662721892336,219.0,202.0,169.0,156.0,171.0,26.0,33.0,52.0,2.0744544287545477,0.7563636363633613,1
0.17142857142853063,0.6435643564350063,0.1742243436753761,0.9999999999987952,0.7032520324601902,-0.4954407294831321,-0.999999999999422,5.739726024097268,0.3373983739836027,0.0,255.0,174.0,173.0,246.0,49.0,18.0,0.0,83.0,1.6395759717312555,0.857142857142347,1
-0.21822541966421627,0.7580645161284209,-0.12365591397846139,0.7723577235766078,1.0,-0.1985294117646329,-0.874439461883016,0.0,0.6687116564413076,0.06698564593298231,255.0,254.0,209.0,163.0,69.0,15.0,14.0,109.0,2.1943844492438234,0.5769230769227995,1
0.0,0.6823529411760693,0.180055401662,0.9999999999993008,0.6948356806921829,-0.19662921348309084,-0.9999999999993244,5.553846150759288,0.6713615023471027,0.0,255.0,213.0,148.0,213.0,174.0,27.0,0.0,143.0,1.9060402684561626,0.5822102425874441,1
-0.3527851458885006,0.4320987654315653,-0.3527851458885006,0.48717948717886256,1.0,-0.35555555555535806,-0.8545454545451439,0.0,0.4754098360651841,0.07843137254898885,143.0,255.0,255.0,122.0,64.0,23.0,20.0,58.0,2.6322580645157894,1.0952380952374434,1
-0.3061224489794877,0.41935483870900103,-0.3333333333332244,0.23943661971797262,-1.0,-0.39726027397233066,-0.7662337662334345,0.0,0.4313725490191849,0.13235294117640573,238.0,192.0,204.0,102.0,27.0,18.0,27.0,44.0,2.1215469613256737,1.3457943925221068,1
-0.5537848605575483,0.2982456140348261,-0.5234042553189262,0.681818181817407,1.0,0.13846153846143197,-0.8549222797923032,0.0,1.3214285714262117,0.07821229050274961,95.0,195.0,179.0,56.0,143.0,40.0,14.0,74.0,2.883548983363607,1.0774410774407146,1
0.005102040816325229,0.26086956521710775,0.01546391752576921,0.08411214953263167,0.689404933995436,-0.5450980392154725,-0.5916666666664202,5.439252301271085,0.2944162436546729,0.25654450261766676,255.0,195.0,191.0,197.0,95.0,34.0,49.0,58.0,1.852731591448711,1.230769230768674,1
-0.09027777777774644,-0.1136363636362345,-0.08391608391605458,0.6249999999986979,1.0,-0.541176470587917,-0.8902439024384816,0.0,0.2977099236638949,0.058064516128994804,205.0,157.0,155.0,131.0,35.0,49.0,9.0,39.0,1.932307692307395,2.279069767440536,1
-0.22596153846148415,0.433962264150534,-0.22596153846148415,0.22580645161272112,-1.0,-0.35864978902938455,-0.6831683168314577,0.0,0.47204968944070064,0.18823529411757325,107.0,255.0,255.0,161.0,48.0,30.0,48.0,76.0,2.6221079691513336,1.3043478260862478,1
0.04531722054379296,0.9999999999995216,-0.02259887005649079,0.9999999999995216,1.0,0.0942408376963104,-0.9999999999994476,0.0,1.2080924855484347,0.0,100.0,158.0,181.0,173.0,72.0,0.0,0.0,209.0,2.1460101867568513,0.0,1
-0.49790794979058667,-0.06666666666659259,-0.5384615384613314,-0.07692307692299238,-0.7500000001220313,-0.1764705882351211,-0.6064257028110015,0.1428571428835714,0.6999999999988333,0.2449999999998775,134.0,179.0,200.0,60.0,79.0,48.0,49.0,42.0,2.5942028985502543,1.7695852534554057,1
-0.15264797507783406,0.3999999999996923,0.038167938931283146,0.7499999999992788,0.9031476996432276,-0.19823788546246776,-0.812949640287185,10.0,0.6691176470583315,0.10317460317452129,136.0,185.0,126.0,136.0,101.0,39.0,13.0,91.0,2.305295950155404,1.1555555555551276,1
-0.1904761904761401,0.45238095238068315,-0.11046511627903766,0.9999999999991803,1.0,-0.11272727272723174,-0.9999999999994765,0.0,0.7973856209145116,0.0,162.0,225.0,191.0,153.0,99.0,46.0,0.0,122.0,2.3529411764702806,1.17571884983988,1
0.14572864321600718,0.7346938775502707,0.12315270935954525,0.9999999999988235,0.7807017543163216,-0.14572864321600718,-0.9999999999988763,8.119999993401006,0.7456140350870653,0.0,211.0,85.0,89.0,114.0,42.0,13.0,0.0,85.0,1.3737373737370961,0.6797385620910591,1
-0.46853146853130473,0.5913043478258299,-0.46853146853130473,0.9999999999994537,1.0,0.41312741312725365,-0.9999999999995238,0.0,2.4078947368389367,0.0,166.0,210.0,210.0,76.0,114.0,47.0,0.0,183.0,2.5377643504527887,0.9616368286442554,1
0.20634920634914086,0.7094972067035143,0.07954545454543195,0.9999999999993465,0.8526315788683374,-0.10787172011658663,-0.9999999999993828,10.0,0.805263157894313,0.0,255.0,125.0,162.0,190.0,82.0,26.0,0.0,153.0,1.4388489208631021,0.7247386759579356,1
0.04722792607801905,0.5025906735748692,0.07142857142855642,0.5846994535515931,0.7822724567516194,-0.27499999999993124,-0.7065637065634338,8.185792338263916,0.5686274509801692,0.17194570135738826,255.0,232.0,221.0,255.0,124.0,48.0,38.0,145.0,1.9055441478437467,1.0520547945202599,1
-0.0019646365422392995,0.439999999999648,-0.0019646365422392995,0.9999999999988889,1.0,-0.47674418604637303,-0.9999999999996079,0.0,0.35433070866127786,0.0,255.0,255.0,255.0,254.0,58.0,35.0,0.0,90.0,2.0019627085375857,1.2844036697241816,1
-0.14864864864861518,0.5245901639339963,-0.14864864864861518,0.31914893616998646,1.0,-0.3404255319147729,-0.6831683168314577,0.0,0.49206349206323174,0.18823529411757325,181.0,255.0,255.0,189.0,0.0,29.0,48.0,93.0,2.3181818181815546,1.5364238410585853,1
0.06532663316581273,0.7105263157891621,0.12466843501322954,0.5725806451610594,0.6423991408803679,-0.041769041769031505,-0.5137614678896726,4.59282772452398,0.9198113207542832,0.32121212121192655,205.0,186.0,165.0,212.0,33.0,33.0,53.0,195.0,1.885931558935122,0.897959183673164,1
-0.13585746102446863,0.20168067226882283,-0.11212814645306358,0.7546012269934022,1.0,-0.1513353115726554,-0.8479087452468259,0.0,0.7371134020614758,0.08230452674893733,204.0,255.0,243.0,194.0,92.0,95.0,20.0,143.0,2.246696035242043,1.7882352941172264,1
0.1697247706421629,0.6782608695649225,0.07594936708859157,0.8468899521527049,0.8354006693325493,-0.13839285714282626,-0.863829787233675,10.0,0.7568627450977424,0.07305936073056025,255.0,181.0,219.0,255.0,26.0,37.0,16.0,193.0,1.6605504587154059,1.0102389078494847,1
0.035830618892496474,0.8069498069494955,-0.018518518518512803,0.7333333333330617,1.0,0.19083969465644,-0.6417910447758002,0.0,1.4716981132066216,0.21818181818168597,255.0,148.0,165.0,159.0,228.0,25.0,36.0,234.0,1.667605633802582,0.39062499999992367,1
-0.2898550724636631,0.6477272727269048,-0.31944444444433356,0.726190476190044,1.0,0.1934156378600027,-0.784037558685078,0.0,1.4795918367331842,0.12105263157888367,198.0,178.0,190.0,98.0,155.0,31.0,23.0,145.0,2.184049079754266,0.6850828729279875,1
-0.028225806451607213,0.685714285713796,0.0020790020790016467,0.5128205128201841,0.9919246296862214,-0.34261838440101877,-0.7266187050357099,10.0,0.4896265560163944,0.15833333333326738,255.0,255.0,240.0,241.0,197.0,22.0,38.0,118.0,2.02783300198787,0.49025069637869356,1
-0.3787465940053464,-0.1058823529410519,-0.3448275862067975,0.225806451612539,-1.0,-0.4999999999996711,-0.8139534883717776,0.0,0.33333333333304094,0.10256410256405873,255.0,253.0,234.0,114.0,164.0,47.0,24.0,38.0,2.3131428571425925,1.2702702702698412,1
-0.3315926892949526,0.7227722772270071,-0.2947658402203045,0.9999999999988506,1.0,-0.19069767441851596,-0.9999999999995746,0.0,0.6796874999994691,0.0,154.0,255.0,235.0,128.0,126.0,14.0,0.0,87.0,2.57575757575725,0.4647302904562387,1
-0.2814070351758087,0.5358649789027276,-0.2795969773299044,0.8666666666662223,1.0,0.11999999999996308,-0.902621722846104,0.0,1.2727272727263828,0.05118110236218458,193.0,255.0,254.0,143.0,163.0,55.0,13.0,182.0,2.4113475177302113,0.9670329670327545,1
-0.3999999999998621,0.4102564102558843,-0.3807829181493307,0.8965517241363852,1.0,-0.22535211267589766,-0.9695431472076297,0.0,0.6321839080452504,0.015463917525765225,174.0,203.0,194.0,87.0,52.0,23.0,3.0,55.0,2.434782608695287,1.2026143790841815,1
-0.13467048710597862,0.02702702702695398,-0.07076923076920899,0.51999999999792,1.0,-0.7764705882348374,-0.9333333333328149,0.0,0.1258278145694531,0.03448275862066984,247.0,198.0,174.0,151.0,68.0,18.0,6.0,19.0,1.9949622166244338,1.1707317073161214,1
-0.49586776859483644,0.49743589743564237,-0.4895397489537701,0.9999999999993151,1.0,0.41062801932347315,-0.9999999999994382,0.0,2.393442622946896,0.0,175.0,181.0,178.0,61.0,111.0,49.0,0.0,146.0,2.421404682273842,1.104225352112365,1
-0.188612099644061,0.5789473684206173,-0.1162790697673968,0.7073170731701567,1.0,-0.04109589041094014,-0.7777777777772977,0.0,0.9210526315781394,0.12499999999991321,174.0,167.0,144.0,114.0,7.0,28.0,18.0,105.0,2.1479099678453135,1.3333333333325397,1
0.07534246575339885,-0.4827586206888228,0.043189368770749775,-0.032258064516024976,-1.0,-0.8255813953483573,-0.7999999999995001,0.0,0.0955414012738245,0.11111111111103396,255.0,135.0,144.0,157.0,46.0,43.0,16.0,15.0,1.5835777126097383,2.340136054420177,1
-0.32791327913270246,0.24770642201812137,-0.34391534391525297,0.24770642201812137,-1.0,-0.29166666666651475,-0.72203389830484,0.0,0.5483870967737513,0.16141732283458213,149.0,245.0,254.0,124.0,80.0,41.0,41.0,68.0,2.5688073394492044,1.4260869565211192,1
-0.25388601036262853,0.8305084745755673,-0.2401055408970343,0.6363636363631543,1.0,-0.14285714285708617,-0.8146718146715002,0.0,0.7499999999994792,0.10212765957442463,104.0,242.0,235.0,144.0,34.0,10.0,24.0,108.0,2.6448087431690372,0.4938271604935224,1
-0.30030959752312686,0.9999999999991526,-0.3774104683194553,0.26881720430093076,-1.0,0.021645021645012277,-0.5723270440249772,0.0,1.0442477876096954,0.2719999999998912,215.0,210.0,250.0,113.0,56.0,0.0,68.0,118.0,2.2459893048125337,0.0,1
0.016666666666662038,0.6388888888884453,0.18831168831162717,0.7101449275357173,0.5808107258176983,-0.21594684385374888,-0.7241379310339834,3.7711144407745105,0.6448087431690466,0.159999999999872,255.0,177.0,125.0,183.0,35.0,26.0,20.0,118.0,1.787878787878562,1.0146341463409685,1
0.2712328767122545,0.696969696969169,0.24396782841816517,0.736434108526561,0.5023105947677554,-0.34883720930222417,-0.7848101265817818,3.0185705754712986,0.48275862068944714,0.12056737588643933,178.0,133.0,141.0,232.0,74.0,20.0,17.0,112.0,1.5739644970411872,0.7079646017695983,1
0.08868501529049276,0.4352941176465467,0.020057306590252132,0.9999999999983606,0.9606741572091402,-0.4895397489537701,-0.9999999999994152,10.0,0.34269662921329064,0.0,167.0,149.0,171.0,178.0,74.0,24.0,0.0,61.0,1.8538102643854035,1.0491803278682792,1
-0.20853080568715437,0.2666666666664889,-0.20853080568715437,0.557377049179871,1.0,-0.2748091603052386,-0.8085106382975856,0.0,0.5688622754487612,0.10588235294113495,218.0,255.0,255.0,167.0,96.0,55.0,27.0,95.0,2.279329608938293,1.4617940199330692,1
0.09560723514209415,0.233766233766082,0.0843989769820756,0.7924528301879317,0.8074954597063702,-0.3811074918565534,-0.8842105263153242,9.389365340498072,0.44811320754695844,0.06145251396644612,255.0,175.0,179.0,212.0,30.0,59.0,11.0,95.0,1.7135862913094597,1.9423868312749208,1
0.16489361702123276,0.5945945945941928,0.26224783861663914,0.8437499999993409,0.5257715169297282,-0.2997032640948666,-0.8550724637674963,3.217376372397941,0.5388127853878818,0.07812499999993898,255.0,157.0,128.0,219.0,97.0,30.0,10.0,118.0,1.593908629441422,0.8727272727269554,1
-0.09865470852015726,0.28260869565186675,-0.11842105263155298,0.999999999998305,1.0,-0.5461538461536362,-0.9999999999996079,0.0,0.2935323383083117,0.0,232.0,245.0,255.0,201.0,95.0,33.0,0.0,59.0,2.1235102925241467,1.1999999999994546,1
-0.20853080568715437,-0.9999999999970588,-0.20853080568715437,-0.9999999999967742,0.6549019608376503,-0.9999999999994013,-0.7832167832165094,4.795454547739851,0.0,0.12156862745093272,177.0,255.0,255.0,167.0,103.0,34.0,31.0,0.0,2.3887587822011254,1.5906432748528712,1
-0.14218009478669616,-0.999999999998305,-0.1697247706421629,-0.9999999999960001,0.7098039216283732,-0.9999999999994476,-0.8214285714282781,5.891891895341115,0.0,0.09803921568623607,251.0,241.0,255.0,181.0,130.0,59.0,25.0,0.0,2.1094091903717604,1.9032258064508456,1
-0.01796407185628384,-0.0465116279069497,-0.01796407185628384,0.058064516128994804,1.0,-0.49999999999984757,-0.5548780487803187,0.0,0.33333333333319787,0.2862745098038093,192.0,255.0,255.0,246.0,122.0,90.0,73.0,82.0,2.151898734176988,1.8749999999995117,1
-0.009900990099007941,0.18181818181801654,-0.005964214711728436,0.2999999999997,1.0,-0.5873015873014009,-0.7569444444441816,0.0,0.25999999999989604,0.13833992094856193,242.0,255.0,253.0,250.0,26.0,45.0,35.0,65.0,2.0359281437123715,1.9889502762419953,1
0.1301115241635204,0.6042402826852988,0.21115537848597166,0.7944664031617413,0.5800501095571027,0.1978891820579953,-0.5839999999995328,3.7624729641365744,1.4934210526305967,0.26262626262599736,210.0,117.0,99.0,152.0,138.0,56.0,26.0,227.0,1.5704697986574545,0.939203354297497,1
-0.23442136498509364,0.5929203539820386,-0.2543352601155334,0.9999999999994446,1.0,0.16504854368926697,-0.9999999999995393,0.0,1.3953488372082208,0.0,191.0,208.0,217.0,129.0,112.0,46.0,0.0,180.0,2.260869565217084,0.9583333333330838,1
-0.12831858407076807,0.8076923076919195,-0.12831858407076807,0.8706467661687212,1.0,-0.023376623376617306,-0.9029850746265288,0.0,0.9543147208116983,0.05098039215684275,255.0,255.0,255.0,197.0,41.0,20.0,13.0,188.0,2.1205821205819,0.5947955390332361,1
-0.2556962025315808,0.6296296296292966,-0.2686567164178436,0.8666666666661414,1.0,0.023255813953480645,-0.917293233082362,0.0,1.0476190476183351,0.04313725490194387,255.0,248.0,255.0,147.0,107.0,35.0,11.0,154.0,2.2093541202670144,0.8459214501508019,1
-0.21167883211671107,0.6415094339619616,-0.16923076923070415,0.9999999999994253,1.0,0.23404255319140638,-0.9999999999993422,0.0,1.6111111111096192,0.0,166.0,166.0,152.0,108.0,201.0,38.0,0.0,174.0,2.19141914191383,0.6740576496672563,1
-0.11518324607326828,0.22666666666651558,-0.20283018867919744,0.2867132867130862,1.0,-0.2950191570880096,-0.6666666666664488,0.0,0.54437869822453,0.19999999999992157,168.0,213.0,255.0,169.0,140.0,58.0,51.0,92.0,2.23328964613339,1.3333333333329502,1
0.14049586776855635,-0.015873015872990677,0.12195121951216208,0.9999999999967742,0.7826086955818472,-0.739495798319017,-0.9999999999993828,8.19999999325177,0.14975845410620786,0.0,215.0,156.0,162.0,207.0,70.0,32.0,0.0,31.0,1.700272479563801,1.5515151515142114,1
0.1015118790496541,0.19148936170199188,0.15384615384611905,0.4608695652169905,0.49945593027759455,-0.5044247787609132,-0.7155963302749011,2.995652171963942,0.3294117647057532,0.1657754010694301,255.0,208.0,187.0,255.0,66.0,57.0,31.0,84.0,1.7969762419004538,1.7272727272720731,1
0.03092783505153842,0.13488372093016984,-0.06323185011708121,0.7062937062932124,1.0,-0.24223602484464526,-0.8306451612899877,0.0,0.609999999999695,0.09251101321581828,224.0,188.0,227.0,200.0,130.0,93.0,21.0,122.0,1.879999999999765,1.6986301369859136,1
-0.3971631205672351,-0.9999999999973683,-0.3950177935941655,0.0,-1.0,-0.9999999999988235,-0.9999999999994899,-0.0,0.0,0.0,120.0,197.0,196.0,85.0,25.0,38.0,0.0,0.0,2.6310517529210964,3.0099009900960296,1
-0.10817941952503743,-0.299999999999625,-0.20283018867919744,0.9999999999964286,1.0,-0.7157360406087738,-0.9999999999996079,0.0,0.16568047337268305,0.0,211.0,210.0,255.0,169.0,77.0,52.0,0.0,28.0,2.099999999999737,1.9904306220086172,1
-0.5095541401272263,0.3666666666663611,-0.5361445783130916,0.3898305084742459,-1.0,0.03144654088048337,-0.7525773195873703,0.0,1.064935064933682,0.14117647058817995,127.0,237.0,255.0,77.0,2.0,38.0,36.0,82.0,2.796460176990738,1.8999999999988126,1
-0.433962264150534,0.09734513274327669,-0.5121951219508031,0.4588235294112249,-1.0,0.34782608695614364,-0.6034482758615487,0.0,2.0666666666597777,0.24731182795672332,72.0,76.0,93.0,30.0,27.0,51.0,23.0,62.0,2.3937007874006326,2.1361256544491436,1
0.10344827586201802,0.4399999999994133,-0.11462450592880845,0.9999999999981481,1.0,-0.34939759036123536,-0.9999999999992909,0.0,0.48214285714242666,0.0,221.0,91.0,141.0,112.0,0.0,21.0,0.0,54.0,1.4135922330094342,1.749999999998177,1
-0.12295081967208077,0.03999999999994667,-0.21033210332095562,0.3684210526309326,1.0,-0.46575342465721525,-0.8021978021973615,0.0,0.3644859813080706,0.10975609756090869,248.0,137.0,164.0,107.0,0.0,36.0,18.0,39.0,1.7424483306833476,2.594594594592257,1
-0.024630541871915115,0.7714285714274693,-0.0854503464203036,0.9999999999983871,1.0,-0.5230769230767219,-0.9999999999995746,0.0,0.313131313131155,0.0,185.0,208.0,235.0,198.0,42.0,8.0,0.0,62.0,2.082603254067324,0.5333333333328889,1
0.06484641638223043,0.6216216216210616,0.1223021582733373,0.8181818181809917,0.73991655068613,-0.2682926829267202,-0.8625954198466699,6.689839566718234,0.5769230769227072,0.07377049180321822,146.0,137.0,122.0,156.0,22.0,21.0,9.0,90.0,1.9027777777774473,1.0909090909083825,1
-0.12831858407076807,0.6999999999995,-0.12831858407076807,0.619047619047198,1.0,-0.2468354430378966,-0.8021201413424728,0.0,0.6040609137052771,0.1098039215685844,196.0,255.0,255.0,197.0,32.0,21.0,28.0,119.0,2.2591362126243344,0.8704663212430723,1
-0.3492063492062568,0.214285714284949,-0.3492063492062568,0.5454545454520662,1.0,-0.7571428571423164,-0.9615384615380917,0.0,0.13821138211370876,0.019607843137247213,255.0,255.0,255.0,123.0,76.0,11.0,5.0,17.0,2.2972972972970385,0.7652173913036824,1
-0.06849315068491274,0.8958333333324001,-0.04225352112674866,0.9361702127649615,1.0,-0.3026819923370488,-0.9680851063824638,0.0,0.535294117646744,0.016216216216207453,155.0,195.0,185.0,170.0,93.0,5.0,3.0,91.0,2.1818181818178766,0.20618556701020302,1
0.06406685236767018,0.5571428571424593,-0.02798982188294453,0.9999999999990825,1.0,-0.2733333333332422,-0.9999999999995051,0.0,0.5706806282719525,0.0,254.0,168.0,202.0,191.0,124.0,31.0,0.0,109.0,1.720870678616937,0.84067796610141,1
-0.17538461538456143,0.615384615384221,-0.242937853107276,0.9999999999992063,1.0,-0.030769230769218937,-0.9999999999995455,0.0,0.940298507461985,0.0,188.0,191.0,220.0,134.0,85.0,30.0,0.0,126.0,2.170454545454237,0.8856088560882341,1
-0.26027397260266844,0.2752293577980389,-0.30769230769222883,0.957746478872565,1.0,0.014598540145980074,-0.9767441860461331,0.0,1.029629629628867,0.011764705882348328,181.0,230.0,255.0,135.0,176.0,79.0,3.0,139.0,2.371134020618251,1.3361522198728677,1
-0.017064846416376428,0.3960396039602,-0.0303030303030201,0.2533333333332208,1.0,-0.01052631578946999,-0.29113924050620626,0.0,0.9791666666659867,0.5490196078427785,177.0,149.0,153.0,144.0,161.0,61.0,84.0,141.0,1.9256865912759409,1.1509433962261437,1
-0.0022883295194502775,0.651515151514658,0.10379746835440411,0.7868852459009943,0.7669260518218903,-0.3333333333332314,-0.8631578947363878,7.580967605646908,0.4999999999997707,0.07344632768357433,196.0,219.0,177.0,218.0,77.0,23.0,13.0,109.0,2.0563380281687724,0.7931034482755203,1
-0.03030303030302324,0.6483516483512921,0.1428571428571036,0.7441860465111952,0.6779026216463409,-0.1620111731843123,-0.7528089887636221,5.209302321933286,0.7211538461534995,0.14102564102555062,196.0,221.0,156.0,208.0,101.0,32.0,22.0,150.0,2.0898345153661833,0.8126984126981547,1
-0.45578231292501503,0.3333333333331482,-0.44250871080123955,0.6107382550331472,1.0,0.1999999999999,-0.7542372881352737,0.0,1.499999999998125,0.14009661835742024,255.0,214.0,207.0,80.0,74.0,60.0,29.0,120.0,2.2437745740495094,1.5286624203816788,1
-0.15384615384611905,0.13793103448263971,-0.15384615384611905,0.6499999999991874,1.0,-0.4782608695650284,-0.895910780668812,0.0,0.3529411764703995,0.0549019607842922,255.0,255.0,255.0,187.0,34.0,50.0,14.0,66.0,2.1428571428569176,1.9999999999990001,1
-0.019138755980856667,0.9663865546210366,-0.08685968819597174,0.887096774192833,1.0,-0.27329192546575365,-0.944223107569345,0.0,0.5707317073167948,0.028688524590152177,255.0,213.0,244.0,205.0,129.0,2.0,7.0,117.0,1.9232505643338687,0.0639999999999744,1
0.08208955223877534,0.7575757575754296,0.10266159695813587,0.9999999999995075,0.8137931033744542,0.16666666666661878,-0.9999999999991526,9.740740731251444,1.3999999999990347,0.0,121.0,123.0,118.0,145.0,129.0,28.0,0.0,203.0,1.9218749999996245,0.5773195876287172,1
-0.06310679611648953,0.6938775510197002,-0.13839285714282626,0.3606557377046224,1.0,-0.39855072463753677,-0.7346938775507705,0.0,0.4300518134712798,0.15294117647052827,191.0,219.0,255.0,193.0,115.0,15.0,39.0,83.0,2.1313868613136093,0.5263157894734534,1
-0.1359223300970214,0.612244897958559,-0.11881188118806,0.9999999999987341,1.0,-0.0595238095237741,-0.999999999999115,0.0,0.8876404494372049,0.0,115.0,117.0,113.0,89.0,82.0,19.0,0.0,79.0,2.136986301369375,0.7638190954770031,1
0.149321266968292,0.6779661016943407,0.2512315270935342,0.08791208791203961,-0.4815642456681781,-0.4390934844191391,-0.2936170212764708,0.34992458507931307,0.38976377952740565,0.5460526315785882,255.0,188.0,152.0,254.0,61.0,19.0,83.0,99.0,1.6994350282483954,0.76767676767638,1
0.0700636942674936,0.23497267759550003,0.04672897196260227,0.3372781065086762,0.7566244237660397,-0.19572953736647838,-0.46411483253566316,7.21775146384193,0.6726190476186473,0.3660130718951856,108.0,146.0,153.0,168.0,37.0,70.0,56.0,113.0,2.056338028168652,1.9310344827579549,1
-0.2398190045247784,0.27999999999962666,-0.151515151515075,0.18518518518495655,1.0,-0.27272727272706615,-0.5510204081628906,0.0,0.5714285714278912,0.28947368421027236,116.0,137.0,114.0,84.0,0.0,27.0,33.0,48.0,2.3122362869193434,2.1176470588214533,1
-0.11370262390667239,0.3631284916199089,-0.2530712530711909,0.7810218978096489,1.0,-0.10948905109485056,-0.8888888888885597,0.0,0.8026315789468405,0.05882352941174164,223.0,191.0,255.0,152.0,82.0,57.0,15.0,122.0,2.0184940554818995,1.4339622641504925,1
-0.284634760705218,-0.38888888888780865,-0.284634760705218,0.0,-1.0,-0.8562091503262378,-0.917293233082362,-0.0,0.07746478873233982,0.04313725490194387,128.0,255.0,255.0,142.0,0.0,25.0,11.0,11.0,2.61538461538428,3.2786885245847888,1
-0.019011406844099236,0.15315315315301517,-0.10104529616721218,0.3333333333329861,1.0,-0.3367875647666649,-0.6631578947364931,0.0,0.4961240310073674,0.20253164556949207,124.0,134.0,158.0,129.0,34.0,47.0,32.0,64.0,2.057581573895958,1.9583333333323134,1
-0.015521064301548666,-0.9999999999937501,-0.06918238993709241,-0.99999999999,0.8705882353743581,-0.9999999999995496,-0.9245283018864436,10.0,0.0,0.03921568627449443,174.0,229.0,255.0,222.0,69.0,16.0,10.0,0.0,2.145199063231599,1.2673267326720126,1
-0.2468354430378966,-0.9999999999952381,-0.29585798816559294,-0.999999999990909,0.5433789954726228,-0.9999999999991597,-0.9043478260865634,3.3800000011127125,0.0,0.05022831050226017,234.0,197.0,219.0,119.0,14.0,21.0,11.0,0.0,2.1097724230251527,2.999999999994643,1
0.17596566523597598,0.6399999999987199,-0.0072463768115915775,0.3442622950814028,1.0,-0.5393258426963262,-0.7484276729555042,0.0,0.2992700729924823,0.14388489208622743,122.0,96.0,139.0,137.0,44.0,9.0,20.0,41.0,1.7028824833699108,0.6990291262129136,1
-0.5524475524473593,0.42105263157783934,-0.5586206896549798,0.42105263157783934,-1.0,-0.4065934065929598,-0.907172995780208,0.0,0.4218749999993408,0.048672566371659884,195.0,222.0,226.0,64.0,46.0,11.0,11.0,27.0,2.526315789473325,0.9263157894727091,1
-0.15909090909087295,0.37499999999921874,-0.15909090909087295,0.2222222222218107,1.0,-0.6972477064216985,-0.8478260869562146,0.0,0.17837837837828197,0.0823529411764383,152.0,255.0,255.0,185.0,0.0,15.0,21.0,33.0,2.4085005903184875,1.9047619047588813,1
-0.49999999999985295,0.2972972972970295,-0.49999999999985295,0.8947368421040859,1.0,-0.0828025477706479,-0.969111969111595,0.0,0.8470588235284152,0.01568627450979777,205.0,255.0,255.0,85.0,68.0,39.0,4.0,72.0,2.549999999999681,1.4311926605498022,1
-0.32812499999991457,0.6268656716413233,-0.32812499999991457,0.9999999999990825,1.0,-0.08403361344534285,-0.9999999999996079,0.0,0.8449612403094225,0.0,99.0,255.0,255.0,129.0,110.0,25.0,0.0,109.0,2.764227642276048,0.7434944237915452,1
-0.08943089430891886,0.9633027522926942,-0.11578947368418006,0.9999999999990654,1.0,-0.22181818181810117,-0.9999999999995284,0.0,0.6369047619043828,0.0,214.0,201.0,212.0,168.0,30.0,2.0,0.0,107.0,2.0510204081630037,0.11347517730488407,1
-0.4285714285712862,0.6949152542366992,-0.44516129032243706,0.999999999999,1.0,0.07526881720426061,-0.9999999999995536,0.0,1.1627906976730664,0.0,128.0,215.0,224.0,86.0,120.0,18.0,0.0,100.0,2.6708074534157342,0.5624999999997803,1
-0.23369565217384955,0.36170212765942056,-0.22314049586770712,0.7112299465236839,1.0,0.0631229235880189,-0.7831325301201675,0.0,1.1347517730488408,0.12162162162156684,132.0,227.0,222.0,141.0,101.0,75.0,27.0,160.0,2.4979367262720085,1.459854014598185,1
-0.5436893203880856,0.5153846153844172,-0.5688073394492804,0.9999999999994924,1.0,0.6147540983604038,-0.9999999999994152,0.0,4.191489361693209,0.0,71.0,159.0,171.0,47.0,194.0,63.0,0.0,197.0,2.9174311926598815,0.9748549323015522,1
-0.10857142857139755,0.606060606060147,-0.10086455331409197,0.5939849624055685,1.0,-0.19083969465641573,-0.7522935779813064,0.0,0.679487179486744,0.1413612565444286,218.0,194.0,191.0,156.0,64.0,26.0,27.0,106.0,2.0367454068238797,0.9369369369365149,1
-0.12921348314603112,0.4392523364481876,-0.11428571428568164,0.9999999999987013,1.0,-0.33620689655157926,-0.9999999999994872,0.0,0.4967741935480666,0.0,42.0,201.0,195.0,155.0,10.0,30.0,0.0,77.0,2.684474123538784,1.6326530612233794,1
-0.43065693430641216,-0.018181818181801652,-0.30357142857129304,0.0,-1.0,-0.1818181818180441,-0.45999999999977004,-0.0,0.6923076923068047,0.3698630136983768,163.0,196.0,146.0,78.0,44.0,56.0,54.0,54.0,2.4770932069506353,2.1333333333323177,1
-0.22891566265054725,0.11864406779640907,-0.22891566265054725,-0.17499999999978125,-0.1334824757978976,-0.6580310880825606,-0.6887417218540766,0.7644736845437092,0.20624999999987112,0.18431372549012381,227.0,255.0,255.0,160.0,0.0,26.0,47.0,33.0,2.2742474916385422,2.447058823526533,1
-0.03859649122805663,0.746835443037502,-0.014388489208627918,0.9714285714278776,1.0,0.003636363636362314,-0.9720279720272924,0.0,1.0072992700722576,0.014184397163110509,255.0,148.0,141.0,137.0,73.0,20.0,2.0,138.0,1.7209302325578892,0.6374501992029333,1
0.09844559585489678,0.7837837837832543,0.23615160349847344,0.9270072992693964,0.5939478209448064,-0.23255813953481613,-0.9264705882346129,3.9254753520352077,0.6226415094336686,0.038167938931268575,151.0,174.0,131.0,212.0,45.0,16.0,5.0,132.0,1.9578059071727203,0.6124401913872668,1
-0.1233480176211182,0.6859504132225736,-0.1076233183856261,0.6451612903220604,1.0,-0.32225913621251756,-0.8364312267654883,0.0,0.5125628140700942,0.08906882591089511,204.0,255.0,247.0,199.0,35.0,19.0,22.0,102.0,2.234392113909941,0.8685714285709323,1
0.046632124352307444,0.6545454545448595,-0.06046511627904165,0.5294117647054375,1.0,-0.05208333333330621,-0.6056338028164749,0.0,0.900990099009009,0.24561403508750385,177.0,92.0,114.0,101.0,24.0,19.0,28.0,91.0,1.5930735930732483,0.9934640522869325,1
0.06753812636164105,0.35593220338952886,0.04033970276007636,0.4035087719294706,0.8182275929676062,-0.5076923076921515,-0.7384615384612545,10.0,0.3265306122447647,0.15044247787603965,156.0,214.0,226.0,245.0,109.0,38.0,34.0,80.0,2.065138721350776,1.147169811320322,1
-0.05468749999997864,0.058823529411695503,0.02109704641349321,-0.010989010988998913,-1.0,-0.45783132530092907,-0.43209876543183207,0.0,0.3719008264459736,0.39655172413758916,179.0,135.0,116.0,121.0,127.0,40.0,46.0,45.0,1.8947368421049307,1.269841269840766,1
-0.4652406417109812,0.12676056338010316,-0.37499999999976563,0.1764705882350346,-1.0,-0.11111111111098765,-0.5942028985502941,0.0,0.7999999999984,0.25454545454522315,169.0,137.0,110.0,50.0,72.0,31.0,28.0,40.0,2.2231237322510706,1.42528735632102,1
-0.2878787878787152,0.1428571428570153,-0.2878787878787152,0.4222222222217531,1.0,-0.3756097560973778,-0.8149466192167919,0.0,0.4539007092195363,0.1019607843136855,180.0,255.0,255.0,141.0,0.0,48.0,26.0,64.0,2.4548736462090908,2.3999999999985,1
-0.33540372670797036,-0.044776119402918244,-0.3903133903132791,0.7297297297277574,1.0,-0.5395683453233528,-0.9598393574293335,0.0,0.29906542056046814,0.020491803278680127,116.0,215.0,244.0,107.0,90.0,35.0,5.0,32.0,2.6339969372124603,1.4583333333325739,1
0.32386363636354437,0.2584269662918445,0.12560386473426918,0.9649122807000615,0.7696432734194397,-0.6124567474046324,-0.9890109890104457,7.6821862286899885,0.24034334763938184,0.005524861878449987,213.0,119.0,181.0,233.0,70.0,33.0,1.0,56.0,1.3918128654968724,1.374999999999284,1
0.0685579196217332,0.584615384614935,-0.00877192982455948,0.8392857142849649,1.0,-0.37386018237070706,-0.9246861924682324,0.0,0.4557522123891789,0.039130434782591685,195.0,197.0,230.0,226.0,73.0,27.0,9.0,103.0,1.9337423312881061,0.9391304347822004,1
-0.034055727554169024,0.4457831325295834,-0.1853785900782806,0.9999999999983333,1.0,-0.4444444444442387,-0.9999999999995596,0.0,0.3846153846151381,0.0,205.0,167.0,227.0,156.0,75.0,23.0,0.0,60.0,1.9223021582731046,1.0165745856347976,1
0.3628808864264923,0.44897959183627656,0.27792207792200574,0.8205128205117685,0.49396713752815957,-0.5520504731859458,-0.9041095890404767,2.952312483957466,0.28861788617874445,0.0503597122301796,140.0,115.0,139.0,246.0,33.0,27.0,7.0,71.0,1.493506493506251,1.3670886075940716,1
-0.32812499999991457,0.40740740740665293,-0.32812499999991457,0.9999999999973683,1.0,-0.5449101796403923,-0.9999999999996079,0.0,0.29457364341062436,0.0,197.0,255.0,255.0,129.0,0.0,16.0,0.0,38.0,2.4401913875595165,1.8285714285688164,1
-0.21140142517809707,-0.9999999999928572,-0.21140142517809707,-0.99999999995,0.6509803921962632,-0.9999999999993977,-0.9844357976649867,4.730337080653901,0.0,0.007843137254898885,165.0,255.0,255.0,166.0,11.0,14.0,2.0,0.0,2.4256837098689146,2.871794871787508,1
0.4034090909089763,0.27999999999972,0.3243967828417361,0.3473684210522659,0.03419593345107955,-0.5884244372988462,-0.6050955414008885,1.0708133967982525,0.2591093117407858,0.24603174603155076,247.0,105.0,126.0,247.0,15.0,36.0,31.0,64.0,1.1931818181816487,1.9072847682106575,1
0.04716981132074359,0.8985507246370301,0.07246376811592453,0.9999999999992367,0.8648648647841564,-0.2577903682718817,-0.9999999999994792,10.0,0.5900900900898243,0.0,91.0,202.0,192.0,222.0,34.0,7.0,0.0,131.0,2.2538354253832282,0.31284916201099844,1
-0.03092783505153842,0.2470588235291211,0.08985507246374208,0.8928571428555484,0.81712841032427,-0.5601659751035021,-0.9624999999993985,9.936635933627082,0.28191489361687133,0.019108280254764902,161.0,200.0,157.0,188.0,19.0,32.0,3.0,53.0,2.1361815754336266,1.8823529411750868,1
-0.24479166666660293,0.8494623655909412,-0.2639593908628772,0.5221238938050787,1.0,0.0851735015772602,-0.6435643564354312,0.0,1.1862068965509063,0.21686746987943098,174.0,239.0,249.0,145.0,116.0,14.0,54.0,172.0,2.398996235884266,0.3544303797467233,1
0.1192660550458351,0.5402298850571609,0.0027397260273965096,0.43315508021367216,0.9874294162832818,-0.1545741324920648,-0.5489361702125324,10.0,0.7322404371580699,0.29120879120863125,241.0,144.0,182.0,183.0,61.0,40.0,53.0,134.0,1.6179775280896602,1.1636363636359406,1
0.16991643454034264,0.6605504587152934,0.0606060606060453,0.9673913043473004,0.8820890739289,-0.07416879795394522,-0.968253968253456,10.0,0.8619047619043515,0.016129032258055846,167.0,149.0,186.0,210.0,143.0,37.0,3.0,181.0,1.765925925925664,0.7437185929646373,1
0.02150537634408024,0.4693877551010829,-0.04761904761903569,0.8461538461516764,1.0,-0.6814159292032383,-0.9716981132070889,0.0,0.1894736842104266,0.014354066985639066,127.0,182.0,209.0,190.0,17.0,13.0,3.0,36.0,2.1380323054328723,1.316455696200865,1
0.02955665024629814,-0.8181818181743802,-0.06696428571427077,-0.8823529411712804,0.8589211619154618,-0.9904761904757189,-0.8745098039212257,10.0,0.004784688995213022,0.06694560669453266,99.0,197.0,239.0,209.0,48.0,10.0,16.0,1.0,2.245014245013925,1.159420289853392,1
-0.23415977961426057,0.9999999999985507,-0.2944162436547476,0.6829268292674598,1.0,-0.33653846153829975,-0.9029850746265288,0.0,0.49640287769748465,0.05098039215684275,192.0,224.0,255.0,139.0,23.0,0.0,13.0,69.0,2.3003851091139538,0.0,1
-0.3110539845757555,-0.9999999999933333,-0.3110539845757555,-0.9999999999875,0.5254901961140818,-0.9999999999992538,-0.9391634980985023,3.214876034052035,0.0,0.03137254901959554,255.0,255.0,255.0,134.0,88.0,15.0,8.0,0.0,2.2691879866515827,1.016949152541511,1
-0.1015118790496541,0.2959999999997632,0.007263922518158048,0.7608695652165642,0.9810868223213802,-0.4394463667818549,-0.8981481481477324,10.0,0.38942307692288974,0.05365853658533968,231.0,255.0,205.0,208.0,22.0,44.0,11.0,81.0,2.1496311907268546,1.84293193717181,1
0.18329466357304333,0.999999999998969,0.2814070351758087,0.999999999998969,0.5607843136814598,-0.44886363636350884,-0.9999999999993008,3.553571427305871,0.3803921568625959,0.0,255.0,176.0,143.0,255.0,26.0,0.0,0.0,97.0,1.6334106728536388,0.0,1
0.026156941649894135,0.5275590551176949,0.01391650099403302,0.49230769230731364,0.9450184277028433,-0.44886363636350884,-0.7651245551598701,10.0,0.3803921568625959,0.1330645161289786,255.0,242.0,248.0,255.0,83.0,30.0,33.0,97.0,1.9476861167000052,0.9999999999995833,1
-0.06024096385540354,0.599999999999,-0.08235294117644637,0.0909090909089876,1.0,-0.5294117647056229,-0.6428571428568559,0.0,0.3076923076921105,0.21739130434770795,122.0,176.0,184.0,156.0,91.0,12.0,40.0,48.0,2.23492063492028,0.5889570552143627,1
-0.1616438356163941,0.4189189189186359,-0.18181818181813322,0.48936170212731256,1.0,-0.18604651162783487,-0.7198443579763736,0.0,0.686274509803473,0.16289592760173627,144.0,212.0,221.0,153.0,90.0,43.0,36.0,105.0,2.3522884882104917,1.2241992882557922,1
-0.03030303030302324,0.6321839080456138,0.017114914425423688,0.6804733727806624,0.950931187386998,-0.1885714285713747,-0.7631578947365074,10.0,0.6826923076919795,0.13432835820888842,245.0,221.0,201.0,208.0,130.0,32.0,27.0,142.0,1.975418994413187,0.7619047619045352,1
-0.12911392405060024,0.5333333333328889,-0.002898550724636841,0.83999999999916,1.0,-0.30303030303018824,-0.9116022099442478,0.0,0.5348837209299216,0.046242774566447264,107.0,223.0,173.0,172.0,63.0,28.0,8.0,92.0,2.4606896551720743,1.0616113744070799,1
-0.4910179640717093,-0.8723404255300589,-0.48640483383671107,-0.8461538461516764,0.2699686083205711,-0.931818181817123,-0.7446808510635657,1.7396082182227983,0.0352941176470173,0.14634146341457466,79.0,249.0,246.0,85.0,0.0,44.0,36.0,3.0,3.0090634441083064,3.8681318681276173,1
-0.23273657288996605,0.16546762589916156,-0.25925925925919524,0.9999999999987654,1.0,-0.2987012987011694,-0.9999999999996079,0.0,0.53999999999964,0.0,142.0,241.0,255.0,150.0,76.0,58.0,0.0,81.0,2.490956072351099,1.6996336996330772,1
0.3913043478259323,0.04225352112673081,0.14285714285709647,0.7209302325573013,0.6692307691530615,-0.4079999999998368,-0.8333333333327547,5.046511624370189,0.4204545454543066,0.09090909090902205,164.0,77.0,132.0,176.0,71.0,68.0,12.0,74.0,1.246963562752784,1.9359430604975318,1
-0.2173913043477534,0.4620689655169227,-0.3217391304346894,0.27710843373477284,-1.0,-0.04932735426006757,-0.5833333333331309,0.0,0.9059829059821316,0.2631578947367267,173.0,182.0,228.0,117.0,64.0,39.0,60.0,106.0,2.226299694189262,1.258064516128525,1
0.36241610738242874,0.9180327868844934,0.08556149732618033,0.591836734693475,0.7473819879675541,-0.268749999999916,-0.7014925373130839,6.917091828647488,0.5763546798026717,0.17543859649112548,251.0,95.0,171.0,203.0,91.0,5.0,30.0,117.0,1.180124223602301,0.18348623853202595,1
0.5410958904107737,0.6853932584261961,0.4331210191081423,0.8749999999989062,0.33779671330304,-0.49999999999983336,-0.893617021275645,2.0202205877669788,0.3333333333331852,0.05617977528083575,176.0,67.0,89.0,225.0,31.0,14.0,5.0,75.0,1.0018691588783173,0.8358208955217644,1
-0.45714285714272657,-0.9999999999944446,-0.45714285714272657,-0.9999999999950001,0.3725490196313802,-0.9999999999989474,-0.8545454545451439,2.1875000004682033,0.0,0.07843137254898885,174.0,255.0,255.0,95.0,30.0,18.0,20.0,0.0,2.6187419768931166,2.181818181814876,1
-0.22167487684723605,0.17647058823425607,-0.2292682926828709,0.99999999999,1.0,-0.8809523809518567,-0.9999999999996032,0.0,0.06329113924046628,0.0,161.0,248.0,252.0,158.0,0.0,7.0,0.0,10.0,2.43435582822056,2.3333333333236115,1
0.4148148148146612,0.75999999999848,0.399267399267253,0.517241379309453,0.1287210584196867,-0.6255319148933509,-0.7083333333325955,1.29547611482721,0.23036649214647625,0.17073170731686496,223.0,79.0,82.0,191.0,85.0,6.0,14.0,44.0,1.1048951048949116,0.3404255319146522,1
0.284634760705218,0.9999999999960001,0.4655172413791766,0.9999999999960001,0.36470588232644596,-0.8214285714282781,-0.9999999999989247,2.148148147678719,0.09803921568623607,0.0,255.0,142.0,93.0,255.0,34.0,0.0,0.0,25.0,1.4307304785892403,0.0,1
0.1888111888111448,0.03333333333327778,0.08280254777068306,0.0,-0.9999999987923077,-0.7832167832165094,-0.7489878542507089,0.0,0.12156862745093272,0.14351851851845207,202.0,174.0,216.0,255.0,49.0,29.0,31.0,31.0,1.729192546583636,1.681159420288637,1
0.0624999999999721,0.5913978494620477,-0.01652892561982788,0.4028436018955437,1.0,0.10861423220969715,-0.3225806451611169,0.0,1.2436974789905515,0.5121951219508031,214.0,105.0,123.0,119.0,10.0,38.0,63.0,148.0,1.5469613259665658,1.299145299144744,1
0.15355805243439943,0.1379310344825208,-0.015974440894563586,0.37499999999921874,1.0,-0.6470588235290657,-0.8275862068960762,0.0,0.21428571428557516,0.09433962264145011,242.0,113.0,159.0,154.0,20.0,25.0,15.0,33.0,1.4533762057875477,1.9417475728136488,1
0.10389610389608141,0.839999999999328,0.0,0.7037037037031825,0.9999999998578947,-0.37837837837827615,-0.8545454545451439,10.0,0.4509803921566859,0.07843137254898885,244.0,207.0,255.0,255.0,115.0,10.0,20.0,115.0,1.8138006571739524,0.319999999999872,1
0.2686567164178436,0.018181818181785124,0.41274238227135385,0.9999999999964286,0.41568627447901724,-0.8021201413424728,-0.9999999999990565,2.4228187913513217,0.1098039215685844,0.0,181.0,147.0,106.0,255.0,55.0,27.0,0.0,28.0,1.6109589041093684,1.5766423357652726,1
0.5548780487803187,0.9999999999982142,0.30102040816318854,0.806451612901925,0.45638282058538926,-0.6398713826364503,-0.9160839160832756,2.6790595945136957,0.2196078431371688,0.04379562043792424,160.0,73.0,137.0,255.0,153.0,0.0,6.0,56.0,1.04099821746862,0.0,1
-0.12206572769950187,0.7499999999988282,-0.15384615384611905,0.9999999999982142,1.0,-0.5390946502055395,-0.9999999999996079,0.0,0.2994652406415511,0.0,205.0,239.0,255.0,187.0,37.0,8.0,0.0,56.0,2.1977011494250345,0.5871559633022136,1
-0.026156941649894135,0.9874213836471778,-0.026156941649894135,0.9627329192540605,1.0,-0.2099999999999475,-0.9767441860461331,0.0,0.6528925619832013,0.011764705882348328,255.0,255.0,255.0,242.0,178.0,1.0,3.0,158.0,2.0258192651437907,0.023668639053247436,1
0.005917159763312443,0.8571428571419825,0.11353711790390535,0.49180327868812146,0.6248817406723691,-0.4739884393062214,-0.735042735042421,4.331651950784984,0.3568627450978993,0.15270935960583612,255.0,252.0,203.0,255.0,87.0,7.0,31.0,91.0,1.9881656804731767,0.29166666666651475,1
0.1778290993071183,0.9999999999987179,0.36363636363626645,0.6956521739122873,0.31343283579093695,-0.5315315315313719,-0.7894736842099328,1.9130434777332144,0.30588235294105653,0.11764705882343054,255.0,178.0,119.0,255.0,47.0,0.0,14.0,78.0,1.6443418013854914,0.0,1
-0.07594936708859157,0.5277777777774113,-0.07594936708859157,0.538461538461162,1.0,-0.3313069908813583,-0.7708333333330657,0.0,0.5022831050226018,0.1294117647058316,163.0,255.0,255.0,219.0,175.0,34.0,33.0,110.0,2.286995515694811,0.7705382436258441,1
-0.5141700404856219,0.5147058823525628,-0.47826086956500946,0.7024793388423947,1.0,0.26380368098143325,-0.8085106382974423,0.0,1.7166666666638055,0.1058823529411142,185.0,187.0,170.0,60.0,112.0,33.0,18.0,103.0,2.4168012924067175,0.9395017793590963,1
-0.07532467532465577,0.3950617283948179,-0.16627634660417653,0.6992481203002262,1.0,-0.22336769759442496,-0.8513011152413192,0.0,0.6348314606738007,0.08032128514053,183.0,207.0,249.0,178.0,55.0,49.0,20.0,113.0,2.1367741935481113,1.473684210525762,1
-0.019780219780215432,0.7090909090904793,-0.061052631578934514,0.9999999999992909,1.0,-0.22527472527466338,-0.9999999999996032,0.0,0.6322869955154116,0.0,255.0,232.0,252.0,223.0,100.0,24.0,0.0,141.0,1.9702760084923598,0.6643598615914657,1
-0.11160714285711795,0.703703703702835,-0.04326923076922037,0.8904109589028898,1.0,-0.4850746268654907,-0.9638009049769395,0.0,0.34673366834153435,0.01843317972349381,141.0,249.0,217.0,199.0,107.0,12.0,4.0,69.0,2.3770883054889764,0.47999999999976,1
-0.4159292035397003,-0.44827586206845027,-0.44067796610157045,-0.30434782608651545,-0.1829871414692398,-0.6097560975604799,-0.6999999999997667,0.690635451660932,0.24242424242399754,0.17647058823522493,146.0,240.0,255.0,99.0,0.0,63.0,45.0,24.0,2.6482758620686,3.3599999999977603,1
-0.26237623762369744,-0.1320754716979886,-0.26237623762369744,0.22666666666636445,-1.0,-0.5282051282048573,-0.7957746478870438,0.0,0.30872483221455793,0.11372549019603384,105.0,255.0,255.0,149.0,106.0,60.0,29.0,46.0,2.6701570680624775,1.7647058823522925,1
-0.310344827586088,0.5571428571424593,-0.25619834710733214,0.5571428571424593,1.0,0.09547738693462539,-0.6612021857919884,0.0,1.2111111111097654,0.20394736842091848,69.0,171.0,152.0,90.0,52.0,31.0,31.0,109.0,2.7305389221551435,1.112107623317887,1
-0.11931818181814792,0.3836477987418971,-0.1798941798941323,0.5714285714281633,1.0,-0.1698113207546529,-0.76284584980207,0.0,0.7096774193543809,0.13452914798200247,133.0,197.0,223.0,155.0,68.0,49.0,30.0,110.0,2.310850439882359,1.4202898550719492,1
0.10439560439557571,0.6496350364958763,-0.007407407407405578,0.8524590163927439,1.0,-0.2802547770699744,-0.9154929577460491,0.0,0.5621890547260885,0.044117647058801904,198.0,163.0,204.0,201.0,73.0,24.0,9.0,113.0,1.7986206896549242,0.8205128205124699,1
-0.08484848484845914,0.36111111111060956,-0.06211180124221674,0.7192982456127731,1.0,-0.509999999999745,-0.9106145251391562,0.0,0.32450331125806325,0.046783625730966796,128.0,179.0,171.0,151.0,0.0,23.0,8.0,49.0,2.248037676608752,1.936842105261119,1
-0.4782608695650788,-0.5384615384573964,-0.43037974683530683,-0.6470588235256056,0.20110573602152354,-0.935483870966736,-0.8833333333329654,1.5034602079534223,0.03333333333329629,0.06194690265483985,112.0,255.0,226.0,90.0,32.0,10.0,14.0,3.0,2.86516853932544,1.4545454545428098,1
-0.3421052631578047,-0.2857142857137755,-0.3421052631578047,0.2121212121205693,-1.0,-0.7241379310339834,-0.9029850746265288,0.0,0.159999999999872,0.05098039215684275,181.0,255.0,255.0,125.0,0.0,36.0,13.0,20.0,2.4999999999996936,3.1304347826052927,1
-0.13333333333330372,0.7829457364335016,-0.13333333333330372,0.7692307692301776,1.0,-0.25806451612894904,-0.8888888888885597,0.0,0.5897435897432873,0.05882352941174164,186.0,255.0,255.0,195.0,54.0,14.0,15.0,115.0,2.2895622895620327,0.5685279187814374,1
0.007905138339919387,0.9999999999982758,0.13839285714282626,0.9999999999982758,0.7568627450312334,-0.6293929712458053,-0.999999999999482,7.225806446380829,0.22745098039206768,0.0,255.0,251.0,193.0,255.0,37.0,0.0,0.0,58.0,1.984189723319962,0.0,1
0.284634760705218,0.7037037037024005,0.18329466357304333,0.22666666666636445,0.10579535161868402,-0.6943521594682078,-0.7170731707313576,1.236624471897813,0.18039215686267437,0.16477272727263367,118.0,142.0,176.0,255.0,130.0,8.0,29.0,46.0,1.7290715372904522,0.33333333333315973,1
0.04150943396224849,0.16981132075455677,-0.09803921568624248,0.3626373626369641,1.0,-0.37999999999981005,-0.7055837563448195,0.0,0.44927536231851506,0.1726190476189449,118.0,127.0,168.0,138.0,40.0,44.0,29.0,62.0,1.9921568627447075,1.8526315789463934,1
-0.05912596401026758,0.05454545454535537,-0.12230215827335197,0.9999999999965518,1.0,-0.7264150943392801,-0.9999999999995727,0.0,0.15846994535510467,0.0,147.0,206.0,234.0,183.0,54.0,26.0,0.0,29.0,2.221024258759808,1.5407407407395997,1
-0.03908045977010596,0.8378378378374605,-0.0412844036697153,0.9336492890990836,1.0,-0.012106537530263414,-0.9401709401705385,0.0,0.9760765550234565,0.03083700440527276,215.0,226.0,227.0,209.0,158.0,18.0,7.0,204.0,2.0639269406390337,0.36180904522603974,1
0.24390243902433076,0.3513513513510348,0.40883977900541196,0.7857142857133503,0.3154938883114661,-0.5454545454543802,-0.8448275862061683,1.921814671342849,0.2941176470587082,0.08411214953263167,123.0,155.0,107.0,255.0,105.0,36.0,9.0,75.0,1.8023255813950867,1.1428571428566894,1
0.1643192488262525,0.7294117647054533,0.12471655328795359,0.9999999999993198,0.7782258063823304,-0.2556962025315808,-0.999999999999482,8.018181811749058,0.592741935483632,0.0,184.0,178.0,193.0,248.0,137.0,23.0,0.0,147.0,1.807106598984542,0.5575757575755886,1
-0.060291060291047756,0.4444444444439506,-0.060291060291047756,0.9999999999984616,1.0,-0.5532646048108064,-0.9999999999996079,0.0,0.2876106194688993,0.0,136.0,255.0,255.0,226.0,46.0,25.0,0.0,65.0,2.3394495412841354,1.242236024843949,1
0.03999999999999111,0.8293838862555312,0.1584158415841192,0.999999999999482,0.7264957264329479,-0.09601873536297517,-0.9999999999994118,6.312499996013527,0.8247863247859724,0.0,233.0,216.0,170.0,234.0,75.0,18.0,0.0,193.0,1.9221357063401643,0.47368421052616,1
0.20306513409953905,0.7185929648237596,0.35930735930720376,0.9999999999994152,0.4713375795831006,0.04268292682925528,-0.9999999999986486,2.7831325293454765,1.0891719745215993,0.0,232.0,104.0,74.0,157.0,38.0,28.0,0.0,171.0,1.3936348408707881,0.8452830188676056,1
0.2273972602739103,0.3457943925230413,0.2307692307691674,0.8701298701287401,0.5807622504006278,-0.5135135135133401,-0.9310344827579787,3.7705627689249988,0.32142857142842796,0.035714285714260205,236.0,141.0,140.0,224.0,3.0,35.0,5.0,72.0,1.5202156334229757,1.9310344827572892,1
-0.07142857142855642,0.422053231939003,-0.07142857142855642,0.6923076923073791,1.0,-0.08333333333331291,-0.7647058823526766,0.0,0.8461538461534633,0.13333333333328104,255.0,255.0,255.0,221.0,91.0,76.0,34.0,187.0,2.0689655172411694,1.4139534883717642,1
-0.22866894197944415,0.5368421052628753,-0.24916943521586407,0.5208333333330621,1.0,0.12741312741307823,-0.6068376068373476,0.0,1.292035398228945,0.24468085106369966,207.0,180.0,188.0,113.0,60.0,44.0,46.0,146.0,2.1176470588232177,1.1972789115642186,1
-0.03971119133572574,0.5873015873011211,-0.16874999999994728,0.4705882352937717,1.0,-0.14163090128749287,-0.6771300448427457,0.0,0.751879699247555,0.1925133689838543,87.0,144.0,187.0,133.0,141.0,26.0,36.0,100.0,2.2677165354326245,0.7098976109212595,1
-0.15178571428564652,0.7528089887631991,-0.17748917748910067,0.8139534883711466,1.0,-0.09826589595370043,-0.8888888888882717,0.0,0.8210526315780831,0.05882352941172146,186.0,129.0,136.0,95.0,52.0,11.0,8.0,78.0,1.9146567717992735,0.5789473684206717,1
-0.0038910505836560736,0.1803278688523112,-0.055350553505514634,0.6363636363629133,1.0,-0.27999999999986,-0.7987421383642775,0.0,0.5624999999995606,0.11188811188803366,120.0,129.0,143.0,128.0,65.0,50.0,16.0,72.0,2.0395256916992017,1.6877637130794567,1
-0.016666666666659724,-0.9999999999976744,-0.07086614173225557,-0.9999999999980392,0.8676470589043587,-0.9999999999991526,-0.4545454545452115,10.0,0.0,0.3749999999997243,152.0,122.0,136.0,118.0,35.0,43.0,51.0,0.0,1.8988326848245332,2.8429752066092204,1
-0.23607427055696656,0.9428571428557959,-0.2781954887217348,0.41666666666623264,1.0,-0.3584905660375668,-0.8021201413424728,0.0,0.4722222222218943,0.1098039215685844,196.0,233.0,255.0,144.0,48.0,2.0,28.0,68.0,2.312655086848348,0.13333333333322223,1
-0.31944444444433356,0.73999999999926,-0.34006734006722555,0.7058823529404844,1.0,-0.05945945945942732,-0.8598130841117478,0.0,0.8877551020399105,0.07537688442207267,80.0,190.0,199.0,98.0,26.0,13.0,15.0,87.0,2.724014336917074,0.7482014388483826,1
0.24999999999993874,0.4455445544550044,0.2655086848634577,0.7590361445773988,0.48170411433837634,-0.5548780487803187,-0.8734177215184347,2.858799683640729,0.2862745098038093,0.06756756756752191,166.0,153.0,148.0,255.0,17.0,28.0,10.0,73.0,1.6836313617604286,1.534246575341415,1
0.08280254777068306,0.743589743589108,0.0,0.5937499999995361,0.999999999831579,-0.42857142857130853,-0.8149466192167919,10.0,0.39999999999984315,0.1019607843136855,255.0,216.0,255.0,255.0,82.0,15.0,26.0,102.0,1.8343949044584038,0.5607476635511399,1
-0.19999999999994872,0.1896551724136296,-0.145205479452015,0.32692307692276257,1.0,-0.38666666666649485,-0.7131147540980685,0.0,0.4423076923074088,0.16746411483245577,166.0,234.0,209.0,156.0,7.0,47.0,35.0,69.0,2.369620253164257,2.211764705881052,1
0.06515580736542063,0.17241379310325008,0.10914454277282916,0.4999999999992647,0.6416464889984348,-0.5732217573219359,-0.7976190476185729,4.581081076878435,0.27127659574453655,0.1125827814568791,124.0,165.0,151.0,188.0,21.0,36.0,17.0,51.0,2.05607476635482,1.9999999999986113,1
-0.2338028169013426,-0.9999999999974358,-0.2785145888593426,-0.999999999994737,0.5643153527395306,-0.9999999999992648,-0.8538461538458255,3.5904761917473977,0.0,0.07883817427382621,118.0,219.0,241.0,136.0,39.0,39.0,19.0,0.0,2.531791907514085,2.6666666666643875,1
0.023655913978489537,-0.03703703703696845,0.09930715935332579,0.7931034482731273,0.7774406567032516,-0.8030303030299989,-0.96969696969648,7.986367273407762,0.1092436974789457,0.015384615384607496,127.0,227.0,195.0,238.0,83.0,28.0,3.0,26.0,2.2173382173379466,1.357575757574935,1
-0.06666666666664735,0.6202531645561769,0.05573770491801452,0.6623376623368021,0.8447580643983479,-0.43111111111091954,-0.8343949044580673,10.0,0.3975155279500637,0.09027777777771509,228.0,184.0,144.0,161.0,40.0,15.0,13.0,64.0,1.9445178335532436,0.8955223880590333,1
0.06666666666664328,0.8473282442741624,0.14285714285708917,0.5031055900617993,0.5576923076058882,-0.11355311355307196,-0.48051948051916854,3.521739127968701,0.7960526315784238,0.35087719298214837,137.0,133.0,114.0,152.0,143.0,10.0,40.0,121.0,1.9171171171167716,0.28169014084497124,1
-0.16666666666662186,0.1868131868129815,-0.19689119170979355,0.5211267605626463,1.0,-0.48325358851651523,-0.8629032258061037,0.0,0.3483870967739688,0.07359307359304174,68.0,217.0,231.0,155.0,48.0,37.0,17.0,54.0,2.642313546422733,1.6818181818172264,1
-0.14357682619643738,-0.05660377358485226,-0.19811320754712308,0.9999999999979999,1.0,-0.5454545454542975,-0.9999999999996063,0.0,0.29411764705865057,0.0,76.0,227.0,254.0,170.0,55.0,56.0,0.0,50.0,2.5942857142853435,2.0645161290313068,1
-0.2814070351758087,0.6020408163262235,-0.2814070351758087,0.9999999999993632,1.0,0.04666666666665111,-0.9999999999996079,0.0,1.0979020979013303,0.0,106.0,255.0,255.0,143.0,57.0,39.0,0.0,157.0,2.687747035572768,1.0684931506845656,1
0.005494505494503985,0.6444444444439671,0.15094339622636763,0.999999999999099,0.7377049179685575,-0.24489795918359017,-0.9999999999992594,6.624999995607052,0.6065573770488489,0.0,183.0,181.0,135.0,183.0,99.0,24.0,0.0,111.0,1.9890109890107157,0.7441860465113395,1
-0.34459459459447817,0.4893617021273993,-0.4260355029584538,0.8918918918912894,1.0,0.1814345991560416,-0.9357429718871745,0.0,1.443298969070677,0.03319502074687419,173.0,199.0,241.0,97.0,43.0,48.0,8.0,140.0,2.3832335329337746,1.376344086021012,1
-0.39805825242705567,0.45794392523321686,-0.37583892617437054,0.9999999999987179,1.0,-0.08771929824556274,-0.9999999999995123,0.0,0.838709677418453,0.0,189.0,216.0,205.0,93.0,74.0,29.0,0.0,78.0,2.4201680672265518,1.1047619047613788,1
-0.07284768211918922,0.31210191082782673,0.2727272727271901,0.9999999999990291,0.5714285713834486,-0.3418530351436608,-0.9999999999991667,3.666666665319773,0.4904761904759569,0.0,255.0,243.0,120.0,210.0,61.0,54.0,0.0,103.0,2.0441640378546744,1.5882352941170632,1
0.6131687242795831,0.08396946564879088,0.37062937062924106,0.9452054794507599,0.43666278389185326,-0.4681647940073153,-0.9565217391293951,2.55027138726485,0.3622448979589989,0.02222222222219753,144.0,47.0,90.0,196.0,5.0,60.0,2.0,71.0,0.8663594470044087,2.4489795918354855,1
0.06471816283923493,-0.12121212121193756,0.02204408817634829,0.3809523809514739,0.8905990999445391,-0.7957746478870438,-0.898832684824553,10.0,0.11372549019603384,0.05327868852456833,169.0,224.0,244.0,255.0,76.0,37.0,13.0,29.0,2.0550458715593973,1.6536312849152774,1
-0.2561576354679172,0.3333333333331276,-0.2561576354679172,0.301204819276927,1.0,-0.16602316602310194,-0.6293929712458053,0.0,0.7152317880789966,0.22745098039206768,123.0,255.0,255.0,151.0,0.0,54.0,58.0,108.0,2.6020408163261988,1.9999999999990743,1
0.18461538461533727,0.6363636363629935,0.15499999999996125,0.2558139534881738,0.24540050942204467,-0.4807692307690767,-0.5576036866356878,1.6504126020851386,0.3506493506491989,0.28402366863888523,170.0,159.0,169.0,231.0,109.0,18.0,48.0,81.0,1.7691237830317428,0.6371681415926385,1
-0.11363636363633135,0.5454545454542356,-0.12849162011169596,0.5542857142853976,1.0,-0.06849315068490805,-0.6763485477175617,0.0,0.871794871794313,0.1930693069305975,117.0,196.0,202.0,156.0,79.0,40.0,39.0,136.0,2.3578947368417507,1.0847457627114967,1
0.009803921568622646,0.35593220338952886,-0.11587982832613053,0.9277108433723762,1.0,-0.12568306010922095,-0.9548872180443949,0.0,0.7766990291254595,0.02307692307690533,214.0,101.0,130.0,103.0,116.0,38.0,3.0,80.0,1.556840077070991,1.1176470588231187,1
-0.043478260869549465,0.23287671232844812,-0.07042253521124281,0.34328358208903986,1.0,-0.4915254237285359,-0.7471264367811798,0.0,0.3409090909088327,0.14473684210516793,141.0,144.0,152.0,132.0,109.0,28.0,22.0,45.0,2.053475935828511,1.0666666666661588,1
0.0,-0.010101010100999898,-0.01709401709400979,-0.010101010100999898,-0.2571428580886803,-0.40243902438999857,-0.4082840236683975,0.5909090943655648,0.42608695652136863,0.42016806722653766,142.0,115.0,119.0,115.0,51.0,50.0,50.0,49.0,1.889117043120762,1.9999999999990001,1
0.032745591939538354,0.36842105263109415,0.01234567901234263,0.9999999999980769,0.9756097560011494,-0.5953307392993793,-0.9999999999995001,10.0,0.2536585365852421,0.0,139.0,192.0,200.0,205.0,68.0,24.0,0.0,52.0,2.10989010988982,1.1428571428564627,1
0.14414414414407922,0.5412844036692281,0.053941908713670564,0.9999999999988095,0.8976377951903456,-0.20379146919421623,-0.9999999999991228,10.0,0.6614173228341249,0.0,87.0,95.0,114.0,127.0,64.0,25.0,0.0,84.0,1.8811881188114157,1.0101010101005,1
0.25862068965506096,-0.999999999975,0.29777777777764547,0.0,-0.9999999996641791,-0.9999999999993151,-0.9999999999987341,0.0,0.0,0.0,133.0,86.0,79.0,146.0,56.0,4.0,0.0,0.0,1.5254988913522116,0.49999999999921874,1
0.0835443037974472,0.357142857142432,0.0808080808080604,0.6764705882342993,0.7865829736110806,-0.5793357933577198,-0.8860103626938415,8.371323519042056,0.26635514018679146,0.06043956043952724,218.0,181.0,182.0,214.0,59.0,27.0,11.0,57.0,1.82367758186375,1.2705882352933704,1
0.016241299303940547,0.49253731343210067,-0.07594936708859157,0.2987012987009108,1.0,-0.6282527881038557,-0.8085106382975856,0.0,0.2283105022830008,0.10588235294113495,131.0,212.0,255.0,219.0,25.0,17.0,27.0,50.0,2.1912144702839544,1.2477064220172038,1
0.14540059347176695,0.25641025640992765,0.04324324324323156,0.20987654320961743,0.6583179538656668,-0.5950413223138037,-0.6937799043058882,4.853395050500239,0.25388601036256275,0.18079096045187526,111.0,144.0,177.0,193.0,46.0,29.0,32.0,49.0,1.945945945945617,1.5163398692800547,1
-0.47297297297265345,-0.9999999999981818,-0.5714285714282575,-0.9999999999950001,0.2727272727425683,-0.9999999999974358,-0.7546012269934022,1.7500000002984615,0.0,0.13986013986004206,165.0,109.0,143.0,39.0,66.0,55.0,20.0,0.0,2.066350710899984,2.49999999999858,1
-0.031249999999991864,0.5538461538457279,-0.09489051094888203,0.9999999999990099,1.0,-0.2961672473866564,-0.9999999999995556,0.0,0.5430107526878801,0.0,171.0,198.0,225.0,186.0,155.0,29.0,0.0,101.0,2.1035856573702385,0.7388535031844781,1
-0.5937499999998145,0.6874999999978515,-0.5937499999998145,-0.05263157894727608,-0.8371501273561921,-0.4130434782604206,-0.7894736842102493,0.08864265929457986,0.4153846153839763,0.11764705882348328,199.0,255.0,255.0,65.0,0.0,5.0,30.0,27.0,2.6356589147283414,1.0810810810781593,1
-0.233766233766082,0.6486486486482105,-0.3058823529409966,0.671232876711869,1.0,0.34806629834234915,-0.6444444444439671,0.0,2.0677966101659866,0.2162162162160214,166.0,95.0,111.0,59.0,64.0,26.0,24.0,122.0,1.831325301204378,0.8739495798315656,1
-0.29457364341073855,-0.2962962962957476,-0.34532374100707003,-0.11627906976717144,-0.4961942733956577,-0.6545454545448595,-0.7725118483408662,0.3367248062983983,0.20879120879097934,0.1283422459892362,172.0,167.0,187.0,91.0,0.0,35.0,24.0,19.0,2.237855946398285,3.1460674157268023,1
-0.184210526315741,-0.21951219512177275,-0.2211055276381354,-0.020408163265285297,-0.8309978772019475,-0.5270935960588536,-0.6587030716721302,0.09230055662794491,0.30967741935463894,0.2057613168723433,116.0,225.0,243.0,155.0,87.0,75.0,50.0,48.0,2.4965325936196257,2.105263157893998,1
0.0,-0.16666666666651234,0.0,0.12499999999984375,0.9999999992,-0.6999999999997667,-0.7586206896549108,10.0,0.17647058823522493,0.1372549019607305,158.0,255.0,255.0,255.0,30.0,63.0,35.0,45.0,2.2101841820149284,2.507462686565917,1
-0.011363636363633136,0.4999999999995536,0.14098360655733083,0.6310679611644359,0.6347818915643265,-0.34883720930219037,-0.746666666666169,4.476179721364943,0.48275862068937775,0.1450381679388206,255.0,178.0,131.0,174.0,82.0,28.0,19.0,84.0,1.814012738853272,1.0090090090085546,1
0.0782241014798989,0.23529411764682814,0.0,0.49999999999940475,0.9999999998000001,-0.6037735849054705,-0.8478260869562146,10.0,0.24705882352931488,0.0823529411764383,255.0,218.0,255.0,255.0,58.0,39.0,21.0,63.0,1.8435517970399742,1.5678391959791118,1
-0.029649595687323546,0.5468749999995728,-0.042553191489350384,0.9999999999989899,1.0,-0.2903225806450572,-0.9999999999994899,0.0,0.5499999999996945,0.0,129.0,191.0,196.0,180.0,152.0,29.0,0.0,99.0,2.2112879884222556,0.7508090614884302,1
0.41104294478515,0.2647058823525519,0.4790996784564376,0.023809523809495463,-0.9053128328235645,-0.6849816849814341,-0.32786885245874764,0.04969638861214706,0.18695652173904917,0.5061728395055479,166.0,96.0,81.0,230.0,97.0,25.0,41.0,43.0,1.3061224489793697,1.0526315789468146,1
0.40883977900541196,-0.11111111111093475,0.2718204488777377,-0.377777777777358,1.0,-0.8021201413424728,-0.40384615384595973,0.0,0.1098039215685844,0.4246575342462845,138.0,107.0,146.0,255.0,48.0,35.0,62.0,28.0,1.4102141680393063,1.9178082191767687,1
0.0,0.5934959349588671,0.0,0.4848484848481176,0.99999999979375,-0.44475920679874087,-0.7647058823526766,10.0,0.3843137254900454,0.13333333333328104,190.0,255.0,255.0,255.0,110.0,25.0,34.0,98.0,2.136125654450038,0.775193798449312,1
0.1513647642679525,0.2577319587626209,0.004329004329003392,0.2577319587626209,0.9669618524920253,-0.5836177474400739,-0.7293233082704026,10.0,0.2629310344826453,0.15652173913036674,198.0,171.0,230.0,232.0,21.0,36.0,36.0,61.0,1.7720207253883713,1.870129870128656,1
-0.09411764705879586,0.44871794871766113,-0.14917127071819083,0.91525423728736,1.0,-0.15355805243439943,-0.9530516431920408,0.0,0.7337662337657573,0.024038461538449983,221.0,186.0,208.0,154.0,112.0,43.0,5.0,113.0,1.991967871485677,1.1061093247584868,1
-0.18329466357304333,0.23728813559301926,-0.18329466357304333,0.4313725490191849,1.0,-0.4136546184737295,-0.7957746478870438,0.0,0.41477272727249165,0.11372549019603384,192.0,255.0,255.0,176.0,88.0,45.0,29.0,73.0,2.323462414578323,1.4342629482066,1
-0.07103825136610081,0.6907216494841801,0.06583072100311416,0.9999999999993903,0.8764705881530263,-0.017964071856282047,-0.999999999999329,10.0,0.9647058823523738,0.0,139.0,196.0,149.0,170.0,189.0,30.0,0.0,164.0,2.236804564906956,0.5811138014526438,1
-0.07780979827087095,0.6260162601620927,-0.06705539358598628,0.4705882352937717,1.0,-0.23076923076914202,-0.6712328767120223,0.0,0.6249999999996094,0.19672131147530236,222.0,187.0,183.0,160.0,137.0,23.0,36.0,100.0,1.978835978835717,0.6501766784449999,1
-0.2563176895305934,0.4193548387092265,-0.2137404580151856,0.3469387755098501,1.0,-0.21893491124247402,-0.6649214659682383,0.0,0.6407766990285041,0.20125786163509357,106.0,174.0,159.0,103.0,126.0,27.0,32.0,66.0,2.4991023339313285,0.8780487804874479,1
-0.07843137254899397,0.4318181818176911,-0.1214953271027659,0.9999999999984127,1.0,-0.38235294117628316,-0.9999999999994446,0.0,0.44680851063798105,0.0,159.0,165.0,180.0,141.0,77.0,25.0,0.0,63.0,2.0952380952377627,1.0526315789468146,1
0.4625550660790914,0.5686274509798347,0.41880341880323985,0.951219512193962,0.38861838098164475,-0.34959349593481726,-0.9428571428557959,2.2712792428605537,0.4819277108430832,0.0294117647058391,87.0,61.0,68.0,166.0,53.0,22.0,2.0,80.0,1.3013333333329864,0.994350282485314,1
0.12925170068018418,0.4705882352927335,-0.11229946524058167,0.9999999999960001,1.0,-0.5370370370365398,-0.9999999999990384,0.0,0.30120481927674553,0.0,143.0,64.0,104.0,83.0,63.0,9.0,0.0,25.0,1.4463276836154106,0.6792452830182271,1
-0.475409836065314,0.758241758240925,-0.5270935960588536,0.99999999999875,1.0,0.2499999999998047,-0.999999999999355,0.0,1.6666666666631944,0.0,153.0,135.0,155.0,48.0,55.0,11.0,0.0,80.0,2.2929936305727616,0.5605095541397704,1
-0.02777777777776492,0.14285714285695733,-0.26573426573417286,0.66037735848932,1.0,-0.4093959731540877,-0.9052631578942605,0.0,0.41904761904721993,0.04972375690604988,111.0,111.0,181.0,105.0,63.0,33.0,9.0,44.0,2.02739726027351,1.5260115606927596,1
-0.31313131313120773,0.5064935064928487,-0.36249999999988675,0.731343283580998,1.0,-0.27499999999982816,-0.9207048458145725,0.0,0.5686274509798347,0.04128440366970584,115.0,195.0,218.0,102.0,14.0,19.0,9.0,58.0,2.5700164744641563,1.3818181818169255,1
-0.14385964912275653,0.21311475409801128,-0.27596439169131276,0.7209302325564629,1.0,-0.5345911949682173,-0.9457013574656354,0.0,0.3032786885243416,0.027906976744173067,173.0,163.0,215.0,122.0,0.0,24.0,6.0,37.0,2.0998389694038484,2.2588235294091072,1
0.027777777777771347,0.7733333333328178,-0.06918238993709241,0.9999999999992483,1.0,-0.25070422535204206,-0.9999999999996079,0.0,0.5990990990988293,0.0,255.0,210.0,255.0,222.0,14.0,17.0,0.0,133.0,1.8729096989964467,0.7513812154691982,1
-0.5909090909088671,-0.9999999999960001,-0.5662650602407364,0.0,-1.0,-0.9999999999981481,-0.9999999999994872,-0.0,0.0,0.0,125.0,210.0,195.0,54.0,24.0,25.0,0.0,0.0,2.80467445742858,2.7027027026990504,1
0.22222222222215726,0.5813953488367587,0.1206434316353564,0.961538461537537,0.7770366840633625,-0.344051446945227,-0.9759036144572435,7.970085463473628,0.48803827751172824,0.012195121951212078,235.0,133.0,164.0,209.0,0.0,27.0,2.0,102.0,1.4985915492955635,1.384615384614497,1
-0.22513089005229708,-0.874999999998177,-0.25252525252518876,-0.8181818181793388,0.5283018868407929,-0.9602649006616159,-0.7841726618702216,3.2400000012740398,0.020270270270256577,0.1209677419354351,244.0,234.0,248.0,148.0,7.0,45.0,30.0,3.0,2.176744186046258,3.5999999999964,1
-0.07594936708859157,0.26582278480995836,-0.06008583690985835,0.24223602484457005,1.0,-0.3730407523509803,-0.6038961038959079,0.0,0.4566210045660016,0.24696356275293646,255.0,255.0,247.0,219.0,117.0,58.0,61.0,100.0,2.073170731707106,1.393393393392975,1
-0.07142857142855642,0.05084745762707555,-0.07142857142855642,0.08771929824553709,1.0,-0.5618374558301902,-0.6612377850160713,0.0,0.2805429864252124,0.203921568627371,177.0,255.0,255.0,221.0,95.0,56.0,52.0,62.0,2.246696035242043,1.6654275092930613,1
-0.39419087136913106,-0.18918918918867786,-0.378723404255158,-0.18918918918867786,-0.33373835566933613,-0.6590909090901601,-0.7608695652169778,0.4995444884392979,0.20547945205451304,0.13580246913571864,227.0,168.0,162.0,73.0,22.0,22.0,22.0,15.0,2.113207547169479,2.172839506170157,1
0.010416666666663955,0.6818181818166322,-0.12217194570132983,0.6818181818166322,1.0,-0.6796536796533855,-0.9450980392153157,0.0,0.1907216494844378,0.028225806451601523,191.0,190.0,248.0,194.0,31.0,7.0,7.0,37.0,1.9869281045749037,0.6829268292674598,1
0.04477611940297553,0.7115384615381195,0.01659751037344054,0.7889447236176941,0.9587917064530651,-0.15839243498814223,-0.8372093023252569,10.0,0.7265306122446015,0.08860759493667147,217.0,224.0,237.0,245.0,60.0,30.0,21.0,178.0,1.9692307692305528,0.8053691275165084,1
-0.14893617021272068,0.7486338797810117,-0.05084745762710141,0.5533980582521586,1.0,0.06666666666664445,-0.5422885572136605,0.0,1.1428571428563266,0.2967741935481957,157.0,189.0,155.0,140.0,71.0,23.0,46.0,160.0,2.239999999999668,0.6642599277975941,1
0.19387755102035872,0.39473684210474375,0.09859154929575151,0.02912621359220473,-0.5438972158484904,-0.6306620209057037,-0.5867768595038898,0.29542302327850256,0.2264957264956297,0.26041666666653107,111.0,158.0,192.0,234.0,86.0,23.0,50.0,53.0,1.9122541603627967,0.9945945945940571,1
0.19437939110065705,0.47826086956492037,0.09677419354836629,0.9039999999992768,0.8066013408166699,-0.36363636363626645,-0.9444444444440072,9.341333323675158,0.4666666666664837,0.028571428571414967,136.0,172.0,210.0,255.0,15.0,42.0,6.0,119.0,1.8721088435371602,1.5412844036690179,1
0.25925925925919524,0.9104477611926709,0.19158878504668422,0.7066666666657244,0.5734202676752681,-0.5987460815045145,-0.8804347826082172,3.688455282623595,0.2509803921567643,0.06358381502886498,210.0,150.0,173.0,255.0,4.0,3.0,11.0,64.0,1.568627450980187,0.324324324323886,1
-0.023255813953477558,0.45454545454513673,0.2209302325580111,0.5877862595415361,0.4536274832058264,-0.004784688995213022,-0.42553191489316433,2.660506226195849,0.9904761904752472,0.4029850746262642,198.0,110.0,67.0,105.0,40.0,39.0,27.0,104.0,1.682600382408856,1.4054054054047724,1
-0.1435079726651154,0.3503184713373565,-0.1395881006864669,0.41333333333305783,1.0,-0.2789115646257555,-0.6996587030714336,0.0,0.5638297872337427,0.17670682730916598,222.0,251.0,249.0,188.0,79.0,51.0,44.0,106.0,2.2017543859646707,1.4216027874559507,1
0.10869565217388942,0.7244897959179978,0.10869565217388942,0.6650246305415444,0.719031141775514,-0.20283018867919744,-0.7154811715478179,6.11822659535477,0.6627450980389559,0.16585365853650447,255.0,205.0,205.0,255.0,106.0,27.0,34.0,169.0,1.78260869565198,0.6565349544070953,1
0.035714285714277746,0.7073170731701567,-0.04722792607801905,0.2962962962961134,1.0,-0.37685459940641636,-0.6346153846151812,0.0,0.45258620689635665,0.22352941176461824,255.0,216.0,255.0,232.0,70.0,18.0,57.0,105.0,1.8803046789987072,0.68246445497598,1
-0.2542372881354855,0.5155279503102388,-0.2666666666665556,0.7941176470582397,1.0,0.1619047619046848,-0.8313253012043186,0.0,1.3863636363620608,0.09210526315783416,125.0,148.0,152.0,88.0,96.0,39.0,14.0,122.0,2.326129666011331,1.054054054053698,1
0.2555205047317806,0.17431192660534467,0.5426356589145184,0.9999999999984375,0.29648241204054643,-0.5133079847906794,-0.999999999998305,1.8428571425153653,0.32160804020084344,0.0,255.0,118.0,59.0,199.0,31.0,45.0,0.0,64.0,1.3681159420287872,1.9459459459448942,1
0.22471910112346927,-0.05882352941159169,0.06862745098035852,0.39130434782438567,0.7015755327473155,-0.7439999999994048,-0.8627450980383699,5.701863345706842,0.1467889908255534,0.07368421052623822,192.0,69.0,95.0,109.0,9.0,18.0,7.0,16.0,1.2574031890657729,2.360655737701048,1
-0.05485232067508234,-0.8666666666647407,0.10344827586201802,0.9999999999666667,0.8124999999207868,-0.9478260869556975,-0.9999999999989011,9.666666657004761,0.02678571428569037,0.0,52.0,125.0,91.0,112.0,57.0,42.0,0.0,3.0,2.415458937197484,2.333333333331713,1
-0.6228070175435865,0.5789473684204433,-0.599999999999721,0.8749999999989062,1.0,0.2711864406777363,-0.9435028248582241,0.0,1.7441860465075716,0.029069767441843565,43.0,185.0,172.0,43.0,32.0,20.0,5.0,75.0,3.2456140350870077,1.0884353741489194,1
-0.055555555555504114,0.7303370786508647,-0.23880597014907554,0.6382978723397464,1.0,0.20312499999984132,-0.65999999999934,0.0,1.509803921565667,0.20481927710818695,88.0,57.0,83.0,51.0,132.0,12.0,17.0,77.0,1.802371541501264,0.41201716738179744,1
0.21863799283146287,0.9166666666647569,0.27340823970027217,0.6428571428559948,0.4032116787875198,-0.5740740740738083,-0.8130841121487729,2.3512720147922725,0.2705882352939585,0.10309278350504836,182.0,109.0,97.0,170.0,64.0,2.0,10.0,46.0,1.5298245614032402,0.14035087719285935,1
0.02661596958173893,-0.9999999999875,0.07142857142854309,0.0,-0.9999999986000001,-0.9999999999992594,-0.9999999999991452,0.0,0.0,0.0,176.0,128.0,117.0,135.0,37.0,8.0,0.0,0.0,1.8059964726628206,1.2075471698090423,1
0.11822660098519255,-0.9999999999974358,0.1321695760598174,-0.9999999999916667,1.0,-0.9999999999995596,-0.8709677419350157,0.0,0.0,0.06896551724133967,226.0,179.0,174.0,227.0,0.0,39.0,12.0,0.0,1.7657213316890548,3.9999999999948717,1
-0.5423728813557024,-0.09677419354823101,-0.5344827586204594,0.4358974358963182,-1.0,-0.31707317073132063,-0.8835978835974161,0.0,0.5185185185175583,0.061797752808954054,126.0,182.0,178.0,54.0,59.0,34.0,11.0,28.0,2.676470588234802,1.7548387096762874,1
-0.3213213213212248,-0.9999999999956523,-0.2959501557631477,-0.9999999999,0.5432692307760182,-0.999999999999115,-0.9904306220090956,3.378947369225939,0.0,0.0048076923076899964,146.0,220.0,208.0,113.0,51.0,23.0,1.0,0.0,2.517882689556149,1.8969072164928897,1
-0.19718309859150301,0.34328358208903986,-0.19718309859150301,0.21621621621592402,1.0,-0.5833333333330633,-0.7957746478870438,0.0,0.2631578947366882,0.11372549019603384,254.0,255.0,255.0,171.0,115.0,22.0,29.0,45.0,2.1818181818179485,0.8627450980387928,1
0.08275862068962664,0.8378378378372718,0.05016722408025078,0.6094674556209412,0.8478939156280543,-0.071672354948781,-0.622857142856787,10.0,0.8662420382160089,0.23239436619701945,255.0,133.0,142.0,157.0,26.0,12.0,33.0,136.0,1.5693215339230722,0.5161290322577871,1
-0.3492063492062568,0.37499999999970707,-0.3492063492062568,0.4193548387093392,1.0,-0.16587677725110622,-0.7525773195873703,0.0,0.7154471544709631,0.14117647058817995,90.0,255.0,255.0,123.0,83.0,40.0,36.0,88.0,2.8215767634850866,1.2749003984058667,1
-0.09850746268653776,-0.6923076923023669,-0.20105820105814787,0.99999999995,1.0,-0.9738562091496904,-0.9999999999995596,0.0,0.01324503311257401,0.0,221.0,184.0,227.0,151.0,101.0,11.0,0.0,2.0,1.9891891891889202,0.7039999999994367,1
-0.18055555555551375,-0.07999999999983999,-0.17482517482513407,0.9999999999956523,1.0,-0.769999999999615,-0.9999999999996032,0.0,0.12994350282478534,0.0,255.0,255.0,252.0,177.0,147.0,27.0,0.0,23.0,2.165605095541171,0.9642857142852839,1
0.005917159763312443,0.23076923076908284,0.1860465116278637,0.7614678899075583,0.6072956540676426,-0.45299145299132393,-0.8617021276591161,4.0928899060541495,0.3764705882351465,0.07428571428567184,255.0,252.0,175.0,255.0,83.0,60.0,13.0,96.0,1.9881656804731767,1.605351170568025,1
0.16438356164379808,0.4244604316543709,0.317829457364259,0.8165137614671408,0.439623824412389,-0.44067796610157045,-0.8591549295768598,2.56903110234507,0.38823529411749486,0.07575757575751838,184.0,183.0,132.0,255.0,76.0,40.0,10.0,99.0,1.8186335403724447,1.2549019607838217,1
0.18329466357304333,-0.22077922077893405,0.11842105263155298,0.9999999999966668,0.78823529404658,-0.7894736842102493,-0.9999999999995025,8.444444437287286,0.11764705882348328,0.0,203.0,176.0,201.0,255.0,68.0,47.0,0.0,30.0,1.7382716049380569,1.9583333333323134,1
-0.24999999999993874,-0.11688311688296509,-0.24999999999993874,0.5813953488358572,1.0,-0.6363636363632961,-0.9318181818178289,0.0,0.222222222222077,0.03529411764704499,161.0,255.0,255.0,153.0,78.0,43.0,9.0,34.0,2.4757281553395054,1.73737373737286,1
0.0839694656488336,0.2289156626503266,0.10937499999997152,0.9999999999980392,0.802816901335782,-0.6136363636361313,-0.9999999999994152,9.142857134482414,0.23943661971819746,0.0,156.0,180.0,171.0,213.0,16.0,32.0,0.0,51.0,1.9753086419750376,1.9541984732809512,1
0.3972602739724939,0.5903614457824212,0.32812499999991457,0.4999999999994318,0.2075471697858393,-0.5887850467287885,-0.7086092715227096,1.5238095233437898,0.2588235294116632,0.17054263565878255,164.0,110.0,129.0,255.0,0.0,17.0,22.0,66.0,1.3771517996867952,1.35999999999864,1
0.08121827411165451,0.3246753246751139,0.04668304668303522,0.714285714285114,0.877306272947374,-0.35238095238084055,-0.8388625592413086,10.0,0.4788732394363949,0.08762886597933628,137.0,181.0,194.0,213.0,0.0,52.0,17.0,102.0,2.0337078651682536,2.0194174757271752,1
0.14864864864861518,0.7586206896545185,0.15909090909087295,0.9999999999990196,0.7254901960156617,-0.42857142857130853,-0.9999999999994595,6.28571428175853,0.39999999999984315,0.0,255.0,189.0,185.0,255.0,60.0,14.0,0.0,102.0,1.7027027027025108,0.5894736842102161,1
0.33893557422959697,0.35403726708052546,0.2884097035039654,0.5571428571424593,0.3178195728025062,-0.3735632183906973,-0.6196319018401107,1.931775700263918,0.45606694560650374,0.23484848484830695,255.0,118.0,132.0,239.0,28.0,52.0,31.0,109.0,1.2931506849313297,1.726141078837458,1
-0.1672597864768088,0.5034482758617218,-0.0823529411764383,0.35403726708052546,1.0,-0.035398230088479914,-0.45263157894713024,0.0,0.9316239316231354,0.37681159420262555,81.0,164.0,138.0,117.0,0.0,36.0,52.0,109.0,2.494296577946294,1.5911602209935962,1
0.3043478260868787,-0.29824561403456445,0.44475920679874087,-0.31034482758567183,-1.0,-0.8545454545451439,-0.44117647058791093,0.0,0.07843137254898885,0.38775510204042063,165.0,136.0,98.0,255.0,34.0,37.0,38.0,20.0,1.5722543352598883,2.3124999999981934,1
0.3805309734511591,0.31999999999935996,0.1773584905659708,0.434782608694707,0.420530688753934,-0.6507936507933065,-0.7868852459009943,2.4514338561527196,0.21153846153832595,0.11926605504576214,200.0,70.0,109.0,156.0,29.0,17.0,13.0,33.0,1.1290322580642886,1.416666666665191,1
0.1452282157675746,0.3090909090906281,-0.028169014084497124,0.714285714284864,1.0,-0.3142857142855646,-0.8481012658222481,0.0,0.5217391304344046,0.08219178082186152,181.0,103.0,146.0,138.0,22.0,38.0,12.0,72.0,1.5695238095235104,1.7882352941165953,1
-0.5136986301368104,0.2318840579708465,-0.5644171779139373,0.752577319586853,1.0,0.08974358974353222,-0.910112359550221,0.0,1.197183098589863,0.047058823529393314,112.0,221.0,255.0,71.0,72.0,53.0,12.0,85.0,2.8287999999995472,1.6121673003796153,1
-0.3933649289097662,0.7010309278346902,-0.42081447963781865,0.9186046511622566,1.0,0.4410480349343052,-0.9146341463409058,0.0,2.5781249999959717,0.0445859872611181,163.0,147.0,157.0,64.0,135.0,29.0,7.0,165.0,2.2571976967366107,0.6480446927372492,1
-0.04294478527606484,0.7520661157018578,-0.008474576271184645,0.9629629629620713,1.0,-0.3764705882351834,-0.9833333333329236,0.0,0.4529914529912594,0.008403361344534285,127.0,255.0,238.0,234.0,119.0,15.0,2.0,106.0,2.342135476463566,0.4705882352939331,1
0.08050847457625414,0.5505617977521904,0.13839285714282626,0.9999999999985507,0.7568627450312921,-0.5740740740738969,-0.999999999999482,7.2258064463828156,0.27058823529401155,0.0,187.0,217.0,193.0,255.0,75.0,20.0,0.0,69.0,1.9817351598171253,0.8695652173908318,1
-0.02659574468084399,-0.6666666666648148,0.30714285714274747,-0.6129032258044745,1.0,-0.936507936507441,-0.5901639344257458,0.0,0.032786885245883725,0.2577319587626209,192.0,193.0,97.0,183.0,85.0,30.0,25.0,6.0,2.0289093298289056,1.5894039735088814,1
0.21897810218970112,0.5257731958757467,0.027692307692299172,0.6629213483138618,0.9198037643841718,-0.38589211618241254,-0.8265895953752448,10.0,0.44311377245482453,0.09493670886069941,160.0,107.0,158.0,167.0,73.0,23.0,15.0,74.0,1.582255083179005,0.9533678756471745,1
-0.37457044673526646,0.2289156626503266,-0.40522875816980225,0.64516129032154,1.0,-0.2816901408448721,-0.9026548672562378,0.0,0.5604395604389446,0.051162790697650624,83.0,200.0,215.0,91.0,143.0,32.0,11.0,51.0,2.7874564459925457,0.9922480620151193,1
0.09042553191486957,0.9999999999988763,0.05670103092782044,0.9999999999988763,0.892682926744702,-0.3945578231291175,-0.9999999999994537,10.0,0.43414634146320286,0.0,121.0,171.0,183.0,205.0,120.0,0.0,0.0,89.0,2.04790419161646,0.0,1
0.025974025974020352,0.12499999999973958,0.05803571428570133,0.9999999999962964,0.8902953585652821,-0.7954545454542442,-0.9999999999995262,10.0,0.11392405063286333,0.0,161.0,225.0,211.0,237.0,77.0,21.0,0.0,27.0,2.122641509433712,1.1506849315060612,1
-0.3963414634145133,0.514285714285347,-0.44067796610157045,0.811965811965118,1.0,0.034146341463397976,-0.917293233082362,0.0,1.0707070707059891,0.04313725490194387,119.0,229.0,255.0,99.0,124.0,34.0,11.0,106.0,2.710059171597232,0.9127516778520427,1
-0.025380710659885595,0.9085714285709094,-0.1466666666666015,0.9999999999994013,1.0,0.2699619771862092,-0.999999999999225,0.0,1.7395833333315212,0.0,144.0,101.0,129.0,96.0,188.0,8.0,0.0,167.0,1.8280542986421204,0.1725067385444279,1
-0.2378640776698452,0.8156682027646012,-0.21105527638185653,0.766816143497414,1.0,0.11299435028245396,-0.8052434456925823,0.0,1.254777070062895,0.10788381742734113,239.0,255.0,241.0,157.0,166.0,20.0,26.0,197.0,2.251655629138824,0.39702233250610497,1
0.04722792607801905,0.4534161490680414,0.12582781456950864,0.3764705882350727,0.49899177902259256,-0.3709677419353842,-0.5776892430276583,2.991950462017372,0.4588235294115848,0.2676767676766325,255.0,232.0,198.0,255.0,70.0,44.0,53.0,117.0,1.9055441478437467,1.2799999999995346,1
0.41666666666655094,0.28571428571399415,0.2878787878787152,0.4823529411759031,0.25248785000150087,-0.6037735849054705,-0.7300613496928037,1.6755417950820561,0.24705882352931488,0.15602836879421558,254.0,105.0,141.0,255.0,54.0,35.0,22.0,63.0,1.1682892906813396,1.4973262032077554,1
0.04109589041094952,0.43801652892525783,0.139999999999965,0.5398230088490797,0.5881280915560816,-0.44761904761890553,-0.737373737373365,3.8558786318830482,0.3815789473682537,0.15116279069758654,255.0,210.0,172.0,228.0,0.0,34.0,26.0,87.0,1.8604651162788637,1.7548387096762874,1
-0.2453987730060597,0.4999999999995,-0.2764705882352128,0.9230769230757396,1.0,-0.24242424242412,-0.9727272727268307,0.0,0.6097560975604799,0.013824884792620357,183.0,203.0,217.0,123.0,51.0,25.0,3.0,75.0,2.2808988764041738,1.1363636363629908,1
-0.12133891213384045,0.20930232558090858,-0.16996047430823322,0.999999999996154,1.0,-0.6030534351140435,-0.9999999999993244,0.0,0.2476190476188118,0.0,129.0,134.0,148.0,105.0,71.0,17.0,0.0,26.0,2.1354581673302517,1.0381679389305054,1
0.30405405405395136,-0.5820895522379371,0.09039548022596317,-0.09677419354807493,1.0,-0.8647342995164905,-0.8089887640444894,0.0,0.07253886010358936,0.10559006211173566,127.0,103.0,161.0,193.0,37.0,53.0,17.0,14.0,1.5665399239540747,2.700636942673439,1
0.2154340836012169,0.22123893805290157,0.10850439882694765,0.5333333333327407,0.6618946084863498,-0.4651162790695872,-0.7572254335255739,4.915315310781234,0.36507936507917194,0.13815789473675122,117.0,122.0,152.0,189.0,0.0,44.0,21.0,69.0,1.7745454545451318,2.2420382165590818,1
0.45454545454532125,0.5238095238091081,0.4011299435027116,0.6695652173907221,0.2507112048950941,-0.4418604651161506,-0.6959999999994432,1.6691977950513588,0.38709677419339233,0.17924528301869883,153.0,93.0,106.0,248.0,64.0,30.0,19.0,96.0,1.2674616695057466,1.090909090908595,1
-0.10365853658533425,0.3801169590641052,-0.11711711711708195,0.3641618497107722,1.0,-0.10943396226410965,-0.5435684647300649,0.0,0.8027210884348281,0.2956989247310238,166.0,181.0,186.0,147.0,48.0,53.0,55.0,118.0,2.145185185184867,1.5588235294111916,1
0.026865671641783027,-0.17241379310325008,-0.08994708994706616,0.028571428571387756,-1.0,-0.6538461538458396,-0.7166666666663681,0.0,0.20930232558127368,0.16504854368924027,229.0,163.0,206.0,172.0,0.0,51.0,34.0,36.0,1.7936726272349663,2.9565217391282927,1
0.18343195266266762,0.454545454544938,-0.004975124378108215,0.939393939392516,1.0,-0.5151515151513201,-0.9803921568622646,0.0,0.31999999999984,0.009900990099005,134.0,138.0,202.0,200.0,14.0,24.0,2.0,64.0,1.8098360655734738,1.5238095238083145,1
-0.2025723472668159,0.4018691588781291,-0.17880794701980834,0.9999999999986666,1.0,-0.24623115577877075,-0.9999999999994382,0.0,0.6048387096769315,0.0,151.0,187.0,178.0,124.0,34.0,32.0,0.0,75.0,2.3050847457623567,1.4797687861263125,1
-0.2756410256409373,0.8113207547154503,-0.1781818181817534,0.2631578947364958,1.0,-0.40372670807428346,-0.7052631578943657,0.0,0.424778761061571,0.17283950617273283,151.0,199.0,162.0,113.0,60.0,5.0,28.0,48.0,2.4048338368576427,0.33898305084717034,1
-0.36050156739800615,0.1369863013697692,-0.3245033112581707,0.1369863013697692,-1.0,-0.1027027027026472,-0.5209125475283191,0.0,0.8137254901952806,0.3149999999998425,127.0,217.0,200.0,102.0,105.0,63.0,63.0,83.0,2.6184012066361055,1.6050955414007628,1
-0.34317343173419074,0.61386138613831,-0.3620071684586516,0.7157894736838338,1.0,0.29365079365067714,-0.7511520737323728,0.0,1.8314606741552455,0.14210526315781996,102.0,182.0,190.0,89.0,113.0,39.0,27.0,163.0,2.6234234234229503,0.8813559322031409,1
-0.20283018867919744,0.7041420118339029,-0.20283018867919744,0.8113207547164709,1.0,-0.07987220447281794,-0.8888888888885597,0.0,0.8520710059166556,0.05882352941174164,119.0,255.0,255.0,169.0,136.0,25.0,15.0,144.0,2.5563909774432885,0.6060606060604224,1
-0.12655086848632097,0.5283018867919544,-0.043478260869553406,0.7234042553183794,1.0,-0.369649805447327,-0.8731707317068912,0.0,0.46022727272701125,0.06770833333329808,82.0,227.0,192.0,176.0,74.0,25.0,13.0,81.0,2.5505617977524504,0.9756097560970851,1
0.063414634146326,0.4320987654315653,0.27859237536648723,0.9999999999982758,0.5642201834416226,-0.5797101449273262,-0.999999999999187,3.5894736829169576,0.2660550458714376,0.0,221.0,192.0,123.0,218.0,89.0,23.0,0.0,58.0,1.8663426488454595,0.9533678756471745,1
0.29963898916956694,0.8086956521732098,0.09422492401212942,0.9999999999990384,0.8277777777020245,-0.2676056338027227,-0.999999999999329,10.0,0.5777777777774569,0.0,201.0,97.0,149.0,180.0,64.0,11.0,0.0,104.0,1.3495652173910695,0.46315789473659835,1
-0.26237623762369744,0.6223776223771872,-0.26237623762369744,0.9999999999991379,1.0,-0.12452830188674546,-0.9999999999996079,0.0,0.7785234899323634,0.0,80.0,255.0,255.0,149.0,2.0,27.0,0.0,116.0,2.7604871447898836,1.255813953487642,1
-0.019999999999996,0.999999999999099,0.10360360360358027,0.999999999999099,0.8122448978854694,-0.37640449438191675,-0.9999999999994975,9.65217390372051,0.453061224489611,0.0,120.0,255.0,199.0,245.0,50.0,0.0,0.0,111.0,2.331428571428305,0.0,1
-0.05590062111800085,0.6694214876027526,-0.04801670146136785,0.6557377049174953,1.0,-0.38601823708194954,-0.8455882352938068,0.0,0.44298245614015663,0.083665338645385,128.0,255.0,251.0,228.0,81.0,20.0,21.0,101.0,2.3556581986140466,0.7207207207203961,1
-0.26857142857135186,0.3885350318468863,-0.24483775811202219,0.8793103448268281,1.0,-0.08016877637127419,-0.9357798165133323,0.0,0.8515624999993348,0.033175355450221246,134.0,222.0,211.0,128.0,89.0,48.0,7.0,109.0,2.5155807365435527,1.3061224489791476,1
0.10119047619044608,0.8852459016389815,0.13496932515333285,0.7424242424239612,0.6923402902060604,0.1084337349397329,-0.611428571428222,5.500688701158253,1.2432432432425713,0.24113475177287866,159.0,151.0,141.0,185.0,149.0,14.0,34.0,230.0,1.8699690402473885,0.27518427518420757,1
0.04733727810649487,0.5978260869561969,0.0504451038575518,0.4923857868017805,0.8141406291856851,-0.09259259259256401,-0.5238095238092744,9.7608241072535,0.830508474575802,0.3124999999998047,145.0,161.0,160.0,177.0,106.0,37.0,50.0,147.0,1.9999999999996894,0.905198776758133,1
-0.38650306748454405,0.23489932885890277,-0.31271477663219494,0.4374999999996583,1.0,-0.041666666666644966,-0.6828193832596111,0.0,0.91999999999908,0.1884816753925715,135.0,226.0,191.0,100.0,68.0,57.0,36.0,92.0,2.6317321688496897,1.6642335766417284,1
0.24390243902433076,0.27586206896527943,0.24694376528111323,0.43689320388307096,0.27777006383019237,-0.5501519756837234,-0.6830601092892443,1.7692011912461323,0.2901960784312588,0.18831168831156606,255.0,155.0,154.0,255.0,96.0,42.0,29.0,74.0,1.512195121951035,1.3228346456687705,1
0.02777777777776492,-0.12871287128700126,-0.02631578947367267,0.6296296296284636,1.0,-0.4322580645158502,-0.8425196850387067,0.0,0.3963963963960393,0.08547008547001242,187.0,105.0,117.0,111.0,59.0,57.0,10.0,44.0,1.6535433070862886,2.1013824884782943,1
0.07964601769909155,-0.016666666666652778,-0.01081081081080789,0.7101449275352026,1.0,-0.5123966942146643,-0.89847715735995,0.0,0.3224043715845233,0.05347593582884841,229.0,156.0,187.0,183.0,70.0,61.0,10.0,59.0,1.7237569060771099,1.9442231075689467,1
0.17751479289935576,0.938931297709207,0.15028901734099703,0.9097744360895416,0.7164527898958125,-0.22085889570545372,-0.9215686274503782,6.053499128415793,0.6381909547735487,0.04081632653058448,183.0,139.0,147.0,199.0,70.0,4.0,6.0,127.0,1.6848484848482295,0.15609756097553362,1
0.37846153846142205,0.4392523364481876,0.05164319248825079,0.37499999999966516,0.7579092157781987,-0.4883720930230936,-0.7046413502106732,7.261363622298216,0.34374999999984657,0.1732673267325875,219.0,101.0,202.0,224.0,0.0,30.0,35.0,77.0,1.2527131782943794,1.7518248175169697,1
0.020057306590252132,-0.03571428571422194,-0.027322404371577236,-0.18181818181790632,0.738717340020392,-0.7365853658532993,-0.6563876651979488,6.6545454788928255,0.15168539325834177,0.20744680851052796,98.0,171.0,188.0,178.0,101.0,29.0,39.0,27.0,2.2135922330093503,1.2473118279563187,1
0.2043010752687623,0.3766233766231321,0.061611374407568344,0.2848484848483122,0.6443375889367796,-0.35757575757564924,-0.5408560311281942,4.6233100158043285,0.4732142857140745,0.2979797979796475,115.0,148.0,198.0,224.0,119.0,48.0,59.0,106.0,1.8645669291335645,1.196261682242618,1
0.03389830508473619,0.4640522875813961,-0.11594202898547924,0.39130434782584395,1.0,-0.24067796610161335,-0.6499999999997679,0.0,0.6120218579231629,0.2121212121211203,126.0,171.0,231.0,183.0,39.0,41.0,49.0,112.0,2.1013824884789396,1.4077253218878079,1
0.18329466357304333,0.4135338345861553,0.04294478527606484,0.6637168141587046,0.8784572832191886,-0.4613180515757991,-0.8498023715411661,10.0,0.36862745098024763,0.0811965811965465,202.0,176.0,234.0,255.0,33.0,39.0,19.0,94.0,1.7404202719404522,1.5219512195114528,1
0.16568047337273206,0.3644859813080706,0.0076726342710977825,0.8249999999989688,0.9815710664566218,-0.45925925925908917,-0.9303482587060049,10.0,0.3705583756343297,0.036082474226785524,138.0,141.0,194.0,197.0,68.0,34.0,7.0,73.0,1.8282009724470294,1.3014354066979419,1
0.20858895705515074,-0.33333333333304843,0.059139784946220665,0.3684210526309326,0.723362011743103,-0.6694915254234451,-0.8134715025902521,6.229665061227283,0.19796954314710763,0.10285714285708408,184.0,129.0,175.0,197.0,13.0,78.0,18.0,39.0,1.6150234741781508,2.999999999998558,1
0.15384615384611905,0.15151515151492195,0.32812499999991457,0.13432835820875472,-0.41906202714135826,-0.740614334470737,-0.6329113924046628,0.409381662987738,0.14901960784307883,0.22480620155021336,202.0,187.0,129.0,255.0,64.0,28.0,29.0,38.0,1.8002406738866665,1.4177215189864445,1
0.38461538461525013,0.4891304347823429,0.4042553191487928,0.5657142857139625,0.16645775881953476,-0.18208955223875162,-0.3770491803275598,1.3993984958941312,0.6919191919188425,0.4523809523804138,167.0,88.0,84.0,198.0,89.0,47.0,38.0,137.0,1.3012939001846022,1.1749999999996328,1
-0.1079812206572263,0.3215859030835588,-0.1914893617020462,0.7241379310340667,1.0,0.22448979591827573,-0.7073170731703005,0.0,1.5789473684193907,0.171428571428449,84.0,118.0,140.0,95.0,93.0,77.0,24.0,150.0,2.274698795180175,1.5516372795965865,1
-0.30769230769222883,0.5769230769227072,-0.28381962864713955,0.5569620253161033,1.0,-0.046511627906958716,-0.7472924187722935,0.0,0.9111111111104363,0.14462809917349395,187.0,255.0,242.0,135.0,56.0,33.0,35.0,123.0,2.451923076922782,1.0775510204077234,1
-0.26737967914431354,0.7078651685385304,-0.21489971346698714,0.7078651685385304,1.0,-0.2863849765256872,-0.8844444444440515,0.0,0.5547445255470403,0.06132075471695221,255.0,237.0,212.0,137.0,64.0,13.0,13.0,76.0,2.189376443417761,0.6265060240960082,1
0.03448275862068266,0.7064220183479758,0.12582781456950864,0.9374999999990234,0.7633320357396415,-0.4655172413791766,-0.9701492537308607,7.450657888809413,0.36470588235279816,0.0151515151515075,255.0,238.0,198.0,255.0,53.0,16.0,3.0,93.0,1.9310344827584247,0.7191011235951017,1
-0.07633587786256629,0.624999999999566,-0.18518518518512284,0.6956521739125394,1.0,-0.01680672268906857,-0.7868020304564535,0.0,0.9669421487595314,0.11931818181811403,160.0,141.0,176.0,121.0,41.0,27.0,21.0,117.0,2.003552397868205,1.0188679245278214,1
0.0,-0.5555555555540124,0.0,0.06666666666622222,0.9999999985000001,-0.9391634980985023,-0.946564885495822,10.0,0.03137254901959554,0.0274509803921461,159.0,255.0,255.0,255.0,64.0,28.0,7.0,8.0,2.207792207791969,1.749999999998633,1
-0.028225806451607213,0.709677419353694,0.08071748878921957,0.9999999999981132,0.8506224065600653,-0.6394557823127077,-0.9999999999995123,10.0,0.21991701244804154,0.0,231.0,255.0,205.0,241.0,78.0,9.0,0.0,53.0,2.0773930753562038,0.48322147650974284,1
-0.12307692307689153,0.839999999999328,-0.03389830508473619,0.8253968253961703,1.0,-0.19580419580412736,-0.886597938143873,0.0,0.6725146198826477,0.060109289617453494,147.0,219.0,183.0,171.0,39.0,10.0,11.0,115.0,2.317460317460011,0.45977011494226455,1
0.09385113268605377,0.33333333333305554,0.09740259740256578,0.7391304347818053,0.7671279108092537,-0.35742971887535846,-0.8410596026484497,7.588405789304902,0.4733727810648087,0.08633093525173646,160.0,140.0,139.0,169.0,65.0,40.0,12.0,80.0,1.8390804597698127,1.4222222222215901,1
0.014084507042249554,0.5360824742265278,-0.050131926121358805,0.999999999999329,1.0,-0.09422492401212942,-0.9999999999994975,0.0,0.827777777777318,0.0,242.0,175.0,199.0,180.0,82.0,45.0,0.0,149.0,1.8134715025904387,1.1214953271024544,1
0.2990936555890335,0.3974358974356427,0.18131868131863152,0.5683453237405983,0.5162668072075326,-0.32716049382705953,-0.6648044692733717,3.1345105716293697,0.5069767441858107,0.20134228187905953,211.0,116.0,149.0,215.0,119.0,47.0,30.0,109.0,1.4103343465043447,1.1677018633536747,1
-0.39358600583078907,0.3459119496853171,-0.3639143730885737,0.5851851851847518,1.0,0.014218009478666247,-0.776892430278575,0.0,1.0288461538451645,0.12556053811653564,106.0,239.0,223.0,104.0,173.0,52.0,28.0,107.0,2.7790697674414564,1.0833333333330513,1
0.04531722054379296,0.32876712328744606,0.02670623145399801,0.3472222222219811,0.8571586022175367,-0.28148148148137725,-0.5545023696679837,10.0,0.560693641618173,0.2865853658534838,185.0,158.0,164.0,173.0,158.0,49.0,47.0,97.0,1.8753709198810273,1.1104815864019517,1
-0.022857142857136328,0.19148936170199188,0.04268292682925528,0.5412844036692281,0.8538174153149584,-0.3411764705881015,-0.7252747252743268,10.0,0.49122807017515135,0.15923566878970752,187.0,179.0,157.0,171.0,165.0,57.0,25.0,84.0,1.9999999999997204,1.256198347107092,1
-0.0019646365422392995,0.36249999999977345,0.09247311827955002,0.2899408284021953,0.516371622385796,-0.39944903581256214,-0.557195571955514,3.1354066293314746,0.42913385826754763,0.284360189573325,189.0,255.0,211.0,254.0,98.0,51.0,60.0,109.0,2.1406086044069106,1.3203883495141358,1
0.169620253164514,0.7851239669414999,0.19379844961235304,0.815126050419483,0.6158316115090289,-0.36283185840697263,-0.8682634730533724,4.206050417995296,0.4675324675322652,0.07051282051277531,161.0,164.0,156.0,231.0,0.0,13.0,11.0,108.0,1.822222222221969,0.7761194029844956,1
-0.18055555555551375,-0.3030303030298439,-0.18055555555551375,0.2777777777770062,1.0,-0.769999999999615,-0.9029850746265288,0.0,0.12994350282478534,0.05098039215684275,130.0,255.0,255.0,177.0,15.0,43.0,13.0,23.0,2.4969400244794984,2.7741935483848597,1
-0.07017543859647583,0.5696202531643166,-0.07221006564549842,0.7971014492749773,1.0,-0.06532663316581273,-0.8421052631575782,0.0,0.877358490565624,0.08571428571425073,27.0,244.0,245.0,212.0,216.0,51.0,21.0,186.0,2.6850068775787226,0.8095238095236489,1
0.2814070351758087,0.529999999999735,0.05371900826445171,0.4166666666664738,0.7715959002751521,-0.24999999999993874,-0.5684931506847368,7.756410241969412,0.5999999999997647,0.27510917030555676,171.0,143.0,229.0,255.0,225.0,47.0,63.0,153.0,1.6067415730334822,0.7966101694913567,1
0.0,0.07499999999990625,-0.038167938931288,0.11688311688296509,1.0,-0.629310344827315,-0.7142857142854142,0.0,0.22751322751310715,0.16666666666658497,201.0,189.0,204.0,189.0,4.0,37.0,34.0,43.0,1.9687499999997435,2.4462809917335155,1
0.06763285024152955,0.5111111111108272,0.1105527638190677,0.6190476190472506,0.6969498195173747,-0.2380952380951714,-0.6937799043058882,5.599567094500111,0.615384615384337,0.18079096045187526,165.0,193.0,177.0,221.0,137.0,44.0,32.0,136.0,1.9999999999997409,0.9750692520772922,1
-0.19437939110065705,0.5999999999996667,-0.19437939110065705,0.43999999999978,1.0,-0.08860759493668083,-0.6398713826364503,0.0,0.8372093023250947,0.2196078431371688,126.0,255.0,255.0,172.0,64.0,36.0,56.0,144.0,2.524752475247212,1.0285714285710612,1
-0.01347708894878343,-0.3932584269658503,-0.16438356164379808,-0.3863636363631973,0.4030525721474211,-0.7428571428567892,-0.6139240506327172,2.3503787893064674,0.14754098360647677,0.239215686274416,209.0,188.0,255.0,183.0,59.0,62.0,61.0,27.0,1.9583333333330781,2.3619047619036375,1
0.2561576354679172,0.2258064516126604,0.3456464379946318,0.561643835615669,0.23806867975970997,-0.6346153846151812,-0.7714285714280205,1.624908501044356,0.22352941176461824,0.12903225806441207,139.0,151.0,124.0,255.0,82.0,36.0,16.0,57.0,1.7356321839077964,1.36492890995196,1
-0.04785894206547913,0.5578947368418117,0.04709141274236923,0.7724550898198967,0.8850793392702071,-0.12166172106821316,-0.8010471204184288,10.0,0.7830687830683688,0.11046511627900556,146.0,208.0,172.0,189.0,96.0,42.0,19.0,148.0,2.2157123834883867,1.0243902439021269,1
0.0,0.3507853403139525,0.012269938650302984,0.6433121019104183,0.9625678010095063,-0.12244897959179508,-0.7037037037033315,10.0,0.781818181817708,0.17391304347815287,169.0,165.0,161.0,165.0,90.0,62.0,28.0,129.0,1.9879518072286162,1.4460641399412695,1
-0.10213776722087836,-0.1034482758618906,-0.05970149253729858,0.1818181818177686,1.0,-0.7581395348833684,-0.8441558441554787,0.0,0.13756613756606478,0.08450704225348146,170.0,232.0,213.0,189.0,21.0,32.0,18.0,26.0,2.2551640340215973,2.3063063063042284,1
0.11111111111107774,0.7058823529404844,-0.0632911392404903,0.9999999999988506,1.0,-0.36029411764692637,-0.9999999999995238,0.0,0.4702702702700161,0.0,231.0,148.0,210.0,185.0,31.0,15.0,0.0,87.0,1.662921348314373,0.8108108108102631,1
-0.02684563758388361,0.45454545454513673,0.0701107011069852,0.8407079646010259,0.8460490462285638,-0.1646586345380865,-0.8666666666660248,10.0,0.7172413793098502,0.07142857142851473,126.0,153.0,126.0,145.0,0.0,39.0,9.0,104.0,2.121317157711937,1.7142857142847725,1
-0.1566265060240492,0.9999999999989247,-0.20227920227914464,0.3576642335763813,1.0,-0.20171673819733832,-0.6549019607840569,0.0,0.6642857142852399,0.20853080568710497,157.0,192.0,211.0,140.0,13.0,0.0,44.0,93.0,2.255506607929184,0.0,1
-0.01796407185628384,0.7218543046352836,-0.01796407185628384,0.6666666666662394,1.0,-0.3085106382977903,-0.8149466192167919,0.0,0.5284552845526307,0.1019607843136855,188.0,255.0,255.0,246.0,32.0,21.0,26.0,130.0,2.1610169491523132,0.8235294117643023,1
0.32812499999991457,0.9587628865969497,0.3563829787233095,0.9191919191909907,0.4412198306377864,-0.45714285714272657,-0.9359999999992512,2.579225085962131,0.37254901960769704,0.0330578512396421,255.0,129.0,121.0,255.0,20.0,2.0,4.0,95.0,1.343749999999825,0.13445378151249204,1
-0.1988795518206726,0.7721518987331998,-0.2795969773299044,0.9999999999985714,1.0,-0.3427230046946748,-0.9999999999996063,0.0,0.48951048951014725,0.0,255.0,214.0,254.0,143.0,12.0,9.0,0.0,70.0,2.072639225181347,0.71999999999928,1
0.09452736318405609,0.8484848484835629,-0.028697571743923025,0.9999999999983606,1.0,-0.565836298932183,-0.9999999999995709,0.0,0.27727272727260127,0.0,197.0,182.0,233.0,220.0,0.0,5.0,0.0,61.0,1.8642765685016818,0.5633802816893473,1
0.5501519756837234,0.24528301886769313,0.44475920679874087,0.6296296296288523,0.17207031248352275,-0.5887850467287885,-0.7345132743356332,1.4156640713953812,0.2588235294116632,0.15306122448963974,255.0,74.0,98.0,255.0,167.0,40.0,15.0,66.0,0.8996960486320821,1.0223642172520695,1
0.4697406340056283,0.6853932584265813,0.2814070351758087,0.7751479289936243,0.46731207605391206,-0.25925925925919524,-0.7654320987649597,2.7545435324099032,0.5882352941174164,0.13286713286703997,196.0,92.0,143.0,255.0,159.0,28.0,19.0,150.0,1.1590551181100537,0.6136986301368181,1
-0.6855895196503556,0.6666666666662964,-0.6909871244632227,0.6853932584265813,-1.0,0.6129032258061221,-0.7511111111107773,0.0,4.166666666655092,0.14213197969535935,128.0,193.0,197.0,36.0,123.0,30.0,28.0,150.0,2.8072727272722164,0.7207207207205043,1
-0.3451957295372437,0.6434108527126796,-0.36332179930783276,0.5588235294113538,1.0,0.070707070707035,-0.7356828193829359,0.0,1.152173913042226,0.15228426395931358,225.0,189.0,197.0,92.0,84.0,23.0,30.0,106.0,2.1755395683450107,0.7796610169488222,1
0.13082039911305304,0.5416666666663846,0.21428571428566326,0.7831325301200103,0.5703192406674603,-0.2655086848634577,-0.8032786885241513,3.654618472188763,0.5803921568625175,0.10909090909084299,255.0,196.0,165.0,255.0,156.0,44.0,18.0,148.0,1.7383592017736431,0.8979591836732403,1
0.0,0.48299319727858303,0.009900990099007941,0.4931506849311691,0.960636289914169,-0.4010989010987909,-0.742160278745386,10.0,0.42745098039198925,0.14799999999994082,153.0,255.0,250.0,255.0,60.0,38.0,37.0,109.0,2.22222222222198,1.2408163265301058,1
-0.01897018970189188,-0.249999999999375,0.09036144578310532,0.9999999999933333,0.8342541435689296,-0.846938775509772,-0.9999999999993379,10.0,0.0828729281767498,0.0,162.0,188.0,151.0,181.0,31.0,25.0,0.0,15.0,2.0917941585532556,2.083333333331163,1
0.0,0.1320754716979886,0.0,0.5999999999992,0.9999999998333333,-0.6190476190474226,-0.8888888888885597,10.0,0.23529411764696656,0.05882352941174164,209.0,255.0,255.0,255.0,35.0,46.0,15.0,60.0,2.0944558521558423,1.9679144385016216,1
0.16173120728925702,0.6831683168314577,0.13333333333330372,0.946564885495822,0.7530631479038405,0.0,-0.93069306930647,7.099236635895814,0.9999999999996079,0.03589743589741749,140.0,184.0,195.0,255.0,126.0,48.0,7.0,255.0,1.9292267365659332,0.8050314465407118,1
-0.18840579710139468,0.7786885245898448,-0.2307692307691674,0.7222222222219357,1.0,0.2156862745097435,-0.729729729729448,0.0,1.549999999998893,0.15624999999993025,132.0,205.0,224.0,140.0,112.0,27.0,35.0,217.0,2.404692082111084,0.5639686684071634,1
-0.08882521489968802,-0.40740740740589854,0.019230769230763067,-0.49999999999843747,1.0,-0.9041916167659257,-0.7288135593216222,0.0,0.05031446540877339,0.1568627450979367,174.0,190.0,153.0,159.0,35.0,19.0,24.0,8.0,2.1318373071525762,1.8765432098742265,1
-0.2561576354679172,0.5539033457247011,-0.21761658031082445,0.7201646090532016,1.0,0.16111111111106635,-0.747211895910503,0.0,1.3841059602639842,0.14468085106376824,243.0,255.0,235.0,151.0,127.0,60.0,34.0,209.0,2.256637168141343,1.0526315789471377,1
-0.5789473684208735,0.5882352941172145,-0.5789473684208735,0.5428571428567551,-1.0,0.22727272727259815,-0.7770034843202868,0.0,1.5882352941153113,0.12549019607838216,144.0,255.0,255.0,68.0,82.0,28.0,32.0,108.0,2.8254847645425447,0.9105691056906868,1
-0.3527851458885006,0.4765100671137742,-0.3527851458885006,0.8644067796602843,1.0,-0.05172413793101219,-0.9391634980985023,0.0,0.901639344261556,0.03137254901959554,253.0,255.0,255.0,122.0,146.0,39.0,8.0,110.0,2.3050847457624513,0.9341317365266665,1
0.06569343065691832,0.7925925925920055,0.12596401028274398,0.7042253521121802,0.6965414975826937,-0.28823529411756227,-0.7801047120414765,5.590686974576138,0.5525114155248619,0.12352941176463322,178.0,192.0,170.0,219.0,183.0,14.0,21.0,121.0,1.9667093469907853,0.33734939759025984,1
-0.0556900726392117,0.6282051282047255,-0.05339805825241423,0.4514285714283135,1.0,-0.2111801242235369,-0.6377358490563632,0.0,0.6512820512817173,0.22119815668192572,166.0,218.0,217.0,195.0,168.0,29.0,48.0,127.0,2.188205771643389,0.6572237960338082,1
-0.049586776859493885,0.6235294117643392,-0.049586776859493885,0.8775510204075664,1.0,-0.24999999999993208,-0.9315589353608625,0.0,0.5999999999997392,0.035433070866127785,255.0,254.0,254.0,230.0,64.0,32.0,9.0,138.0,2.0463242698890185,0.9624060150372322,1
-0.09615384615382304,0.30097087378611553,0.03867403314916059,0.41052631578904153,0.8278094249838993,-0.4745098039213826,-0.722772277227365,10.0,0.3563829787232147,0.16091954022979257,255.0,228.0,174.0,188.0,77.0,36.0,28.0,67.0,2.028921023359062,1.3333333333327162,1
0.05468749999997864,0.5764705882346159,-0.0036900369003676423,0.9705882352926903,1.0,-0.33663366336617,-0.9854014598532954,0.0,0.4962962962959287,0.007352941176465183,255.0,121.0,136.0,135.0,49.0,18.0,1.0,67.0,1.5316455696200106,0.9473684210520084,1
-0.12690355329946018,-0.8260869565205419,0.03927492447128723,-0.24999999999843753,1.0,-0.9325842696623975,-0.8816568047332062,0.0,0.03488372093021228,0.06289308176096674,255.0,222.0,159.0,172.0,49.0,63.0,10.0,6.0,2.039035591274163,2.784530386738793,1
-0.5407854984892626,0.16666666666643518,-0.5407854984892626,0.999999999997619,1.0,-0.2881355932200948,-0.9999999999996079,0.0,0.5526315789466413,0.0,234.0,255.0,255.0,76.0,28.0,30.0,0.0,42.0,2.487804878048477,1.8461538461524263,1
-0.04999999999998959,0.23076923076897718,0.04347826086955527,0.3493975903610248,0.778666666468278,-0.6056338028166882,-0.7711864406776394,8.036144559822276,0.2456140350876116,0.1291866028707516,209.0,252.0,209.0,228.0,65.0,35.0,27.0,56.0,2.142401700318582,1.4659685863866672,1
0.11229946524061168,0.09090909090892561,0.1885714285713747,0.9354838709647243,0.6644801573687296,-0.7478991596635514,-0.9860139860132966,4.96089931309266,0.14423076923069988,0.007042253521121802,253.0,166.0,142.0,208.0,0.0,25.0,1.0,30.0,1.674653215636611,2.499999999996875,1
-0.2727272727272039,-0.4782608695641777,-0.2781954887217348,0.1428571428564626,-1.0,-0.8461538461533038,-0.9318181818178289,0.0,0.08333333333327547,0.03529411764704499,207.0,252.0,255.0,144.0,57.0,34.0,9.0,12.0,2.3578947368418293,1.9854014598525656,1
0.05882352941174966,-0.9999999999960001,-0.03271028037382413,0.0,-1.0,-0.9999999999995169,-0.9999999999995476,-0.0,0.0,0.0,87.0,184.0,221.0,207.0,69.0,25.0,0.0,0.0,2.2235649546824434,1.6806722689061506,1
0.10629067245117,0.5619047619044943,0.03448275862068266,0.7729729729725552,0.9145891042265013,-0.21718377088300306,-0.8378378378375144,10.0,0.6431372549017086,0.08823529411760998,255.0,206.0,238.0,255.0,107.0,46.0,21.0,164.0,1.78741865509742,1.0137741046829163,1
0.07991360691142983,0.41052631578925763,-0.009900990099007941,0.5581395348833965,1.0,-0.30208333333325466,-0.740614334470737,0.0,0.5359999999997856,0.14901960784307883,172.0,213.0,255.0,250.0,119.0,56.0,38.0,134.0,2.009433962263914,1.2273972602736363,1
-0.6474820143882564,0.3211009174308981,-0.6754966887414982,0.5483870967736039,-1.0,0.19008264462794208,-0.8467153284668443,0.0,1.469387755099042,0.08300395256913716,252.0,229.0,253.0,49.0,41.0,37.0,21.0,72.0,2.4137022397888783,1.582887700533913,1
-0.24120603015069317,0.49999999999958333,-0.181571815718108,0.9999999999988889,1.0,-0.2531120331949157,-0.9999999999995414,0.0,0.5960264900658305,0.0,211.0,247.0,218.0,151.0,87.0,30.0,0.0,90.0,2.308411214953001,1.0126582278476741,1
0.3110539845757555,0.6825396825393214,0.22596153846148415,0.6914893617017599,0.5074144274169897,-0.23188405797095848,-0.6947368421048975,3.060208237666985,0.6235294117644614,0.1801242236023726,255.0,134.0,161.0,255.0,94.0,30.0,29.0,159.0,1.377892030848152,0.7667731629390522,1
-0.07482993197277214,0.5873015873006551,-0.09534368070951323,0.3333333333328889,1.0,-0.6062992125981865,-0.8161764705879353,0.0,0.24509803921556614,0.10121457489874446,209.0,237.0,247.0,204.0,43.0,13.0,25.0,50.0,2.137542277339105,0.8739495798311984,1
-0.25062034739447875,0.3235294117642301,-0.11953352769675815,0.5254237288126687,1.0,-0.5408163265303364,-0.8640776699024932,0.0,0.29801324503291526,0.07291666666662869,178.0,252.0,192.0,151.0,93.0,23.0,14.0,45.0,2.4201680672266,0.9999999999994565,1
0.024096385542163836,0.3333333333330065,0.1409395973154047,0.4468085106378225,0.5204081631764572,-0.5789473684208735,-0.7614678899079076,3.170212763705442,0.2666666666665621,0.13541666666659616,168.0,243.0,192.0,255.0,88.0,34.0,26.0,68.0,2.1386138613859034,1.2142857142851722,1
-0.057291666666651746,0.6492890995257586,0.011173184357538779,0.8913043478256026,0.9752388641093985,-0.019718309859149376,-0.8930481283417685,10.0,0.9613259668502977,0.056497175141211026,187.0,203.0,177.0,181.0,138.0,37.0,10.0,174.0,2.098191214470013,0.7668393782381433,1
-0.19230769230763067,0.7888198757759076,-0.09677419354835241,0.6842105263153894,1.0,0.06666666666664198,-0.6999999999996112,0.0,1.1428571428562357,0.1764705882351788,201.0,186.0,153.0,126.0,67.0,17.0,27.0,144.0,2.1287553648065622,0.5551020408161,1
0.0,0.7599999999989866,0.11353711790390535,0.7599999999989866,0.7400519895171085,-0.5887850467287885,-0.9150943396222099,6.693846147942956,0.2588235294116632,0.04433497536943629,145.0,255.0,203.0,255.0,125.0,9.0,9.0,66.0,2.2417582417579953,0.3444976076553376,1
-0.12984054669700915,0.42857142857120184,-0.09905660377356154,0.6363636363632508,1.0,-0.1717791411042418,-0.7718631178704289,0.0,0.7068062827221431,0.1287553648068117,225.0,248.0,233.0,191.0,135.0,54.0,30.0,135.0,2.1754385964909893,1.1428571428568406,1
-0.35675675675666035,0.12068965517230974,-0.3619302949060692,0.8571428571416326,1.0,-0.29347826086940576,-0.9613899613895902,0.0,0.546218487394499,0.019685039370070993,161.0,251.0,254.0,119.0,55.0,51.0,5.0,65.0,2.5677749360610527,1.8378378378370102,1
-0.34146341463404223,0.5704697986573353,-0.3032258064515151,0.9999999999991452,1.0,0.03999999999998222,-0.9999999999995051,0.0,1.0833333333323303,0.0,203.0,220.0,202.0,108.0,0.0,32.0,0.0,117.0,2.343541944074255,1.4143646408831967,1
-0.10594315245475298,0.830508474575802,-0.11734693877548028,0.636363636363315,1.0,-0.03283582089551259,-0.717647058823248,0.0,0.936416184970557,0.16438356164376056,192.0,214.0,219.0,173.0,160.0,15.0,36.0,162.0,2.158890290037559,0.3409090909089941,1
-0.3527851458885006,0.757575757575375,-0.3527851458885006,0.766497461928545,1.0,0.17567567567561634,-0.8345323741004192,0.0,1.4262295081955523,0.09019607843133719,221.0,255.0,255.0,122.0,69.0,24.0,23.0,174.0,2.3915592028133186,0.659793814432763,1
-0.4999999999998288,0.6571428571422313,-0.4999999999998288,0.7938144329888723,1.0,0.08749999999994532,-0.9126637554581168,0.0,1.1917808219161756,0.04566210045660016,150.0,219.0,219.0,73.0,40.0,18.0,10.0,87.0,2.6505295007560283,0.883435582821544,1
-0.09734513274333412,0.18604651162769065,-0.025477707006361313,0.9615384615366124,1.0,-0.4999999999997549,-0.9876543209870448,0.0,0.3333333333331155,0.006211180124219745,208.0,186.0,161.0,153.0,60.0,35.0,1.0,51.0,2.030013642564525,1.5469613259659962,1
0.12796208530799624,0.39473684210474375,-0.02857142857141691,0.9999999999981132,1.0,-0.38372093023233506,-0.9999999999992063,0.0,0.4453781512601299,0.0,182.0,92.0,126.0,119.0,68.0,23.0,0.0,53.0,1.5175257731955634,1.101796407184969,1
0.048484848484833795,0.07692307692301775,-0.11959287531803572,0.23893805309713367,1.0,-0.42386831275702724,-0.673003802281113,0.0,0.40462427745641355,0.19545454545445662,145.0,157.0,220.0,173.0,43.0,60.0,43.0,70.0,1.9873417721515843,2.0600858369089874,1
0.09016393442619255,0.18390804597690583,-0.043165467625883754,0.7310924369741756,1.0,-0.12711864406774276,-0.8012422360243471,0.0,0.7744360902249817,0.1103448275861308,198.0,111.0,145.0,133.0,48.0,71.0,16.0,103.0,1.6057866184445557,1.9385665529003624,1
0.006289308176098652,0.21874999999982914,-0.06432748538009815,0.5918367346932736,1.0,-0.3445378151259057,-0.801980198019405,0.0,0.48749999999969534,0.10989010989004952,189.0,158.0,182.0,160.0,47.0,50.0,20.0,78.0,1.9007518796989622,1.7777777777769876,1
0.05817174515233846,-0.9999999999986486,0.15060240963850885,-0.9999999999923077,1.0,-0.9999999999994765,-0.8311688311682915,0.0,0.0,0.0921985815602183,208.0,170.0,141.0,191.0,0.0,74.0,13.0,0.0,1.8403247631932556,3.9999999999972977,1
-0.16173120728925702,-0.33333333333299664,-0.06122448979590275,0.37499999999921874,1.0,-0.6958525345618913,-0.8654708520175491,0.0,0.17934782608685906,0.07211538461534994,159.0,255.0,208.0,184.0,96.0,66.0,15.0,33.0,2.3915592028133186,2.0229885057463513,1
0.1672597864768088,0.8333333333324653,0.1631205673758287,0.9130434782598771,0.6968481374708753,-0.30158730158718194,-0.9344262295074308,5.5973534937289395,0.5365853658533314,0.033898305084717036,158.0,117.0,118.0,164.0,63.0,8.0,4.0,88.0,1.683453237409769,0.3832335329339023,1
-0.3110539845757555,0.22424242424228835,-0.3110539845757555,0.6290322580640089,1.0,-0.14042553191483387,-0.8345323741004192,0.0,0.7537313432830197,0.09019607843133719,206.0,255.0,255.0,134.0,83.0,64.0,23.0,101.0,2.3999999999997175,1.6410256410251152,1
-0.03448275862068266,-0.09316770186329618,-0.03448275862068266,0.6043956043949402,1.0,-0.5305466237940416,-0.8681318681315502,0.0,0.3067226890755014,0.07058823529408997,155.0,255.0,255.0,238.0,155.0,88.0,18.0,73.0,2.2591362126243344,1.7425742574253114,1
-0.27499999999993124,-0.7108433734931194,-0.27499999999993124,-0.48936170212661834,0.280445372339235,-0.8471337579612439,-0.7586206896549108,1.7794970992897834,0.0827586206895981,0.1372549019607305,180.0,255.0,255.0,145.0,13.0,71.0,35.0,12.0,2.443113772454797,3.4011976047883827,1
0.01038062283736665,0.41269841269808516,0.18699186991862318,0.33834586466139976,0.288107982258241,-0.2425531914892585,-0.38888888888861883,1.8094148404831862,0.609589041095473,0.43999999999955997,196.0,143.0,100.0,146.0,69.0,37.0,44.0,89.0,1.8216560509551238,1.2758620689649673,1
0.033333333333322224,0.234782608695448,-0.0962099125364151,0.3523809523806168,1.0,-0.3716814159290391,-0.6936936936933813,0.0,0.4580645161287368,0.18085106382969104,255.0,145.0,188.0,155.0,29.0,44.0,34.0,71.0,1.6571428571426203,1.872340425530919,1
-0.20567375886519962,0.5368421052625928,-0.20567375886519962,0.7380952380943594,1.0,-0.39419087136913106,-0.917293233082362,0.0,0.4345238095235509,0.04313725490194387,255.0,255.0,255.0,168.0,85.0,22.0,11.0,73.0,2.18649517684864,0.87128712871244,1
-0.19704433497532092,0.43820224719076506,-0.13756613756610117,0.8550724637674963,1.0,-0.12027491408930575,-0.9111111111107062,0.0,0.7852760736191502,0.046511627906955115,255.0,243.0,215.0,163.0,21.0,50.0,10.0,128.0,2.150442477875868,1.6064257028106,1
-0.21348314606735577,0.5042735042730733,-0.15915915915911136,0.9999999999988636,1.0,-0.22807017543849648,-0.999999999999482,0.0,0.6285714285709797,0.0,171.0,216.0,193.0,140.0,7.0,29.0,0.0,88.0,2.3257065948852857,1.5163398692800547,1
-0.24921135646679837,0.6307692307689073,-0.26769230769222535,0.6562499999996583,1.0,0.1438848920862792,-0.7238493723846344,0.0,1.3361344537803899,0.1601941747572038,255.0,198.0,206.0,119.0,123.0,36.0,33.0,159.0,2.05714285714259,0.8135593220336685,1
0.017421602787450377,0.49206349206323174,0.29777777777764547,0.8311688311682915,0.47246791754076856,-0.017421602787450377,-0.7173913043470463,2.7912386111962064,0.9657534246568729,0.16455696202510814,213.0,141.0,79.0,146.0,158.0,48.0,13.0,141.0,1.759750390015326,0.9721518987339312,1
-0.07838479809974386,0.5730337078648466,0.06301369863011973,0.5730337078648466,0.8018584840477253,-0.16167664670653842,-0.6363636363633319,9.093795784295773,0.7216494845357105,0.22222222222209229,220.0,227.0,171.0,194.0,191.0,38.0,38.0,140.0,2.0921658986172704,0.7469287469285635,1
-0.17333333333325632,0.5409836065571554,-0.15454545454538432,0.6491228070172592,1.0,0.33807829181482635,-0.5209580838320235,0.0,2.021505376341912,0.3149606299210118,206.0,132.0,127.0,93.0,134.0,56.0,40.0,188.0,1.875666074600022,1.0322580645158912,1
0.1830985915492313,-0.25714285714261226,0.08737864077667075,-0.0714285714284864,-1.0,-0.6231884057968005,-0.5161290322577871,0.0,0.23214285714271898,0.31914893616998646,121.0,116.0,141.0,168.0,18.0,66.0,45.0,39.0,1.781190019193516,2.7936507936493156,1
-0.38645418326677833,-0.24528301886746173,-0.37398373983724637,0.24999999999921874,-1.0,-0.5876288659787756,-0.8674033149166479,0.0,0.25974025973992243,0.07100591715972131,143.0,174.0,169.0,77.0,5.0,33.0,12.0,20.0,2.450704225351681,2.901098901095713,1
-0.6346153846151812,0.7569060773476481,-0.6346153846151812,0.8928571428566114,1.0,0.4722222222220036,-0.9318181818178289,0.0,2.7894736842056322,0.03529411764704499,87.0,255.0,255.0,57.0,46.0,22.0,9.0,159.0,3.1192660550453946,0.7068273092366639,1
-0.41274238227135385,0.807228915661678,-0.41274238227135385,0.6666666666659259,1.0,-0.1712707182319496,-0.8888888888885597,0.0,0.7075471698106532,0.05882352941174164,97.0,255.0,255.0,106.0,75.0,8.0,15.0,75.0,2.861150070125826,0.38554216867446656,1
0.13461538461535227,0.535714285713329,0.14841849148414882,-0.16504854368916014,1.0,-0.6917562724011858,-0.48936170212745134,0.0,0.18220338983043127,0.34285714285694696,155.0,180.0,175.0,236.0,95.0,13.0,60.0,43.0,1.9174434087880268,0.6341463414630281,1
0.01466275659823617,-0.17808219178057796,-0.01983002832860628,0.15384615384585798,1.0,-0.7044334975365989,-0.782178217821395,0.0,0.17341040462417723,0.12222222222215433,176.0,168.0,180.0,173.0,53.0,43.0,22.0,30.0,1.9620437956201513,2.0355029585786775,1
-0.10652920962195653,0.41269841269808516,-0.147540983606509,0.9999999999988763,1.0,-0.18721461187206065,-0.9999999999994287,0.0,0.684615384614858,0.0,114.0,161.0,175.0,130.0,64.0,37.0,0.0,89.0,2.2756183745579017,1.3039647577086768,1
-0.3477088948786125,-0.21818181818161983,-0.3387978142075577,0.22857142857110205,-1.0,-0.475609756097271,-0.8014705882349995,0.0,0.35537190082615255,0.11020408163260809,171.0,250.0,245.0,121.0,55.0,67.0,27.0,43.0,2.5252525252522062,2.310344827585211,1
-0.21935483870960668,-0.07352941176465182,-0.21428571428564472,0.19999999999980952,-1.0,-0.31521739130417653,-0.6331877729254878,0.0,0.5206611570243631,0.22459893048116333,169.0,189.0,187.0,121.0,130.0,73.0,42.0,63.0,2.2634730538918766,1.7227138643062765,1
-0.2578947368420374,0.017241379310329964,-0.2878787878787152,0.5733333333325689,1.0,-0.40999999999979503,-0.8819188191878665,0.0,0.41843971631176,0.06274509803919108,195.0,239.0,255.0,141.0,89.0,57.0,16.0,59.0,2.3488943488940603,1.7404580152665114,1
-0.18055555555551375,-0.3982300884952228,-0.13447432762832898,-0.2765957446805568,0.34573525698073354,-0.6777251184830911,-0.5890410958902093,2.056866539245477,0.19209039548011747,0.25862068965506096,226.0,255.0,232.0,177.0,61.0,79.0,60.0,34.0,2.234392113909941,2.4980237154140323,1
-0.15646258503397814,0.5753424657530306,-0.15646258503397814,0.5131578947365045,1.0,-0.23588039867101798,-0.7465753424654977,0.0,0.6182795698921407,0.1450980392156294,255.0,255.0,255.0,186.0,89.0,31.0,37.0,115.0,2.1451104100944116,0.9323308270673187,1
0.2578616352200447,0.30434782608669186,0.06666666666664889,0.8518518518508001,0.8548387095842219,-0.4545454545452893,-0.9337016574580478,10.0,0.37499999999981254,0.0342857142856947,171.0,118.0,175.0,200.0,51.0,40.0,6.0,75.0,1.5551894563424125,1.553398058251673,1
-0.13882352941173204,0.3872832369939958,-0.16438356164379808,0.2834224598928966,1.0,-0.2079207920791393,-0.5838509316768373,0.0,0.6557377049176745,0.26274509803911267,199.0,242.0,255.0,183.0,123.0,53.0,67.0,120.0,2.2355658198611734,1.2148997134667006,1
-0.02204408817634829,0.4424778761059989,-0.02204408817634829,0.35833333333318407,1.0,-0.19901719901715012,-0.5361445783130916,0.0,0.6680327868849721,0.30196078431360707,143.0,255.0,255.0,244.0,205.0,63.0,77.0,163.0,2.2742474916385422,1.0202429149795507,1
-0.22009569377985166,-0.4285714285710459,-0.22009569377985166,-0.4529914529910658,0.34601130085920423,-0.6717948717945273,-0.49999999999985295,2.0581568199602365,0.19631901840478755,0.33333333333320264,127.0,255.0,255.0,163.0,128.0,80.0,85.0,32.0,2.549999999999681,1.9999999999993752,1
0.4466403162053571,0.0,0.3811320754715543,-0.3260869565213847,-1.0,-0.7102803738314438,-0.14685314685304418,0.0,0.1693989071037326,0.7439024390234831,239.0,70.0,82.0,183.0,27.0,31.0,61.0,31.0,0.9964412811386126,2.0666666666649443,1
0.31081081081070583,-0.227272727272469,0.20123839009281697,0.387755102040025,0.3166702423827018,-0.7017543859646045,-0.791666666666117,1.9268445830266117,0.17525773195867256,0.11627906976735174,255.0,102.0,129.0,194.0,93.0,54.0,15.0,34.0,1.2496171516077719,1.8382978723396435,1
0.16355140186912068,0.14634146341445567,0.10666666666664297,0.9999999999978723,0.8072289155893763,-0.6824324324322019,-0.9999999999995025,9.374999991193073,0.1887550200802455,0.0,255.0,179.0,201.0,249.0,82.0,35.0,0.0,47.0,1.6612529002318257,1.40703517587869,1
0.18055555555551375,-0.359223300970525,0.1888111888111448,0.04761904761897203,-0.5971830983394016,-0.7708333333330657,-0.7058823529408305,0.25220458540400226,0.1294117647058316,0.1724137931033492,255.0,177.0,174.0,255.0,0.0,70.0,30.0,33.0,1.6388888888886992,3.2369942196513084,1
-0.09722222222218847,0.21428571428533164,-0.1746031746031192,0.9428571428544489,1.0,-0.5853658536581797,-0.9892473118274252,0.0,0.2615384615382604,0.0054054054054024836,147.0,158.0,185.0,130.0,120.0,22.0,1.0,34.0,2.131534569982777,0.88888888888844,1
-0.4418604651160736,0.5121951219509697,-0.3877551020406185,0.7714285714281307,1.0,0.4418604651160736,-0.743589743589267,0.0,2.5833333333290276,0.14705882352930363,248.0,155.0,136.0,60.0,100.0,50.0,20.0,155.0,2.00647249190906,1.1267605633799644,1
-0.18749999999995492,0.6480686695276189,-0.06371191135732307,0.900990099009455,1.0,0.06371191135732307,-0.900990099009455,0.0,1.136094674555541,0.05208333333330621,181.0,247.0,192.0,169.0,157.0,41.0,10.0,192.0,2.341232227487874,0.7610208816703571,1
-0.3294117647057855,0.4943396226413229,-0.2573289902279292,0.670886075949084,1.0,0.26923076923068295,-0.6637931034479898,0.0,1.7368421052616343,0.20207253885999893,240.0,226.0,193.0,114.0,144.0,67.0,39.0,198.0,2.243176178659771,1.1260504201678307,1
-0.1428571428570877,0.49218749999980776,-0.18978102189774096,0.6255319148933509,1.0,0.26490066225156794,-0.5748792270528624,0.0,1.7207207207191706,0.2699386503065829,255.0,148.0,163.0,111.0,67.0,65.0,44.0,191.0,1.7885196374619654,1.340206185566665,1
-0.01010101010100755,0.3134328358204277,0.002557544757032594,-0.13725490196064974,1.0,-0.6333333333330695,-0.541501976284371,0.0,0.22448979591825283,0.29743589743574494,253.0,200.0,195.0,196.0,20.0,23.0,58.0,44.0,1.8845700824497191,1.672727272725752,1
-0.3852140077819513,0.038461538461464495,-0.28506787330303845,0.2857142857136054,1.0,-0.49056603773538626,-0.8089171974517141,0.0,0.34177215189830157,0.10563380281682702,169.0,178.0,142.0,79.0,0.0,25.0,15.0,27.0,2.357615894039345,2.597402597399224,1
-0.4441260744984401,0.3999999999995,-0.4457142857141584,0.9999999999982142,1.0,-0.2679738562089752,-0.9999999999996048,0.0,0.5773195876282708,0.0,127.0,252.0,253.0,97.0,41.0,24.0,0.0,56.0,2.7692307692303886,1.3241379310335697,1
0.0888888888888642,0.6744186046503786,0.042553191489350384,0.9999999999986111,0.9183673468505992,-0.46268656716400647,-0.9999999999994446,10.0,0.3673469387753228,0.0,99.0,164.0,180.0,196.0,23.0,14.0,0.0,72.0,2.1059390048150712,0.9105691056903166,1
0.01796407185628384,0.7878787878775941,0.0,0.04424778761058031,0.9999999977399999,-0.6242038216558522,-0.6504854368929934,10.0,0.23137254901951712,0.2117647058822699,146.0,246.0,255.0,255.0,23.0,7.0,54.0,59.0,2.2038073908172224,0.5833333333327256,1
-0.16190476190472336,0.05454545454540496,-0.18329466357304333,0.08411214953263167,-1.0,-0.5042735042732888,-0.6776315789471455,0.0,0.32954545454526735,0.1921568627450227,119.0,244.0,255.0,176.0,0.0,52.0,49.0,58.0,2.4929757343547263,2.567901234566316,1
-0.02209944751380605,0.5272727272722479,0.002832861189800897,0.909090909089876,0.9937870656916391,-0.3563218390803233,-0.9555555555550248,10.0,0.47457627118617257,0.022727272727259815,143.0,185.0,176.0,177.0,35.0,26.0,4.0,84.0,2.144927536231573,1.2163742690051367,1
0.14814814814810895,0.29670329670297063,0.19230769230763947,0.2688172043007862,0.16591928247484006,-0.5724637681157346,-0.6243093922648485,1.3978494616375905,0.2718894009215337,0.2312925170066454,255.0,161.0,147.0,217.0,139.0,32.0,34.0,59.0,1.622166246851181,0.9770992366408485,1
-0.19024390243897799,0.4482758620687079,-0.14652956298196748,0.6578947368416725,1.0,-0.1369863013698161,-0.7911646586342205,0.0,0.7590361445778561,0.1165919282510688,213.0,244.0,223.0,166.0,61.0,48.0,26.0,126.0,2.2514417531715973,1.3568904593634783,1
-0.3663366336632454,0.33999999999983,-0.4181818181816915,0.6341463414630281,1.0,0.165217391304276,-0.77272727272698,0.0,1.3958333333318793,0.12820512820507343,149.0,207.0,234.0,96.0,114.0,66.0,30.0,134.0,2.5128983308038673,1.3894736842101607,1
-0.3043478260868787,0.14049586776847892,-0.3043478260868787,0.045454545454511025,-1.0,-0.3268292682925235,-0.6037735849054705,0.0,0.5073529411760975,0.24705882352931488,210.0,255.0,255.0,136.0,73.0,52.0,63.0,69.0,2.383177570093179,1.6910569105684183,1
-0.21718377088300306,0.5764705882346159,-0.21718377088300306,0.45652173912993854,1.0,-0.41991341991323816,-0.8214285714282781,0.0,0.40853658536560455,0.09803921568623607,217.0,255.0,255.0,164.0,55.0,18.0,25.0,67.0,2.2895622895620327,0.9113924050627144,1
-0.19101123595498465,-0.15254237288122666,-0.35714285714275085,0.0,-1.0,-0.3670886075947044,-0.6402877697839424,-0.0,0.4629629629625343,0.2192982456139389,135.0,159.0,228.0,108.0,89.0,68.0,50.0,50.0,2.2673796791439806,1.9781818181810988,1
0.20567375886519962,0.39215686274490585,0.2348668280871102,0.296803652967901,0.11649475958536958,-0.284634760705218,-0.3446808510636831,1.2637103981812532,0.5568627450978209,0.4873417721515903,255.0,168.0,158.0,255.0,113.0,62.0,77.0,142.0,1.5886524822693158,1.3087071240102088,1
-0.03562945368170175,0.4798534798533041,-0.11353711790390535,0.6159999999997536,1.0,-0.0024691358024685264,-0.6831683168314577,0.0,0.9950738916251256,0.18823529411757325,191.0,218.0,255.0,203.0,102.0,71.0,48.0,202.0,2.1012048192768553,1.2735426008965756,1
-0.11224489795915504,0.4189944134075872,-0.04657534246574067,0.30256410256394745,1.0,-0.15614617940194148,-0.47490347490329154,0.0,0.729885057470845,0.3560209424081906,212.0,218.0,191.0,174.0,77.0,52.0,68.0,127.0,2.1216545012162866,1.3506493506489121,1
0.07971014492750736,0.138888888888696,-0.02931596091204257,0.17142857142832651,1.0,-0.5684210526312798,-0.6898395721921445,0.0,0.2751677852347147,0.1835443037973522,255.0,127.0,158.0,149.0,31.0,31.0,29.0,41.0,1.5440729483280327,1.8507462686553355,1
0.5454545454543802,0.227272727272469,0.4739884393062214,0.6874999999989257,0.18382581646878346,-0.6504854368929934,-0.8019801980190079,1.4504573167653123,0.2117647058822699,0.10989010988998912,255.0,75.0,91.0,255.0,100.0,34.0,10.0,54.0,0.9090909090907713,1.2252252252246734,1
0.26237623762369744,-0.13559322033886814,0.1778290993071183,0.47826086956452424,0.4579124578421823,-0.6666666666664488,-0.8163265306118285,2.689440992273169,0.19999999999992157,0.10112359550556117,255.0,149.0,178.0,255.0,102.0,67.0,18.0,51.0,1.4752475247522925,1.8675958188146804,1
0.20853080568715437,-0.9999999999984375,0.27499999999993124,-0.9999999999974358,1.0,-0.9999999999996079,-0.576086956521426,0.0,0.0,0.26896551724119383,255.0,167.0,145.0,255.0,131.0,64.0,39.0,0.0,1.5829383886254047,1.9768339768332137,1
0.1861042183622367,0.7538461538455741,0.29539295392945925,0.6285714285709797,0.36059666467208495,-0.3541076487251122,-0.6666666666662394,2.12791611985536,0.47698744769854523,0.19999999999984616,139.0,164.0,130.0,239.0,187.0,16.0,26.0,114.0,1.8583569405096516,0.384384384384269,1
-0.03553299492384885,0.6571428571423878,-0.018087855297152948,0.5999999999995863,1.0,-0.2418300653593981,-0.7433628318580782,0.0,0.6105263157891524,0.14720812182733645,212.0,204.0,197.0,190.0,78.0,24.0,29.0,116.0,2.014814814814566,0.7933884297517383,1
-0.09913793103446139,0.7004048582993117,-0.09913793103446139,0.8749999999996094,1.0,0.0023866348448681653,-0.895910780668812,0.0,1.0047846889947347,0.0549019607842922,211.0,255.0,255.0,209.0,154.0,37.0,14.0,210.0,2.193548387096538,0.6757990867578366,1
-0.1233480176211182,0.4136125654448097,-0.1233480176211182,0.5340909090906056,1.0,-0.1916167664670085,-0.7229729729727288,0.0,0.6783919597986541,0.16078431372542715,242.0,255.0,255.0,199.0,74.0,56.0,41.0,135.0,2.1451104100944116,1.3956386292830543,1
-0.2156862745097435,0.2824427480913875,-0.26121372031655377,0.25373134328339275,-1.0,-0.2499999999998884,-0.653979238754099,0.0,0.5999999999995714,0.20920502092041457,255.0,217.0,239.0,140.0,0.0,47.0,50.0,84.0,2.0940892641734505,2.112359550560611,1
-0.08743169398904715,-0.9333333333302223,-0.045714285714272655,0.9999999999,1.0,-0.98809523809465,-0.9999999999994537,0.0,0.005988023952092223,0.0,255.0,199.0,183.0,167.0,82.0,29.0,0.0,1.0,1.9414634146339094,1.6453900709208191,1
-0.5178571428569888,-0.9999999999978723,-0.5178571428569888,-0.9999999999952381,0.3176470588424498,-0.9999999999987654,-0.8478260869562146,1.9310344831228892,0.0,0.0823529411764383,255.0,255.0,255.0,81.0,1.0,47.0,21.0,0.0,2.4113475177302113,3.957894736837939,1
-0.25259515570925517,-0.12643678160905006,-0.3228840125390838,0.49019607843041135,1.0,-0.4794520547941922,-0.8839285714281768,0.0,0.35185185185152607,0.061611374407553744,199.0,181.0,211.0,108.0,39.0,49.0,13.0,38.0,2.1644245141999754,2.2399999999987203,1
0.03619909502261624,0.31147540983555494,0.1478696741854266,0.5384615384605029,0.5691011235120208,-0.7026022304830102,-0.8681318681313912,3.6414602322118683,0.17467248908289318,0.07058823529407612,160.0,213.0,170.0,229.0,81.0,21.0,12.0,40.0,2.090797546012013,1.0306748466251345,1
-0.20930232558133452,0.740740740739369,-0.2161383285301971,0.9999999999978723,1.0,-0.4863387978139419,-0.9999999999995262,0.0,0.34558823529386357,0.0,77.0,208.0,211.0,136.0,73.0,7.0,0.0,47.0,2.645468998409754,0.4179104477608822,1
-0.2598870056496441,-0.0746268656715304,-0.217910447761129,-0.162162162161943,-0.14667798772749616,-0.617283950616903,-0.6518218623479143,0.7441688267013258,0.23664122137386517,0.2107843137253869,93.0,223.0,204.0,131.0,72.0,36.0,43.0,31.0,2.6626865671637816,1.6457142857133453,1
0.29758713136721243,0.5903614457827769,0.3557422969186679,0.5999999999996364,0.25556858145024686,-0.2941176470587449,-0.5540540540536797,1.6866141727536854,0.54545454545432,0.2869565217388809,218.0,131.0,115.0,242.0,100.0,34.0,33.0,132.0,1.4515235457061701,0.9066666666663645,1
-0.11326860841420283,0.9999999999994048,-0.20116618075795886,0.8666666666661852,1.0,0.10163934426226176,-0.8899082568803258,0.0,1.2262773722618787,0.058252427184437745,174.0,172.0,206.0,137.0,90.0,0.0,12.0,168.0,2.100763358778305,0.0,1
0.005263157894735457,0.20430107526859753,0.07303370786514803,0.696969696968641,0.8103028962023147,-0.5465587044532201,-0.8857142857137796,9.543123530045026,0.2931937172773334,0.06060606060602388,226.0,189.0,165.0,191.0,9.0,37.0,10.0,56.0,1.9018867924525908,2.129496402876166,1
0.08235294117644637,0.5693779904303496,0.16088328075704705,0.464285714285507,0.4853126688716811,-0.05747126436779958,-0.378238341968716,2.88585433994256,0.8913043478256026,0.45112781954853304,198.0,156.0,133.0,184.0,65.0,45.0,60.0,164.0,1.7982708933714986,1.1285266457676713,1
-0.20855614973256456,0.4074074074071057,-0.12166172106821316,0.4179104477608822,1.0,-0.2181069958846839,-0.6578947368418168,0.0,0.6418918918914582,0.20634920634909718,142.0,226.0,189.0,148.0,73.0,40.0,39.0,95.0,2.4366576819403725,1.290322580644641,1
-0.09973045822099738,-0.08196721311461973,0.034055727554169024,0.4358974358963182,0.8550675673853171,-0.7128205128201474,-0.8682634730533724,10.0,0.16766467065858226,0.07051282051277531,169.0,204.0,156.0,167.0,74.0,33.0,11.0,28.0,2.193548387096479,1.5714285714276361,1
-0.36363636363626645,0.21739130434763704,-0.36363636363626645,0.14754098360643644,-1.0,-0.2592592592591221,-0.6612377850160713,0.0,0.5882352941171527,0.203921568627371,84.0,255.0,255.0,119.0,122.0,45.0,52.0,70.0,2.861150070125826,1.2765957446803984,1
-0.03108808290154635,0.41176470588213276,0.14723926380363583,0.23364485981297495,0.22685533638474117,-0.17241379310339425,-0.2579185520360824,1.5868380051525472,0.705882352940799,0.5899280575535325,255.0,199.0,139.0,187.0,129.0,55.0,82.0,132.0,1.8952380952378696,1.1859838274929417,1
0.3357400722020449,0.09999999999995,0.06936416184969094,0.24999999999985797,0.5656108595513065,-0.25423728813550706,-0.4185022026429875,3.604166661469654,0.5945945945942732,0.4099378881985032,205.0,92.0,161.0,185.0,121.0,90.0,66.0,110.0,1.282229965156571,1.751824817517822,1
-0.317647058823436,0.07526881720422014,-0.20274914089340113,0.36986301369812347,1.0,-0.39759036144554366,-0.76767676767638,0.0,0.4310344827582491,0.13142857142849634,255.0,224.0,175.0,116.0,22.0,43.0,23.0,50.0,2.188034188033921,2.1772151898720398,1
-0.19884726224778132,0.2815533980579791,-0.06711409395970902,0.5903614457824212,1.0,-0.35609756097543604,-0.8068181818177235,0.0,0.4748201438845505,0.10691823899364346,255.0,208.0,159.0,139.0,88.0,37.0,17.0,66.0,2.054320987654067,1.2982456140345184,1
0.10869565217388942,-0.07086614173222766,0.10389610389608141,0.6857142857133061,0.7368421051695637,-0.6242038216558522,-0.899082568806927,6.5999999936395,0.23137254901951712,0.05314009661833182,255.0,205.0,207.0,255.0,133.0,68.0,11.0,59.0,1.78260869565198,1.658536585365348,1
0.10791366906472233,0.23809523809511213,0.11325301204816549,0.4716981132072505,0.6127778640331599,-0.3275862068964576,-0.6283185840705184,4.1649939746427425,0.5064935064932873,0.22826086956509334,255.0,186.0,184.0,231.0,168.0,72.0,42.0,117.0,1.734265734265532,1.3426573426570296,1
-0.018867924528297438,0.3370786516852039,0.03482587064675751,0.5555555555551925,0.8820224717606688,-0.27217125382254675,-0.7017543859646045,10.0,0.5721153846151096,0.17525773195867256,192.0,216.0,194.0,208.0,172.0,59.0,34.0,119.0,2.076923076922827,1.1540342298285686,1
0.023364485981302953,0.6774193548383455,0.060532687651317064,0.7727272727268337,0.8547087569968406,-0.1679999999999552,-0.8130841121491528,10.0,0.7123287671229624,0.10309278350510151,124.0,209.0,194.0,219.0,115.0,30.0,20.0,156.0,2.197109067016794,0.7250755287006874,1
0.05966587112170414,0.2340425531913234,0.08557457212711844,0.5130434782604234,0.7140929108054039,-0.4368932038833538,-0.7395348837205863,5.995279496095931,0.39189189189171536,0.14973262032077556,232.0,197.0,187.0,222.0,113.0,54.0,28.0,87.0,1.8584905660375166,1.4025974025969472,1
-0.3821138211381078,0.5568181818178655,-0.3504273504272506,0.8639455782307048,1.0,0.09163346613542167,-0.9190283400805996,0.0,1.2017543859638582,0.04219409282698642,228.0,255.0,237.0,114.0,111.0,39.0,10.0,137.0,2.3943661971828174,0.9570552147236329,1
0.11641791044772645,0.43157894736796676,0.008086253369270057,0.5111111111105432,0.9688509458216751,-0.4666666666664837,-0.7864077669899096,10.0,0.3636363636361692,0.11956521739123938,255.0,148.0,184.0,187.0,153.0,27.0,22.0,68.0,1.604336043360216,0.7854545454542599,1
-0.27466666666659345,-0.12121212121193756,-0.3043478260868787,-0.3176470588231557,0.021381578950345776,-0.6484848484844555,-0.6398713826364503,1.0436974793335647,0.2132352941174903,0.2196078431371688,255.0,239.0,255.0,136.0,45.0,37.0,56.0,29.0,2.200230149596985,1.9999999999986489,1
0.1111111111110869,0.3185185185182826,0.09677419354836629,0.5752212389375441,0.7119796090697557,-0.48255813953474347,-0.7948717948714552,5.943952796213816,0.3490196078430004,0.11428571428565987,221.0,204.0,210.0,255.0,139.0,46.0,24.0,89.0,1.8461538461536373,1.1499999999996406,1
-0.4782608695650788,-0.24999999999965278,-0.4782608695650788,-0.4065934065929598,-0.08099352052791375,-0.5384615384610782,-0.5987460815045145,0.8501498503269209,0.29999999999966664,0.2509803921567643,255.0,255.0,255.0,90.0,90.0,45.0,64.0,27.0,2.3859649122804227,1.7391304347817687,1
-0.227091633466045,0.40259740259687976,-0.24513618677033264,0.4399999999994133,1.0,-0.28476821192034124,-0.7679558011045482,0.0,0.5567010309272611,0.131249999999918,155.0,154.0,160.0,97.0,110.0,23.0,21.0,54.0,2.199999999999607,0.876190476190059,1
-0.10869565217388942,0.4838709677414152,-0.10869565217388942,0.9999999999985507,1.0,-0.4963503649633225,-0.9999999999996079,0.0,0.33658536585349436,0.0,192.0,255.0,255.0,205.0,38.0,24.0,0.0,69.0,2.249173098125441,1.2387096774185558,1
0.2135593220338259,0.6240601503754707,0.19732441471565307,0.9999999999990741,0.6703910613963604,-0.24738675958179535,-0.9999999999991667,5.067796607598238,0.6033519553069255,0.0,105.0,116.0,120.0,179.0,0.0,25.0,0.0,108.0,1.798449612402752,1.2658227848093255,1
0.12271540469970686,0.9504132231397104,0.2427745664739183,0.72262773722575,0.497049954058745,-0.29129129129120385,-0.746666666666169,2.976538059252304,0.5488372093020704,0.1450381679388206,101.0,168.0,131.0,215.0,72.0,3.0,19.0,118.0,2.0613496932512176,0.12244897959177427,1
0.15909090909087295,0.6085106382976134,0.24694376528111323,0.7260273972599425,0.4923924267995707,-0.14864864864861518,-0.6739130434778947,2.940051538209316,0.7411764705879447,0.19480519480506833,186.0,185.0,154.0,255.0,133.0,46.0,30.0,189.0,1.8249075215780732,0.8888888888886742,1
-0.29870129870122114,0.6379310344822087,-0.13183279742761034,0.9999999999989474,1.0,-0.17391304347818526,-0.9999999999994319,0.0,0.7037037037031825,0.0,90.0,250.0,176.0,135.0,26.0,21.0,0.0,95.0,2.7586206896547916,1.0306748466251345,1
0.03030303030302324,-0.027777777777739196,0.08866995073889442,0.9999999999971428,0.837104072320907,-0.7265624999997162,-0.9999999999994595,10.0,0.15837104072391026,0.0,255.0,208.0,185.0,221.0,76.0,37.0,0.0,35.0,1.8654708520177279,1.5999999999991352,1
-0.19873817034694047,0.4464285714281728,-0.09608540925263485,0.37288135593188737,1.0,-0.22115384615373984,-0.6125654450258573,0.0,0.637795275590049,0.24025974025958427,255.0,190.0,154.0,127.0,65.0,31.0,37.0,81.0,1.994750656167717,1.1923076923071192,1
-0.04977375565608608,0.22499999999971876,-0.18604651162783487,0.580645161289386,1.0,-0.36363636363612756,-0.8433734939753956,0.0,0.4666666666662222,0.08496732026138239,233.0,116.0,153.0,105.0,34.0,31.0,13.0,49.0,1.6280701754383107,1.7103448275850275,1
-0.23907455012847326,0.052631578947322254,-0.09202453987727238,0.6901408450694505,1.0,-0.4230769230767197,-0.8835978835974161,0.0,0.40540540540513154,0.061797752808954054,255.0,241.0,178.0,148.0,61.0,54.0,11.0,60.0,2.178531073446081,1.8864628820952463,1
-0.13846153846150297,0.41176470588208386,-0.034482758620679746,0.9999999999990741,1.0,-0.21739130434774734,-0.9999999999994446,0.0,0.6428571428567602,0.0,122.0,222.0,180.0,168.0,96.0,45.0,0.0,108.0,2.4196185286100245,1.2244897959179508,1
-0.19437939110065705,0.6777251184830911,-0.18867924528297436,0.6857142857139592,1.0,0.014326647564465809,-0.7684210526313093,0.0,1.0290697674412623,0.130952380952329,212.0,255.0,252.0,172.0,128.0,34.0,33.0,177.0,2.281879194630617,0.7292225201070431,1
0.1975308641974699,0.7692307692302762,-0.053658536585352766,0.4999999999997283,1.0,-0.16867469879512992,-0.6488549618318135,0.0,0.7113402061852004,0.21296296296286438,229.0,130.0,216.0,194.0,127.0,18.0,46.0,138.0,1.5226939970715192,0.47840531561445904,1
-0.25506072874483604,0.04109589041090261,-0.061224489795887134,0.688888888887358,1.0,-0.4153846153842959,-0.8738738738730866,0.0,0.4130434782604206,0.06730769230762759,203.0,155.0,104.0,92.0,60.0,35.0,7.0,38.0,2.049586776859165,1.6666666666656746,1
0.04294478527606045,0.33999999999966,0.03343465045591689,0.9999999999985074,0.935294117556481,-0.43459915611796013,-0.9999999999993712,10.0,0.3941176470585917,0.0,255.0,156.0,159.0,170.0,91.0,33.0,0.0,67.0,1.6933514246944783,1.1785714285709026,1
-0.17435897435892966,0.31288343558263015,-0.1658031088082472,0.38961038961013666,1.0,-0.20149253731335767,-0.6544117647056418,0.0,0.6645962732915127,0.20888888888879606,134.0,229.0,225.0,161.0,111.0,56.0,47.0,107.0,2.432934926958508,1.3575757575753462,1
-0.04297994269339743,0.5801104972372486,-0.011834319526623718,0.5132275132272417,1.0,-0.0774193548386847,-0.5760368663591816,0.0,0.8562874251491879,0.2690058479530591,187.0,182.0,171.0,167.0,94.0,38.0,46.0,143.0,2.02785515320306,0.9712460063894661,1
0.0,0.25795053003524454,0.1459074733095566,0.47717842323631654,0.5316617688026979,0.050147492625353944,-0.3114754098358954,3.2704179716476567,1.1055900621111145,0.5249999999995625,140.0,161.0,120.0,161.0,62.0,105.0,63.0,178.0,2.0674157303367466,1.866666666666252,1
0.25538461538453683,-0.18072289156604732,0.10869565217388351,0.0,-0.99999999908,-0.7142857142854142,-0.6565656565653251,0.0,0.16666666666658497,0.2073170731706053,131.0,121.0,164.0,204.0,45.0,49.0,34.0,34.0,1.6776429809355844,2.214689265535472,1
-0.023498694516965145,0.24475524475507363,-0.0026666666666659558,0.4354838709673907,1.0,-0.3550724637679873,-0.6860986547082125,0.0,0.47593582887675084,0.18617021276585843,255.0,196.0,188.0,187.0,71.0,54.0,35.0,89.0,1.8800959232611654,1.6119402985068614,1
-0.307420494699538,0.2577319587626209,-0.25475285171092976,0.9999999999983606,1.0,-0.23270440251557695,-0.999999999999394,0.0,0.6224489795912016,0.0,216.0,185.0,165.0,98.0,8.0,36.0,0.0,61.0,2.163742690058163,2.0425531914879134,1
-0.08717948717944247,0.6497695852531569,-0.0918367346938307,0.7635467980291806,1.0,0.3358208955222628,-0.6335877862590584,0.0,2.01123595505392,0.2242990654203511,253.0,106.0,107.0,89.0,214.0,38.0,24.0,179.0,1.5306859205773409,0.6481876332621219,1
0.20461095100858656,0.6562499999994874,0.13279132791324316,0.9099099099090902,0.7452936217322603,-0.3269841269840232,-0.9393939393933701,6.852178704157139,0.5071770334925804,0.03124999999998047,249.0,138.0,160.0,209.0,173.0,22.0,5.0,106.0,1.5040871934602855,0.5448916408667044,1
-0.08870967741931907,0.4389140271491227,-0.18115942028978943,0.4196428571426698,1.0,0.16911764705876137,-0.42982456140332026,0.0,1.4070796460164539,0.3987730061347247,92.0,135.0,163.0,113.0,133.0,62.0,65.0,159.0,2.273684210525837,1.1923076923074056,1
-0.3757961783438294,0.5970149253726889,-0.44475920679874087,0.22988505747113228,-1.0,0.04390243902436883,-0.5838509316768373,0.0,1.0918367346927633,0.26274509803911267,152.0,216.0,255.0,98.0,26.0,27.0,67.0,107.0,2.5337243401755813,1.1550802139031258,1
-0.07692307692304734,0.611940298507006,-0.19999999999993334,0.9636363636354875,1.0,-0.05263157894734534,-0.9780219780214408,0.0,0.89999999999925,0.01111111111110494,81.0,140.0,180.0,120.0,122.0,26.0,2.0,108.0,2.3284823284818446,0.737588652482008,1
0.18939393939386767,-0.27868852458970705,0.09790209790206368,0.7599999999969601,0.7717639386116174,-0.7541899441336569,-0.9545454545447315,7.762857134899602,0.1401273885349426,0.023255813953470348,186.0,107.0,129.0,157.0,97.0,39.0,3.0,22.0,1.5368043087968515,1.583756345176861,1
0.1111111111110869,-0.9999999999985916,0.17511520737323155,-0.999999999975,1.0,-0.9999999999996079,-0.956284153004942,0.0,0.0,0.022346368715071317,206.0,204.0,179.0,255.0,53.0,71.0,4.0,0.0,1.8780207134635352,2.912820512819019,1
0.07142857142855642,0.6694214876027526,0.07594936708859157,0.9999999999990099,0.8588235293318424,-0.43258426966279984,-0.9999999999995435,10.0,0.39607843137239374,0.0,165.0,221.0,219.0,255.0,59.0,20.0,0.0,101.0,2.051044083526444,0.7999999999996,1
-0.2824427480915312,0.631799163179652,-0.2694300518134017,0.9024390243898037,1.0,0.16071428571423788,-0.9215686274506191,0.0,1.3829787234032747,0.04081632653059559,114.0,252.0,245.0,141.0,67.0,44.0,10.0,195.0,2.6561264822130886,1.0057142857139985,1
-0.18204488778050323,0.1136363636362345,-0.017964071856282047,0.4626865671634885,1.0,-0.5399061032861315,-0.8085106382974423,0.0,0.2987804878046959,0.1058823529411142,233.0,237.0,170.0,164.0,52.0,39.0,18.0,49.0,2.176808266360255,1.7430167597755626,1
-0.2944162436547476,0.42666666666638225,-0.2944162436547476,0.9999999999990654,1.0,-0.13008130081295527,-0.9999999999996079,0.0,0.7697841726613168,0.0,235.0,255.0,255.0,139.0,75.0,43.0,0.0,107.0,2.3076923076920464,1.28358208955176,1
-0.578571428571222,0.38461538461501477,-0.5740072202163993,0.7349397590352591,1.0,0.0992366412212983,-0.9039301310039721,0.0,1.220338983048779,0.05045871559630713,250.0,221.0,218.0,59.0,68.0,32.0,11.0,72.0,2.354194407456411,1.2549019607836986,1
-0.20867208672081067,-0.060240963855349106,-0.19780219780214348,0.6249999999986979,1.0,-0.5783783783780658,-0.9207048458145725,0.0,0.2671232876710499,0.04128440366970584,201.0,223.0,218.0,146.0,64.0,44.0,9.0,39.0,2.2496847414877363,1.84293193717181,1
-0.15508021390370186,0.09090909090902205,-0.11977715877433989,0.398058252426798,1.0,-0.37391304347809834,-0.7327586206893394,0.0,0.4556962025313572,0.1542288557213163,187.0,216.0,201.0,158.0,59.0,60.0,31.0,72.0,2.2239382239379375,1.9123505976088,1
-0.1135734072021846,0.4031413612563335,-0.07514450867049852,0.6645962732915127,1.0,-0.08843537414962979,-0.7464788732390862,0.0,0.8374999999994767,0.1451612903225026,186.0,201.0,186.0,160.0,52.0,57.0,27.0,134.0,2.149732620320568,1.5199999999994933,1
-0.026156941649894135,0.7888198757759076,0.025423728813553936,0.6457142857139168,0.9242369577957348,-0.25388601036262853,-0.7624521072794014,10.0,0.5950413223138037,0.13478260869559358,166.0,255.0,230.0,242.0,70.0,17.0,31.0,144.0,2.22222222222198,0.5483870967739725,1
0.0365853658536511,0.5950920245395123,0.04508196721310552,0.8439716312050752,0.8985843658059641,-0.32467532467524035,-0.9098360655733977,10.0,0.5098039215684276,0.04721030042916429,255.0,237.0,233.0,255.0,73.0,33.0,11.0,130.0,1.926829268292487,0.9814126394048397,1
0.14864864864861518,0.4230769230765163,0.32812499999991457,0.557894736841518,0.25932801185081455,-0.5501519756837234,-0.71999999999952,1.7002506260468975,0.2901960784312588,0.16279069767429244,255.0,189.0,129.0,255.0,47.0,30.0,21.0,74.0,1.7027027027025108,1.3259668508279967,1
0.0896551724137725,0.1839999999998528,0.06997742663655306,0.8974358974347468,0.8553308602680313,-0.5241157556268411,-0.961904761904304,10.0,0.3122362869196995,0.019417475728145915,174.0,198.0,206.0,237.0,58.0,51.0,4.0,74.0,1.9628252788101657,1.7435897435889987,1
-0.1443037974683179,0.4035087719294706,-0.1933174224343214,0.5686274509798347,1.0,-0.35742971887535846,-0.8382352941173389,0.0,0.4733727810648087,0.0879999999999648,127.0,226.0,250.0,169.0,88.0,34.0,22.0,80.0,2.4171122994649172,1.1525423728808677,1
-0.29651162790689056,0.7608695652165642,-0.21682847896433113,0.8837209302315305,1.0,-0.1980198019801,-0.9481865284969181,0.0,0.6694214876027526,0.02659574468083692,176.0,223.0,188.0,121.0,82.0,11.0,5.0,81.0,2.4010767160158273,0.4756756756754186,1
-0.417322834645505,0.2037037037035151,-0.3728813559320454,-0.16129032258054113,-0.3961105425512178,-0.06474820143880235,-0.28571428571417234,0.4325513197640005,0.8783783783771913,0.5555555555552126,101.0,180.0,162.0,74.0,7.0,43.0,90.0,65.0,2.6915887850462257,2.1772151898720398,1
0.16831683168312667,-0.2549019607838139,-0.00840336134453605,-0.3090909090903471,0.9470644853800199,-0.8509803921565291,-0.739130434782341,10.0,0.08050847457623708,0.14999999999993752,195.0,168.0,240.0,236.0,99.0,32.0,36.0,19.0,1.7522816166881678,1.4065934065926338,1
0.02824858757061349,0.3774834437083593,-0.0761421319796761,0.44444444444413583,1.0,-0.2727272727271774,-0.6825396825394118,0.0,0.5714285714282575,0.18867924528292987,214.0,172.0,212.0,182.0,25.0,47.0,40.0,104.0,1.859459459459208,1.686098654707764,1
-0.19371727748680959,-0.19327731092420733,-0.14917127071814965,0.2972972972968955,1.0,-0.2319999999998144,-0.5999999999995386,0.0,0.6233766233758138,0.2499999999997596,137.0,114.0,104.0,77.0,0.0,71.0,26.0,48.0,2.063348416289126,2.9894736842089533,1
0.058479532163725596,0.7766990291258365,0.31159420289843787,0.7183098591545923,0.394906352156636,0.005494505494503985,-0.519999999999584,2.3052735007338807,1.0110497237563476,0.3157894736838781,254.0,161.0,95.0,181.0,112.0,23.0,30.0,183.0,1.7014531043590881,0.539589442815091,1
0.16040955631393844,0.861386138613435,0.3229571984434541,0.7168949771686225,0.37884017356159794,0.050279329608924506,-0.4745762711860385,2.219783241871798,1.105882352940526,0.3563218390800502,227.0,123.0,87.0,170.0,200.0,14.0,31.0,188.0,1.530326594089964,0.26923076923070455,1
0.05660377358488786,0.5072463768112266,0.13513513513508948,0.40540540540513154,0.49999999990737326,-0.23529411764697233,-0.4883720930229719,2.9999999977789864,0.6190476190472506,0.3437499999997315,170.0,150.0,128.0,168.0,43.0,34.0,44.0,104.0,1.8808777429464136,1.265116279069179,1
0.3695652173911705,-0.6438356164374742,0.03278688524589268,-0.2972972972964938,1.0,-0.87128712871244,-0.7611940298503677,0.0,0.06878306878303239,0.13559322033890644,255.0,87.0,177.0,189.0,82.0,60.0,24.0,13.0,1.1262135922328274,2.2325581395338454,1
0.18072289156621063,0.38271604938247983,0.1701492537312925,0.9310344827578181,0.6909702747548276,-0.27272727272718417,-0.9440559440552839,5.471869325274641,0.57142857142828,0.028776978417245486,154.0,136.0,139.0,196.0,91.0,50.0,4.0,112.0,1.7491961414788184,1.3201320132008845,1
-0.02150537634408024,0.525423728813114,-0.059431524547788266,0.5517241379305589,1.0,-0.33823529411752273,-0.7748917748914395,0.0,0.49450549450522285,0.12682926829262106,188.0,190.0,205.0,182.0,104.0,28.0,26.0,90.0,2.0266666666663964,0.8959999999996416,1
-0.16438356164379808,0.28205128205104096,-0.16438356164379808,0.9736842105250346,1.0,-0.41860465116262846,-0.9921874999996124,0.0,0.40983606557354657,0.0039215686274494425,133.0,255.0,255.0,183.0,44.0,42.0,1.0,75.0,2.469733656174035,1.6551724137922883,1
-0.20567375886519962,0.6590909090901601,-0.20567375886519962,0.9999999999986301,1.0,-0.39419087136913106,-0.9999999999996079,0.0,0.4345238095235509,0.0,189.0,255.0,255.0,168.0,77.0,15.0,0.0,73.0,2.3529411764703165,0.6666666666662964,1
-0.24390243902433076,0.21739130434763704,-0.1576086956521311,0.9178082191768249,1.0,-0.3777777777776099,-0.9722222222217721,0.0,0.4516129032255151,0.014084507042246909,154.0,255.0,213.0,155.0,33.0,45.0,3.0,70.0,2.4908424908421867,1.8652849740922979,1
-0.33858267716526547,0.08411214953263167,-0.33858267716526547,0.8124999999987305,1.0,-0.36956521739110354,-0.9540229885053817,0.0,0.460317460317095,0.023529411764696657,255.0,255.0,255.0,126.0,96.0,49.0,6.0,58.0,2.2895622895620327,1.5555555555549383,1
-0.5178571428569888,0.07894736842094875,-0.5178571428569888,0.30158730158682284,-1.0,-0.32786885245874764,-0.841155234656736,0.0,0.5061728395055479,0.08627450980388773,228.0,255.0,255.0,81.0,105.0,35.0,22.0,41.0,2.4908424908421867,1.2962962962956963,1
-0.03529411764704499,0.4642857142848852,0.33695652173894736,0.17142857142832651,-0.3255956016467966,-0.49999999999969513,-0.3555555555551605,0.5087557602172276,0.3333333333330623,0.4754098360647944,171.0,132.0,61.0,123.0,65.0,15.0,29.0,41.0,1.8924731182792305,0.8823529411758219,1
-0.3315926892949526,0.19658119658102857,-0.3315926892949526,0.5730337078645247,1.0,-0.292929292929145,-0.8613138686128243,0.0,0.5468749999995728,0.07450980392153941,80.0,255.0,255.0,128.0,26.0,47.0,19.0,70.0,2.841225626740551,1.9789473684200112,1
-0.45714285714272657,0.34782608695614364,-0.45714285714272657,0.13761467889895632,-1.0,-0.21019108280241391,-0.6887417218540766,0.0,0.6526315789466814,0.18431372549012381,166.0,255.0,255.0,95.0,61.0,30.0,47.0,62.0,2.645914396886816,1.311475409835349,1
0.13930348258703004,0.55999999999944,0.07764705882351114,0.10638297872332882,0.15614798685724832,-0.49185667752426976,-0.5135135135133153,1.3700838151271766,0.3406113537116417,0.3214285714284075,243.0,173.0,196.0,229.0,37.0,22.0,63.0,78.0,1.6919315403420914,1.1069182389930146,1
0.023364485981302953,0.44186046511576527,0.07881773399012837,0.7222222222212191,0.8032114792298986,-0.5587188612097657,-0.89847715735995,9.163194432808172,0.283105022830921,0.05347593582884841,158.0,209.0,187.0,219.0,0.0,24.0,10.0,62.0,2.1031446540877856,1.7454545454529586,1
0.07594936708859157,0.4765100671137742,0.12831858407076807,0.506849315068146,0.5959538122927025,-0.3972602739724939,-0.6909871244632227,3.9499291419364804,0.4313725490194387,0.1827411167511763,235.0,219.0,197.0,255.0,17.0,39.0,36.0,110.0,1.887931034482555,1.5219512195114528,1
-0.012931034482755835,0.13559322033886814,0.09569377990428334,0.47252747252695326,0.6631812712812153,-0.5472972972971124,-0.77464788732358,4.937912082747725,0.29257641921384603,0.1269841269840598,255.0,235.0,189.0,229.0,25.0,51.0,24.0,67.0,1.9706498951779905,2.1030927835040707,1
0.1277777777777423,-0.551020408162703,0.10928961748630894,-0.3333333333328283,1.0,-0.8044444444440869,-0.5748792270528624,0.0,0.10837438423639982,0.2699386503065829,136.0,157.0,163.0,203.0,15.0,76.0,44.0,22.0,1.9234303215923547,3.216931216929515,1
-0.5049504950493383,0.21739130434763704,-0.5114006514656315,0.489361702127139,-1.0,-0.034482758620665875,-0.8124999999996827,0.0,0.9333333333320889,0.10344827586202437,52.0,228.0,232.0,75.0,71.0,45.0,24.0,70.0,3.1286449399651577,1.558441558440884,1
-0.1933174224343214,0.18987341772127864,-0.053221288515391256,0.9999999999978723,1.0,-0.5648148148145533,-0.9999999999994682,0.0,0.2781065088755751,0.0,229.0,250.0,188.0,169.0,71.0,32.0,0.0,47.0,2.2271714922046515,1.4065934065926338,1
-0.4274193548385374,-0.9999999999952381,-0.342592592592434,-0.999999999997561,0.48965517244951273,-0.9999999999985916,-0.559139784945936,2.9189189197651593,0.0,0.28275862068946017,132.0,177.0,145.0,71.0,0.0,21.0,41.0,0.0,2.5421903052060064,3.999999999990476,1
0.03896103896102631,0.559055118109796,-0.09090909090906509,0.6363636363631104,1.0,-0.2355212355211446,-0.7943925233641148,0.0,0.6187499999996133,0.11458333333327367,100.0,148.0,192.0,160.0,67.0,28.0,22.0,99.0,2.1294964028773147,1.0090090090085546,1
-0.26769230769222535,0.7868852459009943,-0.28313253012039663,0.37974683544279764,1.0,-0.04385964912278778,-0.6259541984730436,0.0,0.9159663865538521,0.23004694835669953,177.0,206.0,213.0,119.0,72.0,13.0,49.0,109.0,2.3276836158188803,0.5024154589369554,1
-0.562289562289373,-0.47169811320665717,-0.532374100719233,-0.5087719298236688,-0.0226694144773561,-0.6455696202523473,-0.6640624999997407,0.9556661926864752,0.21538461538428402,0.2018779342722057,119.0,232.0,213.0,65.0,58.0,39.0,43.0,14.0,2.8641975308637555,2.0799999999986136,1
-0.66329966329944,0.7161290322576026,-0.6031746031743639,0.7852348993283321,1.0,0.4535519125680582,-0.8532110091739206,0.0,2.65999999999468,0.07920792079204,184.0,247.0,202.0,50.0,140.0,22.0,16.0,133.0,2.7142857142853414,0.5552050473184369,1
-0.20168067226882283,0.7142857142854714,-0.049999999999975,0.774647887323671,1.0,0.45244956772321254,-0.5328467153280783,0.0,2.6526315789445762,0.3047619047616145,75.0,143.0,105.0,95.0,249.0,42.0,32.0,252.0,2.5087719298240114,0.5743589743588762,1
-0.02739726027396322,-0.17948717948694937,-0.0372881355932077,0.5999999999985,1.0,-0.6321839080456138,-0.9006211180118631,0.0,0.22535211267589766,0.05228758169931223,155.0,150.0,153.0,142.0,70.0,46.0,8.0,32.0,2.0100502512559446,1.8969072164938676,1
0.5738831615118303,-0.12925170068018418,0.2651933701656726,-0.05882352941172146,-1.0,-0.5631399317404222,-0.297560975609611,0.0,0.27947598253262906,0.5413533834582397,255.0,62.0,133.0,229.0,103.0,83.0,72.0,64.0,0.8157894736840763,1.9939939939933953,1
0.2144702842376707,0.6375838926170219,0.4199395770391481,0.7941176470582397,0.30820464024375827,-0.31652661064416904,-0.7454545454538678,1.8910283533364296,0.5191489361699919,0.1458333333331814,255.0,152.0,96.0,235.0,95.0,27.0,14.0,122.0,1.531486146095525,0.7970479704794107,1
0.03872437357630097,0.4923857868017805,0.07801418439714468,0.9215686274503782,0.8439065107669331,-0.2159999999999424,-0.9402985074622188,10.0,0.6447368421049804,0.030769230769214992,255.0,211.0,195.0,228.0,44.0,50.0,6.0,147.0,1.8651933701655397,1.374570446734923,1
-0.3350785340313259,0.3658536585361392,-0.3350785340313259,0.9999999999982142,1.0,-0.3879781420762907,-0.9999999999996079,0.0,0.44094488188941655,0.0,211.0,255.0,255.0,127.0,81.0,26.0,0.0,56.0,2.4056603773582066,1.1005291005285183,1
0.0,0.36206896551692924,0.0,0.57999999999942,0.9999999998275861,-0.5269461077842734,-0.8478260869562146,10.0,0.30980392156850595,0.0823529411764383,255.0,255.0,255.0,255.0,95.0,37.0,21.0,79.0,1.999999999999804,1.193548387096293,1
-0.11698113207542755,0.2708333333330512,-0.04489795918365515,0.6266666666658312,1.0,-0.314606741572857,-0.8028169014078854,0.0,0.5213675213670758,0.10937499999991457,185.0,148.0,128.0,117.0,136.0,35.0,14.0,61.0,1.9799331103675617,1.0486891385763863,1
-0.4049586776858389,0.6159999999995072,-0.4049586776858389,0.836363636362876,1.0,-0.033492822966491156,-0.9318181818178289,0.0,0.9351851851843193,0.03529411764704499,187.0,255.0,255.0,108.0,147.0,24.0,9.0,101.0,2.534161490682915,0.6486486486484295,1
-0.17241379310340865,0.4999999999996875,-0.11980440097796582,0.5999999999996001,1.0,-0.19999999999993334,-0.7683397683394717,0.0,0.6666666666662964,0.13100436681216987,190.0,255.0,229.0,180.0,112.0,40.0,30.0,120.0,2.3181818181815546,1.025641025640697,1
0.12401055408967705,0.42857142857099123,0.2419825072885592,0.38613861386100384,0.22950367643371927,-0.505300353356712,-0.6149068322977548,1.595729451802764,0.32863849765242786,0.23846153846135507,242.0,166.0,130.0,213.0,27.0,28.0,31.0,70.0,1.6874205844978796,1.4640522875807425,1
-0.43604651162778024,-0.5076923076915266,-0.44886363636350884,0.6842105263121885,1.0,-0.716814159291401,-0.9767441860461331,0.0,0.16494845360807736,0.011764705882348328,162.0,247.0,255.0,97.0,86.0,49.0,3.0,16.0,2.624169986719439,1.95999999999902,1
-0.4461538461536746,0.7499999999993303,-0.4646840148697158,0.6065573770486832,1.0,0.1529411764704983,-0.7828054298638992,0.0,1.3611111111092207,0.12182741116745086,161.0,188.0,197.0,72.0,81.0,14.0,24.0,98.0,2.4696223316908914,0.5410628019321058,1
-0.050602409638542026,0.3913043478256616,-0.0879629629629426,0.6842105263148892,1.0,-0.5095785440611075,-0.9028340080968005,0.0,0.3248730964465356,0.051063829787212314,226.0,218.0,235.0,197.0,21.0,28.0,12.0,64.0,2.0302677532011604,1.588652482268377,1
0.37125748502982897,-0.9999999999979167,0.34310850439872637,-0.9999999999,1.0,-0.9999999999995633,-0.9823008849548829,0.0,0.0,0.008928571428563457,159.0,105.0,112.0,229.0,57.0,48.0,1.0,0.0,1.4046822742472567,2.5098039215669874,1
0.028225806451607213,-0.6052631578939405,0.0,-0.2857142857136054,1.0,-0.8888888888885597,-0.8085106382975856,0.0,0.05882352941174164,0.10588235294113495,255.0,241.0,255.0,255.0,1.0,61.0,27.0,15.0,1.9435483870965782,3.536231884055409,1
-0.1855421686746541,-0.11827956989234593,-0.20283018867919744,0.2812499999995605,1.0,-0.6095238095235193,-0.8345323741004192,0.0,0.24260355029571445,0.09019607843133719,198.0,246.0,255.0,169.0,72.0,52.0,23.0,41.0,2.291036088474704,1.9170506912433563,1
0.07368421052630028,-0.4202898550718546,0.09677419354836629,-0.4285714285708163,1.0,-0.8545454545451439,-0.6153846153843787,0.0,0.07843137254898885,0.23809523809512473,248.0,220.0,210.0,255.0,31.0,49.0,50.0,20.0,1.8663838812299187,2.630872483219711,1
-0.26132404181175567,-0.28712871287100283,-0.09787234042549027,0.043478260869502204,-1.0,-0.49295774647852614,-0.5925925925922269,0.0,0.33962264150911353,0.2558139534881738,189.0,181.0,129.0,106.0,51.0,65.0,33.0,36.0,2.2039573820392384,2.3963133640541954,1
-0.00438596491227974,-0.11111111111095678,0.09661835748789938,-0.0588235294116782,-1.0,-0.7528957528954623,-0.6771300448427457,0.0,0.1409691629955326,0.1925133689838543,184.0,229.0,187.0,227.0,9.0,40.0,36.0,32.0,2.1081703107017136,2.644628099171368,1
0.16766467065863244,0.1929824561400123,0.5057915057913105,0.01492537313430608,-0.9426737492656856,-0.703056768558645,-0.3195876288656499,0.029508943824599128,0.17435897435888495,0.5156249999991943,157.0,139.0,64.0,195.0,30.0,23.0,33.0,34.0,1.7650793650790848,1.672727272725752,1
0.5261324041810014,0.4464285714281728,0.30746268656707243,0.9058823529401107,0.4931982633454164,-0.4599999999998467,-0.9333333333325555,2.946316389673068,0.36986301369846125,0.03448275862065993,202.0,68.0,116.0,219.0,6.0,31.0,4.0,81.0,0.9766606822260364,1.6644295302002254,1
0.09774436090223114,0.46099290780109153,0.12596401028274398,0.5968992248057389,0.6514859126847156,-0.3602484472048571,-0.7346938775506456,4.73864894418691,0.4703196347029816,0.1529411764704983,230.0,180.0,170.0,219.0,77.0,38.0,26.0,103.0,1.779975278120917,1.1874999999995361,1
-0.3357664233575417,0.47368421052581716,-0.33088235294105484,0.42857142857099123,1.0,-0.13043478260861466,-0.7320574162675924,0.0,0.769230769229924,0.15469613259659962,114.0,183.0,181.0,91.0,137.0,25.0,28.0,70.0,2.5639229422062058,0.7782101167312148,1
-0.07428571428569307,0.8197424892700345,-0.06896551724135949,0.8678414096912477,1.0,0.13368983957215677,-0.8507462686562932,0.0,1.3086419753078342,0.08064516129027922,255.0,188.0,186.0,162.0,154.0,21.0,15.0,212.0,1.8965952080703787,0.41176470588225206,1
0.04878048780486318,0.6943521594682078,-0.05753424657532671,0.6190476190474226,1.0,0.19437939110065705,-0.5256916996045353,0.0,1.482558139534022,0.310880829015383,170.0,156.0,193.0,172.0,153.0,46.0,60.0,255.0,1.908256880733653,0.7359999999998528,1
-0.025641025641018337,0.06410256410252302,-0.1319796954314386,0.2968749999997681,1.0,-0.34645669291324943,-0.6641791044773642,0.0,0.4853801169587805,0.2017937219730037,252.0,180.0,223.0,171.0,104.0,73.0,45.0,83.0,1.83908045976988,1.753753753753227,1
0.15820895522383338,0.06944444444439622,0.16867469879512992,-0.04347826086953822,-1.0,-0.43173431734301415,-0.24324324324313368,0.0,0.3969072164946408,0.608695652173472,226.0,141.0,138.0,194.0,46.0,67.0,84.0,77.0,1.6068376068373778,2.0856031128396557,1
0.2088607594936048,0.6568047337274221,0.29931972789105465,0.5384615384612427,0.2854465958434087,-0.15407854984889605,-0.4206896551721237,1.7989510483496594,0.7329842931933336,0.4077669902908662,234.0,125.0,103.0,191.0,119.0,29.0,42.0,140.0,1.4814814814812618,0.7318611987379395,1
0.08955223880594787,-0.06666666666661111,-0.02013422818791496,0.23076923076897718,1.0,-0.5927272727270572,-0.7338403041822306,0.0,0.25570776255696087,0.15350877192975723,144.0,183.0,228.0,219.0,140.0,64.0,35.0,56.0,2.0082304526746215,1.5802469135797592,1
-0.2944162436547476,0.4358974358971565,-0.2944162436547476,0.7777777777771605,1.0,-0.107569721115495,-0.895910780668812,0.0,0.8057553956828736,0.0549019607842922,133.0,255.0,255.0,139.0,118.0,44.0,14.0,112.0,2.608695652173579,1.1069182389933627,1
-0.12560386473426918,0.6117647058819932,-0.144208037825025,0.6606060606056603,1.0,-0.13836477987417034,-0.7925925925922991,0.0,0.7569060773476481,0.11570247933879517,174.0,233.0,242.0,181.0,87.0,33.0,28.0,137.0,2.270401948842598,0.910344827585893,1
-0.020134228187912707,0.5670103092780583,-0.06109324758840479,0.5916230366489049,1.0,0.020134228187912707,-0.6176470588232267,0.0,1.0410958904102459,0.23636363636349314,174.0,152.0,165.0,146.0,165.0,42.0,39.0,152.0,1.9487179487176363,0.8379052369075217,1
-0.40123456790111073,0.9113924050627144,-0.4327485380115694,0.8303030303025272,1.0,0.21774193548378318,-0.8918918918915476,0.0,1.5567010309262301,0.05714285714283382,198.0,227.0,245.0,97.0,124.0,7.0,14.0,151.0,2.424566088117166,0.19377162629751082,1
-0.08558558558556631,0.5724137931030535,-0.0024570024570018533,0.45222929936276934,1.0,-0.28075709779170954,-0.6518218623479143,0.0,0.5615763546795264,0.2107843137253869,167.0,241.0,204.0,203.0,0.0,31.0,43.0,114.0,2.2629107981218,1.4090909090901085,1
-0.006833712984053113,-0.249999999999375,0.0899999999999775,-0.31818181818109503,1.0,-0.8712446351927592,-0.7251184834119787,0.0,0.06880733944950973,0.1593406593405718,255.0,221.0,182.0,218.0,36.0,25.0,29.0,15.0,1.9322404371582587,1.9801980198000195,1
0.16719242902202927,0.35999999999964,0.09792284866465938,0.679012345678174,0.7479253111068467,-0.46245059288519275,-0.8424242424237319,6.934156371513075,0.3675675675673689,0.08552631578941743,185.0,132.0,152.0,185.0,85.0,32.0,13.0,68.0,1.6656151419555731,1.179723502303604,1
-0.0988142292489728,0.7142857142852042,-0.179856115107849,0.919999999999264,1.0,0.025641025641014684,-0.9408284023663073,0.0,1.052631578946445,0.030487804878030194,241.0,139.0,164.0,114.0,40.0,20.0,5.0,120.0,1.756714060031318,0.7999999999996,1
-0.21718377088300306,0.16455696202510814,-0.2038834951455816,0.9999999999978261,1.0,-0.5619047619044943,-0.9999999999995969,0.0,0.2804878048778778,0.0,255.0,255.0,248.0,164.0,0.0,33.0,0.0,46.0,2.1959095801935202,2.3571428571407527,1
0.22302158273375947,0.499999999999375,0.23188405797095848,0.6438356164374742,0.4704148718569745,-0.6190476190474226,-0.8488372093018322,2.776541094689895,0.23529411764696656,0.08176100628925675,255.0,162.0,159.0,255.0,86.0,20.0,13.0,60.0,1.5539568345321877,0.8602150537629785,1
0.0,-0.492063492062711,0.0,-0.4385964912273007,1.0,-0.8819188191878665,-0.7229729729727288,0.0,0.06274509803919108,0.16078431372542715,255.0,255.0,255.0,255.0,116.0,47.0,41.0,16.0,1.999999999999804,1.6637168141585559,1
-0.14285714285710122,0.6499999999994583,-0.14285714285710122,0.9999999999989899,1.0,-0.19512195121943288,-0.9999999999994899,0.0,0.6734693877546439,0.0,183.0,196.0,196.0,147.0,57.0,21.0,0.0,99.0,2.1717451523542697,0.84848484848442,1
0.10389610389608141,0.1764705882351211,0.3350785340313259,0.3186813186809685,-0.02508140455523712,-0.6190476190474226,-0.6075949367084763,0.9510645601549309,0.23529411764696656,0.24409448818878418,255.0,207.0,127.0,255.0,63.0,42.0,31.0,60.0,1.792207792207598,1.6231884057963173,1
0.021406727828739633,0.22314049586758417,-0.002985074626864781,0.33333333333303306,1.0,-0.38589211618241254,-0.6390243902435908,0.0,0.44311377245482453,0.22023809523796417,181.0,160.0,168.0,167.0,105.0,47.0,37.0,74.0,1.9161676646703718,1.3772893772888728,1
0.11353711790390535,0.0,0.03448275862068266,-0.06249999999990234,1.0,-0.7894736842102493,-0.7499999999997243,0.0,0.11764705882348328,0.14285714285708284,224.0,203.0,238.0,255.0,58.0,30.0,34.0,30.0,1.8350282485873632,1.6216216216205261,1
0.40909090909075413,0.43999999999955997,0.4198473282441146,0.8461538461527613,0.33673469385055355,-0.4418604651161078,-0.8536585365843248,2.0153846149027728,0.3870967741933403,0.07894736842094875,129.0,78.0,76.0,186.0,56.0,28.0,6.0,72.0,1.324840764330929,1.2173913043471645,1
0.3350785340313259,0.1619047619046077,0.19158878504668422,0.8769230769217278,0.6413913744938516,-0.6139240506327172,-0.9548022598864663,4.577110691788864,0.239215686274416,0.023121387283223632,255.0,127.0,173.0,255.0,77.0,44.0,4.0,61.0,1.3298429319369987,1.5575221238931163,1
0.17241379310340865,0.2745098039212995,0.09442060085834884,0.38297872340384786,0.6044376433314214,-0.5937499999998145,-0.7583333333330174,4.05609283902767,0.2549019607842138,0.13744075829377372,255.0,180.0,211.0,255.0,117.0,37.0,29.0,65.0,1.6551724137929131,1.1562499999995484,1
-0.2050473186119227,0.5930232558136087,-0.21739130434775858,0.9999999999992701,1.0,0.04182509505701832,-0.9999999999994899,0.0,1.0873015873007243,0.0,161.0,191.0,196.0,126.0,115.0,35.0,0.0,137.0,2.284005979072902,0.8695652173910343,1
0.08222811671085352,0.782178217821395,0.13019390581713847,0.91489361702079,0.7508459281933823,-0.06249999999998373,-0.9030303030297558,7.027161606189703,0.8823529411760381,0.0509554140127064,255.0,173.0,157.0,204.0,73.0,22.0,8.0,180.0,1.7192546583848796,0.592592592592393,1
-0.22302158273375947,0.4378378378376012,-0.22302158273375947,0.6121212121208411,1.0,-0.0983050847457294,-0.7770034843202868,0.0,0.8209876543204809,0.12549019607838216,247.0,255.0,255.0,162.0,13.0,52.0,32.0,133.0,2.219804134929029,1.6639999999993345,1
0.07795100222715413,0.22105263157883104,0.13348946135828255,0.3892215568859945,0.48924183067301863,-0.35195530726247154,-0.567796610169251,2.9157474502781784,0.47933884297500856,0.2756756756755267,255.0,207.0,185.0,242.0,44.0,74.0,51.0,116.0,1.817782656421315,1.922077922077298,1
-0.19480519480513156,0.46808510638248074,-0.18151815181512163,0.26605504587131557,1.0,-0.28497409326410106,-0.6347031963467422,0.0,0.556451612902777,0.22346368715071316,201.0,184.0,179.0,124.0,0.0,25.0,40.0,69.0,2.1240981240978174,1.6806722689061506,1
0.22164948453602534,0.898989898988991,0.21850899742924976,0.48031496062954304,0.37463793297825576,-0.43202416918415953,-0.6432432432428956,2.198147289405086,0.39662447257367234,0.21710526315775192,218.0,151.0,152.0,237.0,115.0,5.0,33.0,94.0,1.595772787318151,0.18264840182640063,1
-0.04294478527606484,0.543103448275628,-0.04294478527606484,0.77227722772239,1.0,-0.13317191283289753,-0.8345323741004192,0.0,0.764957264956938,0.09019607843133719,153.0,255.0,255.0,234.0,144.0,53.0,23.0,179.0,2.2742474916385422,0.988344988344758,1
-0.024096385542163836,0.6153846153843524,-0.024096385542163836,0.9585492227974308,1.0,-0.12499999999997106,-0.969111969111595,0.0,0.7777777777774577,0.01568627450979777,185.0,255.0,255.0,243.0,162.0,45.0,4.0,189.0,2.1748400852876144,0.8163265306120598,1
0.06100795755966552,0.4583333333330947,0.11111111111108025,0.9999999999992858,0.7999999999279215,-0.17647058823524223,-0.999999999999375,8.999999991896072,0.69999999999965,0.0,171.0,177.0,160.0,200.0,126.0,52.0,0.0,140.0,1.9531034482755925,1.1243243243240204,1
-0.10294117647056301,0.8160919540225196,-0.08270676691727251,0.43636363636343806,1.0,-0.07331378299118085,-0.5539568345321748,0.0,0.8633879781416047,0.28703703703690414,197.0,225.0,216.0,183.0,152.0,16.0,62.0,158.0,2.1686746987949195,0.3742690058478438,1
-0.07499999999997657,0.680555555555083,-0.04207119741098962,0.680555555555083,1.0,-0.1003717472118586,-0.7499999999995924,0.0,0.8175675675670152,0.14285714285705414,214.0,172.0,161.0,148.0,60.0,23.0,23.0,121.0,1.9490084985832932,0.8105726872243125,1
-0.09019607843133719,-0.9999999999974358,-0.12121212121207531,-0.9999999999972973,0.7837837838532405,-0.9999999999991379,-0.5999999999996757,8.250000006787076,0.0,0.2499999999998311,141.0,139.0,148.0,116.0,29.0,39.0,37.0,0.0,2.0785046728968077,2.9158878504645647,1
-0.25641025641019066,0.5813953488358572,-0.19444444444439044,0.13333333333311112,-1.0,-0.620111731843229,-0.7842323651449028,0.0,0.23448275862052798,0.1209302325580833,236.0,245.0,215.0,145.0,68.0,9.0,26.0,34.0,2.2502870264061707,0.5999999999995,1
0.2977099236640464,0.16049382716029567,0.17511520737323155,0.9999999999978723,0.7019607842535088,-0.6887417218540766,-0.9999999999994414,5.7105263125176275,0.18431372549012381,0.0,182.0,138.0,179.0,255.0,46.0,34.0,0.0,47.0,1.5483870967739763,1.6894409937877706,1
-0.3021582733811863,0.277777777777392,-0.3263888888887756,0.3529411764700692,1.0,-0.35664335664310726,-0.7934272300465759,0.0,0.47422680412322243,0.11518324607323813,252.0,181.0,191.0,97.0,51.0,26.0,22.0,46.0,2.036568213783117,1.3959731543614793,1
-0.19999999999995294,-0.9999999999968749,-0.19999999999995294,-0.9999999999666667,0.6666666667130284,-0.9999999999994118,-0.9767441860461331,5.00000000233451,0.0,0.011764705882348328,234.0,255.0,255.0,170.0,70.0,32.0,3.0,0.0,2.2319474835883772,1.9104477611926043,1
0.08372093023253867,0.5824175824169424,0.05668934240361526,0.6179775280891933,0.8319486403599332,-0.5278688524588433,-0.8488888888885117,10.0,0.3090128755363481,0.08173076923072994,56.0,197.0,208.0,233.0,38.0,19.0,17.0,72.0,2.307467057100687,1.027027027026333,1
0.03869653767819986,0.466666666666321,0.10869565217388942,0.559055118109796,0.674442450552521,-0.44067796610157045,-0.759656652360189,5.143307081879399,0.38823529411749486,0.1365853658535919,151.0,236.0,205.0,255.0,121.0,36.0,28.0,99.0,2.1503416856489577,0.9863013698626759,1
-0.009569377990428334,0.4047619047614229,0.2738461538460696,0.999999999998305,0.5700483091335256,-0.5563909774433998,-0.9999999999991526,3.65168539191988,0.2850241545892343,0.0,220.0,211.0,118.0,207.0,18.0,25.0,0.0,59.0,1.9882214369844535,1.5748031496050592,1
-0.019999999999996,0.4095238095234195,0.17788461538457262,0.557894736841518,0.5164729347943544,-0.5360501567396438,-0.7812499999995931,3.136273113454842,0.30204081632640734,0.12280701754378784,255.0,255.0,171.0,245.0,9.0,31.0,21.0,74.0,2.0198019801978195,1.7103448275850275,1
0.3024691358023758,0.5364238410592475,0.17548746518100963,0.7846153846147811,0.6344402784554655,-0.29051987767575216,-0.8271604938266499,4.471062268512281,0.5497630331750949,0.09459459459453069,126.0,113.0,148.0,211.0,9.0,35.0,14.0,116.0,1.6056838365894128,1.4358974358966996,1
0.15384615384611905,0.4202898550718546,0.08280254777068306,0.06521739130427694,-0.11880261919051607,-0.6776315789471455,-0.66795366795341,0.7876254171083026,0.1921568627450227,0.19907407407398192,162.0,187.0,216.0,255.0,0.0,20.0,43.0,49.0,1.891276864727953,1.797752808986744,1
0.1610942249239632,0.588235294116782,0.17538461538456143,0.4399999999994133,0.429999999929707,-0.5591836734691595,-0.7290322580640458,2.5087719283915475,0.2827225130888572,0.15671641791033084,177.0,138.0,134.0,191.0,87.0,14.0,21.0,54.0,1.714285714285448,0.6627218934907322,1
0.12831858407076807,0.2794117647056769,0.10389610389608141,0.49999999999956896,0.655913978385826,-0.49122807017529496,-0.7542372881352737,4.8124999953648615,0.3411764705881015,0.14009661835742024,255.0,197.0,207.0,255.0,99.0,49.0,29.0,87.0,1.7433628318582142,1.3802816901403592,1
0.33858267716526547,0.6407185628738679,0.11597374179428535,0.7232704402511175,0.7236233641851035,-0.30102040816318854,-0.8035714285710699,6.236501715279715,0.5372549019605737,0.108910891089055,220.0,126.0,202.0,255.0,38.0,30.0,22.0,137.0,1.3865199449791765,1.0212765957442462,1
0.0833333333333102,0.463768115941693,0.0025706940874029383,0.9999999999990099,0.994871794772559,-0.3175675675674603,-0.9999999999994846,10.0,0.5179487179484523,0.0,190.0,165.0,194.0,195.0,38.0,37.0,0.0,101.0,1.8461538461535878,1.3896713615016951,1
0.06440677966099512,0.2427184466017061,0.03630363036302432,0.7066666666657244,0.9022743424513153,-0.42081447963781865,-0.8598726114644205,10.0,0.4076433121016512,0.07534246575337306,200.0,138.0,146.0,157.0,0.0,39.0,11.0,64.0,1.7440758293836105,2.1971830985900023,1
0.02204408817634829,-0.7083333333318577,0.1015118790496541,-0.74545454545319,1.0,-0.946564885495822,-0.6249999999997559,0.0,0.0274509803921461,0.23076923076911984,255.0,244.0,208.0,255.0,73.0,41.0,48.0,7.0,1.9559118236470985,2.024691358023442,1
0.12087912087909432,-0.46938775510156183,0.3350785340313259,-0.324675324674903,-1.0,-0.8149466192167919,-0.42696629213459164,0.0,0.1019607843136855,0.4015748031492901,255.0,200.0,127.0,255.0,41.0,72.0,51.0,26.0,1.758241758241565,2.72985781990392,1
0.1767810026384758,-0.03571428571422194,0.14652956298196748,0.2558139534877772,0.2716196136016664,-0.7839999999996864,-0.8241758241753714,1.7458180322606767,0.12107623318380221,0.09638554216861664,232.0,156.0,166.0,223.0,8.0,29.0,16.0,27.0,1.6271186440675844,2.494623655911296,1
-0.07055961070557894,0.7968749999993775,-0.02798982188294453,0.6197183098587186,1.0,-0.24836601307181427,-0.7641921397376576,0.0,0.6020942408373812,0.1336633663365675,175.0,220.0,202.0,191.0,144.0,13.0,27.0,115.0,2.183622828783848,0.36491228070162635,1
-0.13082039911305304,0.5757575757573266,-0.13082039911305304,0.9999999999994507,1.0,-0.03703703703702724,-0.9999999999996079,0.0,0.9285714285709549,0.0,190.0,255.0,255.0,196.0,126.0,49.0,0.0,182.0,2.27678571428546,0.9655172413790726,1
-0.04157549234134758,0.7438016528922546,-0.024498886414248442,0.9999999999995262,1.0,-0.01860465116278637,-0.9999999999995652,0.0,0.9634703196342633,0.0,183.0,238.0,230.0,219.0,216.0,31.0,0.0,211.0,2.168564920273101,0.5071574642125752,1
-0.03238866396760478,0.486910994764143,-0.03238866396760478,0.9860139860132966,1.0,-0.25459317585295155,-0.9921874999996124,0.0,0.5941422594139774,0.0039215686274494425,253.0,255.0,255.0,239.0,69.0,49.0,1.0,142.0,2.0359281437123715,1.2686084142390717,1
-0.05371900826445171,0.6966292134827547,-0.05371900826445171,0.6685082872924484,1.0,-0.20526315789468283,-0.7894736842102493,0.0,0.6593886462879217,0.11764705882348328,226.0,255.0,255.0,229.0,67.0,27.0,30.0,151.0,2.1139896373054805,0.7941176470585316,1
-0.00613496932515212,0.8987341772140522,-0.024096385542163836,0.8749999999989062,1.0,-0.5283018867922867,-0.9615384615380917,0.0,0.308641975308515,0.019607843137247213,121.0,246.0,255.0,243.0,0.0,4.0,5.0,75.0,2.299065420560479,0.3855421686742343,1
0.033175355450221246,0.2815533980579791,0.02830188679243948,0.7142857142847866,0.923774954503489,-0.24571428571414533,-0.8070175438589412,10.0,0.6055045871554078,0.10679611650475068,72.0,102.0,103.0,109.0,68.0,37.0,11.0,66.0,2.119480519479969,1.423076923076239,1
-0.20833333333324655,0.6036036036030598,-0.26356589147276605,0.6635514018685387,1.0,-0.03260869565215619,-0.801104972375248,0.0,0.9368421052621717,0.110429447852693,99.0,145.0,163.0,95.0,59.0,22.0,18.0,89.0,2.396694214875538,0.9166666666661893,1
0.11842105263155298,0.9999999999962964,0.15909090909087295,0.17391304347788278,0.04451038574233874,-0.8085106382975856,-0.8137254901956796,1.0931677011740917,0.10588235294113495,0.1027027027026472,170.0,201.0,185.0,255.0,0.0,0.0,19.0,27.0,1.94437726723072,0.0,1
-0.4999999999998047,0.1764705882350865,-0.5395683453235469,0.315789473683795,-1.0,-0.12280701754375192,-0.783333333333007,0.0,0.7812499999987793,0.12149532710274698,136.0,192.0,214.0,64.0,67.0,35.0,26.0,50.0,2.6301369863009194,1.4973262032077554,1
-0.22905027932954497,0.24999999999960937,-0.2977099236640464,0.9999999999975,1.0,-0.5505617977524997,-0.9999999999996079,0.0,0.2898550724635581,0.0,204.0,220.0,255.0,138.0,98.0,24.0,0.0,40.0,2.25063938618897,1.0322580645155741,1
0.15909090909087295,0.4328358208951994,0.09207708779441283,0.8113207547162157,0.7961538460655838,-0.45299145299132393,-0.9099099099095,8.811320745141051,0.3764705882351465,0.04716981132073247,169.0,185.0,212.0,255.0,83.0,38.0,10.0,96.0,1.8639798488662638,1.1921568627446306,1
0.22162162162156174,0.17714285714275593,0.26610644257695626,0.6612903225801119,0.426121693333288,-0.37386018237070706,-0.7236842105258398,2.4850594218152575,0.4557522123891789,0.16030534351132802,226.0,144.0,131.0,226.0,40.0,72.0,21.0,103.0,1.5567567567565463,2.0069686411142835,1
0.025056947608194748,0.1999999999996923,0.08433734939757004,0.7727272727255164,0.8031948880848387,-0.7045454545451877,-0.9487179487174623,9.162337651455132,0.17333333333325632,0.026315789473670363,246.0,214.0,190.0,225.0,90.0,26.0,5.0,39.0,1.9043381535036812,1.1491712707175972,1
-0.10843373493972638,-0.03448275862057075,-0.1542857142856702,0.399999999998,1.0,-0.8271604938266499,-0.9423076923072393,0.0,0.09459459459453069,0.029702970297015,216.0,184.0,202.0,148.0,132.0,15.0,6.0,14.0,2.010928961748359,0.6818181818177945,1
0.4259259259257945,-0.9999999999971428,0.1755725190839248,-0.9999999999958334,1.0,-0.9999999999995671,-0.7419354838705688,0.0,0.0,0.1481481481480567,222.0,93.0,162.0,231.0,0.0,35.0,24.0,0.0,1.1643192488261087,3.9999999999942855,1
0.08312342569267428,0.023255813953434287,0.05911330049259628,-0.043478260869470695,-1.0,-0.8143459915608379,-0.7767441860461504,0.0,0.10232558139530125,0.12565445026171432,163.0,182.0,191.0,215.0,46.0,21.0,24.0,22.0,1.9622641509431316,1.527272727271339,1
0.22518159806289947,0.5952380952373866,0.1632183908045602,0.8873239436607221,0.6892683226857289,-0.5812499999998184,-0.9569892473113135,5.436421341634063,0.2648221343872471,0.021978021978009903,255.0,160.0,182.0,253.0,66.0,17.0,4.0,67.0,1.5458937198065765,0.8143712574845423,1
0.03752759381897627,0.40869565217355763,0.04677060133629248,0.47272727272684295,0.8199392000914895,-0.4873417721517445,-0.7613168724276703,10.0,0.3446808510636831,0.13551401869152546,252.0,218.0,214.0,235.0,67.0,34.0,29.0,81.0,1.8894907908990368,1.2592592592586764,1
-0.08805031446538111,0.6438356164374742,-0.09090909090906242,0.4634146341457763,1.0,-0.41463414634126117,-0.775510204081237,0.0,0.41379310344799053,0.12643678160912275,253.0,173.0,174.0,145.0,19.0,13.0,22.0,60.0,1.8602150537631907,0.9904761904752472,1
0.15690866510534968,-0.9999999999981818,0.2506329113923416,-0.9999999999933333,1.0,-0.9999999999995952,-0.8159509202448982,0.0,0.0,0.10135135135128288,200.0,180.0,148.0,247.0,87.0,55.0,15.0,0.0,1.7843866171001506,2.2335025380699323,1
0.217777777777681,-0.583333333332118,0.13692946058085606,0.99999999999,0.7591240875224404,-0.8639455782307048,-0.9999999999990384,7.303030297626877,0.07299270072987374,0.0,184.0,88.0,104.0,137.0,105.0,38.0,0.0,10.0,1.4164989939634978,1.5916230366483815,1
0.09913793103446139,0.08411214953263167,0.3421052631578047,0.14851485148500146,-0.39458311197511253,-0.6293929712458053,-0.4880952380949476,0.4341203349832218,0.22745098039206768,0.3439999999997248,255.0,209.0,125.0,255.0,114.0,49.0,43.0,58.0,1.8017241379308402,1.4518518518513142,1
0.0019646365422392995,-0.06206896551719858,0.24087591240870052,0.2952380952378141,0.10140041491849451,-0.5789473684208735,-0.6165803108805096,1.2256854251757114,0.2666666666665621,0.23717948717933515,255.0,254.0,156.0,255.0,48.0,77.0,37.0,68.0,1.9960707269153244,2.2814814814806366,1
-0.29050279329600825,0.034965034965010515,-0.2485207100590981,0.5744680851057719,1.0,-0.26368159203966984,-0.826839826839469,0.0,0.5826771653538719,0.09478672985777499,203.0,231.0,211.0,127.0,99.0,69.0,20.0,74.0,2.3333333333330386,1.7749196141473393,1
-0.3043478260868787,0.5280898876402517,-0.3043478260868787,0.658536585365586,1.0,0.1999999999999412,-0.7171717171714758,0.0,1.499999999998897,0.1647058823528766,192.0,255.0,255.0,136.0,116.0,63.0,42.0,204.0,2.4343675417658193,1.130044843049074,1
-0.30729166666658664,0.5862068965514354,-0.3144329896906406,0.8089887640444894,1.0,0.09523809523806284,-0.8749999999996784,0.0,1.2105263157885637,0.06666666666664052,184.0,251.0,255.0,133.0,128.0,42.0,17.0,161.0,2.451770451770152,0.9008042895439945,1
-0.0022779043280177044,0.7408906882588094,0.023364485981302953,0.9369369369365149,0.9513392660444503,-0.009216589861749029,-0.9351851851847522,10.0,0.9817351598169034,0.033492822966491156,255.0,220.0,209.0,219.0,99.0,32.0,7.0,215.0,1.9256017505468352,0.6772486772484981,1
0.0,0.02857142857140136,0.0,-0.027027027027002676,1.0,-0.6504854368929934,-0.6346153846151812,0.0,0.2117647058822699,0.22352941176461824,255.0,255.0,255.0,255.0,34.0,51.0,57.0,54.0,1.999999999999804,2.1473684210515014,1
-0.2655086848634577,0.5266272189345996,-0.2655086848634577,0.7793103448270489,1.0,-0.0685920577617081,-0.8819188191878665,0.0,0.8716216216210327,0.06274509803919108,152.0,255.0,255.0,148.0,77.0,40.0,16.0,129.0,2.5185185185182073,1.1188811188807277,1
-0.22596153846148415,0.049180327868771835,-0.22596153846148415,0.9999999999968749,1.0,-0.6683937823830735,-0.9999999999996079,0.0,0.19875776397503184,0.0,202.0,255.0,255.0,161.0,30.0,29.0,0.0,32.0,2.336769759449904,1.9333333333317222,1
-0.22702702702696567,0.5412844036692281,-0.1988795518206726,0.9999999999988095,1.0,-0.25991189427301326,-0.9999999999995328,0.0,0.5874125874121767,0.0,255.0,227.0,214.0,143.0,108.0,25.0,0.0,84.0,2.1314553990607825,0.8264462809913941,1
-0.15753424657528853,0.29090909090882644,-0.18543046357609755,0.8205128205117685,1.0,-0.2680412371132639,-0.9247311827952018,0.0,0.5772357723572543,0.039106145251374805,123.0,169.0,179.0,123.0,52.0,39.0,7.0,71.0,2.3150684931502883,1.552238805969377,1
0.31818181818167357,0.07936507936495339,0.2663755458514121,0.5813953488358572,0.37158600858017526,-0.620111731843229,-0.8064516129023587,2.18261532513914,0.23448275862052798,0.10714285714272959,142.0,75.0,84.0,145.0,0.0,29.0,9.0,34.0,1.3729977116701664,2.5217391304320413,1
-0.17711171662120515,0.4967741935480666,-0.15168539325838437,0.9495798319319751,1.0,-0.1310861423220483,-0.9711538461533793,0.0,0.7682119205292927,0.014634146341456277,187.0,216.0,205.0,151.0,82.0,39.0,3.0,116.0,2.2441558441555527,1.1304347826082861,1
0.0,0.6382978723397464,0.0,0.7701149425278504,0.9999999998701492,-0.5361445783130916,-0.9245283018864436,10.0,0.30196078431360707,0.03921568627449443,240.0,255.0,255.0,255.0,2.0,17.0,10.0,77.0,2.0298507462684547,1.2035398230077845,1
-0.23999999999992,0.38938053097327907,-0.24252491694344103,0.6702127659570903,1.0,0.1586715867158086,-0.7155963302749011,0.0,1.3771929824549323,0.1657754010694301,164.0,186.0,187.0,114.0,59.0,69.0,31.0,157.0,2.289230769230417,1.5593220338978646,1
0.13661202185788618,0.1645569620252123,0.12129380053905087,0.23489932885890277,0.3189436261164733,-0.3866666666665378,-0.4818181818179628,1.9366144652184005,0.4423076923074797,0.3496932515335278,228.0,158.0,163.0,208.0,20.0,66.0,57.0,92.0,1.6808510638295635,2.1639344262286215,1
0.10294117647056301,0.41496598639427557,0.27840909090901184,0.9622641509424884,0.5511967510138414,-0.3677811550150858,-0.9689922480612645,3.4562957245937804,0.4622222222220168,0.015748031496050592,239.0,183.0,127.0,225.0,154.0,43.0,2.0,104.0,1.7638554216865343,0.9999999999997093,1
0.41078838174256815,0.5243902439021193,0.1888111888111228,0.9230769230762131,0.6603773584310554,-0.15254237288130423,-0.9173553719000683,4.888888886297537,0.7352941176466263,0.04310344827582491,255.0,71.0,116.0,170.0,176.0,39.0,5.0,125.0,1.0017636684301583,0.8232189973612604,1
-0.056603773584870065,-0.5217391304336484,-0.10179640718556779,-0.2666666666657778,0.4474539546165525,-0.7441860465107626,-0.6576576576570652,2.619607845703471,0.1466666666664711,0.2065217391302103,255.0,84.0,92.0,75.0,62.0,35.0,19.0,11.0,1.3493975903611748,1.958041958040589,1
-0.0034364261168373074,0.55999999999888,-0.14705882352936853,-0.048780487804818556,-0.5018315020880947,-0.576086956521426,-0.6386554621846057,0.33170731729842473,0.26896551724119383,0.22051282051270743,214.0,146.0,195.0,145.0,80.0,11.0,43.0,39.0,1.7941628264206153,0.6241134751768623,1
0.2160493827159827,0.225806451612539,0.14202898550720522,0.9999999999973683,0.7512690354667012,-0.6765957446805632,-0.9999999999993244,7.040816321556814,0.19289340101513053,0.0,255.0,127.0,148.0,197.0,92.0,24.0,0.0,38.0,1.4390934844190595,1.0786516853926524,1
0.10344827586203924,-0.22727272727221073,0.21518987341765342,0.030303030302938475,-0.7531249996938064,-0.8373205741622789,-0.7714285714280205,0.1408199642835541,0.08854166666662056,0.12903225806441207,255.0,156.0,124.0,192.0,93.0,27.0,16.0,17.0,1.6442687747033407,1.3170731707309042,1
-0.17478510028648286,-0.18604651162769065,0.047272727272710084,0.9999999999971428,0.9097222221351414,-0.6089385474856934,-0.9999999999992367,10.0,0.2430555555553868,0.0,255.0,205.0,131.0,144.0,14.0,51.0,0.0,35.0,2.027194066748822,2.701986754965098,1
-0.07160493827158726,0.7076023391808728,0.03296703296702391,0.595628415300221,0.8951089031819922,-0.12574850299397433,-0.6525821596241068,10.0,0.776595744680438,0.2102272727271533,82.0,217.0,176.0,188.0,99.0,25.0,37.0,146.0,2.4659090909087404,0.6779661016946855,1
-0.33823529411752273,0.4904458598722991,-0.2941176470587082,0.9999999999991452,1.0,0.13043478260863264,-0.999999999999394,0.0,1.2999999999985554,0.0,223.0,182.0,165.0,90.0,123.0,40.0,0.0,117.0,2.150664697193183,0.9999999999996876,1
0.0,0.5375722543349494,0.06249999999998698,0.5555555555552307,0.797752808859621,-0.3144329896906406,-0.7110266159693114,8.888888874663321,0.5215686274507759,0.16888888888881384,255.0,255.0,225.0,255.0,73.0,40.0,38.0,133.0,1.999999999999804,1.1188811188807277,1
-0.05154639175256669,0.38157894736817005,0.18251928020560862,0.4788732394362825,0.44807576497285784,-0.37313432835809757,-0.6224489795915192,2.623685775192963,0.4565217391302363,0.23270440251557695,242.0,255.0,159.0,230.0,30.0,47.0,37.0,105.0,2.0773930753562038,1.6419213973791957,1
-0.1111111111110869,0.5555555555553087,-0.1111111111110869,0.7857142857138849,1.0,-0.07651715039575818,-0.8478260869562146,0.0,0.8578431372544815,0.0823529411764383,85.0,255.0,255.0,204.0,145.0,50.0,21.0,175.0,2.5531914893613825,0.9523809523807256,1
0.11353711790390535,0.47457627118623963,0.07594936708859157,0.6415094339619616,0.7882822901697064,-0.1888111888111448,-0.7042801556417494,8.446540869379666,0.682352941176203,0.1735159817350806,235.0,203.0,219.0,255.0,51.0,62.0,38.0,174.0,1.8124999999997977,1.4212034383950083,1
-0.11166253101734203,0.3631284916199089,-0.029810298102972952,0.8625954198466699,1.0,-0.1893687707640567,-0.9095477386930103,0.0,0.6815642458096751,0.04736842105260665,249.0,224.0,190.0,179.0,30.0,57.0,9.0,122.0,2.0456621004563873,1.7142857142850698,1
-0.0225872689938352,0.1269841269840262,0.006342494714586397,0.9999999999985916,0.987394957885061,-0.5404530744334821,-0.9999999999995746,10.0,0.2983193277309671,0.0,255.0,249.0,235.0,238.0,70.0,55.0,0.0,71.0,2.010090817356003,1.7529880478080666,1
0.07294117647057108,0.1809523809522086,0.02013422818791496,0.1171171171170116,0.7066079290004214,-0.5724137931032509,-0.6343283582087186,5.816816787922687,0.2719298245612843,0.22374429223734077,250.0,197.0,219.0,228.0,0.0,43.0,49.0,62.0,1.807339449541077,2.324324324322754,1
-0.2592592592591907,0.6307692307687456,-0.19075144508665007,0.9999999999990565,1.0,-0.13821138211376496,-0.9999999999995146,0.0,0.7571428571423164,0.0,234.0,238.0,206.0,140.0,187.0,24.0,0.0,106.0,2.2399999999997364,0.5630498533722689,1
0.042394014962582945,0.3827160493822436,0.04499999999998875,0.417721518986813,0.8054985636337036,-0.5773584905658199,-0.7850467289715958,9.282700401303275,0.26794258373192925,0.12041884816747622,255.0,192.0,191.0,209.0,77.0,25.0,23.0,56.0,1.8113207547167673,1.0928961748627908,1
-0.14146341463411186,0.7083333333328415,-0.056300268096499656,0.8358208955217644,1.0,-0.17725752508355277,-0.8942307692303394,0.0,0.6988636363632393,0.05583756345174831,255.0,234.0,197.0,176.0,171.0,21.0,11.0,123.0,2.0823136818685115,0.49999999999985123,1
-0.6769759450169496,-0.05882352941171527,-0.6887417218540766,0.14285714285699708,-1.0,0.0873786407766142,-0.7171717171714758,0.0,1.1914893616995925,0.1647058823528766,171.0,244.0,255.0,47.0,122.0,63.0,42.0,56.0,2.764872521246067,1.65789473684156,1
-0.4782608695649575,0.7333333333308889,-0.6065573770489318,-0.07142857142844387,-0.7892918826728079,-0.2972972972968955,-0.7345132743359583,0.11776061777987032,0.5416666666655382,0.15306122448971785,173.0,136.0,196.0,48.0,33.0,4.0,30.0,26.0,2.2068965517236903,0.4776119402977946,1
-0.19718309859150301,0.3521126760560901,-0.19718309859150301,0.6695652173907221,1.0,-0.2808988764043892,-0.8613138686128243,0.0,0.5614035087716016,0.07450980392153941,252.0,255.0,255.0,171.0,59.0,46.0,19.0,96.0,2.18649517684864,1.4898785425095182,1
0.0,-0.9999999999952381,0.0,-0.999999999975,1.0,-0.9999999999996079,-0.969111969111595,0.0,0.0,0.01568627450979777,255.0,255.0,255.0,255.0,17.0,21.0,4.0,0.0,1.999999999999804,2.8474576271138177,1
0.17511520737323155,0.02150537634407446,0.1888111888111448,0.15853658536575702,-0.08715934198344168,-0.45714285714272657,-0.432098765431921,0.8396567294556091,0.37254901960769704,0.3965517241377032,250.0,179.0,174.0,255.0,55.0,91.0,69.0,95.0,1.6593279258399003,2.192771084336689,1
0.20567375886519962,0.5764705882346159,0.1778290993071183,0.10743801652883683,-0.24675498452504724,-0.5838509316768373,-0.5344827586204594,0.6041644302706074,0.26274509803911267,0.30337078651668353,255.0,168.0,178.0,255.0,17.0,18.0,54.0,67.0,1.5886524822693158,1.199999999999,1
0.23420074349433673,0.4726368159201629,0.23420074349433673,0.8499999999994688,0.5679753128225491,-0.057324840764312955,-0.7913043478253988,3.6293650778144793,0.8915662650597039,0.11650485436881892,255.0,103.0,103.0,166.0,72.0,53.0,12.0,148.0,1.3141945773522623,1.3006134969321164,1
0.0720461095100657,0.41573033707841817,-0.007999999999997866,0.8529411764699611,1.0,-0.19230769230763067,-0.899497487436734,0.0,0.6774193548383455,0.052910052910024916,173.0,161.0,189.0,186.0,39.0,52.0,10.0,126.0,1.8913362701906178,1.546468401486414,1
-0.2761904761903885,0.3548387096770378,-0.21107266435978855,0.4823529411759031,1.0,-0.28813559322017623,-0.7766497461924992,0.0,0.5526315789468836,0.1257142857142139,195.0,201.0,175.0,114.0,50.0,30.0,22.0,63.0,2.261603375527108,1.3872832369934178,1
0.029411764705873703,0.18749999999941405,0.041666666666654265,0.999999999994737,0.9199999999112987,-0.8041237113397918,-0.9999999999993789,10.0,0.10857142857136654,0.0,125.0,165.0,161.0,175.0,134.0,13.0,0.0,19.0,2.0952380952377627,0.5810055865918542,1
-0.01754385964911665,0.5499999999993125,-0.09385113268605377,0.7222222222212191,1.0,-0.386138613861195,-0.8882681564240849,0.0,0.4428571428568266,0.059171597633101085,142.0,145.0,169.0,140.0,134.0,18.0,10.0,62.0,2.027972027971673,0.6206896551721462,1
-0.06081081081079027,0.8620689655157551,0.0072463768115915775,0.8947368421036934,0.9839323466139368,-0.4404145077717926,-0.9571428571421735,10.0,0.38848920863281405,0.02189781021896212,255.0,157.0,137.0,139.0,0.0,4.0,3.0,54.0,1.7740112994347776,0.5161290322572321,1
-0.2999999999999063,-0.45454545454407713,-0.1942446043164769,-0.6399999999987199,0.534322180125553,-0.8512396694207841,-0.6038647342992253,3.2948148165056295,0.08035714285707111,0.24698795180708014,255.0,208.0,166.0,112.0,36.0,24.0,41.0,9.0,2.1251596424007504,2.064516129030038,1
-0.27941176470577966,0.8285714285706395,-0.30496453900698406,0.6991150442471689,1.0,-0.01030927835051015,-0.8308457711438653,0.0,0.9795918367336943,0.09239130434777588,156.0,174.0,184.0,98.0,115.0,9.0,17.0,96.0,2.3122923588036026,0.3144104803492077,1
-0.15018315018309517,0.2928176795578493,-0.04526748971191553,0.7333333333327902,1.0,0.00429184549356039,-0.7517241379305161,0.0,1.0086206896543028,0.14173228346445532,154.0,157.0,127.0,116.0,148.0,64.0,18.0,117.0,2.150684931506481,1.3027989821879637,1
-0.24547803617564717,0.5104895104891536,-0.16571428571423838,0.3333333333331276,1.0,-0.14960629921253954,-0.581395348836984,0.0,0.7397260273967536,0.26470588235281145,226.0,241.0,204.0,146.0,173.0,35.0,54.0,108.0,2.257611241217534,0.7977207977205705,1
-0.07592190889369287,0.5362318840571939,-0.0657894736841961,0.30864197530826093,1.0,-0.6015037593982702,-0.793357933579043,0.0,0.2488262910796954,0.11522633744851225,249.0,248.0,243.0,213.0,45.0,16.0,28.0,53.0,2.0709812108557335,0.9846153846146273,1
-0.016483516483511956,0.6994818652846118,-0.10723192019947451,0.863636363635873,1.0,-0.04373177842564323,-0.897435897435514,0.0,0.916201117317924,0.05405405405402971,209.0,185.0,222.0,179.0,0.0,29.0,12.0,164.0,1.9525065963058108,1.0450450450445743,1
-0.007594936708858837,-0.01999999999999,0.042553191489350384,0.19512195121939324,0.6419213971097281,-0.33333333333321996,-0.4634146341461531,4.585365842881351,0.4999999999997449,0.36666666666646297,191.0,199.0,180.0,196.0,0.0,102.0,66.0,98.0,2.028025477706748,2.7019867549659926,1
-0.049382716049372555,-0.4623655913973523,-0.049382716049372555,0.0,-1.0,-0.8046874999996857,-0.8214285714282781,-0.0,0.10822510822506139,0.09803921568623607,194.0,255.0,255.0,231.0,33.0,68.0,25.0,25.0,2.1818181818179485,2.804123711338761,1
-0.22807017543853933,-0.09589041095877275,-0.15384615384611158,0.04761904761897203,-1.0,-0.6470588235290657,-0.7499999999996876,0.0,0.21428571428557516,0.14285714285707485,194.0,245.0,210.0,154.0,23.0,40.0,30.0,33.0,2.338902147971081,2.352941176468858,1
0.03673469387753603,0.7288135593207986,-0.06273062730624991,0.2439024390240928,1.0,-0.42696629213459164,-0.6457142857139168,0.0,0.4015748031492901,0.2152777777776283,212.0,118.0,144.0,127.0,20.0,8.0,31.0,51.0,1.641739130434497,0.7356321839072004,1
0.11464968152862591,0.6734693877547585,0.13636363636359208,0.8742857142852147,0.7301464918320919,-0.032448377581111375,-0.8472222222216339,6.4114285667252755,0.9371428571423217,0.08270676691723106,247.0,139.0,133.0,175.0,146.0,32.0,11.0,164.0,1.5885714285712016,0.6844919786094427,1
0.1752021563341846,0.7052631578939944,0.39743589743577007,0.43362831858368706,0.043549488049085594,-0.45819397993295713,-0.4920634920631015,1.0910648013234878,0.3715596330273525,0.34042553191453145,195.0,153.0,94.0,218.0,132.0,14.0,32.0,81.0,1.7023643949928091,0.4647302904562387,1
-0.19287833827887452,0.49038461538437966,0.030303030303018827,0.6062176165799968,0.9047853969964703,0.06529209621990884,-0.5421686746984686,10.0,1.1397058823521033,0.2968749999997681,100.0,201.0,128.0,136.0,90.0,53.0,38.0,155.0,2.520376175548194,1.2079772079768638,1
0.21003134796231662,0.4458874458872529,0.18769230769224995,0.5607476635511399,0.4984439235511238,-0.07222222222220216,-0.4748603351952655,2.9875900091324565,0.865284974092816,0.35606060606033635,234.0,126.0,132.0,193.0,208.0,64.0,47.0,167.0,1.4845360824740081,1.0178926441349865,1
-0.22009569377985166,0.23595505617951015,-0.041176470588223185,0.8333333333319444,1.0,-0.49541284403647,-0.9450549450544259,0.0,0.3374233128832286,0.028248587570605513,235.0,255.0,177.0,163.0,120.0,34.0,5.0,55.0,2.246696035242043,1.1193415637855477,1
-0.42857142857130365,-0.39726027397205854,-0.44475920679874087,-0.4133333333327822,-0.036622942165193725,-0.6333333333328055,-0.655844155843943,0.9293418261103135,0.22448979591813828,0.20784313725482045,152.0,245.0,255.0,98.0,104.0,51.0,53.0,22.0,2.6486486486482907,1.7894736842097416,1
0.24999999999993874,0.0,0.13585746102446863,-0.999999999994737,1.0,-0.9999999999996079,-0.8215962441310697,0.0,0.0,0.09793814432984643,172.0,153.0,194.0,255.0,55.0,0.0,19.0,0.0,1.6698499317869482,0.0,1
0.0851063829787053,0.052631578947322254,0.13333333333330372,0.07142857142850766,-0.3023255812480061,-0.6190476190474226,-0.5789473684208183,0.5357142853121407,0.23529411764696656,0.26666666666652994,255.0,215.0,195.0,255.0,136.0,54.0,52.0,60.0,1.8297872340423584,1.42105263157848,1
0.03448275862068266,0.8181818181803305,0.009900990099007941,0.6129032258054631,0.968205128049625,-0.6721311475407633,-0.9083969465645388,10.0,0.19607843137247213,0.0479999999999808,255.0,238.0,250.0,255.0,11.0,5.0,12.0,50.0,1.9310344827584247,0.5633802816893473,1
0.02978723404254052,0.3488372093020552,-0.1740614334470396,0.5130434782604234,1.0,-0.1634615384614599,-0.71999999999964,0.0,0.7190082644622157,0.16279069767432397,166.0,114.0,172.0,121.0,5.0,42.0,28.0,87.0,1.7708737864074229,1.9090909090898245,1
0.2490974729240978,0.10256410256397107,0.1307189542483233,0.4333333333326111,0.5365005792786832,-0.6018518518515733,-0.7733333333328178,3.3149999974595827,0.24855491329465404,0.12781954887208435,202.0,104.0,133.0,173.0,11.0,35.0,17.0,43.0,1.4271012006858614,2.2580645161272113,1
-0.09747292418769045,-0.3333333333327485,-0.03846153846152367,-0.2830188679239943,0.7607223478661114,-0.7361111111106,-0.597633136094321,7.358490585158757,0.1519999999998784,0.2518518518516653,255.0,152.0,135.0,125.0,38.0,38.0,34.0,19.0,1.7777777777775177,2.2857142857125674,1
-0.08185053380780005,0.499999999999375,-0.1041666666666305,0.5999999999992,1.0,-0.36507936507917194,-0.8275862068960762,0.0,0.46511627906940695,0.09433962264145011,209.0,152.0,159.0,129.0,151.0,20.0,15.0,60.0,1.89408099688444,0.6374501992029333,1
-0.378205128205007,0.9999999999988372,-0.3639344262293889,0.755102040815556,1.0,-0.060109289617453494,-0.890909090908686,0.0,0.8865979381434158,0.05769230769227996,175.0,215.0,208.0,97.0,157.0,0.0,12.0,86.0,2.450142450142101,0.0,1
-0.0851063829787053,0.19230769230732248,-0.0851063829787053,0.9999999999967742,1.0,-0.7479674796744927,-0.9999999999996079,0.0,0.14418604651156086,0.0,255.0,255.0,255.0,215.0,0.0,21.0,0.0,31.0,2.081632653061012,2.301369863010546,1
-0.36283185840697263,0.18518518518484225,-0.21739130434774734,0.9999999999968749,1.0,-0.5428571428567551,-0.9999999999994048,0.0,0.29629629629602194,0.0,255.0,231.0,168.0,108.0,103.0,22.0,0.0,32.0,2.2399999999997284,0.9832402234631379,1
0.07575757575754706,0.3275862068962693,0.12252964426872628,0.9999999999987013,0.7816901407752582,-0.296803652967901,-0.999999999999099,8.161290315912606,0.5422535211263787,0.0,102.0,122.0,111.0,142.0,146.0,39.0,0.0,77.0,1.99999999999959,1.0365448504979946,1
0.16279069767436452,0.3866666666664089,0.10759493670882671,0.5999999999995386,0.6958855097405363,-0.25448028673826006,-0.6886227544906056,5.576470583049933,0.5942857142853747,0.1843971631204366,245.0,126.0,141.0,175.0,37.0,46.0,26.0,104.0,1.4999999999997766,1.5793991416302235,1
0.37837837837827615,0.47126436781582115,0.3527851458885006,0.3403141361254763,-0.017993107314997175,-0.3315926892949526,-0.3189189189187466,0.9646498442328669,0.5019607843135286,0.5163934426225275,255.0,115.0,122.0,255.0,62.0,46.0,63.0,128.0,1.2432432432430751,1.3049645390066296,1
0.2944162436547476,0.35135135135087653,0.13585746102446863,0.6393442622940338,0.6494913337515267,-0.6721311475407633,-0.8926829268288329,4.7059930091604265,0.19607843137247213,0.056701030927805825,255.0,139.0,194.0,255.0,37.0,24.0,11.0,50.0,1.4111675126901762,1.422222222221169,1
0.284634760705218,-0.16883116883094956,0.14349775784750146,0.049180327868771835,-0.48950782118868097,-0.7770034843202868,-0.7363636363633017,0.34272540959674375,0.12549019607838216,0.15183246073290482,255.0,142.0,191.0,255.0,92.0,45.0,29.0,32.0,1.4307304785892403,1.6822429906534195,1
0.08847184986592803,-0.17073170731693435,0.0628272251308736,-0.23308270676674206,1.0,-0.5984251968501582,-0.3716475095784017,0.0,0.2512315270934723,0.458100558658962,186.0,170.0,179.0,203.0,11.0,72.0,82.0,51.0,1.8655692729764244,2.796116504853012,1
0.1111111111110869,-0.5802469135795305,0.0874200426439046,-0.5584415584408332,1.0,-0.8749999999996784,-0.5620437956202329,0.0,0.06666666666664052,0.28037383177556996,255.0,204.0,214.0,255.0,89.0,64.0,60.0,17.0,1.777777777777584,2.188034188033253,1
0.08157099697882732,-0.9999999999979999,0.037681159420278935,-0.999999999997561,1.0,-0.9999999999994414,-0.6038647342992253,0.0,0.0,0.24698795180708014,207.0,152.0,166.0,179.0,32.0,50.0,41.0,0.0,1.7623188405794545,3.030303030300735,1
0.050314465408789213,0.3469387755098501,-0.06963788300833715,0.9999999999984848,1.0,-0.4334763948495994,-0.9999999999994792,0.0,0.3952095808380867,0.0,167.0,151.0,192.0,167.0,31.0,32.0,0.0,66.0,1.899371069182091,1.5900621118002547,1
-0.300911854103252,0.5971223021578439,-0.3557422969186679,0.7209302325575807,1.0,-0.017699115044239957,-0.8615384615381302,0.0,0.9652173913035085,0.07438016528922546,255.0,214.0,242.0,115.0,37.0,28.0,18.0,111.0,2.1453634085210345,1.0980392156857364,1
-0.18055555555551375,0.49668874172152544,-0.11720698254361167,0.6376811594198278,1.0,-0.2206896551723377,-0.7991967871482735,0.0,0.6384180790956846,0.11160714285709304,210.0,255.0,224.0,177.0,69.0,38.0,25.0,113.0,2.2742474916385422,1.1782945736429542,1
0.08868501529049276,0.22972972972957453,0.1483870967741457,0.368421052631302,0.4257555846743413,-0.3234200743493222,-0.5172413793100475,2.4828375269298366,0.5112359550558926,0.31818181818157715,154.0,149.0,132.0,178.0,10.0,57.0,42.0,91.0,1.8920634920631916,2.120930232557153,1
0.0588235294117465,0.7241379310342053,-0.08556149732618033,0.5679442508708823,1.0,0.13636363636360194,-0.5320754716979125,0.0,1.3157894736834412,0.30541871921167224,188.0,152.0,203.0,171.0,94.0,36.0,62.0,225.0,1.834087481146028,0.7365728900253871,1
-0.10389610389608141,0.26857142857127514,-0.0758928571428402,0.40506329113898415,1.0,-0.30188679245273525,-0.6736111111108772,0.0,0.536231884057712,0.1950207468878859,183.0,255.0,241.0,207.0,92.0,64.0,47.0,111.0,2.266666666666415,1.5468277945614664,1
0.15646258503397814,0.22222222222204585,0.09442060085834884,0.3050847457624533,0.5273124543470227,-0.5361445783130916,-0.674603174602907,3.231124803971894,0.30196078431360707,0.19431279620843872,186.0,186.0,211.0,255.0,143.0,49.0,41.0,77.0,1.8302583025828005,1.2327044025153358,1
0.01391650099403302,0.63999999999936,0.11842105263155298,0.6734693877544148,0.7009155645094534,-0.5133531157268506,-0.8525345622115887,5.6870748251249985,0.3215686274508543,0.07960199004971165,60.0,248.0,201.0,255.0,80.0,18.0,16.0,82.0,2.4463625154127686,0.72727272727236,1
-0.10344827586204348,0.531249999999585,-0.11219512195119215,0.831775700933802,1.0,-0.29999999999989285,-0.9240506329110025,0.0,0.5384615384612427,0.03947368421050901,255.0,224.0,228.0,182.0,88.0,30.0,9.0,98.0,2.024858757061918,0.9756097560971644,1
0.19158878504668422,0.0,0.10629067245117,0.9999999999967742,0.8078431371813567,-0.7832167832165094,-0.9999999999995146,9.40816325642646,0.12156862745093272,0.0,255.0,173.0,206.0,255.0,83.0,31.0,0.0,31.0,1.6168224299063532,1.4090909090901085,1
-0.0868347338935331,0.26436781609165017,-0.13066666666663182,0.571428571427755,1.0,-0.49541284403647,-0.8678414096912477,0.0,0.3374233128832286,0.07075471698109871,53.0,194.0,212.0,163.0,97.0,32.0,15.0,55.0,2.569536423840634,1.1851851851846364,1
0.08982035928141023,-0.8644067796595518,-0.016216216216211835,-0.6190476190446712,0.9489465155462375,-0.9569892473113135,-0.8341463414630078,10.0,0.021978021978009903,0.09042553191484552,123.0,152.0,188.0,182.0,23.0,55.0,17.0,4.0,1.9967159277500826,3.2116788321144445,1
-0.006249999999998047,-0.2554744525545581,0.20454545454537706,0.4366197183092442,0.3619570643464945,-0.5142857142854694,-0.679999999999456,2.134585288469094,0.3207547169809304,0.19047619047600906,255.0,161.0,105.0,159.0,55.0,86.0,20.0,51.0,1.7499999999997622,2.474820143884002,1
-0.12094395280232421,0.39860139860111987,-0.17906336088149338,0.9801980198010097,1.0,-0.1967871485942985,-0.9906976744181439,0.0,0.671140939596865,0.004672897196259499,255.0,190.0,214.0,149.0,29.0,43.0,1.0,100.0,1.9387755102038342,1.599999999999256,1
-0.04722792607801905,0.8513513513507762,-0.04722792607801905,0.9999999999992701,1.0,-0.2574525745256755,-0.9999999999996079,0.0,0.5905172413790558,0.0,255.0,255.0,255.0,232.0,78.0,11.0,0.0,137.0,2.0461384152455317,0.3713080168774805,1
-0.15124153498867918,0.7037037037010975,-0.15124153498867918,-0.1929824561400123,0.1212609296249022,-0.7819905213266437,-0.7647058823526766,1.2759884795010603,0.12234042553184983,0.13333333333328104,255.0,255.0,255.0,188.0,82.0,4.0,34.0,23.0,2.1406086044069106,0.28318584070771396,1
0.003344481605350052,0.618320610686551,0.36986301369846125,0.9999999999990565,0.45999999996622803,-0.17187499999993286,-0.9999999999985507,2.703703702971386,0.7066666666661956,0.0,255.0,149.0,69.0,150.0,69.0,25.0,0.0,106.0,1.6955903271690331,0.8888888888884938,1
-0.10243902439021892,0.46874999999963385,0.06358381502888336,0.446153846153503,0.7505233773823159,-0.3237410071941282,-0.636363636363315,7.016783205744362,0.5108695652171137,0.22222222222208507,72.0,226.0,162.0,184.0,118.0,34.0,36.0,94.0,2.5536723163838198,0.9714285714282246,1
0.12738853503180658,-0.0681818181817407,0.05357142857141263,0.012345679012330437,-0.6254180592521593,-0.6238532110088881,-0.5979899497484432,0.23045267446672507,0.23163841807896518,0.25157232704386695,255.0,137.0,159.0,177.0,136.0,47.0,40.0,41.0,1.5524079320111115,1.3874538745382334,1
0.3210526315788629,-0.23809523809486016,0.46355685131181823,-0.3766233766228875,-1.0,-0.8254545454542453,-0.26896551724119383,0.0,0.09561752988043999,0.576086956521113,255.0,129.0,92.0,251.0,56.0,39.0,53.0,24.0,1.3507853403139591,1.9746835443025479,1
0.39766081871333403,-0.19999999999975,0.2780748663100861,0.45454545454442147,0.24087591237493589,-0.763837638376102,-0.8367346938769818,1.6346153840242736,0.13389121338906532,0.08888888888882306,255.0,103.0,135.0,239.0,201.0,48.0,12.0,32.0,1.177142857142689,1.1671732522792806,1
0.3350785340313259,0.3670886075947044,0.05590062111800085,0.6240601503754707,0.8355769229539548,-0.4049586776858389,-0.8023715415016592,10.0,0.4235294117645398,0.10964912280696945,234.0,127.0,228.0,255.0,161.0,50.0,25.0,108.0,1.367429340511256,1.0840108401081074,1
0.17176470588231252,-0.99999999999875,0.1140939597315181,-0.999999999997561,1.0,-0.9999999999995984,-0.6569037656901018,0.0,0.0,0.2070707070706025,121.0,176.0,198.0,249.0,98.0,80.0,41.0,0.0,1.9501385041548545,2.480620155037798,1
0.1017369727046894,-0.1234567901233806,-0.01113585746102202,0.1007751937983715,1.0,-0.5153583617745682,-0.5929824561401429,0.0,0.3198198198196758,0.2555066079294029,255.0,181.0,227.0,222.0,103.0,91.0,58.0,71.0,1.725864123956886,2.0449438202241446,1
0.23188405797095848,-0.7530864197521566,0.0365853658536511,-0.5918367346926697,1.0,-0.9245283018864436,-0.7173913043475661,0.0,0.03921568627449443,0.16455696202524703,255.0,159.0,237.0,255.0,41.0,71.0,39.0,10.0,1.5362318840577853,2.9430051813456255,1
0.22009569377985166,-0.4098360655730986,0.12582781456950864,-0.19999999999955556,1.0,-0.8681318681315502,-0.7599999999996623,0.0,0.07058823529408997,0.1363636363635675,244.0,163.0,198.0,255.0,0.0,43.0,27.0,18.0,1.580606060605869,3.3076923076891274,1
0.11111111111106539,0.05555555555547839,0.015037593984956753,0.1176470588233564,0.7733333327502777,-0.560693641618173,-0.6273291925461942,7.823529359729671,0.281481481481273,0.22900763358761148,255.0,108.0,131.0,135.0,40.0,34.0,30.0,38.0,1.4257425742571903,1.863013698628861,1
-0.10309278350512807,0.4020618556696886,-0.025210084033606386,0.20353982300866943,1.0,-0.43801652892543885,-0.6052631578944714,0.0,0.39080459770092485,0.24590163934412793,224.0,214.0,183.0,174.0,68.0,29.0,45.0,68.0,2.072639225181347,1.1958762886591774,1
0.027173913043470877,0.0,0.07692307692305501,0.30158730158682284,0.5935483869395407,-0.6434782608692855,-0.7608695652169778,3.9206349155329887,0.21693121693110218,0.13580246913571864,115.0,179.0,162.0,189.0,53.0,41.0,22.0,41.0,2.163141993957377,1.8636363636353048,1
-0.47692307692289354,0.5541401273881821,-0.5277777777775945,0.8484848484842058,1.0,0.2842105263156399,-0.9130434782604726,0.0,1.794117647056185,0.0454545454545248,114.0,192.0,220.0,68.0,29.0,35.0,10.0,122.0,2.7137809187274353,1.266968325791282,1
0.0365853658536511,0.3333333333331276,0.15124153498867918,0.31707317073151403,0.3541029860516594,-0.4049586776858389,-0.5409836065571554,2.096468873749535,0.4235294117645398,0.29787234042537347,255.0,237.0,188.0,255.0,74.0,54.0,56.0,108.0,1.926829268292487,1.4896551724132794,1
0.18387909319894613,0.4136125654448097,0.03070175438595818,0.31707317073155267,0.8234389416272251,-0.27027027027019723,-0.5189003436424334,10.0,0.5744680851061386,0.3167420814478205,255.0,162.0,221.0,235.0,44.0,56.0,70.0,135.0,1.5921375921373964,1.5395189003431136,1
-0.08597285067871359,0.5849056603769907,0.046632124352319525,0.5849056603769907,0.8523219812891382,-0.2317073170731001,-0.6958525345618913,10.0,0.623762376237315,0.17934782608685906,61.0,240.0,184.0,202.0,76.0,33.0,33.0,126.0,2.5841184387614287,0.9850746268653041,1
-0.10649350649347884,0.44881889763744187,-0.18676122931437666,0.83999999999916,1.0,-0.30303030303018824,-0.938223938223576,0.0,0.5348837209299216,0.031872509960146664,230.0,213.0,251.0,172.0,63.0,35.0,8.0,92.0,2.0579710144925047,1.2444444444438914,1
0.27848101265813974,0.22807017543839642,0.12534818941500686,0.7073170731698691,0.6989229764171266,-0.4852941176468804,-0.8579881656799657,5.642818423677257,0.346534653465175,0.07643312101905961,244.0,114.0,157.0,202.0,85.0,44.0,12.0,70.0,1.3531157270027665,1.4485596707812969,1
0.06432748538009815,0.5147058823525628,0.02824858757061349,0.9999999999990291,0.9450549449629991,-0.2771929824560431,-0.9999999999994187,10.0,0.5659340659337551,0.0,112.0,160.0,172.0,182.0,9.0,33.0,0.0,103.0,2.0846905537455886,1.4831460674148973,1
-0.20192307692297987,0.022222222222205764,-0.20192307692297987,0.6626506024088402,1.0,-0.09210526315783416,-0.7985611510785623,0.0,0.8313253012038176,0.1119999999999104,102.0,125.0,125.0,83.0,69.0,66.0,14.0,69.0,2.298850574712115,1.9555555555548314,1
-0.08093994778065772,0.12418300653586656,-0.05882352941174898,0.19444444444430942,1.0,-0.3435114503815483,-0.5468749999997864,0.0,0.48863636363608604,0.292929292929145,255.0,207.0,198.0,176.0,101.0,67.0,58.0,86.0,1.9597633136092354,1.6697819314636544,1
-0.1391752577319229,-0.277777777777392,-0.20853080568715437,-0.08771929824546014,-0.40780241383461063,-0.7305699481861501,-0.7832167832165094,0.42065390769709715,0.1556886227543978,0.12156862745093272,205.0,221.0,255.0,167.0,57.0,46.0,31.0,26.0,2.171990171989905,2.1028571428559415,1
-0.03869653767819986,0.4150943396222499,-0.03869653767819986,0.9999999999986666,1.0,-0.5176848874596406,-0.9999999999996079,0.0,0.3177966101693569,0.0,255.0,255.0,255.0,236.0,73.0,31.0,0.0,75.0,2.0379620379618344,1.1809523809518188,1
0.08083140877596286,0.17333333333310222,0.1848101265822317,0.1578947368418975,-0.07853810262146785,-0.6834532374098261,-0.6683937823830735,0.8543619317646302,0.18803418803410768,0.19875776397503184,255.0,199.0,161.0,234.0,38.0,31.0,32.0,44.0,1.7948139797066747,1.7222222222210264,1
0.16173120728925702,0.3924050632906425,0.20853080568715437,0.9999999999981818,0.6549019607296723,-0.6451612903223726,-0.9999999999994013,4.795454543147324,0.21568627450971936,0.0,193.0,184.0,167.0,255.0,40.0,24.0,0.0,55.0,1.8039215686272299,1.342657342656404,1
-0.040816326530603915,0.591836734693475,0.0981308411214724,0.27868852459001164,0.47916243126121333,-0.3352272727271775,-0.4903474903473011,2.839968771500052,0.4978723404253201,0.3419689119169213,180.0,255.0,193.0,235.0,75.0,30.0,66.0,117.0,2.205405405405167,0.9523809523805745,1
0.028391167192420068,0.4082840236683975,-0.041176470588223185,0.3999999999997647,1.0,-0.15602836879427093,-0.5526315789471261,0.0,0.7300613496928037,0.28813559322017623,255.0,154.0,177.0,163.0,24.0,50.0,51.0,119.0,1.6969696969694632,1.6460905349787465,1
0.0,-0.011494252873550007,0.00998003992015769,0.38709677419292404,0.9497324466555123,-0.7094594594592198,-0.8576779026214016,10.0,0.16996047430823322,0.07661290322577556,255.0,253.0,248.0,253.0,82.0,44.0,19.0,43.0,1.9960552268242606,1.6525821596236374,1
0.05590062111800085,0.6525423728810794,0.0,0.9999999999994872,0.9999999999000001,-0.13333333333330372,-0.9999999999996079,10.0,0.7647058823526414,0.0,255.0,228.0,255.0,255.0,226.0,41.0,0.0,195.0,1.8881987577637795,0.6520874751489757,1
0.4245810055864736,0.47524752475224,0.07368421052630028,0.7028571428567413,0.8102246319637647,-0.26237623762369744,-0.7886178861785412,9.538775497255159,0.584313725489967,0.11818181818176447,255.0,103.0,220.0,255.0,143.0,53.0,26.0,149.0,1.150837988826655,1.0653266331655615,1
0.1272727272726887,0.0,0.019178082191775567,0.3928571428567921,0.9069104723516755,-0.40909090909075413,-0.6807511737086006,10.0,0.419354838709452,0.1899441340781062,210.0,144.0,179.0,186.0,172.0,78.0,34.0,78.0,1.6842105263155431,1.5369458128075033,1
0.17045454545449704,0.47239263803652004,0.13186813186809565,0.3872832369939958,0.49198580683035936,-0.2638036809815142,-0.49763033175331867,2.9368978783114605,0.5825242718443775,0.3354430379744713,229.0,146.0,158.0,206.0,114.0,43.0,53.0,120.0,1.606602475928252,1.074999999999664,1
-0.00452488687782703,-0.80281690140732,-0.043478260869555765,-0.74545454545319,0.8897795592308525,-0.938325991189014,-0.6666666666664353,10.0,0.031818181818167354,0.1999999999999167,255.0,222.0,240.0,220.0,148.0,64.0,48.0,7.0,1.9325353645264491,1.8091872791513042,1
0.16704805491987024,-0.9999999999968749,0.019999999999996,-0.99999999999,1.0,-0.9999999999996079,-0.9215686274506191,0.0,0.0,0.04081632653059559,255.0,182.0,245.0,255.0,28.0,32.0,10.0,0.0,1.6659038901599923,2.782608695649149,1
0.27011494252865803,0.09999999999992858,0.24858757062139872,0.3628318584067585,0.18685092809082698,-0.483221476509905,-0.5739644970410805,1.4595736116404532,0.34841628959260257,0.27067669172911984,95.0,127.0,133.0,221.0,120.0,63.0,36.0,77.0,1.7824561403505643,1.5603715170273806,1
0.1443850267379293,0.5172413793098989,0.24057971014485782,0.4545454545450789,0.3078089461268179,-0.41721854304621947,-0.5975609756093918,1.8893756837700506,0.4112149532708359,0.2519083969463726,116.0,160.0,131.0,214.0,152.0,28.0,33.0,88.0,1.969230769230466,0.7567567567565011,1
0.169620253164514,-0.08620689655164981,0.19999999999994805,0.9999999999981132,0.6666666666106591,-0.626760563380061,-0.9999999999993507,4.999999997491864,0.22943722943713013,0.0,228.0,164.0,154.0,231.0,121.0,63.0,0.0,53.0,1.6670902160099532,1.6799999999994402,1
0.18518518518512803,0.38596491228036317,0.39636363636349226,0.9999999999987341,0.4322916666353414,-0.41697416974154355,-0.9999999999987952,2.522935779177717,0.41145833333311904,0.0,147.0,132.0,83.0,192.0,56.0,35.0,0.0,79.0,1.7512437810942367,1.3658536585359191,1
0.3492063492062568,0.9102564102558268,0.6139240506327172,0.7028571428567413,0.06753824603281157,-0.26237623762369744,-0.40229885057425024,1.1448600881784687,0.584313725489967,0.42622950819602257,255.0,123.0,61.0,255.0,67.0,7.0,26.0,149.0,1.3015873015871293,0.24347826086945937,1
0.2957746478872406,0.9999999999987804,0.30681818181809467,0.2615384615382604,-0.0796677945109854,-0.47435897435882235,-0.4352941176468028,0.8524216521434126,0.3565217391302798,0.39344262295049715,255.0,125.0,122.0,230.0,116.0,0.0,48.0,82.0,1.3605442176868896,0.0,1
0.14058355437662054,0.28571428571412877,0.24999999999992734,0.5704697986573353,0.39059304698699754,-0.29518072289147734,-0.6024844720493153,2.2818791937172525,0.5441860465113748,0.2480620155036837,57.0,162.0,129.0,215.0,128.0,65.0,32.0,117.0,2.174496644294937,1.386666666666297,1
0.237597911227092,0.4960629921255936,0.01498929336188116,0.7757009345787143,0.9620855478408377,-0.4277108433733652,-0.9008264462806196,10.0,0.400843881856371,0.05217391304345558,255.0,146.0,230.0,237.0,78.0,32.0,12.0,95.0,1.4897959183671567,1.0801687763708523,1
0.3872053872052568,0.557894736841518,0.07012987012985192,0.5913978494617297,0.7879760194703618,-0.4714285714284031,-0.8080808080804001,8.432895248820689,0.35922330097069943,0.10614525139658876,255.0,91.0,179.0,206.0,75.0,21.0,19.0,74.0,1.1321928460340385,0.8795811518320003,1
0.7785977859775725,0.043478260869470695,0.4345238095236802,0.9999999999958334,0.3941908713401819,-0.818867924527993,-0.9999999999989474,2.3013698624751644,0.09958506224062258,0.0,103.0,30.0,95.0,241.0,50.0,22.0,0.0,24.0,0.594059405940447,1.4915254237275495,1
-0.15679442508705338,0.3605442176868296,-0.25993883792040984,0.7857142857135841,1.0,-0.09502262443434614,-0.8899082568803258,0.0,0.8264462809910526,0.058252427184437745,139.0,166.0,206.0,121.0,80.0,47.0,12.0,100.0,2.243243243242864,1.372262773722127,1
-0.0874200426439046,0.47976878612689033,-0.040358744394609784,0.7066666666661956,1.0,-0.25146198830402006,-0.8267716535429817,0.0,0.5981308411212158,0.09482758620685568,255.0,255.0,232.0,214.0,70.0,45.0,22.0,128.0,2.083758937691309,1.2499999999995661,1
0.08920187793425137,0.5624999999995606,0.15422885572135467,0.4598540145982045,0.49769367230197753,-0.3975903614456634,-0.6425120772943756,2.981634092720363,0.4310344827584349,0.2176470588234014,255.0,194.0,170.0,232.0,88.0,28.0,37.0,100.0,1.7737142857140829,0.9180327868848697,1
0.1409395973154047,0.09090909090899908,0.08974358974357056,0.12499999999986978,0.16417910440075553,-0.6504854368929934,-0.6705882352938547,1.3928571413039488,0.2117647058822699,0.19718309859145675,255.0,192.0,213.0,255.0,12.0,45.0,42.0,54.0,1.7181208053689352,2.3076923076908287,1
0.08882521489968802,-0.9322033898289285,0.03542234332424103,-0.8787878787852157,1.0,-0.9791666666661567,-0.7019230769227395,0.0,0.010526315789468145,0.17514124293775418,255.0,159.0,177.0,190.0,77.0,57.0,31.0,2.0,1.6671035386629531,2.3626943005169108,1
-0.005917159763312443,0.21348314606717586,-0.005917159763312443,0.8620689655157551,1.0,-0.6470588235292003,-0.969111969111595,0.0,0.21428571428562926,0.01568627450979777,249.0,255.0,255.0,252.0,98.0,35.0,4.0,54.0,2.0178041543024707,1.2612612612606933,1
0.03384615384614343,0.2582781456951932,0.08387096774190843,0.42857142857110636,0.6726618703722137,-0.27756653992384883,-0.5777777777774569,5.1098901037953555,0.565476190475854,0.2676056338026285,222.0,157.0,142.0,168.0,148.0,56.0,38.0,95.0,1.7840909090906556,1.26197183098556,1
-0.08313539192397075,0.3015873015870622,-0.13839285714282626,0.3015873015870622,1.0,-0.40363636363621685,-0.705685618728861,0.0,0.42487046632102343,0.17254901960777547,242.0,228.0,255.0,193.0,52.0,44.0,44.0,82.0,2.047138047137817,1.5855855855848715,1
0.0,0.2999999999997,0.0,0.4285714285709576,0.9999999997666666,-0.5937499999998145,-0.8149466192167919,10.0,0.2549019607842138,0.1019607843136855,255.0,255.0,255.0,255.0,104.0,35.0,26.0,65.0,1.999999999999804,1.1715481171543216,1
0.003937007874014973,0.6806722689072771,0.040816326530603915,0.9230769230764794,0.9153094461590895,-0.12087912087909432,-0.9341563786004387,10.0,0.7843137254898885,0.034042553191474874,255.0,253.0,235.0,255.0,37.0,38.0,8.0,200.0,1.9921259842517722,0.9712460063894661,1
0.09601873536297517,0.7333333333329259,0.04697986577180157,0.6165803108805096,0.8584005868111706,-0.19999999999994872,-0.7039999999997184,10.0,0.6666666666663817,0.1737089201877119,110.0,193.0,213.0,234.0,47.0,24.0,37.0,156.0,2.115068493150395,0.7649402390435199,1
0.09704641350206876,0.5531914893614079,-0.04411764705880731,0.7176470588231073,1.0,0.05797101449273262,-0.7108433734935478,0.0,1.1230769230760593,0.16901408450692323,148.0,107.0,142.0,130.0,104.0,42.0,24.0,146.0,1.7398373983736302,1.0059880239517947,1
0.2781954887217348,0.6551724137925387,0.21718377088300306,0.9999999999989583,0.6431372548488873,-0.45299145299132393,-0.9999999999993903,4.604395602271861,0.3764705882351465,0.0,238.0,144.0,164.0,255.0,66.0,20.0,0.0,96.0,1.475032010243089,0.7920792079204,1
0.10824742268038448,0.36969696969674565,0.1345646437994368,0.8225806451606269,0.7188208616027729,-0.31097560975600275,-0.8742857142852147,6.1129032212604075,0.5255813953485928,0.06707317073166642,84.0,173.0,164.0,215.0,141.0,52.0,11.0,113.0,2.145736434108194,1.162011173184033,1
-0.0033003300330022114,0.010309278350504835,-0.04126984126982817,0.9999999999979592,1.0,-0.509999999999745,-0.9999999999993903,0.0,0.32450331125806325,0.0,233.0,152.0,164.0,151.0,117.0,48.0,0.0,49.0,1.7674418604648592,1.4656488549612727,1
0.0,0.622857142856787,0.04294478527606484,0.46391752577295675,0.8305465433848811,-0.284634760705218,-0.6363636363634139,10.0,0.5568627450978209,0.22222222222212726,149.0,255.0,234.0,255.0,44.0,33.0,52.0,142.0,2.2319474835883772,1.047619047618632,1
-0.14349775784750146,0.676767676767335,-0.11981566820273737,0.6938775510200542,1.0,-0.07002801120446218,-0.7802197802194945,0.0,0.8691099476435241,0.12345679012340599,187.0,255.0,243.0,191.0,94.0,32.0,30.0,166.0,2.2972972972970385,0.7901234567898796,1
-0.31932773109230284,0.301204819276927,-0.31355932203376546,0.6363636363631543,1.0,0.14285714285706727,-0.7318435754185856,0.0,1.3333333333316872,0.15483870967731947,244.0,157.0,155.0,81.0,132.0,58.0,24.0,108.0,1.965571205007517,1.3033707865164879,1
0.15032679738557178,0.17030567685582085,0.3183520599249744,0.8231292517001204,0.4422124011932247,-0.13548387096769823,-0.7499999999992788,2.585594236882107,0.7613636363632038,0.14285714285698586,131.0,130.0,91.0,176.0,154.0,95.0,13.0,134.0,1.8342151675481773,1.5899581589954832,1
0.39999999999985714,0.49650349650314934,0.726872246695715,0.9279279279270919,0.12149846507301426,-0.2937293729371968,-0.7714285714263673,1.276603876427659,0.5459183673466603,0.1290322580640999,164.0,84.0,31.0,196.0,86.0,36.0,4.0,107.0,1.2727272727270316,1.0867924528297785,1
-0.2230769230768373,0.6707317073166642,-0.20158102766790453,0.9999999999992701,1.0,0.15126050420161713,-0.9999999999993422,0.0,1.3564356435630134,0.0,162.0,159.0,152.0,101.0,134.0,27.0,0.0,137.0,2.189328743545234,0.6646153846151801,1
0.006289308176099311,0.7889447236176941,0.019108280254773014,0.453061224489611,0.9190617771426358,-0.14832535885163917,-0.550335570469614,10.0,0.7416666666663577,0.2900432900431645,154.0,237.0,231.0,240.0,91.0,21.0,67.0,178.0,2.1843317972347713,0.5401929260448424,1
-0.17771883289119955,0.024390243902409278,-0.24390243902433076,0.999999999997619,1.0,-0.5736040609134144,-0.9999999999996079,0.0,0.2709677419353091,0.0,255.0,222.0,255.0,155.0,56.0,40.0,0.0,42.0,2.079625292739803,1.7977528089877541,1
0.317829457364259,-0.46666666666604445,0.2686567164178436,0.2903225806442248,0.03875968991406036,-0.8545454545451439,-0.8607594936703413,1.0806451608848653,0.07843137254898885,0.07482993197273821,240.0,132.0,147.0,255.0,8.0,55.0,11.0,20.0,1.3913043478259035,3.188405797099139,1
0.5315315315313719,0.05747126436775003,0.7465753424654977,0.9999999999978261,0.14509803920648226,-0.6943521594682078,-0.9999999999972973,1.339449541102538,0.18039215686267437,0.0,78.0,78.0,37.0,255.0,95.0,41.0,0.0,46.0,1.276073619631641,1.4708520179365603,1
-0.34439834024881977,0.0,-0.403773584905508,0.8333333333310184,1.0,-0.410714285713919,-0.968253968253456,0.0,0.417721518986813,0.016129032258055846,101.0,162.0,186.0,79.0,63.0,33.0,3.0,33.0,2.5714285714280614,1.629629629628624,1
-0.5999999999997601,0.2695652173910699,-0.5951417004046173,0.5698924731176668,-1.0,0.18699186991854716,-0.8156682027646012,0.0,1.4599999999970799,0.10152284263954238,182.0,200.0,197.0,50.0,47.0,42.0,20.0,73.0,2.5316455696198523,1.6470588235286046,1
0.11720698254361167,0.37391304347793575,0.27272727272719527,0.36206896551692924,0.1407407407182864,-0.47854785478532064,-0.5515151515148173,1.3275862064090027,0.352678571428414,0.2890624999997742,255.0,177.0,128.0,224.0,0.0,36.0,37.0,79.0,1.699879951980588,1.9072847682106575,1
0.21822541966421627,0.16363636363606612,0.20379146919426452,0.9999999999968749,0.6614173227788888,-0.7762237762235048,-0.9999999999994048,4.906976741764032,0.12598425196845434,0.0,223.0,163.0,168.0,254.0,80.0,23.0,0.0,32.0,1.6239103362389011,1.1645569620245795,1
0.12582781456950864,0.5119047619044572,0.0,0.3729729729727714,0.999999999731884,-0.3350785340313259,-0.6293929712458053,10.0,0.49803921568607923,0.22745098039206768,255.0,198.0,255.0,255.0,92.0,41.0,58.0,127.0,1.748344370860734,1.089700996677379,1
0.019999999999996,0.28333333333309724,0.0,0.4392523364481876,0.9999999997723404,-0.5361445783130916,-0.7894736842102493,10.0,0.30196078431360707,0.11764705882348328,255.0,245.0,255.0,255.0,46.0,43.0,30.0,77.0,1.959999999999804,1.6459330143532795,1
0.24179104477604724,0.5222672064775213,0.3594771241828891,0.7990430622005746,0.37942018028354807,-0.05050505050503775,-0.647058823528868,2.222792517867621,0.9038461538457193,0.21428571428549562,254.0,127.0,98.0,208.0,85.0,59.0,21.0,188.0,1.418994413407623,1.2071611253193844,1
-0.19354838709672217,0.4371257485027323,-0.09909909909906935,0.6551724137926517,1.0,-0.11111111111106996,-0.7596153846150194,0.0,0.7999999999994667,0.13661202185784885,131.0,222.0,183.0,150.0,51.0,47.0,25.0,120.0,2.449655172413455,1.4188679245277664,1
-0.04245283018866924,0.5849056603768067,0.15014164305944755,0.5999999999994285,0.5996978851162158,-0.41463414634131895,-0.7543859649118396,3.996226412430028,0.4137931034480721,0.13999999999990667,225.0,221.0,150.0,203.0,155.0,22.0,21.0,84.0,2.0321839080457433,0.6219081272082608,1
0.0,-0.548387096773309,0.03238866396760478,-0.6056338028160484,1.0,-0.895910780668812,-0.6148648648646572,0.0,0.0549019607842922,0.23849372384927262,210.0,255.0,239.0,255.0,88.0,48.0,57.0,14.0,2.0923076923074775,1.93939393939296,1
0.01391650099403302,0.5769230769225222,0.024096385542163836,0.5769230769225222,0.9198149574413476,-0.5133531157268506,-0.8339622641506287,10.0,0.3215686274508543,0.09053497942383106,181.0,248.0,243.0,255.0,63.0,22.0,22.0,82.0,2.1287553648066386,0.9312169312164386,1
-0.4418604651160222,0.7818181818174711,-0.49206349206323174,0.7192982456134042,1.0,0.342465753424423,-0.7961783439485375,0.0,2.041666666662413,0.11347517730488407,187.0,124.0,141.0,48.0,30.0,12.0,16.0,98.0,2.053830227742846,0.6315789473680056,1
0.28759894459095314,-0.9999999999833333,0.20493827160488767,0.0,-0.9999999995120481,-0.9999999999995902,-0.9999999999993789,0.0,0.0,0.0,249.0,135.0,161.0,244.0,40.0,6.0,0.0,0.0,1.4154652686760922,0.9230769230751479,1
0.186746987951751,0.350649350649123,0.212307692307627,0.890909090908281,0.6151115618101827,-0.30897009966767147,-0.9104477611933505,4.196310933462323,0.5279187817256203,0.04687499999996338,120.0,135.0,128.0,197.0,115.0,50.0,6.0,104.0,1.8398637137986642,1.2539184952974125,1
-0.22751322751316733,0.3364928909951012,-0.2129380053907782,0.7407407407402835,1.0,-0.017421602787450377,-0.8292682926825897,0.0,0.9657534246568729,0.09333333333329186,190.0,232.0,225.0,146.0,99.0,70.0,21.0,141.0,2.31999999999971,1.473684210525928,1
0.14202898550720522,0.6179775280891933,0.19756838905769072,0.41176470588194924,0.3515258215382574,-0.4646840148697158,-0.6296296296292411,2.0841628948712847,0.3654822335023526,0.22727272727255513,216.0,148.0,132.0,197.0,12.0,17.0,30.0,72.0,1.669957686882698,1.1525423728803792,1
-0.0365853658536511,0.3999999999997143,0.0871559633027323,0.7345132743356332,0.7878563311129231,-0.4149253731342045,-0.8598130841117478,8.427573348499141,0.4135021097044669,0.07537688442207267,221.0,255.0,199.0,237.0,71.0,42.0,15.0,98.0,2.107438016528708,1.3280632411061946,1
-0.2374999999999258,0.491891891891626,-0.2229299363056615,0.8904109589034997,1.0,0.06153846153843787,-0.9199999999995401,0.0,1.1311475409826794,0.041666666666644966,255.0,198.0,192.0,122.0,100.0,47.0,8.0,138.0,2.0491591203102133,1.1325301204815865,1
0.38138138138126687,0.518796992481008,0.4886731391584179,0.6356275303641151,0.13070737675094948,-0.06481481481479981,-0.27419354838687565,1.3007212373667738,0.8782608695648356,0.5696202531638359,244.0,103.0,79.0,230.0,75.0,64.0,45.0,202.0,1.2117647058821746,1.2641975308638855,1
0.025252525252518875,0.37837837837812277,0.14689265536719015,0.5937499999995361,0.6033373062354243,-0.331147540983498,-0.7062146892651378,4.042067304938576,0.5024630541869446,0.17218543046346213,166.0,193.0,151.0,203.0,141.0,46.0,26.0,102.0,2.0450331125825105,1.0985074626862392,1
-0.2598870056496441,0.5384615384613084,-0.16293929712454858,0.7910447761190095,1.0,0.15755627009641238,-0.7931034482754714,0.0,1.374045801525669,0.115384615384552,148.0,223.0,182.0,131.0,79.0,54.0,21.0,180.0,2.4606896551720743,1.1771117166209326,1
0.12709832134289517,0.8727272727264793,0.22077922077916345,0.4820143884888619,0.37170965163529235,-0.3905325443785827,-0.6129032258061221,2.1832416409906497,0.43829787234023904,0.23999999999984,156.0,182.0,150.0,235.0,70.0,7.0,36.0,103.0,1.9284768211917975,0.2994652406415511,1
0.2481203007518175,-0.4455445544550044,0.4954954954953467,0.6969696969675849,0.16895604394054925,-0.7978339350177626,-0.8876404494372049,1.406611569960214,0.11244979919674199,0.05952380952373866,235.0,150.0,84.0,249.0,35.0,73.0,5.0,28.0,1.530612244897764,2.794258373204405,1
0.3821138211381078,-0.9999999999983871,0.43661971830973617,-0.9999999999966668,1.0,-0.9999999999996079,-0.5384615384611243,0.0,0.0,0.2999999999997,193.0,114.0,100.0,255.0,46.0,62.0,30.0,0.0,1.3491124260353033,2.9176470588218133,1
-0.09462915601020598,0.4736842105260388,0.014326647564465809,0.6258064516124995,0.9552385351401206,-0.16831683168311276,-0.7114427860692978,10.0,0.7118644067792589,0.1686046511626927,85.0,214.0,172.0,177.0,23.0,45.0,29.0,126.0,2.4811594202894955,1.5062761506269848,1
-0.5407854984892626,0.2765957446805568,-0.5407854984892626,0.518987341771495,-1.0,-0.11764705882344292,-0.8613138686128243,0.0,0.7894736842094875,0.07450980392153941,221.0,255.0,255.0,76.0,105.0,34.0,19.0,60.0,2.52788104089188,1.1673819742484262,1
-0.4579439252335022,0.4257425742570042,-0.49122807017529496,0.05882352941172146,-1.0,-0.09433962264145011,-0.5987460815045145,0.0,0.8275862068956005,0.2509803921567643,223.0,234.0,255.0,87.0,19.0,29.0,64.0,72.0,2.4061696658094593,1.5570469798647268,1
0.31677018633530535,-0.9999999999984616,0.5142857142855306,-0.9999999999973683,1.0,-0.9999999999995284,-0.2830188679242613,0.0,0.0,0.5588235294109429,226.0,110.0,68.0,212.0,26.0,65.0,38.0,0.0,1.3373860182368786,3.333333333331197,1
0.3354231974920579,0.46428571428529974,0.34810126582267464,0.690721649483824,0.32981596630170557,-0.444067796610019,-0.7457627118637747,1.9842549197659545,0.3849765258214155,0.14563106796102365,179.0,106.0,103.0,213.0,19.0,30.0,15.0,82.0,1.4039735099335422,1.4906832298127388,1
0.29743589743582116,0.9115044247779545,0.15789473684206914,0.5766423357660025,0.5700836819305879,-0.4016620498613846,-0.7276995305160904,3.652068124205875,0.4268774703555625,0.15760869565208827,255.0,137.0,184.0,253.0,70.0,5.0,29.0,108.0,1.4015345268540407,0.21276595744669535,1
0.11746031746028017,0.3191489361698732,0.11746031746028017,0.6103896103888177,0.6772402853943958,-0.47899159663845425,-0.8051948051942824,5.196560192130999,0.3522727272725271,0.10791366906467058,208.0,139.0,139.0,176.0,94.0,32.0,15.0,62.0,1.679758308156846,1.1636363636358347,1
-0.3258426966290304,0.5359116022096487,-0.3063583815027131,0.48663101604252057,1.0,0.3969849246229161,-0.40372670807428346,0.0,2.3166666666628055,0.424778761061571,189.0,118.0,113.0,60.0,94.0,42.0,48.0,139.0,1.9463917525769183,1.0599369085170158,1
0.009287925696591552,0.4623655913973523,0.15194346289747282,0.8133333333322489,0.6851815696280933,-0.41125541125523324,-0.8897637795268585,5.352868213526083,0.4171779141101735,0.05833333333328472,224.0,160.0,120.0,163.0,194.0,25.0,7.0,68.0,1.8104667609615543,0.6410256410254356,1
0.08284023668636603,0.6323529411760057,0.28873239436609555,0.7343749999994263,0.4355775435150065,-0.24489795918359017,-0.7118644067790577,2.5434451210692273,0.6065573770488489,0.16831683168300166,255.0,155.0,101.0,183.0,151.0,25.0,17.0,111.0,1.6577540106949655,0.6410256410254356,1
0.0,0.2773109243695149,0.0,0.6170212765950882,0.999999999837931,-0.5407854984892626,-0.8681318681315502,10.0,0.29803921568615765,0.07058823529408997,149.0,255.0,255.0,255.0,18.0,43.0,18.0,76.0,2.2319474835883772,1.9111111111100496,1
-0.020408163265300174,0.11111111111099888,0.030674846625757462,0.9999999999981818,0.9404761903848545,-0.5067264573988759,-0.9999999999993672,10.0,0.32738095238075754,0.0,191.0,175.0,158.0,168.0,15.0,44.0,0.0,55.0,1.974612129759947,2.227848101264413,1
0.021671826625380287,0.22448979591790919,0.0749185667752199,0.9999999999966668,0.8606060605256082,-0.6923076923073374,-0.9999999999992959,10.0,0.18181818181807163,0.0,160.0,158.0,142.0,165.0,32.0,19.0,0.0,30.0,1.9719188767547624,1.51999999999848,1
0.0020040080160316624,0.03124999999995117,0.020408163265301957,0.9999999999969696,0.9599999999058092,-0.7667844522965489,-0.9999999999995833,10.0,0.13199999999994722,0.0,81.0,249.0,240.0,250.0,61.0,31.0,0.0,33.0,2.402895054281978,1.589743589742571,1
-0.020408163265300917,0.16483516483507427,-0.063414634146326,0.6562499999994874,1.0,-0.2885906040267488,-0.8166666666663265,0.0,0.5520833333330458,0.10091743119261426,181.0,200.0,218.0,192.0,133.0,76.0,22.0,106.0,2.069857697283044,1.5549872122758173,1
0.008547008547006112,0.39449541284385575,0.06948640483381587,0.504950495049255,0.7580712350273331,-0.07598784194526566,-0.5098039215683776,7.266896244383464,0.8587570621464076,0.3246753246751139,228.0,174.0,154.0,177.0,120.0,66.0,50.0,152.0,1.8486055776889974,1.3069306930689835,1
-0.1586715867158086,-0.1458333333331814,-0.26923076923068295,0.4642857142848852,1.0,-0.47096774193518004,-0.8591549295770615,0.0,0.3596491228067021,0.0757575757575375,171.0,157.0,198.0,114.0,16.0,55.0,15.0,41.0,2.096828046744224,2.634730538920578,1
-0.18329466357304333,0.05882352941171527,-0.18329466357304333,0.5555555555548697,1.0,-0.47280334728013695,-0.8681318681315502,0.0,0.3579545454543421,0.07058823529408997,183.0,255.0,255.0,176.0,17.0,56.0,18.0,63.0,2.347525891829419,2.333333333332118,1
-0.6943521594682078,0.2058823529410251,-0.6943521594682078,0.7826086956513232,1.0,0.2812499999997803,-0.9245283018864436,0.0,1.7826086956482987,0.03921568627449443,181.0,255.0,255.0,46.0,89.0,54.0,10.0,82.0,2.767978290365974,1.5483870967736386,1
0.2830188679244215,0.4339622641506705,0.3026819923370488,0.5199999999996534,0.26415797314212547,-0.19718309859147987,-0.4330708661413913,1.7179746829762328,0.6705882352937232,0.3956043956039609,147.0,95.0,91.0,170.0,40.0,45.0,36.0,114.0,1.4990138067058187,1.4754098360649692,1
-0.2230769230768373,0.7125748502989746,-0.2862190812719837,0.6342857142853519,1.0,0.17213114754091308,-0.7009345794389248,0.0,1.415841584157014,0.17582417582407922,179.0,159.0,182.0,101.0,125.0,24.0,32.0,143.0,2.1270903010029887,0.6075949367086685,1
-0.10489510489508044,0.9999999999992308,-0.03030303030302265,0.49425287356293435,1.0,-0.1925465838508719,-0.6451612903223205,0.0,0.6770833333329808,0.2156862745096982,171.0,237.0,204.0,192.0,65.0,0.0,44.0,130.0,2.2652329749101234,0.0,1
0.010266940451743272,0.49056603773538626,0.11818181818179133,0.9036144578302366,0.7686783148565045,-0.5138461538459957,-0.9595959595954751,7.645968482864844,0.3211382113819833,0.0206185567010203,106.0,241.0,194.0,246.0,106.0,27.0,4.0,79.0,2.3117505995201064,0.9037656903761909,1
0.32812499999991457,-0.2187499999996582,0.5596330275227647,-0.27536231884018064,-1.0,-0.8214285714282781,-0.24137931034461949,0.0,0.09803921568623607,0.6111111111102623,228.0,129.0,72.0,255.0,0.0,39.0,44.0,25.0,1.3927125506070994,3.0291262135892922,1
0.4882352941175035,0.09230769230762131,0.23114355231137929,0.5434782608689744,0.4032092863934803,-0.561728395061555,-0.7653631284911926,2.351258580216485,0.28063241106708275,0.13291139240497918,193.0,87.0,158.0,253.0,72.0,59.0,21.0,71.0,1.1225806451611091,1.8084291187732535,1
-0.06631299734746252,0.22222222222206792,0.06344410876131014,0.4308943089427391,0.7433171021053082,-0.3333333333332071,-0.6315789473680887,6.791715049299237,0.49999999999971595,0.22580645161275756,180.0,201.0,155.0,176.0,17.0,56.0,35.0,88.0,2.121372031661989,2.0645161290313068,1
-0.3709677419353842,0.2544378698223347,-0.3709677419353842,0.49295774647852614,1.0,-0.04932735426006757,-0.7525773195873703,0.0,0.9059829059821316,0.14117647058817995,205.0,255.0,255.0,117.0,67.0,63.0,36.0,106.0,2.451923076922782,1.6856187290964262,1
-0.24647887323934983,0.2549019607838139,-0.2671232876711414,-0.044776119402918244,-0.7128810228443798,-0.5395683453233528,-0.6818181818178719,0.1676234214173232,0.29906542056046814,0.18918918918908695,219.0,177.0,185.0,107.0,54.0,19.0,35.0,32.0,2.0823529411761643,1.2258064516119147,1
-0.019999999999993336,0.19999999999971427,-0.0454545454545307,-0.15999999999984,0.5575221241649329,-0.5555555555552616,-0.4703196347029816,3.520000007741623,0.28571428571409135,0.3602484472047452,93.0,153.0,161.0,147.0,75.0,28.0,58.0,42.0,2.241758241757831,1.2947976878605234,1
-0.007299270072990037,-0.99999999999,0.083665338645385,-0.9999999999952381,1.0,-0.9999999999992648,-0.6911764705877271,0.0,0.0,0.18260869565201512,111.0,138.0,115.0,136.0,0.0,10.0,21.0,0.0,2.110898661567474,3.9999999999800004,1
-0.017114914425423688,0.9999999999986111,-0.007407407407405578,0.5157894736836676,1.0,-0.4725274725272995,-0.7973568281934814,0.0,0.3582089552237024,0.11274509803916043,212.0,208.0,204.0,201.0,0.0,0.0,23.0,72.0,2.0072376357054273,0.0,1
0.03846153846152613,0.49579831932731444,0.015673981191217656,0.5478260869560454,0.9443691948788197,-0.29083665338633835,-0.715846994535128,10.0,0.5493827160490437,0.1656050955412958,109.0,150.0,157.0,162.0,99.0,30.0,26.0,89.0,2.101576182136234,0.9677419354834808,1
0.01818181818181157,0.5031055900617993,-0.1860465116278529,0.5921052631575052,1.0,-0.07279693486587249,-0.7361702127656442,0.0,0.864285714285097,0.151960784313651,191.0,135.0,204.0,140.0,85.0,40.0,31.0,121.0,1.7970049916802333,1.1188811188807277,1
-0.024930747922430767,0.7490196078428436,0.09657320872271136,0.9910714285709862,0.822417717235056,0.11779448621550932,-0.9863013698623382,10.0,1.2670454545447347,0.006896551724133175,195.0,185.0,145.0,176.0,193.0,32.0,1.0,223.0,1.9973009446690961,0.5333333333332222,1
0.16315789473679917,0.6645161290318294,0.10499999999997375,0.6645161290318294,0.72710123654344,-0.26285714285706774,-0.7463414634142701,6.328725032372601,0.5837104072395549,0.14525139664796355,186.0,159.0,179.0,221.0,54.0,26.0,26.0,129.0,1.7544827586204474,0.8851063829783468,1
0.26287262872621603,0.29896907216464025,0.4793650793649272,0.34042553191453145,-0.16948175000028692,-0.5743243243241303,-0.45132743362791916,0.7101592220578902,0.27038626609430455,0.37804878048734386,53.0,136.0,82.0,233.0,58.0,34.0,31.0,63.0,1.9498207885301164,1.4391534391526777,1
-0.16991643454034264,-0.999999999997561,-0.16759776536308169,-0.99999999998,0.7129186603432912,-0.999999999999329,-0.9532710280369378,5.966666670109111,0.0,0.02392344497606511,151.0,210.0,209.0,149.0,109.0,41.0,5.0,0.0,2.3333333333330093,1.7172774869100957,1
0.08050847457625414,0.5294117647051038,0.05371900826445171,0.2682926829265021,0.6663536774140671,-0.6612377850160713,-0.7683397683394717,4.994371472874088,0.203921568627371,0.13100436681216987,196.0,217.0,229.0,255.0,85.0,16.0,30.0,52.0,1.961581920903733,0.7573964497036939,1
0.0,0.1839999999998528,0.0,0.5102040816321325,0.999999999804,-0.5501519756837234,-0.8279569892470151,10.0,0.2901960784312588,0.09411764705878663,206.0,255.0,255.0,255.0,51.0,51.0,24.0,74.0,2.100926879505448,1.797356828193041,1
-0.14606741573030427,0.2995391705067744,-0.14606741573030427,0.7195121951215125,1.0,-0.14803625377639032,-0.8345323741004192,0.0,0.7421052631575042,0.09019607843133719,207.0,255.0,255.0,190.0,151.0,76.0,23.0,141.0,2.249173098125441,1.369369369369061,1
0.03869653767819986,0.6958525345618913,0.0,0.7607655502388705,0.9999999998685535,-0.16173120728925702,-0.8214285714282781,10.0,0.7215686274506975,0.09803921568623607,255.0,236.0,255.0,255.0,105.0,33.0,25.0,184.0,1.9226069246433886,0.7436619718307764,1
-0.2348668280871102,0.11428571428555102,-0.2348668280871102,-0.012658227848085242,-0.8977216447411837,-0.6040609137052771,-0.7288135593217868,0.05389534127305514,0.24683544303781849,0.1568627450979777,118.0,255.0,255.0,158.0,64.0,31.0,40.0,39.0,2.5954198473279138,1.5030303030293921,1
0.0,-0.1752577319585822,0.0,-0.11111111111098765,1.0,-0.7288135593217868,-0.6721311475407633,0.0,0.1568627450979777,0.19607843137247213,255.0,255.0,255.0,255.0,48.0,57.0,50.0,40.0,1.999999999999804,2.25742574257314,1
-0.5384615384613413,0.359999999999712,-0.6037735849054705,0.307692307692071,-1.0,0.1486486486485482,-0.6999999999997667,0.0,1.3492063492042077,0.17647058823522493,155.0,210.0,255.0,63.0,157.0,40.0,45.0,85.0,2.633228840124979,0.9937888198754679,1
0.22891566265054725,0.36734693877513536,0.3110539845757555,0.9999999999985074,0.5254901960379027,-0.5838509316768373,-0.9999999999992538,3.2148760320203364,0.26274509803911267,0.0,246.0,160.0,134.0,255.0,81.0,31.0,0.0,67.0,1.559074299634402,1.1809523809518188,1
0.24999999999993874,0.40566037735829924,0.08974358974357056,0.7529411764701454,0.7870055485014886,-0.26237623762369744,-0.8205128205124699,8.389915957034649,0.584313725489967,0.09859154929572837,255.0,153.0,213.0,255.0,93.0,63.0,21.0,149.0,1.4999999999998161,1.3695652173909323,1
-0.06918238993709241,0.6598639455777825,-0.053304904051161346,0.5947712418296767,1.0,-0.2906976744185202,-0.7769784172659076,0.0,0.549549549549302,0.12550607287444313,141.0,255.0,247.0,222.0,65.0,25.0,31.0,122.0,2.336769759449904,0.8438818565397284,1
0.0819672131147349,0.1851851851850137,0.18461538461533727,0.9999999999984375,0.6883116882532403,-0.5661016949150623,-0.9999999999993712,5.416666663725564,0.27705627705615715,0.0,211.0,196.0,159.0,231.0,75.0,44.0,0.0,64.0,1.8800959232611654,1.550660792950859,1
0.3421052631578047,-0.3333333333317461,0.21428571428566326,-0.48148148147969827,1.0,-0.946564885495822,-0.7837837837833602,0.0,0.0274509803921461,0.12121212121204776,183.0,125.0,165.0,255.0,0.0,14.0,20.0,7.0,1.453488372092812,3.199999999990857,1
0.24907063197016766,0.16546762589916156,0.09803921568624248,0.6363636363629935,0.7330097086378956,-0.34939759036130547,-0.7692307692302762,6.490909084283928,0.4821428571425702,0.13043478260860114,221.0,101.0,138.0,168.0,30.0,58.0,18.0,81.0,1.3671742808796332,2.044052863435223,1
-0.16901408450692323,-0.013698630136967536,-0.21333333333319113,0.19999999999966667,-1.0,-0.2421052631576399,-0.5826086956516673,0.0,0.6101694915243895,0.2637362637359739,123.0,83.0,91.0,59.0,43.0,37.0,24.0,36.0,1.9080459770109461,1.9346405228745527,1
-0.6858638743451907,-0.15463917525757254,-0.702970297029355,-0.17999999999982,-0.5922852658218962,0.1549295774645705,-0.48917748917727744,0.25605633806446465,1.3666666666621112,0.3430232558137541,71.0,161.0,172.0,30.0,23.0,56.0,59.0,41.0,3.044917257682495,2.5454545454530995,1
0.05705705705703992,0.5333333333328889,-0.005649717514122698,0.6727272727266611,1.0,-0.3134328358207786,-0.8163265306118285,0.0,0.5227272727269757,0.10112359550556117,195.0,157.0,178.0,176.0,77.0,28.0,18.0,92.0,1.8335766423354987,0.9955555555551131,1
0.1842900302114247,0.5206611570243631,0.11363636363633135,0.6576576576570652,0.7053358108985746,-0.36111111111098576,-0.7828571428566956,5.787387382290917,0.46938775510180136,0.12179487179479373,116.0,135.0,156.0,196.0,111.0,29.0,19.0,92.0,1.8556701030924645,0.8888888888885483,1
-0.288461538461446,-0.9999999999941177,-0.2371134020617742,0.0,-1.0,-0.999999999999099,-0.9999999999994446,-0.0,0.0,0.0,121.0,201.0,180.0,111.0,23.0,17.0,0.0,0.0,2.536277602523259,2.3859649122765156,1
-0.12844036697244762,0.0,-0.14606741573030427,-0.3333333333296296,0.39062500007686923,-0.9689119170979437,-0.9540229885053817,2.282051283588766,0.015789473684202218,0.023529411764696657,138.0,246.0,255.0,190.0,60.0,3.0,6.0,3.0,2.3999999999997073,0.34782608695601763,1
0.0,0.23076923076903352,-0.10232558139532505,0.48453608247372726,1.0,-0.45660377358473336,-0.8091603053432026,0.0,0.37305699481845955,0.10548523206746604,195.0,193.0,237.0,193.0,41.0,45.0,25.0,72.0,1.9948320413434113,1.7733990147774517,1
-0.2944162436547476,0.47126436781582115,-0.2944162436547476,0.7181208053686456,1.0,-0.04119850187264375,-0.8478260869562146,0.0,0.9208633093518556,0.0823529411764383,211.0,255.0,255.0,139.0,178.0,46.0,21.0,128.0,2.372093023255538,0.9246231155776572,1
-0.07196029776673153,0.4786729857817637,0.044692737430155116,0.4117647058821666,0.804175665770516,-0.09037900874632934,-0.4491525423726911,9.213235273501438,0.8342245989300352,0.3801169590641052,206.0,216.0,171.0,187.0,125.0,55.0,65.0,156.0,2.0945454545452007,1.1253196930943414,1
-0.08018867924526411,0.172413793103151,-0.09512761020879464,0.21428571428533164,1.0,-0.703056768558645,-0.8294573643407638,0.0,0.17435897435888495,0.09322033898301135,24.0,229.0,236.0,195.0,4.0,24.0,22.0,34.0,2.706056129984829,2.2325581395322875,1
0.0874200426439046,0.29090909090882644,0.21428571428566326,0.33962264150911353,0.22627737222158803,-0.5644171779139373,-0.6499999999996751,1.5849056596366178,0.2784313725489104,0.2121212121210836,112.0,214.0,165.0,255.0,116.0,39.0,35.0,71.0,2.1534591194965844,1.1773584905655936,1
-0.23188405797095848,0.3437499999997315,-0.23188405797095848,0.9770114942517505,1.0,-0.2979591836733478,-0.9921874999996124,0.0,0.5408805031443139,0.0039215686274494425,78.0,255.0,255.0,159.0,112.0,42.0,1.0,86.0,2.7309236947787507,1.1914893617017053,1
0.0,0.999999999999099,0.03448275862068266,0.8655462184866676,0.9233741145142299,-0.3934426229507122,-0.9349593495931159,10.0,0.43529411764688813,0.03361344537813714,116.0,255.0,238.0,255.0,94.0,0.0,8.0,111.0,2.315550510782938,0.0,1
0.0,0.3719008264459736,0.0,0.5090909090904463,0.9999999998035715,-0.5088757396448199,-0.8085106382975856,10.0,0.32549019607830376,0.10588235294113495,255.0,255.0,255.0,255.0,149.0,38.0,27.0,83.0,1.999999999999804,0.9870129870126666,1
-0.19158878504668422,0.43999999999982403,-0.005747126436779958,0.8947368421047923,1.0,0.01983002832860628,-0.8918918918914098,0.0,1.0404624277450634,0.057142857142824494,255.0,255.0,175.0,173.0,149.0,70.0,10.0,180.0,2.1748400852876144,1.194029850746014,1
-0.303116147308696,0.6512820512817173,-0.2869565217390473,0.6683937823830735,1.0,0.13380281690136134,-0.7480314960626977,0.0,1.3089430894298302,0.14414414414407922,218.0,230.0,222.0,123.0,85.0,34.0,32.0,161.0,2.2971285892631337,0.8662420382162846,1
0.019999999999996,0.21367521367503103,0.07142857142855642,0.5777777777771358,0.7799511001241832,-0.5644171779139373,-0.8416666666663161,8.088888877557157,0.2784313725489104,0.08597285067869413,232.0,245.0,221.0,255.0,72.0,46.0,19.0,71.0,2.006141248720368,1.5659574468078443,1
0.1778290993071183,0.05050505050499949,0.16438356164379808,-0.03703703703700274,-1.0,-0.6612377850160713,-0.531380753137853,0.0,0.203921568627371,0.30601092896158144,188.0,178.0,183.0,255.0,47.0,47.0,56.0,52.0,1.7822277847306904,1.9481865284964,1
-0.39636363636349226,0.6904761904757796,-0.39855072463753677,0.8322580645155921,1.0,0.26222222222210567,-0.8737864077665661,0.0,1.7108433734919146,0.06735751295333298,129.0,192.0,193.0,83.0,49.0,26.0,13.0,142.0,2.5771812080532586,0.8559670781889482,1
0.41274238227135385,0.2551020408161964,0.37466307277617933,0.9523809523801965,0.43534190924254085,-0.3492063492062568,-0.9495798319319751,2.5419664261787136,0.48235294117628147,0.025862068965494946,241.0,106.0,116.0,255.0,140.0,73.0,3.0,123.0,1.197740112994181,1.4278728606353477,1
0.029411764705875146,0.18660287081330787,-0.07284768211918922,0.3701657458561491,1.0,-0.2574850299400427,-0.6199999999997934,0.0,0.5904761904759094,0.23456790123447138,188.0,198.0,243.0,210.0,41.0,85.0,57.0,124.0,1.9949622166244338,2.029850746268051,1
-0.6979591836731845,0.6149068322977548,-0.685106382978432,0.5294117647055709,-1.0,0.5568862275445767,-0.6638655462182085,0.0,3.513513513504017,0.20202020202010001,81.0,208.0,198.0,37.0,126.0,31.0,40.0,130.0,3.1161048689132738,0.7798742138362328,1
0.045454545454535124,0.017241379310329964,0.040723981900443275,0.47499999999940623,0.8420706293605902,-0.591695501729899,-0.8197424892700345,10.0,0.2565217391303233,0.09905660377353818,225.0,210.0,212.0,230.0,145.0,57.0,21.0,59.0,1.9199999999997805,1.4339622641504925,1
0.07142857142855642,0.0,0.1015118790496541,0.15789473684168975,0.21735319886335164,-0.841155234656736,-0.8571428571424745,1.5554311294830148,0.08627450980388773,0.07692307692303994,237.0,221.0,208.0,255.0,10.0,22.0,16.0,22.0,1.8929336188434802,2.3157894736811633,1
0.377245508981923,0.23577235772338553,0.3105413105412221,0.2881355932200948,-0.03742539118615732,-0.5032679738560447,-0.4846625766868193,0.9278494787863721,0.330434782608552,0.34710743801624205,250.0,104.0,121.0,230.0,100.0,47.0,42.0,76.0,1.2093023255812194,1.3925925925920768,1
-0.2869565217390057,0.6146788990820049,-0.36434108527117665,0.814432989689882,1.0,0.03529411764703806,-0.9027027027022149,0.0,1.0731707317060084,0.051136363636334586,85.0,148.0,176.0,82.0,22.0,21.0,9.0,88.0,2.5572354211657546,1.1052631578940098,1
0.0,-0.30232558139499727,0.01075268817204012,-0.22077922077893405,1.0,-0.7247706422015024,-0.5930735930733364,0.0,0.15957446808502151,0.25543478260855684,200.0,188.0,184.0,188.0,42.0,56.0,47.0,30.0,1.9685863874342973,2.434782608694329,1
0.13333333333330372,0.33834586466139976,0.3421052631578047,0.6952380952374331,0.34042039136576735,-0.48255813953474347,-0.7730496453895227,2.0322344316389938,0.3490196078430004,0.12799999999989758,239.0,195.0,125.0,255.0,143.0,44.0,16.0,89.0,1.7647058823527415,1.0999999999996564,1
0.34261838440101877,0.5345911949682173,0.3278236914599648,0.6486486486482105,0.32855508955824453,-0.3278236914599648,-0.6486486486482105,1.978650919223027,0.5062240663898314,0.21311475409818598,126.0,118.0,122.0,241.0,56.0,37.0,26.0,122.0,1.5655058043115146,1.1746031746027086,1
-0.25070422535204206,0.03571428571425383,-0.24216524216517318,0.9999999999982758,1.0,-0.39267015706785724,-0.9999999999995414,0.0,0.4360902255635819,0.0,155.0,222.0,218.0,133.0,64.0,54.0,0.0,58.0,2.4262295081963896,1.8782608695644007,1
0.0825688073394306,0.4887218045109108,0.09512761020879464,0.8165137614671408,0.79130475381239,-0.40895522388047495,-0.9024390243898037,8.583351971279924,0.41949152542355106,0.05128205128202499,217.0,200.0,195.0,236.0,26.0,34.0,10.0,99.0,1.8757327080888773,1.4093264248697361,1
-0.2463768115941315,0.48275862068923897,-0.2284866468842052,0.755102040815556,1.0,-0.2037037037036094,-0.890410958903703,0.0,0.6615384615379527,0.05797101449272562,225.0,215.0,207.0,130.0,51.0,30.0,12.0,86.0,2.1910828025474913,1.2182741116745086,1
-0.36363636363626645,0.7408906882588094,-0.36363636363626645,0.8695652173909263,1.0,0.28742514970051275,-0.8888888888885597,0.0,1.806722689074112,0.05882352941174164,242.0,255.0,255.0,119.0,187.0,32.0,15.0,215.0,2.342135476463566,0.5493562231758478,1
-0.18048780487800475,0.41463414634126117,-0.18048780487800475,0.48717948717923737,1.0,-0.0734824281149925,-0.6575342465751173,0.0,0.8630952380947244,0.20661157024784851,215.0,242.0,242.0,168.0,98.0,60.0,50.0,145.0,2.23298731257183,1.3223140495864125,1
-0.011904761904759543,-0.9999999999982456,0.03319502074688108,-0.9999999999956523,1.0,-0.9999999999995984,-0.8203124999996796,0.0,0.0,0.09871244635188897,152.0,255.0,233.0,249.0,51.0,57.0,23.0,0.0,2.2392974753016204,2.763636363634689,1
0.18329466357304333,0.2816901408448721,0.36363636363626645,0.26388888888870565,-0.1589537223088819,-0.4739884393062214,-0.38372093023233506,0.7256944442445685,0.3568627450978993,0.4453781512601299,244.0,176.0,119.0,255.0,54.0,51.0,53.0,91.0,1.6545240893065034,1.6518218623475094,1
0.2348668280871102,-0.0719999999999424,0.24390243902433076,0.15999999999984,-0.20772946854796495,-0.6293929712458053,-0.5736040609134144,0.6559999997305439,0.22745098039206768,0.2709677419353091,175.0,158.0,155.0,255.0,13.0,67.0,42.0,58.0,1.6943699731901214,2.614634146340188,1
0.1233480176211182,0.4482758620687079,0.17241379310340865,0.9999999999992063,0.7058823528808275,-0.33858267716526547,-0.9999999999994446,5.799999996632729,0.49411764705862976,0.0,240.0,199.0,180.0,255.0,77.0,48.0,0.0,126.0,1.7827547592383222,1.28428093645442,1
0.0,0.9310344827579787,0.16438356164379808,0.9999999999992858,0.7176470587617783,-0.2911392405062554,-0.9999999999994537,6.083333329629683,0.549019607842922,0.0,255.0,255.0,183.0,255.0,89.0,5.0,0.0,140.0,1.999999999999804,0.16736401673633167,1
0.1678486997635537,0.5522388059698745,0.28645833333325876,0.7333333333329259,0.4382022471479222,-0.2258064516128472,-0.7018633540368312,2.5599999991055715,0.6315789473681653,0.17518248175169696,177.0,176.0,137.0,247.0,122.0,45.0,24.0,156.0,1.8144329896904878,0.9782608695649516,1
0.11779448621550932,0.2698412698411271,-0.06694560669454666,0.7142857142852042,1.0,-0.3002915451894168,-0.8545454545451439,0.0,0.5381165919280099,0.07843137254898885,255.0,176.0,255.0,223.0,103.0,69.0,20.0,120.0,1.6963855421684702,1.5290858725757537,1
0.14358974358970678,0.015624999999987794,0.10669975186101571,0.14035087719285935,0.13621145368904966,-0.5486111111109206,-0.5720524017464751,1.3153814757145694,0.291479820627672,0.272222222222071,224.0,167.0,180.0,223.0,78.0,63.0,49.0,65.0,1.7106274007680267,1.8736059479546938,1
-0.025210084033602854,0.12396694214865787,-0.04918032786883231,0.3737373737369962,1.0,-0.2608695652172495,-0.6100628930813774,0.0,0.5862068965512188,0.24218749999981082,145.0,122.0,128.0,116.0,41.0,53.0,31.0,68.0,1.93267326732635,1.9720930232548968,1
-0.3956834532372678,0.3170731707314495,-0.29999999999987503,0.9999999999987654,1.0,-0.018181818181807165,-0.9999999999993591,0.0,0.9642857142845663,0.0,214.0,194.0,156.0,84.0,59.0,42.0,0.0,81.0,2.262390670553606,1.4999999999993305,1
-0.027027027027019722,0.5706806282719525,-0.024390243902432416,0.5306122448976885,1.0,-0.09090909090906336,-0.6085106382976134,0.0,0.8333333333328704,0.24338624338611461,160.0,190.0,189.0,180.0,82.0,41.0,46.0,150.0,2.1111111111108176,1.0445859872608139,1
-0.3247588424436255,0.12751677852340437,-0.3225806451611863,0.12751677852340437,-1.0,-0.11111111111105233,-0.5185185185183265,0.0,0.7999999999992381,0.31707317073155267,44.0,206.0,205.0,105.0,51.0,65.0,65.0,84.0,2.93761140819912,1.962264150942656,1
-0.037499999999988286,0.5868544600936212,0.08450704225349137,0.7422680412367308,0.7955742886287175,0.04643962848295776,-0.6774193548382726,8.783505144243927,1.0974025974018848,0.1923076923075444,70.0,166.0,130.0,154.0,117.0,44.0,25.0,169.0,2.388489208632664,0.9411764705879837,1
0.1469879518071935,0.3240740740739241,0.1811414392059104,0.5376344086018615,0.49597238197921983,-0.24934383202093194,-0.5865384615381796,2.968036528040987,0.6008403361342014,0.2606060606059027,167.0,177.0,165.0,238.0,158.0,73.0,43.0,143.0,1.865612648221098,1.3064876957491485,1
0.1849710982658425,0.6764705882342993,0.07611548556428449,0.8999999999985,0.8440440977891014,-0.5648854961829906,-0.9664804469268344,10.0,0.27804878048766923,0.01704545454544486,206.0,141.0,176.0,205.0,129.0,11.0,3.0,57.0,1.6277056277053927,0.4230769230767197,1
0.4206128133703564,0.5422885572136605,0.2348668280871102,0.6145833333330133,0.44701445999655337,-0.24390243902433076,-0.6205128205125023,2.616731098541494,0.6078431372546637,0.23417721518972523,236.0,104.0,158.0,255.0,158.0,46.0,37.0,155.0,1.1902718168810886,0.9086419753084176,1
0.01052631578946999,0.3050847457624533,0.0034843205574900753,0.3275862068962693,0.9789511882363233,-0.30316742081434245,-0.5714285714282575,10.0,0.534722222221851,0.272727272727082,51.0,141.0,143.0,144.0,64.0,41.0,39.0,77.0,2.364779874213341,1.4708520179365603,1
0.2561576354679172,0.531249999999585,0.11597374179428535,0.430656934306255,0.5756778867575353,-0.44475920679874087,-0.6763485477175617,3.71340035487357,0.3843137254900454,0.1930693069305975,255.0,151.0,202.0,255.0,85.0,30.0,39.0,98.0,1.4876847290638562,0.9876543209872479,1
0.18055555555551375,0.7599999999996623,0.3043478260868787,0.6296296296293705,0.3482758620316075,-0.12582781456950864,-0.5027624309389488,2.068783068103003,0.7764705882349897,0.3308823529409332,255.0,177.0,136.0,255.0,153.0,27.0,45.0,198.0,1.6388888888886992,0.5333333333332017,1
0.38019169329061336,0.9574468085099593,0.49480968858114366,0.7922077922072779,0.23107541897631556,-0.22033898305078523,-0.6404494382015276,1.6010353279840042,0.6388888888885932,0.21917808219148058,123.0,97.0,73.0,216.0,52.0,3.0,16.0,138.0,1.4559099437145484,0.12244897959177427,1
0.0,0.28476821192034124,-0.041942604856502884,0.716814159291401,1.0,-0.3821656050954197,-0.8730158730155266,0.0,0.4470046082947249,0.0677966101694628,228.0,217.0,236.0,217.0,37.0,54.0,16.0,97.0,1.9749715585890812,1.7851239669414112,1
0.11597374179428535,-0.24590163934385917,0.15124153498867918,0.4374999999986328,0.48622094408117605,-0.8345323741004192,-0.9086294416239044,2.892723878675976,0.09019607843133719,0.047872340425506456,207.0,202.0,188.0,255.0,0.0,38.0,9.0,23.0,1.8660508083138723,3.070707070703969,1
-0.16625310173693145,0.6413793103443853,-0.13624678663235573,0.9999999999991597,1.0,-0.1707317073170137,-0.9999999999995476,0.0,0.7083333333329117,0.0,174.0,235.0,221.0,168.0,96.0,26.0,0.0,119.0,2.315270935960306,0.7790262172281727,1
0.028225806451607213,0.8623853211005219,0.0,0.8538812785384229,0.9999999998828877,-0.11353711790390535,-0.8819188191878665,10.0,0.7960784313722369,0.06274509803919108,179.0,241.0,255.0,255.0,56.0,15.0,16.0,203.0,2.104803493449552,0.415224913494666,1
0.03448275862068222,0.685714285713796,0.012658227848098596,0.6737588652477492,0.9631179700401576,-0.34078212290493276,-0.8210116731514315,10.0,0.4916666666664618,0.0982905982905563,240.0,224.0,234.0,240.0,0.0,22.0,23.0,118.0,1.9310344827584125,1.0864197530857491,1
0.0,0.17073170731686496,0.0,0.4769230769223432,0.9999999997903226,-0.6831683168314577,-0.8749999999996784,10.0,0.18823529411757325,0.06666666666664052,235.0,255.0,255.0,255.0,37.0,34.0,17.0,48.0,2.0399999999997958,1.777777777776616,1
0.013392857142854153,0.4130434782604206,0.04849884526557772,0.4444444444439506,0.8032274855214379,-0.5547945205477552,-0.7835497835494444,9.164021145117758,0.28634361233467565,0.12135922330091196,255.0,221.0,206.0,227.0,45.0,27.0,25.0,65.0,1.9134199134197063,1.3170731707309042,1
0.13082039911305304,-0.18421052631554707,0.0851063829787053,-0.30337078651651306,1.0,-0.7832167832165094,-0.5750915750913644,0.0,0.12156862745093272,0.2697674418603397,191.0,196.0,215.0,255.0,41.0,45.0,58.0,31.0,1.871121718376865,2.2222222222208505,1
-0.0840579710144684,0.6170212765954165,-0.10227272727269822,0.8424242424237319,1.0,-0.019354838709671175,-0.8743961352652782,0.0,0.9620253164550874,0.06701030927831597,242.0,187.0,194.0,158.0,67.0,36.0,13.0,152.0,1.9328165374674504,0.9896907216491445,1
0.07801418439713546,0.4108527131779761,0.10144927536228208,0.733333333332635,0.7569444443536428,-0.25102880658425886,-0.7971014492747848,7.228571421441858,0.598684210525922,0.11290322580636056,117.0,130.0,124.0,152.0,88.0,38.0,14.0,91.0,1.9659735349712728,1.1921568627446306,1
0.2492668621700149,0.39655172413758916,0.20338983050841714,0.19117647058809473,-0.03095388502080821,-0.448979591836582,-0.4387755102038578,0.9399509799295886,0.38028169014066654,0.390070921985539,177.0,128.0,141.0,213.0,0.0,35.0,55.0,81.0,1.5851393188852034,1.8543046357603616,1
0.1778290993071183,0.5748031496058466,0.07594936708859157,0.59999999999952,0.7752808987615919,-0.43661971830973617,-0.7950819672127889,7.899999989593681,0.39215686274494427,0.1141552511415004,255.0,178.0,219.0,255.0,64.0,27.0,25.0,100.0,1.6443418013854914,0.99082568807294,1
0.03821656050954197,-0.7746478873228526,0.08666666666663778,-0.7090909090896198,1.0,-0.9064327485374817,-0.4891304347823429,0.0,0.04907975460119689,0.34306569343040655,235.0,151.0,137.0,163.0,33.0,63.0,47.0,8.0,1.725714285714039,3.0179640718544807,1
0.0063694267515883,-0.12903225806441207,-0.16402116402107725,0.17391304347807182,1.0,-0.18796992481188876,-0.48648648648615783,0.0,0.6835443037966031,0.3454545454542314,167.0,78.0,110.0,79.0,36.0,70.0,38.0,54.0,1.5522388059697632,2.4347826086945936,1
-0.08352144469524074,0.14705882352930363,0.030456852791870444,0.9024390243891434,0.9347047112467921,-0.44483985765108724,-0.9589743589738673,10.0,0.3842364532017812,0.02094240837695239,255.0,240.0,191.0,203.0,31.0,58.0,4.0,78.0,2.0469083155648136,2.0622222222213056,1
-0.04761904761903345,0.545454545453719,-0.06705539358598628,0.6190476190466364,1.0,-0.5165876777248737,-0.8769230769226273,0.0,0.3187499999998008,0.06557377049176745,159.0,176.0,183.0,160.0,15.0,15.0,12.0,51.0,2.098360655737392,1.249999999998698,1
-0.5246913580245295,0.3454545454542314,-0.4866666666665045,0.32142857142828446,-1.0,-0.019867549668861017,-0.7088122605361269,0.0,0.9610389610377129,0.1704035874438698,107.0,247.0,223.0,77.0,59.0,36.0,38.0,74.0,2.9144542772857056,1.4048780487798025,1
-0.11842105263150104,0.7078651685389282,-0.32999999999983504,0.6795580110493483,1.0,0.3881278538811013,-0.641975308641579,0.0,2.268656716414524,0.21804511278179095,154.0,85.0,133.0,67.0,168.0,26.0,29.0,152.0,1.739130434782164,0.5591397849460863,1
0.2781954887217348,0.8215613382896575,0.2781954887217348,0.6225165562911846,0.38227652160051157,-0.019999999999996,-0.4328358208953071,2.2376946474861343,0.9607843137251134,0.3958333333330585,164.0,144.0,144.0,255.0,163.0,24.0,57.0,245.0,1.6294200848653988,0.42105263157885503,1
-0.2276657060518076,0.7529411764701454,-0.25139664804462253,0.6931818181814243,1.0,0.05300353356888587,-0.7848605577686116,0.0,1.111940298506633,0.12053571428566048,115.0,213.0,224.0,134.0,147.0,21.0,27.0,149.0,2.5244444444440703,0.4970414201181962,1
-0.1243523316061854,0.462499999999711,-0.1933174224343214,0.6478873239432058,1.0,-0.18181818181811826,-0.8181818181815207,0.0,0.6923076923072827,0.09999999999996001,130.0,217.0,250.0,169.0,40.0,43.0,25.0,117.0,2.3683492496586127,1.415637860081722,1
0.17647058823523307,-0.7241379310332342,0.3026819923370488,-0.5294117647043253,1.0,-0.9101123595500505,-0.5555555555550807,0.0,0.047058823529384085,0.2857142857139717,92.0,119.0,91.0,170.0,53.0,50.0,26.0,8.0,1.9039999999996193,2.484472049687898,1
0.2529182879376448,0.9999999999989474,0.15412186379922793,0.7757009345787143,0.6684919662079375,-0.2578124999998993,-0.8153846153839882,5.033036293188769,0.5900621118008758,0.1016949152541511,171.0,96.0,118.0,161.0,121.0,0.0,12.0,95.0,1.4656488549615523,0.0,1
0.24390243902433076,0.8659793814428527,0.3821138211381078,0.7403846153842595,0.31917264430603537,-0.1697247706421629,-0.6170212765953071,1.9376022908182147,0.7098039215683491,0.23684210526295013,255.0,155.0,114.0,255.0,66.0,13.0,27.0,181.0,1.512195121951035,0.38095238095224143,1
0.30769230769222883,0.5468749999995728,0.3821138211381078,0.9999999999989899,0.44705882349677,-0.44067796610157045,-0.9999999999991228,2.6170212759089306,0.38823529411749486,0.0,154.0,135.0,114.0,255.0,12.0,29.0,0.0,99.0,1.5905743740792944,1.3727810650879453,1
-0.09292035398228032,0.10714285714279337,-0.08482142857140965,0.47619047619009824,1.0,-0.37583892617437054,-0.7608695652171157,0.0,0.4536585365851446,0.1358024691357466,214.0,247.0,243.0,205.0,3.0,75.0,33.0,93.0,2.1642935377872767,2.439024390242911,1
-0.13839285714282626,-0.4623655913973523,-0.13839285714282626,0.19047619047573694,1.0,-0.7706422018345089,-0.8749999999996784,0.0,0.1295336787564096,0.06666666666664052,197.0,255.0,255.0,193.0,51.0,68.0,17.0,25.0,2.266666666666415,2.5660377358478463,1
-0.14441416893729037,0.2428571428569694,-0.19072164948448694,0.5263157894732226,1.0,-0.28688524590152176,-0.7906976744182982,0.0,0.5541401273881821,0.1168831168830663,247.0,210.0,231.0,157.0,90.0,53.0,27.0,87.0,2.0388349514560633,1.4982332155471738,1
-0.009708737864074527,0.5744680851057719,-0.0642201834862189,0.6629213483138618,1.0,-0.34801762114522117,-0.8412698412693962,0.0,0.48366013071863817,0.0862068965516746,128.0,156.0,174.0,153.0,107.0,20.0,15.0,74.0,2.1045531197298306,0.7239819004521612,1
-0.20123839009281697,-0.999999999996154,-0.06181818181815934,0.0,-1.0,-0.999999999999225,-0.9999999999993151,-0.0,0.0,0.0,177.0,194.0,146.0,129.0,0.0,26.0,0.0,0.0,2.2363112391927613,3.9999999999923075,1
0.0,-0.8214285714271046,0.0,0.99999999998,0.9999999999,-0.9615384615380917,-0.9999999999996079,10.0,0.019607843137247213,0.0,203.0,255.0,255.0,255.0,0.0,51.0,0.0,5.0,2.107438016528708,3.813084112145969,1
0.21718377088300306,0.20833333333311632,0.21718377088300306,0.9661016949136167,0.6329139887331671,-0.6293929712458053,-0.9878787878781893,4.4483143954122815,0.22745098039206768,0.006097560975606039,255.0,164.0,164.0,255.0,40.0,38.0,1.0,58.0,1.5656324582337033,1.7471264367806052,1
0.24390243902433076,0.36781609195381165,0.0851063829787053,0.7629629629623979,0.7992938114648457,-0.36363636363626645,-0.8614718614714886,8.964814804276424,0.4666666666664837,0.07441860465112818,184.0,155.0,215.0,255.0,70.0,55.0,16.0,119.0,1.6555407209610606,1.471571906354023,1
0.317829457364259,0.6068376068370882,0.0,0.9999999999989362,0.9999999999,-0.4613180515757991,-0.9999999999996079,10.0,0.36862745098024763,0.0,255.0,132.0,255.0,255.0,0.0,23.0,0.0,94.0,1.3643410852711415,1.3142857142847757,1
0.17041800643081337,0.28455284552822396,-0.06185567010307684,0.28455284552822396,1.0,-0.39463601532551934,-0.6479999999997408,0.0,0.4340659340656956,0.21359223300960506,186.0,129.0,206.0,182.0,113.0,44.0,44.0,79.0,1.6485623003192253,1.2571428571424081,1
0.383233532934017,-0.9999999999954546,0.31623931623922613,-0.9999999999967742,1.0,-0.9999999999995671,-0.5894039735095435,0.0,0.0,0.25833333333311803,255.0,103.0,120.0,231.0,47.0,22.0,31.0,0.0,1.190751445086533,1.9340659340638087,1
0.22596153846148415,0.4374999999996583,0.24390243902433076,0.7864077669895277,0.5265456216447936,-0.4697406340056283,-0.8674698795175498,3.224271843335899,0.36078431372534875,0.07096774193543809,243.0,161.0,155.0,255.0,112.0,36.0,11.0,92.0,1.5707317073168816,1.0434782608691873,1
0.4727272727270579,-0.7288135593207986,0.4025974025972283,-0.7377049180315776,1.0,-0.9058823529406437,-0.13114754098349907,0.0,0.04938271604935224,0.7681159420278723,227.0,58.0,69.0,162.0,85.0,51.0,53.0,8.0,0.9188118811879369,2.0923076923066195,1
0.018726591760292614,0.29032258064492716,0.022556390977435132,0.34453781512576087,0.8771084334959535,-0.25925925925913923,-0.5384615384612199,10.0,0.5882352941172145,0.2999999999997693,162.0,131.0,130.0,136.0,83.0,44.0,39.0,80.0,1.871428571428237,1.4023904382464534,1
-0.36363636363625346,-0.2340425531909914,-0.24187725631760223,-0.4374999999993164,0.2879442046250275,-0.7073170731701567,-0.5779816513758816,1.8087686574620487,0.17142857142840817,0.2674418604649608,221.0,225.0,172.0,105.0,54.0,29.0,46.0,18.0,2.3195876288656803,1.784615384614012,1
-0.06345733041574105,-0.3333333333320988,-0.06753812636164105,0.9999999999888889,1.0,-0.9192825112103501,-0.9999999999995919,0.0,0.04205607476633549,0.0,184.0,243.0,245.0,214.0,0.0,18.0,0.0,9.0,2.1990950226241854,3.199999999992889,1
-0.062200956937784165,0.11627906976717144,-0.09259259259257116,-0.039999999999919995,-0.3966480449926306,-0.7818181818178265,-0.801526717556946,0.4320000004657959,0.12244897959177427,0.11016949152537706,104.0,222.0,236.0,196.0,30.0,19.0,26.0,24.0,2.3870967741932274,1.6521739130416824,1
0.19831223628683617,0.7463414634142701,-0.13939393939389716,0.7129186602867402,1.0,0.11526479750775226,-0.7247706422015024,0.0,1.2605633802808025,0.15957446808502151,175.0,95.0,188.0,142.0,160.0,26.0,30.0,179.0,1.4990138067058187,0.5319693094627795,1
0.4100294985249528,0.874015748031152,0.3502824858756073,0.7246376811591577,0.3482632540809114,-0.00209643605869977,-0.5032679738558803,2.068723702074044,0.9958158995811733,0.3304347826084083,89.0,100.0,115.0,239.0,164.0,16.0,38.0,238.0,1.515151515151228,0.2949308755759689,1
-0.33766233766222803,0.2289156626503266,-0.3013698630135954,0.030303030302999693,-1.0,-0.3333333333331155,-0.5966386554619342,0.0,0.4999999999995098,0.2526315789472355,101.0,206.0,190.0,102.0,0.0,32.0,48.0,51.0,2.6796747967475314,2.2260869565198034,1
-0.022653721682840567,-0.9999999999962964,-0.047318611987366775,-0.9999999999967742,0.9096385543034704,-0.9999999999993379,-0.6852791878169111,10.0,0.0,0.18674698795169475,92.0,158.0,166.0,151.0,114.0,27.0,31.0,0.0,2.261180679784926,1.2857142857135204,1
0.4999999999998077,-0.08411214953263167,0.3265306122447869,0.9999999999979592,0.5076923076534043,-0.5983606557374597,-0.9999999999989899,3.0624999990569006,0.25128205128192244,0.0,255.0,65.0,99.0,195.0,95.0,58.0,0.0,49.0,0.8965517241377764,1.7846153846146984,1
0.34482758620677767,0.5104895104891536,0.2871287128711924,0.9999999999990741,0.5538461538029177,-0.2871287128711924,-0.9999999999990741,3.4827586194746183,0.5538461538458699,0.0,255.0,95.0,108.0,195.0,190.0,35.0,0.0,108.0,1.1874999999998144,0.7608695652171845,1
0.025252525252518875,0.32558139534845865,0.13091922005567383,0.5199999999993067,0.5977404997366567,-0.5615384615382456,-0.7931034482754064,3.971914890578965,0.2807881773397632,0.11538461538454142,255.0,193.0,156.0,203.0,91.0,29.0,18.0,57.0,1.8293838862557072,1.126213592232463,1
0.27499999999993124,0.0,0.3934426229507122,0.1428571428568027,-0.4672489082106424,-0.8279569892470151,-0.7209302325575807,0.363095238002186,0.09411764705878663,0.16216216216201607,178.0,145.0,111.0,255.0,97.0,24.0,18.0,24.0,1.6044260027660298,1.136094674555541,1
-0.35849056603762314,-0.9999999999977273,-0.42857142857130853,-0.9999999999979999,0.40000000002727754,-0.9999999999990196,-0.6721311475407633,2.3333333338737647,0.0,0.19607843137247213,255.0,216.0,255.0,102.0,73.0,44.0,50.0,0.0,2.190114068440787,2.18633540372535,1
-0.41666666666655094,0.37142857142830615,-0.41666666666655094,0.34265734265710307,-1.0,-0.0447761194029628,-0.6887417218540766,0.0,0.9142857142848435,0.18431372549012381,255.0,255.0,255.0,105.0,131.0,44.0,47.0,96.0,2.344827586206627,1.1174603174599627,1
-0.028077753779691562,0.6999999999993,-0.06249999999998698,0.3492063492060721,1.0,-0.4516129032256608,-0.7229729729727288,0.0,0.3777777777776099,0.16078431372542715,255.0,238.0,255.0,225.0,114.0,15.0,41.0,85.0,1.9916317991629715,0.5240174672486795,1
-0.1342592592592282,0.746031746031154,-0.1302325581395046,0.9819819819810973,1.0,-0.259259259259172,-0.9918032786881181,0.0,0.5882352941173326,0.004115226337446866,255.0,245.0,243.0,187.0,60.0,16.0,1.0,110.0,2.103004291845268,0.63366336633632,1
-0.1737089201877119,-0.1475409836063155,-0.217777777777681,0.08333333333315972,-1.0,-0.54385964912233,-0.7232704402511175,0.0,0.2954545454542097,0.1605839416057222,137.0,125.0,137.0,88.0,6.0,35.0,22.0,26.0,2.1052631578942935,2.745098039212995,1
-0.002444987775060527,-0.9999999999983871,0.038167938931288,-0.9999999999967742,1.0,-0.9999999999995098,-0.7181818181814917,0.0,0.0,0.16402116402107725,222.0,205.0,189.0,204.0,1.0,62.0,31.0,0.0,1.9617224880380428,3.9679999999968256,1
-0.19158878504668422,0.53731343283542,-0.1702637889687841,0.7457627118637747,1.0,-0.25362318840570525,-0.8841698841695428,0.0,0.5953757225430085,0.061475409836040384,141.0,255.0,244.0,173.0,44.0,31.0,15.0,103.0,2.4757281553395054,1.1866028708128296,1
0.5937499999998145,0.3881278538811013,0.5361445783130916,0.4975369458125628,-0.03734963970595326,-0.2530712530711909,-0.20312499999984132,0.9279902583090522,0.5960784313723153,0.6623376623368021,111.0,65.0,77.0,255.0,82.0,67.0,51.0,152.0,1.0483870967739821,1.4565217391300391,1
0.32812499999991457,-0.857142857139796,0.317829457364259,-0.8181818181780992,1.0,-0.9844357976649867,-0.7368421052626732,0.0,0.007843137254898885,0.15151515151503675,255.0,129.0,132.0,255.0,0.0,26.0,20.0,2.0,1.343749999999825,3.8518518518447187,1
0.09913793103446139,0.524752475247265,0.17511520737323155,0.6648648648645056,0.5830491384495092,-0.24694376528111323,-0.7047619047615692,3.7967283050853142,0.6039215686272141,0.1731843575418027,138.0,209.0,179.0,255.0,70.0,48.0,31.0,154.0,2.0616522811341476,1.1999999999996251,1
0.38586956521728644,0.2933333333331378,0.5269461077842734,0.9019607843128412,0.2624486441883824,-0.44886363636350884,-0.8809523809513322,1.711675578996643,0.3803921568625959,0.06329113924042622,246.0,113.0,79.0,255.0,48.0,53.0,5.0,97.0,1.2434662998622772,1.6892430278877733,1
0.17511520737323155,0.7443609022550794,0.44475920679874087,0.5163398692807083,0.07447792247029736,-0.37466307277617933,-0.45185185185151716,1.1609425083768177,0.45490196078413536,0.377551020407778,195.0,179.0,98.0,255.0,57.0,17.0,37.0,116.0,1.772277227722553,0.657004830917557,1
-0.03092783505153045,0.344827586206302,-0.03092783505153045,0.08333333333321759,1.0,-0.4135338345861553,-0.5037593984958619,0.0,0.4148936170208352,0.32999999999967,178.0,100.0,100.0,94.0,72.0,19.0,33.0,39.0,1.694915254236929,1.020134228187235,1
0.10954063604236412,0.6296296296288523,0.022801302931588666,0.4347826086951796,0.9003404516756536,-0.4080717488787408,-0.7045454545450542,10.0,0.42038216560482783,0.1733333333332178,187.0,126.0,150.0,157.0,30.0,15.0,26.0,66.0,1.691275167784951,0.9523809523801965,1
-0.2955974842766366,-0.13207547169786402,-0.24579124579116304,-0.07999999999983999,-0.5088879703924515,-0.6592592592587709,-0.745283018867573,0.3254794521866742,0.2053571428569595,0.14594594594586707,111.0,206.0,185.0,112.0,116.0,30.0,27.0,23.0,2.5952755905507723,1.2060301507531628,1
-0.050772626931556125,-0.7948717948697567,0.09974424552427116,-0.6190476190446712,1.0,-0.9634703196342633,-0.8238341968907649,0.0,0.018604651162782045,0.09659090909085422,112.0,238.0,176.0,215.0,45.0,35.0,17.0,4.0,2.371108343710788,2.352941176468611,1
0.211618257261323,-0.12499999999960937,0.20164609053489646,-0.03448275862057075,-1.0,-0.8249999999994845,-0.7321428571422034,0.0,0.09589041095883843,0.15463917525757254,157.0,95.0,97.0,146.0,35.0,18.0,15.0,14.0,1.5415821501011073,1.6941176470568304,1
-0.3586956521738156,0.6258992805753144,-0.36729222520097393,0.7384615384612545,1.0,0.31395348837200177,-0.7647058823526766,0.0,1.9152542372865125,0.13333333333328104,81.0,250.0,255.0,118.0,106.0,52.0,34.0,226.0,2.8612303290410783,0.9541284403667537,1
-0.2636363636362438,0.8884758364308966,-0.30472103004278767,0.8745387453871312,1.0,0.5164179104476071,-0.7988165680468646,0.0,3.135802469131931,0.11184210526308433,91.0,139.0,152.0,81.0,149.0,15.0,17.0,254.0,2.471111111110562,0.2771362586604441,1
0.24999999999989583,0.5402298850568503,0.3333333333331852,0.6962025316446884,0.3524590163588482,-0.3824884792624966,-0.7241379310336504,2.088607594308411,0.44666666666636895,0.15999999999978667,101.0,90.0,75.0,150.0,73.0,20.0,12.0,67.0,1.6705336426910278,0.8888888888883951,1
0.19718309859150301,0.045045045045004464,0.12582781456950864,0.48717948717886256,0.589473684114019,-0.6293929712458053,-0.8165137614675154,3.871794868713704,0.22745098039206768,0.10101010101005001,181.0,171.0,198.0,255.0,86.0,53.0,20.0,58.0,1.7583547557838355,1.6959999999993216,1
0.34166666666652434,0.5302013422815234,0.05573770491801452,0.9999999999991228,0.8944099378034249,-0.17090909090902875,-0.9999999999993057,10.0,0.7080745341610509,0.0,255.0,79.0,144.0,161.0,93.0,35.0,0.0,114.0,1.1010452961670554,1.0108303249093824,1
0.17695473251021526,0.6492890995257586,0.11718749999995423,0.9999999999994253,0.7902097901390235,0.09779179810722467,-0.999999999999115,8.533333326049986,1.216783216782366,0.0,237.0,100.0,113.0,143.0,139.0,37.0,0.0,174.0,1.3793103448273483,0.7648578811367532,1
0.16243654822330902,0.20805369127502818,0.2479564032696872,0.9999999999988889,0.6026200872876889,-0.4357366771158509,-0.9999999999992755,4.032967031337169,0.3930131004365096,0.0,232.0,165.0,138.0,229.0,77.0,59.0,0.0,90.0,1.6687737041717232,1.656140350876612,1
0.3269841269840232,0.506666666666329,0.3571428571427412,0.9316239316231354,0.4457603031390508,-0.29813664596264033,-0.9223300970864832,2.6085470078152326,0.5406698564590715,0.04040404040399959,108.0,106.0,99.0,209.0,155.0,37.0,4.0,113.0,1.603024574668884,0.8654970760231387,1
0.1105263157894446,0.1935483870966181,0.09610389610387114,0.39622641509396583,0.6095958589243441,-0.48070175438579626,-0.68932038834918,4.122896477094188,0.35071090047376746,0.18390804597690583,219.0,169.0,174.0,211.0,154.0,50.0,32.0,74.0,1.7604166666664374,1.2195121951215795,1
0.010526315789470914,0.852760736195796,-0.044776119402973935,0.687150837988443,1.0,-0.11953352769675815,-0.7647058823526199,0.0,0.7864583333329238,0.13333333333326985,255.0,188.0,210.0,192.0,99.0,12.0,28.0,151.0,1.8274605103278458,0.35036496350352175,1
-0.02517162471395305,0.3741496598636911,0.05970149253729858,0.8532110091735291,0.8692065395777221,-0.3566878980890584,-0.9187817258878586,10.0,0.47417840375564596,0.042328042328019934,255.0,224.0,189.0,213.0,17.0,46.0,8.0,101.0,1.956331877729044,1.752380952380118,1
-0.1778290993071183,-0.0684931506848846,-0.17209302325577394,0.9999999999985294,1.0,-0.4471544715445337,-0.9999999999996032,0.0,0.38202247190989774,0.0,255.0,255.0,252.0,178.0,17.0,78.0,0.0,68.0,2.163308589607406,2.5892116182561873,1
-0.3073593073591743,-0.07586206896546493,-0.139784946236484,0.5056179775275218,1.0,-0.0884353741495997,-0.6562499999994874,0.0,0.8374999999989531,0.20754716981112495,96.0,151.0,106.0,80.0,83.0,78.0,22.0,67.0,2.5271966527191365,2.0392156862738435,1
-0.18151815181512163,-0.5384615384610207,-0.30919220055701696,-0.46067415730285316,0.19676396457511539,-0.6756756756752192,-0.5666666666664778,1.489928130858187,0.1935483870966181,0.2765957446807334,148.0,179.0,235.0,124.0,76.0,80.0,65.0,24.0,2.273015873015512,2.461538461537515,1
-0.4026845637582542,0.13114754098349907,-0.4654654654653257,0.393939393938996,-1.0,-0.12658227848093256,-0.7810218978099339,0.0,0.7752808988755334,0.12295081967208077,118.0,209.0,244.0,89.0,0.0,53.0,30.0,69.0,2.6751999999995717,2.4228571428557584,1
-0.021052631578941827,0.46192893400991786,-0.10144927536229434,0.48453608247397706,1.0,-0.1272727272726887,-0.6402877697839424,0.0,0.7741935483866806,0.2192982456139389,141.0,194.0,228.0,186.0,140.0,53.0,50.0,144.0,2.170629370629067,1.0871794871792084,1
-0.0365853658536511,-0.028571428571346938,-0.014553014553011528,-0.4333333333326111,0.9350146992648356,-0.8661417322831236,-0.7003484320555051,10.0,0.07172995780587692,0.1762295081966491,201.0,255.0,244.0,237.0,57.0,18.0,43.0,17.0,2.151898734176988,1.309090909089719,1
-0.07506053268763316,0.47712418300622417,0.02412868632707128,0.8079999999993536,0.942007319851712,-0.25657894736833664,-0.8762886597933628,10.0,0.5916230366489049,0.06593406593402971,98.0,222.0,182.0,191.0,15.0,40.0,12.0,113.0,2.4229195088673365,1.538461538460799,1
-0.08924485125856081,0.3378378378376096,0.04736842105261912,0.4558823529408413,0.8117502305368648,-0.3355704697985451,-0.6605504587152934,9.624182986213683,0.49748743718567967,0.2044198895026495,232.0,238.0,181.0,199.0,25.0,49.0,37.0,99.0,2.0992282249170784,1.7657657657649706,1
0.0019646365422392995,0.3223140495865105,0.15124153498867918,0.7021276595737211,0.6455425483257301,-0.5223880597013366,-0.861386138613435,4.642426163963719,0.3137254901959554,0.07446808510634337,168.0,254.0,188.0,255.0,83.0,41.0,14.0,80.0,2.182599355531452,1.3387755102035352,1
0.08614232209734601,0.43689320388307096,0.07407407407404665,0.9999999999986486,0.8620689654368537,-0.3242009132418611,-0.9999999999992,10.0,0.510344827585855,0.0,210.0,122.0,125.0,145.0,81.0,29.0,0.0,74.0,1.6293823038394608,1.089201877933761,1
0.3110539845757555,0.4285714285707483,0.24390243902433076,0.9999999999977778,0.6078431372054125,-0.6999999999997667,-0.999999999999355,4.099999998310889,0.17647058823522493,0.0,218.0,134.0,155.0,255.0,0.0,18.0,0.0,45.0,1.4466936572197777,1.777777777775583,1
0.28834355828212016,0.3459119496853171,0.2574850299400427,0.8608695652166427,0.5395288201396543,-0.3249211356465852,-0.8787878787872131,3.343377147334604,0.5095238095235669,0.06451612903220603,172.0,116.0,124.0,210.0,152.0,52.0,8.0,107.0,1.5114006514655518,1.1460055096415576,1
0.35849056603763924,0.42622950819637195,0.5089820359279913,0.6893203883488453,0.15049485735175486,-0.4867256637166706,-0.6734693877544148,1.3543118215491134,0.34523809523795823,0.19512195121927423,121.0,119.0,82.0,252.0,122.0,35.0,16.0,87.0,1.5581014729948348,1.0035842293903214,1
0.0857142857142585,0.3195876288656499,0.06211180124221674,0.6842105263148892,0.8335523432959554,-0.45531914893597647,-0.852760736195796,10.0,0.37426900584773437,0.07947019867544407,169.0,144.0,151.0,171.0,45.0,33.0,12.0,64.0,1.8343949044583066,1.5085714285705667,1
-0.1888111888111448,0.6393442622947326,-0.1888111888111448,0.5873015873012766,1.0,-0.07407407407405121,-0.7346938775507705,0.0,0.8620689655167459,0.15294117647052827,96.0,255.0,255.0,174.0,42.0,33.0,39.0,150.0,2.61538461538428,1.0232558139530918,1
-0.013245033112578396,0.6392156862742592,-0.05396825396823684,0.8095238095234591,1.0,0.16759776536308169,-0.7659574468081033,0.0,1.4026845637574479,0.1325301204818479,159.0,153.0,166.0,149.0,73.0,46.0,22.0,209.0,1.9934853420192191,0.9839572192510738,1
0.41221374045785797,0.011494252873550007,0.4341085271316147,0.5999999999989091,0.16041979008873777,-0.6157205240171985,-0.7380952380943594,1.3821428568224934,0.2378378378377093,0.1506849315066429,145.0,77.0,73.0,185.0,25.0,43.0,11.0,44.0,1.2727272727270098,2.2193548387082456,1
-0.09722222222219971,-0.18699186991854716,-0.0692124105011768,0.1363636363634814,1.0,-0.5918367346936361,-0.7099236641218665,0.0,0.25641025641012494,0.1696428571427814,255.0,237.0,224.0,195.0,13.0,73.0,38.0,50.0,2.05194805194783,2.794258373204405,1
0.0520231213872682,0.7956989247307551,-0.010869565217388352,0.9999999999994013,1.0,-0.04297994269339743,-0.9999999999994624,0.0,0.9175824175819135,0.0,253.0,164.0,186.0,182.0,0.0,19.0,0.0,167.0,1.7195281782435492,0.7414634146337847,1
0.01744186046511121,0.7499999999994486,-0.06417112299463525,0.7629629629623979,1.0,-0.19047619047612568,-0.8511627906972786,0.0,0.6799999999996115,0.08040201005021086,206.0,169.0,199.0,175.0,19.0,17.0,16.0,119.0,1.8803894297632988,0.790697674418145,1
0.03081232492996336,0.5465116279066591,-0.0027100271002702685,0.5833333333329862,1.0,-0.16088328075704705,-0.6818181818178719,0.0,0.7228260869561289,0.18918918918908695,113.0,173.0,185.0,184.0,23.0,39.0,35.0,133.0,2.1524105754273477,1.3333333333327635,1
0.5206611570245783,0.6341463414630281,0.4545454545452749,0.9999999999992538,0.374999999974068,-0.15723270440246628,-0.9999999999985507,2.199999999515228,0.7282608695648216,0.0,101.0,58.0,69.0,184.0,74.0,30.0,0.0,134.0,1.157107231919911,0.8955223880593673,1
-0.07344632768359508,0.006451612903221645,-0.006060606060604224,0.5757575757569942,1.0,-0.35537190082629944,-0.775401069518302,0.0,0.475609756097271,0.12650602409630934,200.0,190.0,166.0,164.0,73.0,77.0,21.0,78.0,2.043010752687897,2.019672131146879,1
0.08181818181814464,0.5833333333328472,0.04845814977971434,0.7431192660543641,0.8775656079764917,-0.11214953271022797,-0.770491803278057,10.0,0.7983193277304216,0.1296296296295096,162.0,101.0,108.0,119.0,65.0,25.0,14.0,95.0,1.6728778467905439,0.9523809523804989,1
-0.027956989247305816,-0.5211267605626463,0.002217294900221238,-0.2608695652168242,1.0,-0.8600823045263951,-0.7716535433067828,0.0,0.07522123893801982,0.1288888888888316,255.0,239.0,225.0,226.0,0.0,54.0,29.0,17.0,1.9937434827943696,3.455999999997235,1
0.0,0.2812499999997803,0.0,0.22388059701475832,0.9999999995533333,-0.5133531157268506,-0.6612377850160713,10.0,0.3215686274508543,0.203921568627371,255.0,255.0,255.0,255.0,77.0,46.0,52.0,82.0,1.999999999999804,1.4661354581667467,1
0.13454545454540562,0.3235294117645473,0.20930232558131423,0.40624999999978845,0.31995277444619113,-0.07216494845358346,-0.2830188679243503,1.9409722212946103,0.8653846153840608,0.5588235294112168,168.0,119.0,102.0,156.0,27.0,69.0,57.0,135.0,1.6939501779356416,1.8399999999993868,1
0.35159817351582123,0.5116279069764468,0.1887550200802455,0.5204678362570057,0.4677130935163377,-0.06474820143882563,-0.4225352112673081,2.7573721523274015,0.878378378377785,0.405940594059004,123.0,71.0,101.0,148.0,50.0,42.0,41.0,130.0,1.3753026634379237,1.2727272727267906,1
-0.0773993808049296,0.4137931034475624,-0.11834319526623718,0.18840579710117622,1.0,-0.5684210526312798,-0.7419354838706259,0.0,0.2751677852347147,0.14814814814806979,40.0,174.0,189.0,149.0,36.0,17.0,28.0,41.0,2.592178770949238,1.2252252252241214,1
-0.09790209790206368,0.3576642335763813,-0.05494505494503482,0.3676470588232591,1.0,-0.16216216216208912,-0.5401069518713689,0.0,0.7209302325575807,0.29861111111090377,189.0,157.0,144.0,129.0,57.0,44.0,43.0,93.0,1.9873417721515843,1.478991596638034,1
-0.19597989949738898,0.6249999999980469,-0.12087912087905447,-0.28767123287631824,0.40825350046804526,-0.5094339622636703,-0.36912751677827577,2.3798256557650683,0.3249999999995937,0.4607843137250384,131.0,119.0,102.0,80.0,41.0,6.0,47.0,26.0,2.1202672605785926,0.6075949367080916,1
0.15815085158147005,-0.9199999999963201,0.0967741935483648,-0.9428571428544489,1.0,-0.991631799162765,-0.7043478260866504,0.0,0.004201680672267142,0.17346938775501355,83.0,173.0,196.0,238.0,79.0,24.0,34.0,1.0,2.0749625187403185,1.4999999999988283,1
-0.32467532467524035,0.06666666666657778,-0.3229166666665826,0.11111111111095678,-1.0,-0.5294117647055709,-0.7762237762235048,0.0,0.307692307692071,0.12598425196845434,141.0,255.0,254.0,130.0,0.0,35.0,32.0,40.0,2.6120358514721365,2.5454545454522313,1
0.09560723514209415,0.27906976744169826,0.1745152354570154,0.7322834645663525,0.6150959733769512,-0.31677018633530535,-0.7951807228910873,4.196100485032495,0.5188679245280572,0.11409395973146706,227.0,175.0,149.0,212.0,88.0,62.0,17.0,110.0,1.7743979721163783,1.5403726708069752,1
0.2711864406778895,0.624242424242046,0.5463917525771318,0.7866666666661423,0.18024334913047615,-0.2534818941503472,-0.609756097560232,1.43974842740899,0.5955555555552909,0.2424242424238751,255.0,129.0,66.0,225.0,75.0,31.0,16.0,134.0,1.3983739837396478,0.9151291512911752,1
0.2615384615383945,-0.23076923076887573,0.3050397877983276,0.04166666666657986,-0.7596429707726748,-0.8154981549812489,-0.701298701298246,0.13659420285352322,0.1016260162601213,0.17557251908383545,255.0,144.0,131.0,246.0,71.0,40.0,23.0,25.0,1.4600760456271913,1.8181818181807852,1
0.1455847255369581,0.4434782608693724,0.4589665653494046,0.6938775510200542,0.20376647832497558,-0.18226600985217187,-0.49579831932731444,1.5118259220922392,0.6916666666663785,0.3370786516850145,227.0,179.0,89.0,240.0,183.0,64.0,30.0,166.0,1.7357575757573653,1.0733752620542822,1
0.3504823151124275,0.6021505376340849,0.6091954022986172,0.999999999999329,0.2428571428419155,-0.16991643454034264,-0.9999999999980392,1.6415094336923362,0.7095238095234717,0.0,239.0,101.0,51.0,210.0,214.0,37.0,0.0,149.0,1.2411674347156312,0.6773455377572821,1
0.3006134969324231,0.3442622950814028,0.3006134969324231,0.012345679012330437,-0.9211035815063305,-0.675889328062974,-0.48051948051916854,0.041068279149817664,0.19339622641500312,0.35087719298214837,147.0,114.0,114.0,212.0,73.0,20.0,40.0,41.0,1.5536626916522054,1.0389610389603643,1
-0.283667621776423,0.6718749999994752,-0.2857142857142041,0.46575342465721525,1.0,-0.07758620689651828,-0.7045454545451877,0.0,0.8559999999993152,0.17333333333325632,70.0,224.0,225.0,125.0,87.0,21.0,39.0,107.0,2.786936236391479,0.7118644067793595,1
-0.11827956989243073,0.47305389221528565,-0.10218978102186052,0.36666666666646297,1.0,0.0,-0.45192307692285966,0.0,0.999999999999187,0.3774834437083593,125.0,156.0,151.0,123.0,31.0,44.0,57.0,123.0,2.2285714285710303,1.4545454545448535,1
0.2561576354679172,0.13846153846132545,0.24999999999993874,0.072463768115837,-0.5505617975824926,-0.7465753424654977,-0.6540540540537005,0.28985507234747704,0.1450980392156294,0.20915032679724893,234.0,151.0,153.0,255.0,118.0,28.0,32.0,37.0,1.527180783817759,1.0616113744070799,1
-0.131455399061002,0.3090909090906281,0.0081743869209787,0.1612903225805151,0.9035269704211426,-0.43968871595313636,-0.5555555555553182,10.0,0.3891891891889788,0.28571428571412877,255.0,241.0,182.0,185.0,19.0,38.0,52.0,72.0,2.0911062906722244,1.8203592814360359,1
0.35081967213103254,0.48571428571382314,0.2795031055899753,0.9999999999987179,0.5631067960721634,-0.450704225351954,-0.9999999999991379,3.577777776494252,0.3786407766988453,0.0,255.0,99.0,116.0,206.0,24.0,27.0,0.0,78.0,1.2018209408192408,1.384615384614497,1
0.13065326633162547,-0.3043478260862949,0.06382978723402746,0.032258064516024976,-0.3285714282308129,-0.8672199170120883,-0.8591549295770615,0.5053763432927545,0.07111111111107951,0.0757575757575375,215.0,173.0,198.0,225.0,0.0,30.0,15.0,16.0,1.7608142493636436,3.15789473683795,1
-0.1079812206572263,0.48387096774154525,-0.34482758620677767,0.7864077669895277,1.0,-0.016042780748654523,-0.8932038834947121,0.0,0.9684210526305596,0.05641025641022748,166.0,118.0,195.0,95.0,6.0,32.0,11.0,92.0,1.8993963782692356,1.5802469135792716,1
0.11353711790390535,-0.16853932584250725,0.0874200426439046,0.9999999999972973,0.8392156861969667,-0.7465753424654977,-0.9999999999995328,10.0,0.1450980392156294,0.0,190.0,203.0,214.0,255.0,0.0,52.0,0.0,37.0,1.9083431257342058,2.9503546099269857,1
0.21428571428565543,-0.8315789473675457,0.08866995073889442,-0.6190476190461451,1.0,-0.9301310043664061,-0.6894977168946623,0.0,0.036199095022608055,0.18378378378368446,209.0,143.0,185.0,221.0,16.0,87.0,34.0,8.0,1.5977653631282684,3.51515151514974,1
0.07650273224041626,0.0,0.04787234042551918,0.6438356164374742,0.8615822183520716,-0.5330739299608821,-0.8645833333328831,10.0,0.30456852791862715,0.07262569832398177,220.0,169.0,179.0,197.0,52.0,60.0,13.0,60.0,1.7907284768209548,2.0689655172404877,1
0.01686746987951401,0.12499999999986978,0.01686746987951401,0.36708860759447204,0.9121385444080451,-0.5924528301884557,-0.7816593886459469,10.0,0.2559241706159925,0.12254901960778307,241.0,204.0,204.0,211.0,0.0,42.0,25.0,54.0,1.8976744186044303,2.434782608693888,1
0.04524886877827031,0.9999999999992,-0.027368421052625817,0.8248175182475732,1.0,-0.2977528089886804,-0.9062499999996461,0.0,0.5411255411253069,0.04918032786883231,195.0,211.0,244.0,231.0,25.0,0.0,12.0,125.0,1.9905660377356142,0.0,1
-0.008064516129029007,0.6455696202523473,0.07894736842101802,0.32653061224456476,0.610596026339297,-0.30851063829770825,-0.5217391304344046,4.1360544165272985,0.5284552845524159,0.31428571428541496,40.0,125.0,105.0,123.0,43.0,14.0,33.0,65.0,2.4213075060526825,0.8235294117641004,1
0.3384615384614083,-0.37142857142821767,0.34883720930219037,0.03124999999995117,-0.8355640533176275,-0.681159420289526,-0.4608695652169905,0.08958333330754753,0.18965517241368413,0.3690476190471797,116.0,86.0,84.0,174.0,0.0,72.0,31.0,33.0,1.489177489177167,3.254237288133755,1
-0.08059701492534908,0.19230769230750738,-0.02222222222221517,0.44186046511576527,1.0,-0.42592592592572875,-0.7405405405401403,0.0,0.4025974025971412,0.14906832298127387,118.0,181.0,161.0,154.0,58.0,42.0,24.0,62.0,2.2839116719239296,1.6470588235286046,1
0.03163017031629401,-0.517241379309453,0.09278350515461527,-0.31707317073093394,1.0,-0.8761061946898778,-0.7339901477828897,0.0,0.06603773584902546,0.15340909090900376,197.0,199.0,176.0,212.0,0.0,44.0,27.0,14.0,1.9727385377940554,3.4509803921534794,1
0.08296943231437426,0.4942528735626503,0.05531914893614667,0.6455696202523473,0.8421457115305078,-0.312169312169147,-0.7759999999993792,10.0,0.524193548386674,0.12612612612601248,119.0,105.0,111.0,124.0,68.0,22.0,14.0,65.0,1.85430463576118,0.994350282485314,1
-0.08547008547006721,0.7674418604645215,-0.0874200426439046,0.7404580152666104,1.0,-0.3048780487803949,-0.8749999999996784,0.0,0.5327102803735829,0.06666666666664052,181.0,254.0,255.0,214.0,111.0,15.0,17.0,114.0,2.2502768549277685,0.4705882352939331,1
-0.23776223776215463,0.45762711864329214,-0.33738601823697956,0.4333333333326111,1.0,-0.43421052631550383,-0.8565400843878243,0.0,0.3944954128436748,0.07727272727269216,210.0,177.0,220.0,109.0,110.0,16.0,17.0,43.0,2.1040118870724958,0.6918918918915179,1
0.35374149659851917,0.29411764705857635,0.28387096774184395,0.4259259259255315,0.20013465743658748,-0.44202898550708625,-0.5633802816897442,1.5004208748914125,0.3869346733666398,0.2792792792790277,158.0,95.0,111.0,199.0,53.0,42.0,31.0,77.0,1.389396709323329,1.5700934579431916,1
0.2745591939545908,0.44117647058791093,0.17674418604647052,0.9999999999989796,0.6996047430233502,-0.4415954415953158,-0.9999999999994351,5.65789473363647,0.3873517786559734,0.0,255.0,144.0,177.0,253.0,125.0,38.0,0.0,98.0,1.4472361809043408,1.016722408026416,1
-0.07647058823527163,0.3409090909087035,-0.08720930232555604,0.06306306306300624,-1.0,-0.45370370370349367,-0.5648535564851194,0.0,0.3757961783437097,0.27807486631001177,196.0,183.0,187.0,157.0,25.0,29.0,52.0,59.0,2.0361613351874777,1.633802816900258,1
-0.05172413793101962,0.6842105263154894,0.20879120879113233,0.9692307692302723,0.6455223880048617,0.07563025210081915,-0.9459459459450937,4.64210526093389,1.1636363636356586,0.027777777777752057,236.0,183.0,108.0,165.0,166.0,36.0,3.0,192.0,1.9087353324638971,0.6697674418603093,1
0.1753246753246184,0.8319327731088942,0.38167938931283146,0.7868852459013169,0.3467551938019696,0.0927318295739116,-0.5140186915883046,2.0616393437220872,1.204419889502097,0.32098765432059134,255.0,127.0,81.0,181.0,126.0,20.0,26.0,218.0,1.4724637681157284,0.41666666666655816,1
-0.2787878787877943,0.1679999999998656,-0.11524163568768951,0.247863247863036,1.0,-0.23958333333320855,-0.546391752577038,0.0,0.613445378150745,0.2933333333331378,82.0,211.0,150.0,119.0,140.0,52.0,44.0,73.0,2.709470304975488,1.3123028391163054,1
-0.44303797468335737,0.4978723404253201,-0.3831775700932789,0.7599999999996201,1.0,0.45454545454526674,-0.7209302325577205,0.0,2.666666666662626,0.16216216216205262,128.0,171.0,148.0,66.0,148.0,59.0,24.0,176.0,2.552238805969673,1.0678733031671792,1
0.052980132450313584,0.9029126213583467,0.308641975308515,0.704347826086344,0.39063162353055264,-0.2373540856030205,-0.6633663366330066,2.2820869557812973,0.616352201257474,0.20238095238071144,143.0,143.0,84.0,159.0,129.0,5.0,17.0,98.0,1.9455782312921859,0.16877637130794568,1
0.26237623762369744,0.5263157894732226,0.2718204488777377,0.5675675675670563,0.3523365986408933,-0.49122807017529496,-0.7176470588231073,2.0880238028506106,0.3411764705881015,0.16438356164372303,215.0,149.0,146.0,255.0,0.0,27.0,24.0,87.0,1.5520833333331312,1.531914893615935,1
0.18656716417903488,0.55999999999944,0.17777777777771195,0.7142857142849294,0.601423487476832,-0.34177215189859,-0.7903225806445239,4.01785714059417,0.4905660377355406,0.1171171171170116,194.0,109.0,111.0,159.0,4.0,22.0,13.0,78.0,1.527145359018997,1.3968253968242883,1
0.5352112676054454,0.35329341317344115,0.17837837837833018,0.999999999999115,0.6972477063626903,-0.3172205438065507,-0.9999999999993422,5.606060602914368,0.5183486238529733,0.0,255.0,66.0,152.0,218.0,75.0,54.0,0.0,113.0,0.8727272727271284,1.4594594594589665,1
-0.024096385542161418,-0.96774193548231,-0.027027027027018913,-0.9166666666628472,0.9427207638228322,-0.9877300613490874,-0.7628865979377512,10.0,0.00617283950616903,0.13450292397652955,158.0,170.0,171.0,162.0,0.0,61.0,23.0,1.0,2.0606060606057484,3.9674796747935224,1
-0.13235294117642193,-0.1752577319585822,-0.30791788856295954,0.9999999999975,1.0,-0.49367088607563697,-0.9999999999995516,0.0,0.33898305084717034,0.0,166.0,154.0,223.0,118.0,37.0,57.0,0.0,40.0,2.0810810810807294,2.387434554972572,1
0.2911392405062554,-0.5327102803733339,0.24087591240870052,0.020408163265264474,-0.8437856325165454,-0.8214285714282781,-0.7333333333329259,0.08472479897518738,0.09803921568623607,0.15384615384605524,207.0,140.0,156.0,255.0,13.0,82.0,24.0,25.0,1.5094339622639474,3.24752475247364,1
0.27792207792200574,-0.2428571428569694,0.268041237113333,0.039215686274471355,-0.7447368418630416,-0.6454849498325601,-0.486910994764143,0.14630467566175176,0.21544715447145715,0.3450704225349683,219.0,139.0,142.0,246.0,79.0,87.0,49.0,53.0,1.4966352624493273,2.2745098039208256,1
0.2977099236640464,-0.10843373493962839,0.2911392405062554,0.0882352941175173,-0.5348380764050886,-0.7465753424654977,-0.6374269005844226,0.3030690536039733,0.1450980392156294,0.2214285714284133,255.0,138.0,140.0,255.0,33.0,46.0,31.0,37.0,1.4045801526715769,2.271604938270203,1
0.16442048517515784,-0.9999999999960001,0.11340206185564088,-0.999999999975,1.0,-0.9999999999995371,-0.9545454545449122,0.0,0.0,0.02325581395347485,243.0,155.0,172.0,216.0,0.0,25.0,4.0,0.0,1.6124837451233274,3.9999999999919997,1
0.0454545454545307,0.23809523809410432,-0.07736389684811537,0.9999999999923077,1.0,-0.8505747126431894,-0.9999999999994682,0.0,0.08074534161485669,0.0,131.0,147.0,188.0,161.0,1.0,8.0,0.0,13.0,2.00682593856621,2.1333333333262225,1
0.022332506203468404,0.5963302752288107,0.024875621890541075,0.8124999999991537,0.940586706163158,-0.406143344709759,-0.9121951219507746,10.0,0.4223300970871737,0.04591836734691535,184.0,197.0,196.0,206.0,175.0,22.0,9.0,87.0,2.0102040816323967,0.5751633986926226,1
0.025089605734758033,-0.11111111111099888,0.0514705882352752,-0.22807017543839642,1.0,-0.5294117647055993,-0.2964824120601525,0.0,0.30769230769209255,0.5426356589143081,147.0,136.0,129.0,143.0,61.0,55.0,70.0,44.0,1.935943060497876,2.046511627906025,1
-0.2878787878786788,0.06451612903220603,-0.2539682539681532,0.24528301886769313,-1.0,-0.17499999999989063,-0.595959595959295,0.0,0.7021276595737211,0.25316455696186513,164.0,170.0,158.0,94.0,80.0,58.0,40.0,66.0,2.2742474916384157,1.770992366411538,1
0.1153846153845784,-0.9999999999968749,0.12621359223296888,-0.99999999998,1.0,-0.9999999999994253,-0.9285714285707654,0.0,0.0,0.037037037037009606,178.0,138.0,135.0,174.0,0.0,32.0,5.0,0.0,1.7579617834392105,3.99999999999375,1
0.5682539682537879,0.6592592592587709,0.461538461538325,0.6231884057966499,0.14902363821832337,-0.37604456824502064,-0.5555555555550807,1.3502415456005885,0.45344129554637513,0.2857142857139717,196.0,68.0,91.0,247.0,16.0,23.0,26.0,112.0,0.9395509499134819,1.0574712643672084,1
-0.4391891891890408,0.7368421052626732,-0.4154929577463326,0.6923076923072485,1.0,0.22790697674408006,-0.7866666666663171,0.0,1.5903614457812163,0.11940298507456747,172.0,213.0,201.0,83.0,47.0,20.0,24.0,132.0,2.5022026431714384,0.7305936073056025,1
-0.22413793103438617,0.531249999999585,-0.3571428571427296,0.7345132743356332,1.0,0.04255319148933907,-0.8536585365849495,0.0,1.088888888887679,0.07894736842101109,122.0,142.0,190.0,90.0,97.0,30.0,15.0,98.0,2.2903225806446996,0.9411764705878662,1
-0.019718309859149376,0.22413793103428953,-0.011363636363633136,0.47916666666616753,1.0,-0.4204081632651345,-0.753694581280417,0.0,0.4080459770112598,0.1404494382021683,202.0,181.0,178.0,174.0,40.0,45.0,25.0,71.0,1.96205962059594,1.791044776118512,1
0.2492492492491744,0.6842105263151893,0.16526610644253073,0.7297297297290724,0.6306885467065398,-0.36842105263145775,-0.8170731707312091,4.415483277215577,0.4615384615382397,0.10067114093952977,235.0,125.0,149.0,208.0,108.0,18.0,15.0,96.0,1.4430014430012348,0.5999999999997501,1
-0.0328638497652505,-0.9999999999985294,-0.10629067245117,-0.9999999999962964,0.807843137327319,-0.9999999999995146,-0.8085106382975856,9.408163274124671,0.0,0.10588235294113495,101.0,220.0,255.0,206.0,41.0,68.0,27.0,0.0,2.35609103078951,3.0734463276818795,1
-0.19704433497532092,0.6037735849050908,-0.08426966292132465,0.4912280701750077,1.0,-0.3145161290321313,-0.738738738738406,0.0,0.5214723926377169,0.1502590673574351,255.0,243.0,193.0,163.0,9.0,21.0,29.0,85.0,2.150442477875868,1.2352941176461507,1
0.1767810026384758,0.4598540145982045,0.164490861618756,0.2269938650305356,0.1596563011047089,-0.3808049535602536,-0.4349775784751413,1.379978575458169,0.44843049327334156,0.39374999999975396,199.0,156.0,160.0,223.0,126.0,37.0,63.0,100.0,1.700272479563801,0.9866666666663378,1
-0.43661971830973617,0.26262626262613,-0.43661971830973617,0.37362637362616835,-1.0,0.11111111111106173,-0.6346153846151812,0.0,1.2499999999987499,0.22352941176461824,139.0,255.0,255.0,100.0,72.0,73.0,57.0,125.0,2.7236315086778737,1.702623906705043,1
-0.37984496124016287,0.3437499999998657,-0.37984496124016287,0.7731958762882613,1.0,0.36507936507922023,-0.77999999999961,0.0,2.1499999999973123,0.12359550561790811,198.0,178.0,178.0,80.0,71.0,84.0,22.0,172.0,2.2460567823340303,1.6350364963499673,1
0.11602209944748176,0.26380368098143325,0.4076655052263388,0.9999999999990291,0.4207920791777717,-0.32459016393431983,-0.9999999999988235,2.452991452388209,0.5099009900987576,0.0,81.0,160.0,85.0,202.0,132.0,60.0,0.0,103.0,2.122719734659681,1.3521126760559572,1
0.4090909090907763,0.0,0.23999999999993143,0.2777777777770062,0.07296137337522729,-0.8083333333329966,-0.8219178082186152,1.15740740692227,0.10599078341008941,0.09774436090218215,215.0,91.0,133.0,217.0,35.0,23.0,13.0,23.0,1.1856677524428036,1.769230769229068,1
0.07975460122696941,-0.999999999996154,0.18518518518512284,0.0,-0.99999999946,-0.9999999999994319,-0.9999999999991735,0.0,0.0,0.0,172.0,150.0,121.0,176.0,0.0,26.0,0.0,0.0,1.8518518518515659,3.9999999999923075,1
0.34680134680123004,0.026548672566348186,0.21580547112455448,0.31818181818145663,0.19172056917456226,-0.5503875968990115,-0.6226415094335707,1.4743918046932893,0.28999999999985504,0.23255813953470347,150.0,97.0,129.0,200.0,19.0,55.0,30.0,58.0,1.4264705882350317,2.35294117646933,1
-0.14124293785302755,0.0,-0.2962962962961591,-0.06666666666657778,-0.6326530613990532,-0.3693693693690366,-0.5555555555552469,0.2250000000757417,0.4605263157888677,0.28571428571408164,105.0,101.0,140.0,76.0,25.0,35.0,40.0,35.0,2.109660574411982,2.1538461538444973,1
-0.1660516605165439,0.4636871508377298,-0.2441471571905538,0.4010695187163631,1.0,0.07377049180324846,-0.5371900826444062,0.0,1.159292035397204,0.30107526881704244,166.0,158.0,186.0,113.0,60.0,48.0,56.0,131.0,2.1243697478988026,1.3379790940761889,1
0.10028653295126067,0.14838709677409784,0.17073170731702111,0.01714285714284735,-0.8175074179625355,-0.3665480427044959,-0.22522522522512378,0.10040816320646888,0.46354166666642527,0.6323529411760057,109.0,157.0,136.0,192.0,64.0,66.0,86.0,89.0,2.042276422763895,1.8526315789467185,1
0.17915309446248237,0.20467836257297972,0.04624277456646062,0.2484848484846979,0.686199928448893,-0.274647887323847,-0.4537444933918706,5.373484836862985,0.5690607734803487,0.37575757575734803,141.0,126.0,165.0,181.0,106.0,68.0,62.0,103.0,1.7560975609753038,1.5768115942024417,1
0.09913793103446139,0.2962962962961134,0.0,0.4189189189186359,0.9999999997612903,-0.41666666666655094,-0.7114093959729156,10.0,0.4117647058821915,0.16862745098032603,235.0,209.0,255.0,255.0,102.0,57.0,43.0,105.0,1.841409691629753,1.420560747663109,1
0.11597374179428535,0.11999999999976,0.009900990099007941,0.8666666666637778,0.9774096384426427,-0.8021201413424728,-0.9841269841265936,10.0,0.1098039215685844,0.0079999999999968,255.0,202.0,250.0,255.0,34.0,22.0,2.0,28.0,1.768052516411185,1.6603773584889996,1
-0.017793594306043492,0.23636363636342148,-0.09508196721308358,0.9999999999985294,1.0,-0.33980582524255354,-0.9999999999994013,0.0,0.4927536231880488,0.0,211.0,143.0,167.0,138.0,56.0,42.0,0.0,68.0,1.8015748031493224,1.615384615383839,1
-0.23508771929816313,0.4039215686272926,-0.1773584905659708,0.8549222797923032,1.0,0.24305555555547118,-0.8352941176465676,0.0,1.6422018348608787,0.08974358974353222,157.0,176.0,156.0,109.0,142.0,76.0,14.0,179.0,2.278317152103191,1.2854122621561765,1
0.34545454545444076,0.49999999999967953,0.1746031746031284,0.5394736842101714,0.5109681192614366,-0.30973451327424495,-0.6335078534028097,3.0897129168895088,0.5270270270267896,0.22435897435883057,153.0,108.0,156.0,222.0,54.0,39.0,35.0,117.0,1.4619289340099049,1.253012048192268,1
0.07103825136610081,0.36690647481988,0.22118380062298407,0.5079365079361048,0.39328585955928475,-0.34707903780056804,-0.6025641025637164,2.2964453376595,0.48469387755077314,0.2479999999998016,129.0,170.0,125.0,196.0,63.0,44.0,31.0,95.0,2.0451127819545794,1.430894308942508,1
0.0692307692307426,-0.9999999999941177,0.022058823529403655,-0.9999999999933333,1.0,-0.9999999999992807,-0.7972972972967587,0.0,0.0,0.11278195488713326,106.0,121.0,133.0,139.0,81.0,17.0,15.0,0.0,1.9876796714574974,1.1826086956511455,1
0.2911392405062554,0.5362318840571939,0.42857142857130853,0.3249999999995937,-0.1374407582760761,-0.655844155843943,-0.5813953488367587,0.7583333331556533,0.20784313725482045,0.26470588235268167,222.0,140.0,102.0,255.0,78.0,16.0,27.0,53.0,1.47952443857312,0.7852760736191502,1
-0.09493670886072945,0.17777777777758025,-0.15634218289080934,0.27710843373460586,1.0,-0.4591836734691535,-0.7345132743359583,0.0,0.3706293706291115,0.15306122448971785,167.0,173.0,196.0,143.0,97.0,37.0,30.0,53.0,2.1097560975606537,1.3214285714279816,1
0.2531120331949157,0.1337579617833543,0.4046511627905095,0.4590163934422467,0.06294694093011781,-0.2583333333332257,-0.3195876288656499,1.1343508570774758,0.5894039735095435,0.5156249999991943,160.0,90.0,64.0,151.0,126.0,68.0,33.0,89.0,1.4663951120159946,1.5498575498571083,1
-0.13782991202342,-0.06666666666661111,-0.06070287539934163,-0.05084745762707555,-0.08834951464257026,-0.4482758620687447,-0.45614035087699295,0.8376449612367378,0.38095238095212186,0.3734939759033895,234.0,194.0,166.0,147.0,3.0,64.0,62.0,56.0,2.018205461638229,2.737967914437039,1
0.20379146919421623,0.6708860759489426,0.21531100478458598,0.5714285714282313,0.4526498696209591,0.019305019305011852,-0.3898305084742459,2.653968252735323,1.039370078739339,0.43902439024336704,79.0,84.0,82.0,127.0,97.0,26.0,36.0,132.0,1.796791443849787,0.7402135231314092,1
-0.1010101010100755,0.23749999999985158,-0.12098765432095779,0.015384615384607496,-1.0,-0.28519855595657573,-0.4055727554178311,0.0,0.5561797752805865,0.42290748898659786,171.0,218.0,227.0,178.0,98.0,61.0,96.0,99.0,2.221656050955131,1.5297805642628435,1
-0.47003154574117667,0.3749999999997396,-0.37313432835806976,0.5967741935479058,1.0,0.08196721311470931,-0.7607655502388705,0.0,1.1785714285700255,0.13586956521731747,189.0,233.0,184.0,84.0,141.0,45.0,25.0,99.0,2.522327469553109,1.0909090909087604,1
0.18543046357609755,0.5634517766494602,0.14376996805107228,0.595854922279484,0.6112354520211462,-0.07507507507505254,-0.5491329479765612,4.144502012084781,0.8603351955302457,0.29104477611918583,126.0,123.0,134.0,179.0,145.0,43.0,39.0,154.0,1.7858439201448664,0.8935064935062614,1
-0.4892086330933492,0.18120805369115356,-0.3879310344825914,0.15032679738552268,-1.0,0.10691823899364346,-0.424778761061759,0.0,1.239436619716564,0.40372670807428346,58.0,207.0,161.0,71.0,86.0,61.0,65.0,88.0,3.0497237569055153,1.6486486486480918,1
-0.3708609271521951,0.38842975206579466,-0.3379790940765373,0.7142857142849854,1.0,-0.06145251396644612,-0.8640776699024932,0.0,0.8842105263148587,0.07291666666662869,136.0,207.0,192.0,95.0,34.0,37.0,14.0,84.0,2.5674418604647182,1.5416666666658638,1
0.04849884526557772,0.7755102040808413,0.11822660098519255,0.6730769230762759,0.701185202832313,-0.445859872611323,-0.8265306122444763,5.693108969539481,0.3832599118941043,0.0949720670390531,1.0,206.0,179.0,227.0,33.0,11.0,17.0,87.0,2.5749999999995974,0.6197183098587186,1
0.3421052631578047,0.9393939393910927,0.09207708779441283,0.39130434782523627,0.6190292756802702,-0.7770034843202868,-0.8761061946898778,4.249747214789798,0.12549019607838216,0.06603773584902546,238.0,125.0,212.0,255.0,26.0,1.0,14.0,32.0,1.345895020188244,0.13333333333311112,1
-0.01960784313725063,-0.9999999999933333,0.10024449877748161,-0.9999999999968749,1.0,-0.9999999999995556,-0.703703703703378,0.0,0.0,0.17391304347816636,100.0,234.0,184.0,225.0,11.0,15.0,32.0,0.0,2.36065573770462,2.926829268285544,1
0.2953020134227197,0.42857142857091834,0.3084745762710819,0.2903225806448491,-0.03031409787697077,-0.5256916996045353,-0.5111111111107326,0.9411556182691805,0.310880829015383,0.3235294117643887,74.0,105.0,102.0,193.0,117.0,24.0,33.0,60.0,1.761006289307807,0.8533333333329541,1
0.5424836601305417,0.4629629629625343,0.5838926174494685,0.6458333333326606,0.05036952813654101,-0.4984126984125402,-0.5696202531638359,1.1060823752887137,0.33474576271172257,0.2741935483866545,178.0,70.0,62.0,236.0,82.0,29.0,17.0,79.0,1.0108303249095647,1.0593607305931236,1
0.0874200426439046,0.5841584158410058,0.24999999999993874,0.12676056338019243,-0.3271028036517029,-0.5223880597013366,-0.42325581395329154,0.5070422533180771,0.3137254901959554,0.4052287581696698,191.0,214.0,153.0,255.0,40.0,21.0,62.0,80.0,1.9588100686496615,1.037037037036397,1
0.2514619883039465,0.3154362416105266,0.3544303797466111,0.26451612903208743,-0.145269824491643,-0.04390243902436883,0.055555555555504114,0.7463133638447235,0.9158878504664337,1.1176470588213379,99.0,64.0,51.0,107.0,77.0,51.0,57.0,98.0,1.532934131736068,1.4729241877251,1
-0.0207253886010309,0.576086956521426,-0.10426540284357719,0.576086956521426,1.0,-0.13173652694606836,-0.7132352941173848,0.0,0.7671957671953613,0.1673819742488552,60.0,197.0,233.0,189.0,119.0,39.0,39.0,145.0,2.451010886469292,0.9122807017541192,1
-0.32247557003246824,0.26388888888870565,-0.37910447761182714,0.6697247706415874,1.0,-0.06666666666663248,-0.8554216867466444,0.0,0.8749999999991587,0.0779220779220442,151.0,203.0,231.0,104.0,98.0,53.0,18.0,91.0,2.456883509833214,1.4372881355927332,1
-0.02872062663184629,-0.874999999998177,-0.05583756345176248,-0.249999999996875,0.6348547719881561,-0.968253968253456,-0.9530516431920408,4.477272735236286,0.016129032258055846,0.024038461538449983,174.0,197.0,208.0,186.0,44.0,45.0,5.0,3.0,2.0901856763922955,2.6277372262754546,1
0.5737704918030906,-0.027777777777739196,0.7777777777774898,0.5217391304336484,-0.19702602229053806,-0.7454545454542744,-0.46341463414521117,0.6708074533286925,0.14583333333327259,0.36666666666544445,133.0,65.0,30.0,240.0,103.0,37.0,11.0,35.0,1.0337972166995957,1.3962264150936812,1
0.07299270072990037,0.41621621621599125,0.01730103806227775,0.679487179486744,0.9503406123293765,-0.05755395683451167,-0.7005988023947901,10.0,0.8911564625844278,0.17605633802804505,144.0,127.0,142.0,147.0,123.0,54.0,25.0,131.0,1.8642201834858962,1.1933701657455267,1
0.4010989010987909,0.92063492063419,0.19999999999995294,0.6133333333329245,0.5081967212488323,-0.3563829787233095,-0.7085427135674832,3.0666666651320105,0.4745098039213826,0.17058823529401732,255.0,109.0,170.0,255.0,88.0,5.0,29.0,121.0,1.1978021978020332,0.18264840182640063,1
0.23350253807100674,0.8117647058813979,0.31351351351342877,0.35087719298214837,0.05623751069634292,-0.518749999999838,-0.5487804878045435,1.1191772531208657,0.3168724279834087,0.29133858267693596,131.0,151.0,127.0,243.0,92.0,8.0,37.0,77.0,1.7869822485204456,0.34594594594575895,1
0.24723247232463202,0.38888888888834877,0.23357664233568118,0.7543859649109572,0.5271548930115975,-0.5433789954335418,-0.8749999999992187,3.2297149108934926,0.29585798816550546,0.06666666666660317,74.0,102.0,105.0,169.0,73.0,22.0,7.0,50.0,1.8255033557042897,1.0538922155682313,1
0.03311258278144599,0.7588652482264122,0.1304347826086484,0.9999999999991935,0.7692307691626311,-0.11428571428567347,-0.9999999999991667,7.6666666607854825,0.7948717948712855,0.0,156.0,146.0,120.0,156.0,139.0,17.0,0.0,124.0,1.9337748344367658,0.4579124579123037,1
0.400843881856371,0.09876543209870448,0.5885167464112017,0.39062499999969486,-0.202107352808396,-0.30196078431360707,-0.048780487804818556,0.6637449185862034,0.53614457831293,0.9069767441839373,107.0,71.0,43.0,166.0,61.0,73.0,39.0,89.0,1.368674698794851,1.9729729729723064,1
-0.05938242280283625,0.46188340807154177,0.1999999999999394,0.5523809523806894,0.4683544303174296,-0.09695290858723077,-0.4748603351952655,2.7619047605233313,0.8232323232319075,0.35606060606033635,255.0,223.0,132.0,198.0,152.0,60.0,47.0,163.0,1.984427141267855,1.1034482758618154,1
0.1745152354570154,-0.013333333333315555,0.1616438356163941,-0.24489795918342358,1.0,-0.7028112449796374,-0.4299065420558739,0.0,0.17452830188671015,0.3986928104572558,194.0,149.0,153.0,212.0,0.0,38.0,61.0,37.0,1.6931818181815776,2.6902654867232827,1
0.26016260162591054,0.39175257731938573,0.08391608391605458,0.560693641618173,0.7396375492675353,-0.06896551724135554,-0.5502958579878401,6.681599221323325,0.870967741934922,0.2900763358776412,180.0,91.0,131.0,155.0,39.0,59.0,38.0,135.0,1.408123791102242,1.61643835616383,1
0.2609819121446354,0.5934065934062674,0.37464788732383814,0.4795918367344492,0.12285070155689151,-0.25449871465289087,-0.37037037037014175,1.2801135488370932,0.5942622950817237,0.45945945945904554,177.0,143.0,111.0,244.0,96.0,37.0,51.0,145.0,1.618104667609389,0.9396825396822414,1
-0.21192052980125434,0.45714285714263947,-0.10188679245279175,0.7191011235951017,1.0,0.12499999999995405,-0.7076023391808728,0.0,1.2857142857132053,0.1712328767122115,242.0,183.0,146.0,119.0,37.0,57.0,25.0,153.0,2.013755158184042,1.4999999999995066,1
-0.009009009009004951,0.6255707762554221,0.0,0.6481481481478482,0.9999999998457143,0.23611111111102914,-0.48648648648615783,10.0,1.6181818181803471,0.3454545454542314,92.0,112.0,110.0,110.0,145.0,41.0,38.0,178.0,2.103286384976032,0.8098765432096766,1
-0.05703422053229771,0.4777070063691225,-0.0274509803921461,0.30337078651668353,1.0,-0.03333333333331945,-0.35751295336769046,0.0,0.9354838709669875,0.47328244274773035,104.0,139.0,131.0,124.0,81.0,41.0,62.0,116.0,2.1976284584975896,1.175627240142948,1
-0.1428571428571036,0.17757009345777797,-0.01577287066245559,0.9999999999984127,1.0,-0.4246575342463815,-0.9999999999993789,0.0,0.403846153845895,0.0,91.0,208.0,161.0,156.0,65.0,44.0,0.0,63.0,2.5098039215682486,1.6296296296288753,1
0.35365853658525803,0.40540540540504016,0.37461300309585926,0.55999999999944,0.19835696301011307,-0.47999999999984,-0.6422764227637054,1.4948760326577735,0.3513513513511931,0.21782178217800216,119.0,106.0,101.0,222.0,11.0,33.0,22.0,78.0,1.5334538878839903,1.7032258064505141,1
0.12499999999996604,0.18518518518484225,-0.021276595744675823,0.9999999999968749,1.0,-0.732217573221451,-0.9999999999995371,0.0,0.15458937198060166,0.0,127.0,161.0,216.0,207.0,42.0,22.0,0.0,32.0,1.9634146341460421,1.4915254237275495,1
-0.025210084033606386,0.31707317073132063,0.03880597014924215,0.588235294116782,0.8762251468777664,-0.5263157894734534,-0.83999999999952,10.0,0.31034482758602855,0.08695652173907643,137.0,183.0,161.0,174.0,71.0,28.0,14.0,54.0,2.16248153618875,1.237569060772797,1
-0.042016806722671426,0.6964285714279496,-0.10236220472436916,0.7117117117110705,1.0,-0.09090909090904742,-0.7948717948712855,0.0,0.8333333333326023,0.11428571428563267,131.0,124.0,140.0,114.0,67.0,17.0,16.0,95.0,2.0121703853951294,0.6938775510200542,1
0.32748538011686334,0.5886524822690861,0.2788732394365412,0.964912280700908,0.5515734265288731,-0.3392330383479825,-0.9692307692300237,3.4600389851119937,0.4933920704843642,0.015624999999987794,129.0,115.0,128.0,227.0,24.0,29.0,2.0,112.0,1.5699658703068993,1.1958762886591774,1
0.047835990888371795,0.5428571428555918,0.06976744186044889,-0.018181818181785124,-1.0,-0.7898832684821829,-0.7543859649119499,0.0,0.11739130434777505,0.13999999999993,97.0,209.0,200.0,230.0,102.0,8.0,28.0,27.0,2.2442953020131213,0.4413793103445232,1
0.19413919413912303,0.22580645161272112,0.031645569620243154,0.6170212765950882,0.9024288975149517,-0.3640167364015213,-0.7894736842100647,10.0,0.4662576687113704,0.11764705882345253,126.0,110.0,153.0,163.0,83.0,48.0,18.0,76.0,1.7288801571705839,1.505882352940586,1
0.020920502092045833,0.6434108527126796,-0.02204408817634829,0.8928571428563457,1.0,-0.39428571428560166,-0.9540229885053817,0.0,0.4344262295080187,0.023529411764696657,147.0,234.0,255.0,244.0,49.0,23.0,6.0,106.0,2.179278230500328,0.9154228855716839,1
-0.01960784313724941,-0.007999999999993599,-0.030470914127415382,0.6756756756747626,1.0,-0.4767932489449465,-0.878787878787435,0.0,0.35428571428551187,0.06451612903222338,91.0,182.0,186.0,175.0,115.0,63.0,12.0,62.0,2.311111111110744,1.6633663366331144,1
0.4010989010987909,-0.49019607843041135,0.1697247706421629,-0.5438596491218528,1.0,-0.9029850746265288,-0.6088888888886183,0.0,0.05098039215684275,0.2430939226517994,136.0,109.0,181.0,255.0,64.0,38.0,44.0,13.0,1.431855500820783,1.986928104573865,1
0.3855799373039544,0.40689655172385736,0.43042071197397075,0.5937499999995361,0.15947467165399953,-0.3684210526314649,-0.54385964912233,1.3794642853931622,0.46153846153825273,0.2954545454542097,67.0,98.0,88.0,221.0,61.0,43.0,26.0,102.0,1.619834710743467,1.3815261044171159,1
0.28104575163380324,0.5999999999996571,0.30666666666646225,0.8918918918912894,0.48827420320640186,0.17647058823521997,-0.733333333332111,2.908343124786031,1.4285714285699709,0.15384615384585798,130.0,55.0,52.0,98.0,61.0,35.0,8.0,140.0,1.301775147928609,1.0332103321029398,1
0.44910179640705117,0.8627450980387928,0.30810810810802486,0.919191919191455,0.49790906660228207,-0.12037037037034251,-0.8823529411758219,2.9833421928995314,0.7851239669418244,0.06249999999995118,179.0,92.0,128.0,242.0,44.0,14.0,8.0,190.0,1.2165289256196334,0.4274809160303712,1
0.769547325102564,0.4809160305339841,0.36942675159223903,0.7321428571422034,0.32927207018152027,-0.378205128205007,-0.7368421052625115,1.9818349748318573,0.4511627906974646,0.15151515151499848,155.0,28.0,99.0,215.0,46.0,34.0,15.0,97.0,0.525821596244008,1.2890995260657399,1
0.4358974358973117,0.14893617021266034,0.2956298200513379,0.5283018867919544,0.2823924176966166,-0.5135135135133593,-0.6913580246909313,1.7870385555878894,0.3214285714284439,0.18248175182468435,155.0,99.0,137.0,252.0,72.0,60.0,25.0,81.0,1.3090909090906926,1.7582417582411143,1
0.05555555555553841,0.4660633484160787,-0.022857142857136328,0.8620689655167459,1.0,-0.027027027027018913,-0.8743455497377621,0.0,0.9473684210520776,0.06703910614521395,170.0,153.0,179.0,171.0,91.0,59.0,12.0,162.0,1.8918083462129995,1.2722371967651558,1
0.094339622641484,0.13966480446919574,0.20474777448065143,0.40689655172385736,0.330500535277696,-0.331147540983498,-0.5141242937850203,1.9873063458551938,0.5024630541869446,0.32089552238782026,215.0,168.0,134.0,203.0,58.0,77.0,43.0,102.0,1.7824933687000288,1.9617834394898213,1
-0.0514018691588665,0.5205992509361347,0.197640117994042,0.6047430830037136,0.5073672585028031,0.0,-0.4623655913976009,3.0598194781282313,0.9999999999995075,0.3676470588232591,158.0,225.0,136.0,203.0,108.0,64.0,50.0,203.0,2.2194821208381974,1.1662870159450647,1
0.2461059190030386,0.6164383561635391,0.025641025641019066,0.16831683168300166,0.7356020938614107,-0.5444015444013343,-0.6379310344824837,6.564356410037758,0.2949999999998525,0.22105263157883104,155.0,121.0,190.0,200.0,64.0,14.0,42.0,59.0,1.6214405360131285,0.7417218543041446,1
0.4697406340056283,0.24607329842919054,0.3527851458885006,0.2864864864863316,-0.10370968463828886,-0.36363636363626645,-0.29787234042537347,0.8120707171034632,0.4666666666664837,0.5409836065569336,255.0,92.0,122.0,255.0,56.0,72.0,66.0,119.0,1.0605187319883198,1.8056426332282742,1
0.028776978417255836,0.6923076923072485,-0.023890784982927002,0.7142857142852506,1.0,-0.03999999999998546,-0.7441860465111952,0.0,0.9230769230762776,0.1466666666665689,111.0,135.0,150.0,143.0,151.0,24.0,22.0,132.0,2.061068702289683,0.5800604229605498,1
-0.3225806451611863,0.15384615384600592,-0.32038834951445944,0.22448979591813828,-1.0,-0.27272727272710745,-0.6859504132228571,0.0,0.5714285714280272,0.18627450980383026,183.0,205.0,204.0,105.0,77.0,44.0,38.0,60.0,2.349570200572729,1.5644444444437493,1
0.18749999999988282,0.9670329670324358,0.4960629921255936,0.6651162790694581,0.14558758593349763,0.30656934306558153,0.0588235294116782,1.3407899591247565,1.884210526313806,1.1249999999964844,39.0,65.0,32.0,95.0,130.0,3.0,36.0,179.0,1.9696969696962237,0.07619047619045201,1
0.1643192488262525,0.8723404255309869,0.21568627450975106,0.5714285714280612,0.4519572953159882,-0.4761904761903345,-0.7391304347822071,2.6493506481205977,0.35483870967727626,0.14999999999990626,166.0,178.0,160.0,248.0,42.0,6.0,24.0,88.0,1.849350649350409,0.33802816901384647,1
0.23287671232870333,0.3676470588232591,0.35135135135124584,0.8415841584150083,0.4109466127961309,-0.41509433962251097,-0.8620689655164983,2.39527798865401,0.41333333333314964,0.07407407407400549,170.0,140.0,108.0,225.0,129.0,43.0,8.0,93.0,1.6592592592590134,1.1168831168827542,1
0.6097560975607632,0.14606741573017296,0.5348837209300549,0.3421052631574446,-0.21981856243178807,-0.6382978723401992,-0.47368421052581716,0.6395881005662946,0.2207792207791252,0.35714285714234695,223.0,56.0,70.0,231.0,77.0,38.0,25.0,51.0,0.7915194346288353,1.490196078430642,1
0.0675241157556053,0.2049689440992516,0.05063291139238904,0.999999999998969,0.9036144577452531,-0.26235741444856947,-0.9999999999993334,10.0,0.5843373493972384,0.0,158.0,145.0,150.0,166.0,74.0,64.0,0.0,97.0,1.8892508143319398,1.7123745819392266,1
0.15584415584410524,0.4074074074071057,0.05637982195844025,0.7431192660543641,0.85896213555034,-0.3040293040291927,-0.8381502890168566,10.0,0.5337078651682395,0.08805031446535344,154.0,130.0,159.0,178.0,27.0,40.0,14.0,95.0,1.75675675675646,1.5841584158408,1
0.42657342657327746,0.5862068965507135,0.17919075144503493,0.277777777777392,0.21574139137882778,-0.6319999999997472,-0.6904761904757796,1.5501792106027288,0.22549019607832085,0.18309859154916686,218.0,82.0,142.0,204.0,20.0,12.0,26.0,46.0,1.1194539249144846,1.0666666666654814,1
0.6363636363633319,0.28205128205092045,0.36799999999985283,0.6129032258054631,0.24967113914787975,-0.5475113122169468,-0.7362637362629272,1.6654978957585826,0.29239766081854246,0.1518987341770229,130.0,38.0,79.0,171.0,16.0,28.0,12.0,50.0,0.8063660477451442,1.8360655737689868,1
-0.027237354085592518,0.6393442622945579,0.06837606837603916,0.999999999999,0.8719999999183122,-0.11111111111106173,-0.9999999999990825,10.0,0.79999999999936,0.0,54.0,132.0,109.0,125.0,76.0,22.0,0.0,100.0,2.383747178329033,0.7999999999996364,1
-0.10714285714282526,0.48148148148112485,-0.20634920634915177,0.6949152542366992,1.0,-0.19999999999992002,-0.8536585365850189,0.0,0.6666666666662223,0.07894736842101802,83.0,186.0,228.0,150.0,132.0,35.0,18.0,100.0,2.459504132230998,0.9271523178804877,1
-0.12650602409634745,0.13684210526301385,-0.27318295739341525,0.5652173913035287,1.0,-0.45728643216057424,-0.8884758364308966,0.0,0.37241379310319145,0.059055118110212974,172.0,187.0,254.0,145.0,11.0,41.0,15.0,54.0,2.1649782923296432,2.231292517005285,1
0.3456464379946318,0.32183908045958515,0.2944162436547476,0.5131578947365045,0.2708626250593169,-0.37837837837827615,-0.5795454545451253,1.7429673315307,0.4509803921566859,0.2661870503595207,173.0,124.0,139.0,255.0,51.0,59.0,37.0,115.0,1.467455621301558,1.6619718309853304,1
0.6831683168314577,0.5849056603768067,0.37837837837827615,0.5272727272722479,0.16440585999238772,-0.5044247787609132,-0.6312056737584176,1.3935064931373193,0.3294117647057532,0.22608695652154254,219.0,48.0,115.0,255.0,8.0,22.0,26.0,84.0,0.6736842105261975,1.2941176470578721,1
0.3639143730885737,0.418181818181438,0.35151515151504503,0.5445544554450054,0.2154289157996447,-0.4817275747506705,-0.6461538461533491,1.5491635366015846,0.3497757847532064,0.21495327102783648,87.0,104.0,107.0,223.0,54.0,32.0,23.0,78.0,1.6061776061772959,1.3061224489789256,1
0.27596439169131276,0.2049689440992516,0.4238410596025087,0.716814159291401,0.2568463237710892,-0.378205128205007,-0.6893203883488453,1.691233406679684,0.4511627906974646,0.1839080459768001,140.0,122.0,87.0,215.0,108.0,64.0,16.0,97.0,1.6293823038394608,1.537537537537076,1
0.5017301038060548,0.33333333333304094,0.3865814696484388,0.51999999999948,0.14716661966203556,-0.4812286689418153,-0.5999999999995,1.3451239665932797,0.3502304147463824,0.24999999999973957,181.0,72.0,96.0,217.0,74.0,38.0,24.0,76.0,1.0627306273060768,1.3451327433622366,1
0.45714285714272657,0.31707317073132063,0.20567375886519962,0.6363636363626721,0.5114854516998867,-0.6504854368929934,-0.8666666666661852,3.094043885639033,0.2117647058822699,0.07142857142852892,188.0,95.0,168.0,255.0,194.0,28.0,12.0,54.0,1.2006319115321957,0.7368421052629155,1
0.6398713826364503,-0.02666666666664889,0.49999999999985295,0.10606060606052573,-0.6499999998928837,-0.5548780487803187,-0.18055555555543018,0.2121212120786896,0.2862745098038093,0.6941176470580069,197.0,56.0,85.0,255.0,33.0,77.0,59.0,73.0,0.7943262411346109,2.369230769229858,1
0.37837837837827615,0.17098445595846065,0.21718377088300306,0.44871794871766113,0.34770022510039045,-0.38586956521728644,-0.58454106280165,2.0660749497382014,0.443137254901787,0.26219512195105965,209.0,115.0,164.0,255.0,140.0,80.0,43.0,113.0,1.3256484149853998,1.549636803873717,1
0.33137829912013744,0.19999999999987098,0.43217665615128326,0.5245901639339963,0.09658937353703066,-0.41874999999986917,-0.5126050420163759,1.2138327148076697,0.4096916299557667,0.3222222222218642,223.0,114.0,90.0,227.0,33.0,62.0,29.0,93.0,1.3451327433626334,1.9839999999992064,1
0.10679611650480253,0.3429951690819599,0.13999999999993,0.4256410256408074,0.5049864006360131,0.0988142292489728,-0.21126760563365404,3.040293038121363,1.2192982456129655,0.6511627906969173,107.0,92.0,86.0,114.0,71.0,68.0,56.0,139.0,1.8172839506168352,1.5722543352596612,1
0.4245810055864736,0.6031746031741244,0.2718204488777377,0.6833333333327639,0.43083416731029756,-0.43258426966279984,-0.7696969696965033,2.513914372162373,0.39607843137239374,0.13013698630128073,199.0,103.0,146.0,255.0,57.0,25.0,19.0,101.0,1.2484848484846591,0.9615384615379993,1
0.17241379310340865,0.47368421052590026,0.14349775784750146,0.44827586206857906,0.5150248235343706,-0.5044247787609132,-0.713004484304613,3.123922411614127,0.3294117647057532,0.1675392670156191,251.0,180.0,191.0,255.0,187.0,30.0,32.0,84.0,1.6628175519628563,0.7250755287006874,1
-0.19680851063824553,0.6507936507933065,-0.18817204301070212,0.7049180327865001,1.0,0.01628664495113476,-0.7822580645158137,0.0,1.0331125827807728,0.12217194570130219,98.0,225.0,221.0,151.0,176.0,33.0,27.0,156.0,2.5751072961369705,0.6633165829144062,1
0.2705882352940381,0.4248366013069119,0.20334261838434448,0.5460992907797546,0.45734921967731135,-0.32923076923066796,-0.6342857142853519,2.6856115793640143,0.5046296296293961,0.22377622377606732,255.0,124.0,143.0,216.0,82.0,44.0,32.0,109.0,1.379694019471296,1.261648745519261,1
0.32558139534864794,0.9999999999990654,0.20634920634909718,0.9633027522926942,0.647161354526231,-0.03167420814478205,-0.9480519480507168,4.668313335773959,0.9385964912272469,0.02666666666663111,144.0,58.0,75.0,114.0,66.0,0.0,2.0,107.0,1.2406417112296149,0.0,1
0.10364145658260403,-0.09523809523798185,0.056300268096499656,0.9999999999973683,0.8934010151436095,-0.6765957446805632,-0.9999999999994319,10.0,0.19289340101513053,0.0,131.0,160.0,176.0,197.0,98.0,46.0,0.0,38.0,1.9753086419750037,1.6140350877185905,1
-0.03546099290778885,0.28491620111715926,0.0879999999999648,0.4649681528659459,0.6817176556083155,-0.083665338645385,-0.4615384615381657,5.283729003838171,0.8455882352934959,0.36842105263125574,191.0,146.0,114.0,136.0,71.0,64.0,42.0,115.0,1.8869143780287743,1.630573248407124,1
0.20489296636079363,0.6132596685079486,0.30897009966767147,0.48979591836709707,0.22638146164715348,-0.148688046647187,-0.350649350649123,1.5852534557078393,0.7411167512686594,0.4807692307687685,255.0,130.0,104.0,197.0,118.0,35.0,50.0,146.0,1.4606741573031656,0.8383233532931622,1
0.43396226415080696,0.3170731707314495,0.39024390243890544,0.43362831858368706,0.05265915639887316,-0.4757281553396519,-0.5151515151511249,1.1111725660862988,0.35526315789458107,0.31999999999968,164.0,90.0,100.0,228.0,17.0,42.0,32.0,81.0,1.2587412587410385,1.846153846152832,1
0.0,0.10714285714276148,-0.17204301075259568,0.4588235294112249,1.0,-0.10791366906467058,-0.651515151514658,0.0,0.8051948051937595,0.21100917431173302,101.0,77.0,109.0,77.0,1.0,50.0,23.0,62.0,1.8554216867464293,2.4539877300598443,1
0.3661971830984626,0.8124999999974609,0.4423791821559694,0.9999999999965518,0.38659793811621873,-0.7399103139010136,-0.9999999999986666,2.2605042011627297,0.14948453608239717,0.0,167.0,90.0,75.0,194.0,83.0,3.0,0.0,29.0,1.3308687615524342,0.2033898305083022,1
-0.32710280373801204,0.0,-0.1219512195120464,0.4181818181810578,1.0,0.03999999999994667,-0.483870967741155,0.0,1.083333333330324,0.34782608695576556,93.0,71.0,46.0,36.0,88.0,39.0,16.0,39.0,2.095940959408821,1.5219512195114528,1
-0.20300751879683987,0.3675213675210534,-0.08620689655164981,0.5999999999994,1.0,0.20300751879683987,-0.5180722891560023,0.0,1.5094339622613029,0.31746031745981357,45.0,80.0,63.0,53.0,57.0,37.0,20.0,80.0,2.480620155037798,1.4028436018950698,1
-0.10266159695813587,0.5833333333329282,-0.10943396226410965,0.45222929936276934,1.0,-0.017241379310337396,-0.5473684210523435,0.0,0.9661016949144355,0.29251700680252213,54.0,145.0,147.0,118.0,60.0,30.0,43.0,114.0,2.5108225108219675,1.0256410256405875,1
0.3891213389119711,0.2631578947363804,0.24344569288380397,-0.23404255319124037,-1.0,-0.6435643564353251,-0.27044025157215695,0.0,0.21686746987938746,0.5742574257420057,121.0,73.0,101.0,166.0,49.0,21.0,58.0,36.0,1.3487297921474946,1.3228346456682498,1
0.25925925925916327,0.4399999999994133,0.14864864864859845,0.17391304347807182,0.07832422584055518,-0.5178571428569116,-0.5365853658533314,1.1699604735203593,0.3176470588233426,0.3015873015870622,108.0,100.0,126.0,170.0,47.0,21.0,38.0,54.0,1.6736401673636667,1.1748251748243534,1
-0.12442396313358323,0.561643835615669,0.07954545454540936,0.9999999999982456,0.8526315788682258,-0.24999999999983555,-0.9999999999987654,10.0,0.5999999999993684,0.0,118.0,122.0,81.0,95.0,32.0,16.0,0.0,57.0,2.1356673960608017,1.057851239668547,1
0.05555555555554013,0.3387096774190817,0.07954545454543195,0.9302325581384532,0.8424496204346322,-0.3919413919412484,-0.9636363636357796,10.0,0.436842105262928,0.01851851851850709,82.0,170.0,162.0,190.0,80.0,41.0,3.0,83.0,2.222222222221859,1.3387755102035352,1
0.21212121212115856,0.279569892472968,0.29380053908347875,0.7246376811588953,0.4230370909789497,-0.33704735376035183,-0.746666666666169,2.466427335949708,0.49583333333312674,0.1450381679388206,102.0,156.0,131.0,240.0,68.0,67.0,19.0,119.0,1.908256880733653,1.6697819314636544,1
-0.16666666666662328,0.7590361445773988,-0.15119363395221455,0.9999999999986301,1.0,-0.37339055793975395,-0.9999999999995393,0.0,0.4562499999997149,0.0,164.0,224.0,217.0,160.0,43.0,10.0,0.0,73.0,2.3212435233157613,0.5882352941172145,1
0.15402298850571172,0.770925110131819,0.14611872146115387,0.9900990099005,0.7427980263550653,-0.1106194690265242,-0.9893617021271334,6.7759900943707745,0.800796812748685,0.005347593582884841,163.0,184.0,187.0,251.0,68.0,26.0,1.0,201.0,1.8823529411762299,0.6479750778814181,1
0.2911392405062554,-0.21999999999977998,0.3492063492062568,-0.22772277227700224,-1.0,-0.7346938775507705,-0.3297297297295515,0.0,0.15294117647052827,0.5040650406499967,233.0,140.0,123.0,255.0,19.0,61.0,62.0,39.0,1.4583333333331434,2.7111111111096053,1
0.25925925925919524,0.4019607843135285,0.17241379310340865,0.5801104972372486,0.5417721518266263,-0.2814070351758087,-0.651376146788692,3.3646408820253235,0.5607843137252703,0.21111111111099384,216.0,150.0,180.0,255.0,139.0,61.0,38.0,143.0,1.556420233462833,1.207920792078909,1
-0.21854304635747118,-0.2835820895518155,-0.2760736196317325,0.45454545454407713,1.0,-0.42168674698744374,-0.8407079646010259,0.0,0.4067796610162597,0.08653846153837833,60.0,92.0,104.0,59.0,78.0,43.0,9.0,24.0,2.4290429042896275,1.82978723404158,1
0.32584269662909143,0.16417910447748943,0.28260869565207153,0.17293233082693765,-0.24076067450779118,-0.38823529411749486,-0.28571428571410024,0.6119144011713237,0.440677966101446,0.5555555555549944,215.0,90.0,99.0,177.0,78.0,56.0,55.0,78.0,1.2587412587410385,1.6716417910441526,1
0.060291060291047756,0.5913978494617297,0.007905138339919387,0.5257731958757467,0.9703748948322735,-0.5501519756837234,-0.8321167883208642,10.0,0.2901960784312588,0.09163346613542167,241.0,226.0,251.0,255.0,83.0,19.0,23.0,74.0,1.9071729957803893,0.7794871794867798,1
0.09677419354836629,0.6634615384612196,0.2530712530711909,0.6398104265399812,0.4331359711556542,-0.19158878504668422,-0.5999999999996842,2.5281829465916434,0.6784313725487536,0.24999999999983555,191.0,210.0,152.0,255.0,184.0,35.0,38.0,173.0,1.9399538106233325,0.6557377049178792,1
0.19889502762425446,0.5721393034823025,0.10432569974552053,0.6719576719573165,0.7312174816955438,-0.1573333333332914,-0.7004830917871012,6.440960117711289,0.7281105990780056,0.17613636363626356,150.0,145.0,176.0,217.0,121.0,43.0,31.0,158.0,1.7656012176557434,0.9424657534243993,1
0.17037037037032832,0.4111675126901466,0.23116883116877113,0.8410596026484497,0.5688067506767537,-0.2606382978722711,-0.8499999999994688,3.6382915379737417,0.5864978902951112,0.08108108108102631,255.0,168.0,148.0,237.0,39.0,58.0,12.0,139.0,1.6231884057969053,1.57823129251647,1
0.5021459227465657,0.6258064516124995,0.48936170212745134,0.9999999999992063,0.34285714283396,-0.16279069767436452,-0.9999999999983333,2.0434782604512325,0.7199999999995886,0.0,160.0,58.0,60.0,175.0,63.0,29.0,0.0,126.0,1.0288248337026544,0.9392712550603485,1
0.38255033557034146,0.10447761194022055,0.3079365079364102,0.20325203252015994,-0.20478642831522054,-0.4714285714284031,-0.37974683544279764,0.6600452600317451,0.35922330097069943,0.4495412844032573,222.0,92.0,109.0,206.0,12.0,60.0,49.0,74.0,1.2026143790847708,2.33009708737751,1
0.27499999999993124,-0.13846153846143197,0.284634760705218,0.5135135135128196,0.2867621971658871,-0.6398713826364503,-0.7749999999995156,1.8041138477258176,0.2196078431371688,0.12676056338019243,234.0,145.0,142.0,255.0,88.0,74.0,18.0,56.0,1.489088575096086,2.027397260273278,1
0.22596153846148415,0.6203703703700832,0.16704805491987024,0.7948717948713873,0.6526778088865623,-0.1860465116278637,-0.801980198019405,4.75834211165666,0.6862745098036525,0.10989010989004952,240.0,161.0,182.0,255.0,78.0,41.0,20.0,175.0,1.576499388004703,0.9791044776116481,1
0.05494505494503482,-0.9999999999965518,0.22553191489352106,-0.9999999999962964,1.0,-0.9999999999993057,-0.5423728813554726,0.0,0.0,0.29670329670297063,221.0,129.0,91.0,144.0,0.0,29.0,27.0,0.0,1.6565008025679522,3.9999999999931033,1
0.22274881516577122,0.3333333333329502,0.19444444444435444,0.8124999999987305,0.6137931033869772,-0.37967914438482375,-0.8709677419345473,4.178571426417854,0.4496124031004267,0.06896551724130004,159.0,82.0,87.0,129.0,0.0,29.0,6.0,58.0,1.4513274336279975,1.9999999999982758,1
0.24092409240916143,0.898989898988991,0.29655172413782876,0.8252427184458008,0.4712904380620777,-0.33333333333321513,-0.837837837837083,2.782795212426322,0.4999999999997341,0.08823529411756055,147.0,115.0,102.0,188.0,0.0,5.0,9.0,94.0,1.6283185840705081,0.38461538461501477,1
0.04635761589402439,0.4867256637163834,0.0896551724137622,0.8064516129023587,0.799900695044666,-0.3057851239668158,-0.8723404255312963,8.995037210804176,0.5316455696199167,0.06818181818176654,112.0,144.0,132.0,158.0,15.0,29.0,9.0,84.0,2.064516129031888,1.4777070063684856,1
0.31063829787220826,0.8352941176460761,0.2887029288701721,0.6956521739122873,0.4134171132454712,-0.32758620689641055,-0.7171717171709927,2.409577818949526,0.5064935064931776,0.1647058823527474,62.0,81.0,85.0,154.0,1.0,7.0,14.0,78.0,1.7142857142852608,0.6021505376337611,1
0.13186813186805943,0.046153846153775144,0.13812154696124967,0.21428571428533164,0.2161254198708946,-0.5036496350361288,-0.55999999999944,1.5514285703034236,0.3300970873783203,0.28205128205092045,98.0,79.0,78.0,103.0,59.0,31.0,22.0,34.0,1.7604456824507633,1.5999999999989678,1
0.322128851540526,0.3529411764702422,0.38416422287378765,0.7249999999990937,0.3072906338538106,-0.5475409836063779,-0.8103448275855083,1.8872137399649576,0.29237288135580836,0.10476190476180498,239.0,121.0,105.0,236.0,117.0,33.0,11.0,69.0,1.3500697350067852,1.047619047618632,1
0.4117647058822184,0.16326530612228238,0.2895522388058837,0.9999999999982456,0.5509259258826966,-0.5824175824173691,-0.9999999999991597,3.4536082462249116,0.2638888888887667,0.0,194.0,90.0,119.0,216.0,142.0,41.0,0.0,57.0,1.2203389830506406,1.167259786476453,1
-0.19607843137245293,-0.15384615384556213,-0.02380952380950964,0.999999999990909,1.0,-0.7634408602142329,-0.9999999999988372,0.0,0.13414634146325105,0.0,123.0,122.0,86.0,82.0,34.0,15.0,0.0,11.0,2.173719376391498,1.5999999999978667,1
-0.12403100775188991,0.2727272727268595,-0.07755102040813161,0.67999999999864,1.0,-0.4580645161287368,-0.8857142857136532,0.0,0.3716814159288746,0.0606060606060147,140.0,145.0,132.0,113.0,0.0,24.0,8.0,42.0,2.1362799263347814,2.1333333333309628,1
0.16408668730645076,0.10416666666655816,0.13939393939389716,0.17777777777758025,0.12101910824170092,-0.5601659751035021,-0.5865921787706221,1.2753623179246152,0.28191489361687133,0.26056338028150666,114.0,135.0,142.0,188.0,40.0,43.0,37.0,53.0,1.888111888111558,1.9217877094961333,1
0.07301587301584984,0.7971014492742071,0.10457516339865865,0.9999999999983871,0.8106508875003536,-0.4632034632032627,-0.9999999999992701,9.56249999084356,0.3668639053252267,0.0,189.0,146.0,137.0,169.0,7.0,7.0,0.0,62.0,1.7969230769228004,0.6746987951799099,1
0.5170278637769298,0.05263157894731302,0.32791327913270246,0.35135135135087653,0.03450506792623316,-0.6610169491523183,-0.6756756756752192,1.071476434784885,0.20408163265297793,0.1935483870966181,191.0,78.0,124.0,245.0,32.0,45.0,24.0,50.0,1.0540540540538759,2.093023255812737,1
0.2598425196849371,-0.4130434782604206,0.2355212355211446,-0.08474576271172077,-1.0,-0.7112299465236839,-0.5114503816789989,0.0,0.16874999999989454,0.32323232323199674,129.0,94.0,99.0,160.0,141.0,65.0,32.0,27.0,1.5765199161422272,1.7449664429524347,1
0.46443514644332035,0.44502617801023825,0.24113475177296415,0.7579617834390078,0.5172943888797115,-0.11821086261977054,-0.6984126984121442,3.1433121006063907,0.7885714285709781,0.17757009345777797,94.0,64.0,107.0,175.0,34.0,53.0,19.0,138.0,1.2896725440802796,1.5251798561145593,1
0.07058823529407612,-0.020408163265264474,-0.12077294685984505,0.1428571428568027,1.0,-0.5826086956516673,-0.7313432835815439,0.0,0.2637362637359739,0.15517241379296967,109.0,79.0,116.0,91.0,3.0,25.0,18.0,24.0,1.765363128491127,2.597402597399224,1
0.1933333333332689,0.21311475409801128,0.24305555555547118,0.5416666666655382,0.3805309734020926,-0.6574074074071031,-0.8166666666659861,2.228571427650661,0.20670391061440968,0.10091743119256796,139.0,121.0,109.0,179.0,13.0,24.0,11.0,37.0,1.7285714285711198,1.9591836734673886,1
0.030927835051540016,0.9090909090902205,0.11111111111108642,0.9999999999992063,0.7999999999278972,-0.3297872340424655,-0.9999999999995001,8.999999991894857,0.5039999999997984,0.0,241.0,235.0,200.0,250.0,85.0,6.0,0.0,126.0,1.956295525494073,0.21524663677120393,1
0.5887850467287885,0.7314814814811429,0.4782608695650788,0.7077625570773024,0.19350518913660056,-0.15384615384611905,-0.4754098360651841,1.479867164488998,0.7333333333330457,0.3555555555551605,154.0,66.0,90.0,255.0,101.0,29.0,32.0,187.0,0.9759704251384517,0.6705202312136791,1
0.19847328244267234,0.5222222222219322,-0.012578616352197303,0.6407185628738679,1.0,-0.0680272108843306,-0.6858638743451907,0.0,0.8726114649675971,0.18633540372659235,249.0,105.0,161.0,157.0,33.0,43.0,30.0,137.0,1.3636363636361422,1.343749999999475,1
-0.048484848484833795,0.506849315068146,-0.09248554913292124,0.4765100671137742,1.0,-0.17602996254675055,-0.6578947368418168,0.0,0.700636942674713,0.20634920634909718,204.0,173.0,189.0,157.0,10.0,36.0,39.0,110.0,1.9575671852896805,1.4999999999992188,1
0.6224899598391075,0.7999999999994286,0.6625514403289455,0.691275167784771,0.021216695905928864,-0.2317073170731001,-0.2812499999995605,1.043353203393882,0.623762376237315,0.5609756097547293,118.0,47.0,41.0,202.0,53.0,14.0,23.0,126.0,0.9082125603862541,0.5410628019321058,1
0.14473684210516793,-0.5238095238090249,0.10126582278474604,-0.4117647058818685,1.0,-0.5535714285709343,-0.08396946564879088,0.0,0.28735632183875015,0.845070422534021,158.0,65.0,71.0,87.0,77.0,80.0,60.0,25.0,1.386666666666297,2.4427480916021214,1
0.17538461538456143,0.2643678160918021,0.21656050955407116,0.43790849673174,0.3382100374775939,-0.2691029900331332,-0.4819277108430832,2.0221068810340586,0.5759162303661907,0.34959349593467515,134.0,134.0,123.0,191.0,133.0,64.0,43.0,110.0,1.8077571669474184,1.3800539083554233,1
0.23287671232870333,0.6894409937883917,0.26404494382015053,0.5999999999996471,0.3888166449483681,-0.24653739612181538,-0.5878787878784316,2.2723404246706282,0.6044444444441759,0.25954198473262635,214.0,140.0,131.0,225.0,61.0,25.0,34.0,136.0,1.557719054241786,0.8097165991899556,1
-0.15469613259664236,-0.9999999999981132,0.11678832116784059,-0.9999999999941177,1.0,-0.9999999999993465,-0.7536231884052511,0.0,0.0,0.14049586776847892,126.0,209.0,121.0,153.0,62.0,53.0,17.0,0.0,2.3988522238160117,2.523809523808022,1
-0.20289855072458868,-0.9999999999981132,-0.09836065573767805,-0.9999999999944446,0.8208955224619366,-0.999999999999394,-0.8356164383557829,10.0,0.0,0.0895522388059256,126.0,249.0,201.0,165.0,56.0,53.0,18.0,0.0,2.5247148288970185,2.6172839506156684,1
-0.2530712530711909,-0.9999999999965518,-0.2530712530711909,-0.9999999999,0.596078431387963,-0.9999999999993422,-0.9921874999996124,3.951456311846838,0.0,0.0039215686274494425,183.0,255.0,255.0,152.0,33.0,29.0,1.0,0.0,2.414201183431667,2.549450549447748,1
-0.19756838905769072,-0.08333333333321759,-0.21893491124253878,0.885714285711755,1.0,-0.5999999999996364,-0.9807692307687593,0.0,0.24999999999981062,0.009708737864072958,141.0,197.0,206.0,132.0,49.0,39.0,2.0,33.0,2.3628185907042933,1.9499999999987814,1
0.25266903914581756,-0.9999999999971428,0.17333333333327555,-0.9999999999833333,1.0,-0.9999999999994319,-0.9076923076916096,0.0,0.0,0.04838709677415452,95.0,105.0,124.0,176.0,21.0,35.0,6.0,0.0,1.7463617463613834,3.076923076919696,1
0.08403361344534285,0.83999999999888,-0.011494252873558816,0.9999999999985507,1.0,-0.30303030303015,-0.9999999999992425,0.0,0.534883720929818,0.0,92.0,109.0,132.0,129.0,60.0,6.0,0.0,69.0,1.9863325740314381,0.3404255319146522,1
0.43258426966279984,0.3028571428569698,0.2530712530711909,0.9999999999991228,0.5960784313247761,-0.3821138211381078,-0.9999999999993422,3.9514563091157155,0.4470588235292365,0.0,255.0,101.0,152.0,255.0,115.0,61.0,0.0,114.0,1.1348314606739978,1.3903133903129943,1
0.3934426229507122,0.5628415300543372,0.32812499999991457,0.8451612903220355,0.44067359735037775,-0.2814070351758087,-0.8297872340419647,2.5757296459114136,0.5607843137252703,0.09302325581388139,247.0,111.0,129.0,255.0,140.0,40.0,12.0,143.0,1.2265193370164051,0.8815426997242751,1
-0.43414634146320286,-0.41935483870900103,-0.3095238095236253,0.9999999999944446,1.0,-0.5263157894729916,-0.9999999999990908,0.0,0.31034482758567183,0.0,108.0,147.0,110.0,58.0,0.0,44.0,0.0,18.0,2.556521739129879,3.320754716977999,1
0.07169811320752012,-0.999999999990909,0.17355371900819275,0.0,-0.9999999994238095,-0.9999999999992959,-0.999999999999,0.0,0.0,0.0,146.0,123.0,100.0,142.0,51.0,11.0,0.0,0.0,1.842696629213138,1.205479452053143,1
0.0802919708028611,0.8749999999989062,0.034965034965010515,0.7241379310336504,0.9078780176694342,0.006711409395968651,-0.703703703702835,10.0,1.0135135135121438,0.17391304347800882,97.0,63.0,69.0,74.0,42.0,5.0,12.0,75.0,1.6969696969691257,0.3149606299210118,1
0.33333333333320414,0.09677419354807493,0.48917748917727744,0.4166666666649306,-0.08004778971822718,-0.8201058201053862,-0.7878787878775941,0.8517699113271215,0.09883720930226812,0.11864406779640907,114.0,86.0,59.0,172.0,17.0,14.0,7.0,17.0,1.502183406113209,1.806451612900312,1
0.0206185567010203,0.37142857142821767,-0.009999999999995,0.714285714284864,1.0,-0.15789473684201294,-0.7876106194683296,0.0,0.7272727272719927,0.11881188118800118,129.0,95.0,101.0,99.0,60.0,33.0,12.0,72.0,1.8181818181813834,1.33333333333266,1
-0.8461538461531953,0.37219730941687346,-0.8130841121487729,0.8214285714280826,1.0,0.8773006134963943,-0.7321428571422034,0.0,10.0,0.15463917525757254,80.0,120.0,97.0,10.0,119.0,70.0,15.0,153.0,2.9090909090900277,1.359223300970544,1
0.27586206896539833,-0.1851851851850137,0.2181069958846839,0.49152542372798047,0.38529585211736206,-0.5416666666663846,-0.7272727272720662,2.2535976964374713,0.2972972972970964,0.15789473684193905,137.0,84.0,95.0,148.0,13.0,64.0,15.0,44.0,1.483443708608944,2.7675675675660716,1
-0.027624309392249934,-0.9999999999916667,0.09999999999993751,0.0,-0.999999999,-0.9999999999988636,-0.9999999999986111,0.0,0.0,0.0,95.0,93.0,72.0,88.0,0.0,12.0,0.0,0.0,2.0162601626010797,3.9999999999833338,1
0.1419141914190951,0.1818181818177686,0.3307692307691036,0.999999999996154,0.5028901733713221,-0.7386934673363122,-0.9999999999988506,3.0232558130290155,0.1502890173409536,0.0,89.0,130.0,87.0,173.0,82.0,18.0,0.0,26.0,1.992337164750576,0.9999999999993057,1
0.1276595744680172,0.8253968253961703,0.1712707182319496,0.9999999999991305,0.7075471697508331,0.04072398190043407,-0.9999999999986666,5.83870967400845,1.084905660376335,0.0,133.0,82.0,75.0,106.0,23.0,11.0,0.0,115.0,1.6277915632750304,0.5499999999996563,1
0.4084507042251604,0.746478873238911,0.2605042016805628,0.9999999999991935,0.5866666666199978,-0.09489051094887048,-0.9999999999988636,3.8387096759443025,0.8266666666661157,0.0,169.0,63.0,88.0,150.0,120.0,18.0,0.0,124.0,1.132584269662667,0.5142857142855306,1
-0.4042553191487928,-0.2187499999996582,-0.26956521739118716,0.6129032258044745,1.0,-0.5412844036692281,-0.9210526315783415,0.0,0.2976190476186933,0.04109589041093076,180.0,198.0,146.0,84.0,0.0,39.0,6.0,25.0,2.399999999999636,3.0291262135892922,1
0.1755725190839248,0.04545454545444215,0.140740740740706,0.9999999999956523,0.7532467531798348,-0.8188976377949533,-0.9999999999994253,7.105263152817122,0.09956709956705646,0.0,170.0,162.0,174.0,231.0,78.0,21.0,0.0,23.0,1.787586206896305,1.1748251748243534,1
0.0851735015772602,0.6086956521732514,0.09206349206346284,0.6444444444437284,0.7499999998979944,-0.3983739837396755,-0.7987421383642775,6.999999992390996,0.4302325581392848,0.11188811188803366,189.0,145.0,143.0,172.0,73.0,18.0,16.0,74.0,1.7818740399382822,0.7868852459012095,1
-0.25773195876279803,0.11267605633794883,-0.2551724137930155,0.13669064748191606,-1.0,-0.1550802139036604,-0.5041322314047504,0.0,0.7314814814808042,0.32967032967014853,205.0,183.0,182.0,108.0,0.0,63.0,60.0,79.0,2.156111929307488,2.4585365853646546,1
0.1590106007066576,0.5706214689262313,0.2713178294572592,0.5706214689262313,0.3554931335407206,-0.08250825082505528,-0.4242424242421029,2.1031476989823363,0.8475609756092394,0.4042553191485061,143.0,119.0,94.0,164.0,76.0,38.0,38.0,139.0,1.7467889908253673,1.0446735395185414,1
0.49315068493133796,0.6115107913664666,0.3415384615383565,0.9999999999991072,0.49082568803658555,-0.32121212121202386,-0.9999999999990654,2.927927927068938,0.5137614678896726,0.0,207.0,74.0,107.0,218.0,4.0,27.0,0.0,112.0,1.033158813263345,1.2705882352933704,1
-0.2686567164178436,0.06542056074760241,-0.21390374331545084,0.06542056074760241,-1.0,-0.44117647058801907,-0.6389891696748596,0.0,0.3877551020405526,0.22026431718051973,204.0,255.0,227.0,147.0,102.0,50.0,50.0,57.0,2.3693379790938014,1.5444015444009482,1
0.4245810055864736,0.24390243902424155,0.48688046647216127,0.17919075144498314,-0.4619471712696919,-0.42857142857130853,-0.10691823899364346,0.3680384894193019,0.39999999999984315,0.806818181817265,195.0,103.0,88.0,255.0,138.0,62.0,71.0,102.0,1.2560975609754181,1.3626373626369883,1
-0.15083798882677352,-0.12056737588643933,-0.2530712530711909,0.9999999999983871,1.0,-0.4205607476633549,-0.9999999999996079,0.0,0.40789473684183697,0.0,157.0,206.0,255.0,152.0,60.0,79.0,0.0,62.0,2.2857142857139685,2.257142857142051,1
0.03999999999998667,0.29914529914504345,-0.01577287066245559,0.9999999999986842,1.0,-0.3448275862067479,-0.9999999999993789,0.0,0.4871794871791749,0.0,141.0,144.0,161.0,156.0,49.0,41.0,0.0,76.0,1.9692307692304325,1.584541062801167,1
-0.25210084033602853,-0.060240963855349106,-0.2053571428570512,0.054054054053981004,-1.0,-0.39062499999969486,-0.5882352941173011,0.0,0.43820224719051887,0.25925925925906723,78.0,149.0,135.0,89.0,96.0,44.0,35.0,39.0,2.5634408602145027,1.5784753363221622,1
0.356913183279628,0.7586206896545185,0.20916905444120082,0.9428571428562449,0.6368675383185959,-0.34824281150148617,-0.9574468085099593,4.507632091775443,0.4834123222746524,0.021739130434766857,148.0,100.0,138.0,211.0,68.0,14.0,3.0,102.0,1.4311270125221052,0.56565656565628,1
0.6055045871556856,0.5294117647055364,0.37254901960769704,0.591836734693475,0.22738589209246768,-0.19863013698623336,-0.4545454545450413,1.5886143926987961,0.6685714285710466,0.37499999999953126,163.0,43.0,80.0,175.0,0.0,36.0,30.0,117.0,0.8113207547167898,1.5238095238087177,1
0.06993006993004548,0.6517412935320142,0.19531249999992373,0.8971428571423445,0.6424339012937619,0.04075235109716591,-0.8392857142849649,4.593371426218791,1.0849673202607288,0.0873786407766142,146.0,133.0,103.0,153.0,54.0,35.0,9.0,166.0,1.8831858407076312,0.9655172413789774,1
-0.1355932203389256,-0.999999999996154,-0.09333333333329186,-0.9999999999965518,0.8292682927583055,-0.9999999999990196,-0.6184210526311722,10.0,0.0,0.23577235772338553,68.0,134.0,123.0,102.0,0.0,26.0,29.0,0.0,2.447488584474327,3.9999999999923075,1
0.31958762886581465,-0.023255813953434287,0.2487804878047567,0.8260869565181476,0.5370955011325572,-0.7181208053686456,-0.9493670886063932,3.320545608200621,0.16406249999987185,0.025974025973992242,111.0,66.0,77.0,128.0,32.0,22.0,2.0,21.0,1.4231805929915302,1.8144329896888511,1
-0.35849056603739765,-0.7499999999976562,-0.29896907216464025,0.999999999975,1.0,-0.7894736842084488,-0.9999999999984127,0.0,0.11764705882318338,0.0,66.0,72.0,63.0,34.0,27.0,28.0,0.0,4.0,2.3606557377039508,2.5747126436752015,1
0.34426229508177913,0.5076923076915266,0.26153846153832744,0.9999999999979592,0.5853658536116335,-0.4302325581392848,-0.9999999999986111,3.8235294102969255,0.3983739837395135,0.0,70.0,60.0,72.0,123.0,13.0,16.0,0.0,49.0,1.5335463258781044,1.3617021276581258,1
-0.9999999999971428,0.3975903614453041,-0.9999999999972222,0.6811594202888679,-1.0,0.9999999999982758,-0.5319148936158895,0.0,10.0,0.30555555555470676,51.0,35.0,36.0,0.0,24.0,25.0,11.0,58.0,2.314049586774947,1.5151515151503674,1
0.13207547169803016,0.4842767295594439,0.09090909090903582,0.7101449275357173,0.7730263156929486,0.1346153846153199,-0.5789473684204433,7.811594194304871,1.3111111111096543,0.2666666666663111,100.0,69.0,75.0,90.0,66.0,41.0,20.0,118.0,1.6829268292677797,1.2330827067664538,1
-0.0035087719298233302,-0.02499999999996875,0.3027522935778428,0.2999999999995,-0.004566210045508511,-0.5690607734803487,-0.567010309277766,0.9909090905805936,0.2746478873237503,0.27631578947332064,145.0,143.0,76.0,142.0,48.0,41.0,21.0,39.0,1.9965095986034909,1.9408284023657156,1
0.21167883211671107,-0.07692307692287968,0.7566137566133564,0.24137931034399526,-0.5162705666769448,-0.8043478260865194,-0.35294117646955014,0.3190258017413262,0.10843373493969373,0.478260869563138,182.0,108.0,23.0,166.0,103.0,21.0,11.0,18.0,1.5319148936167495,1.0306748466251345,1
0.1346153846153199,0.6952380952374331,0.3111111111109383,0.9999999999988763,0.525423728773279,-0.14009661835742024,-0.9999999999983871,3.2142857132507245,0.754237288134954,0.0,50.0,90.0,62.0,118.0,22.0,16.0,0.0,89.0,2.068965517240785,0.8951048951042693,1
0.033898305084717036,0.9999999999987341,-0.008130081300806398,0.9999999999987341,1.0,0.12857142857133674,-0.9999999999983871,0.0,1.2950819672109917,0.0,83.0,57.0,62.0,61.0,47.0,0.0,0.0,79.0,1.7674418604644313,0.0,1
0.12676056338019243,0.46774193548349374,0.10344827586199763,0.9999999999989011,0.8124999999262975,0.06432748538007935,-0.9999999999984616,9.666666657318265,1.1374999999985782,0.0,88.0,62.0,65.0,80.0,98.0,33.0,0.0,91.0,1.6986301369857197,1.0352941176466528,1
-0.4479166666664334,-0.9999999999941177,-0.29801324503291526,-0.9999999999933333,0.540816326570153,-0.9999999999981132,-0.7345132743356332,3.355555556661382,0.0,0.15306122448963974,86.0,139.0,98.0,53.0,58.0,17.0,15.0,0.0,2.6666666666660275,1.4782608695636106,1
0.4334277620395373,0.3661971830983337,0.5014836795250738,0.6440677966096237,0.12446766473839159,-0.4457142857141584,-0.5999999999994285,1.2843245409125787,0.38339920948601447,0.24999999999970238,103.0,100.0,84.0,253.0,66.0,45.0,21.0,97.0,1.4388489208630504,1.4229249011852083,1
-0.14423076923073455,0.6635514018685387,-0.0895140664961408,0.4354838709673907,1.0,-0.3333333333332085,-0.7177419354835816,0.0,0.4999999999997191,0.16431924882621393,107.0,238.0,213.0,178.0,71.0,18.0,35.0,89.0,2.501971090669842,0.7346938775506456,1
-0.14461538461534013,-0.599999999997,-0.12852664576798478,-0.7333333333308889,0.7017458778692107,-0.9440559440552839,-0.7475728155336178,5.7056910613326455,0.028776978417245486,0.14444444444436422,131.0,186.0,180.0,139.0,0.0,16.0,26.0,4.0,2.317757009345433,3.555555555545679,1
0.0101010101010067,0.626373626372938,0.2658227848100144,0.8048780487795062,0.5034602075651375,-0.3392857142855628,-0.8315789473675457,3.0278745633184574,0.4933333333330045,0.09195402298840005,94.0,147.0,87.0,150.0,21.0,17.0,8.0,74.0,2.185873605947549,1.0542635658906556,1
0.4305084745761253,0.44444444444320985,0.49116607773834237,0.999999999996154,0.341232227463725,-0.7805907172992488,-0.9999999999986111,2.0359712225999536,0.12322274881510749,0.0,185.0,84.0,72.0,211.0,0.0,10.0,0.0,26.0,1.1914893617019162,1.739130434778828,1
-0.2219321148824486,0.6181818181812562,-0.20954907161798156,0.4239999999996608,1.0,-0.25210084033602853,-0.7272727272724518,0.0,0.5973154362412099,0.15789473684203603,255.0,234.0,228.0,149.0,79.0,21.0,36.0,89.0,2.1467889908254416,0.7999999999996191,1
0.27826086956509644,0.5121951219508031,0.1136363636363206,0.1204819277107708,0.029239766069270343,-0.22499999999990627,-0.23157894736829918,1.0602409629221727,0.6326530612240595,0.6239316239310907,150.0,83.0,117.0,147.0,83.0,30.0,73.0,93.0,1.434125269978092,1.016949152541942,1
-0.15909090909084883,0.3377483443706373,-0.25752508361195403,0.4428571428568266,1.0,-0.04716981132073247,-0.6563876651979488,0.0,0.9099099099090902,0.20744680851052796,192.0,153.0,188.0,111.0,120.0,50.0,39.0,101.0,2.0098522167484383,1.246105919002727,1
0.01626016260161941,0.40145985401430556,-0.060150375939827014,0.9591836734684089,1.0,-0.1312217194569542,-0.9720279720272924,0.0,0.7679999999993856,0.014184397163110509,255.0,121.0,141.0,125.0,115.0,41.0,2.0,96.0,1.5562700964627723,1.1194539249142939,1
0.0885416666666436,0.46099290780109153,0.20114942528729854,0.9619047619038458,0.6541013694197804,-0.33974358974348084,-0.9716312056730698,4.782040813945992,0.49282296650694124,0.014388489208622743,173.0,175.0,139.0,209.0,53.0,38.0,2.0,103.0,1.9125683060106675,1.3103448275856422,1
0.47368421052616916,0.3949579831929454,0.34844192634551036,0.9999999999987952,0.48319327727473776,-0.4828660436135568,-0.9999999999991305,2.8699186983607037,0.3487394957981728,0.0,240.0,85.0,115.0,238.0,34.0,36.0,0.0,83.0,1.0493827160492206,1.5238095238087177,1
0.6200716845875914,-0.9999999999971428,0.6740740740738245,-0.999999999990909,1.0,-0.9999999999995576,-0.5999999999989091,0.0,0.0,0.24999999999943182,144.0,53.0,44.0,226.0,25.0,35.0,11.0,0.0,0.8907563025208213,2.947368421049529,1
0.06976744186043808,0.6769230769225563,0.4300518134712798,0.7868852459009943,0.29322258670013357,-0.11740890688254356,-0.617647058822621,1.8297452099235723,0.7898550724631959,0.2363636363632066,185.0,120.0,55.0,138.0,19.0,21.0,13.0,109.0,1.7051509769091109,0.9882352941170658,1
0.209876543209747,0.06976744186030287,0.35172413793079194,0.9999999999956523,0.4795918366978055,-0.6198347107432893,-0.9999999999978723,2.843137254083217,0.23469387755078092,0.0,89.0,64.0,47.0,98.0,8.0,20.0,0.0,23.0,1.6253968253963094,2.253521126757389,1
0.5839999999995328,0.1999999999995,0.4452554744522298,0.9999999999958334,0.3838383838103601,-0.6097560975604799,-0.9999999999973683,2.2459016388321364,0.24242424242399754,0.0,76.0,26.0,38.0,99.0,0.0,16.0,0.0,24.0,0.916299559470962,2.285714285710204,1
-0.32954545454526735,0.999999999997561,-0.2848484848483122,0.17142857142832651,-1.0,-0.17999999999982,-0.570370370369948,0.0,0.6949152542361103,0.2735849056601193,123.0,117.0,106.0,59.0,46.0,0.0,29.0,41.0,2.249999999999459,0.0,1
0.21100917431173302,0.9999999999972973,0.22222222222201646,0.9999999999972973,0.6363636363110415,-0.2815533980579791,-0.999999999997619,4.499999997967004,0.5606060606052112,0.0,86.0,43.0,42.0,66.0,89.0,0.0,0.0,37.0,1.4453781512598969,0.0,1
0.29787234042521504,0.2222222222218107,0.2842105263154903,0.15789473684182825,-0.28571428564998214,-0.29787234042521504,-0.172413793103151,0.5555555553596924,0.5409836065564901,0.7058823529391003,111.0,33.0,34.0,61.0,43.0,21.0,24.0,33.0,1.1092436974785256,1.4237288135581154,1
0.7397260273967536,0.6451612903220604,0.4767441860462345,0.961538461537537,0.3370646765933117,-0.10917030567680823,-0.91489361701933,2.0168855530470986,0.8031496062985802,0.04444444444434568,117.0,19.0,45.0,127.0,76.0,22.0,2.0,102.0,0.5390070921983905,0.7927927927924358,1
-0.1811023622045818,-0.06896551724131986,-0.1612903225805151,0.6119402985065493,1.0,0.018867924528284088,-0.6941176470580069,0.0,1.0384615384595415,0.18055555555530478,109.0,75.0,72.0,52.0,22.0,62.0,13.0,54.0,1.9292604501601514,2.47999999999876,1
0.25471698113195534,0.4960629921255936,0.20909090909081407,0.9999999999989474,0.6541353382915921,-0.16666666666659358,-0.9999999999988506,4.782608693361978,0.7142857142851773,0.0,84.0,79.0,87.0,133.0,73.0,32.0,0.0,95.0,1.685333333332884,1.1034482758615933,1
-0.2878787878785698,0.30120481927674553,-0.24193548387077263,0.6363636363626721,1.0,0.06930693069300069,-0.7303370786508647,0.0,1.1489361702103214,0.15584415584395345,0.0,85.0,77.0,47.0,57.0,29.0,12.0,54.0,3.1336405529939477,1.3727810650879453,1
0.47305389221528565,0.5963302752288107,0.5374999999996641,0.9999999999988506,0.3008130081102777,-0.1714285714284898,-0.9999999999972973,1.8604651159319607,0.7073170731701567,0.0,112.0,44.0,37.0,123.0,128.0,22.0,0.0,87.0,1.0897832817334088,0.6795366795364172,1
0.3846153846151733,0.393939393938996,0.3846153846151733,0.7249999999990937,0.30675909875886553,-0.29230769230754244,-0.6716417910437736,1.884999999508579,0.547619047618613,0.19642857142822065,67.0,56.0,56.0,126.0,0.0,30.0,11.0,69.0,1.468852459015912,1.8604651162776278,1
-0.10309278350510151,0.7560975609746877,-0.06951871657750294,0.6551724137923504,1.0,-0.09433962264145011,-0.7391304347819659,0.0,0.8275862068956005,0.14999999999985,78.0,107.0,100.0,87.0,42.0,10.0,15.0,72.0,2.2585751978885864,0.5970149253726889,1
0.21428571428563775,0.28571428571405894,0.23188405797093048,0.28571428571405894,0.10399999997969384,-0.35458167330663165,-0.40397350993350734,1.232142856610964,0.47647058823501387,0.42452830188639196,93.0,110.0,106.0,170.0,87.0,45.0,45.0,81.0,1.8219461697718795,1.3953488372087615,1
-0.3333333333332384,0.7291666666659071,-0.2887537993920095,0.7291666666659071,1.0,-0.169999999999915,-0.8844444444440515,0.0,0.709401709401103,0.06132075471695221,79.0,234.0,212.0,117.0,113.0,13.0,13.0,83.0,2.8192771084333104,0.46846846846825746,1
0.009584664536738152,-0.999999999990909,0.16176470588229347,0.0,-0.9999999993818182,-0.9999999999993672,-0.9999999999991228,0.0,0.0,0.0,41.0,155.0,114.0,158.0,0.0,11.0,0.0,0.0,2.4361493123767315,3.9999999999818185,1
0.20879120879113233,0.45762711864329214,0.43478260869546315,0.5925925925914952,0.15360501565833817,-0.5865384615381796,-0.7105263157885388,1.3629629626475501,0.2606060606059027,0.16923076923050887,113.0,108.0,65.0,165.0,0.0,16.0,11.0,43.0,1.748987854250658,1.706666666664391,1
0.6290322580640089,-0.15999999999967998,0.31168831168810934,0.9999999999952381,0.5247524752060287,-0.6557377049174953,-0.9999999999981132,3.208333332290798,0.20792079207900205,0.0,88.0,23.0,53.0,101.0,8.0,29.0,0.0,21.0,0.7829787234039222,2.6666666666636014,1
0.02450980392156262,0.33333333333303306,0.1774647887323444,0.4509803921564206,0.4352258744251012,-0.4770318021199728,-0.6781609195398401,2.5412387162755623,0.3540669856457636,0.19178082191767687,255.0,199.0,146.0,209.0,49.0,37.0,28.0,74.0,1.8468677494197392,1.5025380710652272,1
-0.09243697478989008,0.23913043478234877,-0.14960629921255916,0.5833333333325231,1.0,-0.47945205479430164,-0.8717948717944993,0.0,0.3518518518516347,0.06849315068490024,71.0,195.0,219.0,162.0,136.0,35.0,15.0,57.0,2.5040128410910905,1.0646387832695572,1
0.13333333333330372,0.5966386554619342,0.12087912087909432,0.9487179487174623,0.773972602667306,-0.14606741573030427,-0.951219512194658,7.848484841989712,0.7450980392153941,0.0249999999999875,255.0,195.0,200.0,255.0,104.0,48.0,5.0,190.0,1.7333333333331407,0.9846153846151322,1
0.3709677419353842,0.5268817204298243,0.3972602739724939,0.6511627906972959,0.24217563048420082,-0.284634760705218,-0.5714285714281633,1.6391339209982738,0.5568627450978209,0.2727272727270248,228.0,117.0,110.0,255.0,96.0,44.0,30.0,142.0,1.3054393305437508,1.0797546012266628,1
0.7707509881419878,0.13513513513501338,0.44516129032243706,0.25999999999974,-0.26258005485786345,-0.5609756097559021,-0.3983739837395135,0.5840579708828956,0.28124999999987443,0.4302325581390346,154.0,29.0,86.0,224.0,56.0,48.0,37.0,63.0,0.5321100917429973,1.7860465116270763,1
0.6666666666664488,0.038461538461464495,0.41274238227135385,0.07999999999983999,-0.6752867100050907,-0.8085106382975856,-0.6434108527126796,0.19382550330841028,0.10588235294113495,0.216981132075267,245.0,51.0,106.0,255.0,86.0,25.0,23.0,27.0,0.6777408637872628,1.2269938650299221,1
0.16721311475404355,-0.10526315789459834,0.03488372093022242,0.2363636363632066,0.7427903348778025,-0.6792452830185476,-0.775401069518302,6.775757556323386,0.19101123595494887,0.12650602409630934,175.0,127.0,166.0,178.0,103.0,42.0,21.0,34.0,1.6738056013176812,1.5203619909495383,1
-0.1304347826086484,0.8769230769217278,-0.2182410423452058,0.9999999999983606,1.0,-0.3259668508285492,-0.9999999999994653,0.0,0.5083333333329098,0.0,198.0,156.0,187.0,120.0,63.0,4.0,0.0,61.0,1.9809523809520664,0.2424242424240588,1
0.24516129032250156,0.4237288135586038,0.14540059347176695,0.999999999997619,0.7461139895717036,-0.6425531914890883,-0.9999999999993057,6.877551015663757,0.21761658031076808,0.0,211.0,117.0,144.0,193.0,42.0,17.0,0.0,42.0,1.4670846394982024,1.1525423728803792,1
0.3490566037734203,0.2682926829265021,0.5294117647055993,0.5294117647051038,-4.679651727414683e-13,-0.46666666666642737,-0.46666666666588885,0.9999999998101752,0.36363636363610935,0.3636363636355372,102.0,69.0,44.0,143.0,80.0,30.0,16.0,52.0,1.4412532637071955,1.249999999999349,1
0.3047619047617596,0.6271186440667337,0.3497536945811085,0.9999999999979167,0.48175182478121564,-0.4810810810808211,-0.9999999999984848,2.85915492875544,0.3503649635033939,0.0,133.0,73.0,66.0,137.0,26.0,11.0,0.0,48.0,1.4038461538458165,0.9166666666657118,1
0.3958333333331272,0.682242990653568,0.44864864864840615,0.9999999999988889,0.3805970148988566,-0.19642857142848374,-0.9999999999980392,2.228915662152524,0.6716417910442749,0.0,95.0,58.0,51.0,134.0,99.0,17.0,0.0,90.0,1.3449275362314943,0.6098654708517445,1
0.039999999999840004,0.5434782608689744,0.23809523809410432,0.7108433734931194,0.49818621518462974,0.6904761904753685,0.199999999999,2.9855421674313907,5.46153846149645,1.49999999998125,51.0,12.0,8.0,13.0,38.0,21.0,12.0,71.0,1.0909090909078512,1.112582781456217,1
0.6196319018401107,0.5929203539817761,0.340101522842467,0.9999999999988889,0.49242424238726856,-0.189189189189104,-0.9999999999984616,2.9402985065963763,0.6818181818176654,0.0,159.0,31.0,65.0,132.0,92.0,23.0,0.0,90.0,0.7025495750706225,0.8070175438592952,1
0.24867724867711713,0.26153846153805915,0.3720930232555976,0.2424242424238751,-0.2110091742780353,-0.4842767295594439,-0.36708860759447204,0.6515151513394485,0.3474576271183496,0.4629629629621056,157.0,71.0,54.0,118.0,64.0,24.0,25.0,41.0,1.3621103117502729,1.2549019607834937,1
0.4216867469876978,0.504761904761424,0.6503496503491956,0.9999999999987341,0.2118644067665529,-0.19796954314710763,-0.9999999999960001,1.5376344083648474,0.6694915254231615,0.0,75.0,48.0,25.0,118.0,20.0,26.0,0.0,79.0,1.3287197231829313,1.377483443707697,1
-0.21081081081069689,0.2792792792790277,-0.2663316582913235,0.8933333333321422,1.0,-0.013888888888879245,-0.9384615384608167,0.0,0.972602739724695,0.03174603174600655,29.0,112.0,126.0,73.0,27.0,40.0,4.0,71.0,2.748466257667869,1.7977528089877541,1
0.5199999999997689,0.6644295302008965,0.3959183673467772,0.6870748299315055,0.26884422108057726,-0.1593220338982511,-0.5257731958757467,1.7353951885646428,0.7251461988299853,0.3108108108103908,92.0,54.0,74.0,171.0,86.0,25.0,23.0,124.0,1.1644204851748883,0.7692307692304734,1
0.6908212560383137,-0.9999999999983333,0.48305084745742244,-0.9999999999916667,1.0,-0.9999999999994287,-0.6712328767114093,0.0,0.0,0.19672131147508734,100.0,32.0,61.0,175.0,13.0,60.0,12.0,0.0,0.7551622418876829,3.6090225563882643,1
0.2992700729924823,0.20754716981112495,0.18666666666654225,0.3617021276591897,0.31919296424580423,-0.16339869281035074,-0.3406593406589663,1.9376899685660451,0.7191011235946976,0.49180327868771834,95.0,48.0,61.0,89.0,29.0,42.0,30.0,64.0,1.3714285714280816,1.8983050847446903,1
-0.06716417910445255,0.175675675675557,-0.2088607594936048,0.8124999999991537,1.0,-0.1792452830187834,-0.9099999999995451,0.0,0.6959999999994432,0.04712041884814287,125.0,143.0,191.0,125.0,57.0,61.0,9.0,87.0,2.134328358208557,1.834586466164724,1
-0.5793650793648495,0.3504273504270509,-0.5826771653541013,0.9999999999987341,1.0,0.19696969696954778,-0.9999999999995025,0.0,1.4905660377330365,0.0,82.0,199.0,201.0,53.0,117.0,38.0,0.0,79.0,2.98686679174428,1.1176470588231187,1
0.16862745098032603,-0.999999999997561,0.49748743718567967,-0.9999999999666667,1.0,-0.999999999999329,-0.8867924528285155,0.0,0.0,0.05999999999988,104.0,106.0,50.0,149.0,11.0,41.0,3.0,0.0,1.8236559139781026,3.526881720426315,1
0.3951219512193195,-0.399999999999,0.37499999999981976,-0.35135135135040174,-1.0,-0.8451612903220355,-0.4444444444439506,0.0,0.08391608391602524,0.3846153846147929,107.0,62.0,65.0,143.0,60.0,28.0,25.0,12.0,1.326203208555795,1.749999999998633,1
0.32413793103425925,-0.8596491228055093,0.3333333333331019,-0.33333333333055554,-1.0,-0.91999999999908,-0.7142857142844388,0.0,0.04166666666662326,0.16666666666631944,79.0,49.0,48.0,96.0,60.0,53.0,8.0,4.0,1.43589743589691,2.4941176470573567,1
